dataset,p_disapprove,method,rule,committee_size,model,num_voters,num_candidates,elected_mean_net_score,elected_min_net_score,elected_max_net_score,non_elected_mean_net_score,best_non_elected_score,best_non_elected_candidate,mean_utility,median_utility,n_zero_or_negative,frac_zero_or_negative,n_negative,frac_negative,gini_coefficient,avg_disapprovals_per_voter,avg_elected_disapprovals_per_voter,hamming_distance,p,phi
euclidean_r1.5,0.01,Traditional,PAV,10.0,Euclidean2D,100,20,12.5,7.0,17.0,7.0,11.0,14.0,1.25,1.0,17.0,0.17,0.0,0.0,0.3697,0.16,0.06,,,
euclidean_r1.5,0.01,Traditional,SeqPhragmen,10.0,Euclidean2D,100,20,12.2,7.0,17.0,7.3,11.0,14.0,1.22,1.0,17.0,0.17,0.0,0.0,0.3682,0.16,0.08,,,
euclidean_r1.5,0.01,Traditional,MES,10.0,Euclidean2D,100,20,12.2,7.0,17.0,7.3,11.0,14.0,1.22,1.0,17.0,0.17,0.0,0.0,0.3682,0.16,0.08,,,
euclidean_r1.5,0.01,AV,AV,10.0,Euclidean2D,100,20,13.0,9.0,17.0,6.5,9.0,0.0,1.3,1.0,22.0,0.22,2.0,0.02,0.2494,0.16,0.04,,,
euclidean_r1.5,0.01,Tax,TaxPhragmen,5.0,Euclidean2D,100,20,15.2,11.0,17.0,7.9333,13.0,11.0,0.76,1.0,40.0,0.4,0.0,0.0,0.5061,0.16,0.0,,,
euclidean_r1.5,0.01,Tax,TaxMES,4.0,Euclidean2D,100,20,15.0,11.0,17.0,8.4375,16.0,17.0,0.6,1.0,48.0,0.48,0.0,0.0,0.541,0.16,0.0,,,
euclidean_r1.5,0.01,Hamming_Traditional,PAV_vs_SeqPhragmen,,Euclidean2D,100,20,,,,,,,,,,,,,,,,2.0,,
euclidean_r1.5,0.01,Hamming_Traditional,PAV_vs_MES,,Euclidean2D,100,20,,,,,,,,,,,,,,,,2.0,,
euclidean_r1.5,0.01,Hamming_Traditional,SeqPhragmen_vs_MES,,Euclidean2D,100,20,,,,,,,,,,,,,,,,0.0,,
euclidean_r1.5,0.01,Hamming_Traditional,AV_vs_PAV,,Euclidean2D,100,20,,,,,,,,,,,,,,,,4.0,,
euclidean_r1.5,0.01,Hamming_Traditional,AV_vs_SeqPhragmen,,Euclidean2D,100,20,,,,,,,,,,,,,,,,6.0,,
euclidean_r1.5,0.01,Hamming_Traditional,AV_vs_MES,,Euclidean2D,100,20,,,,,,,,,,,,,,,,6.0,,
euclidean_r1.5,0.01,Cross_Hamming,PAV_vs_TaxMES,,Euclidean2D,100,20,,,,,,,,,,,,,,,,8.0,,
euclidean_r1.5,0.01,Cross_Hamming,PAV_vs_TaxPhragmen,,Euclidean2D,100,20,,,,,,,,,,,,,,,,7.0,,
euclidean_r1.5,0.01,Cross_Hamming,SeqPhragmen_vs_TaxPhragmen,,Euclidean2D,100,20,,,,,,,,,,,,,,,,7.0,,
euclidean_r1.5,0.01,Cross_Hamming,SeqPhragmen_vs_TaxMES,,Euclidean2D,100,20,,,,,,,,,,,,,,,,8.0,,
euclidean_r1.5,0.01,Cross_Hamming,MES_vs_TaxMES,,Euclidean2D,100,20,,,,,,,,,,,,,,,,8.0,,
euclidean_r1.5,0.01,Cross_Hamming,MES_vs_TaxPhragmen,,Euclidean2D,100,20,,,,,,,,,,,,,,,,7.0,,
euclidean_r1.5,0.01,Cross_Hamming,TaxPhragmen_vs_TaxMES,,Euclidean2D,100,20,,,,,,,,,,,,,,,,1.0,,
euclidean_r1.5,0.01,Cross_Hamming,AV_vs_TaxMES,,Euclidean2D,100,20,,,,,,,,,,,,,,,,6.0,,
euclidean_r1.5,0.01,Cross_Hamming,AV_vs_TaxPhragmen,,Euclidean2D,100,20,,,,,,,,,,,,,,,,5.0,,
euclidean_r2,0.01,Traditional,PAV,10.0,Euclidean2D,100,20,19.7,14.0,27.0,12.8,16.0,5.0,1.97,2.0,14.0,0.14,3.0,0.03,0.2222,0.16,0.1,,,
euclidean_r2,0.01,Traditional,SeqPhragmen,10.0,Euclidean2D,100,20,19.7,14.0,27.0,12.8,16.0,5.0,1.97,2.0,14.0,0.14,3.0,0.03,0.2222,0.16,0.1,,,
euclidean_r2,0.01,Traditional,MES,10.0,Euclidean2D,100,20,19.7,14.0,27.0,12.8,16.0,5.0,1.97,2.0,14.0,0.14,3.0,0.03,0.2222,0.16,0.1,,,
euclidean_r2,0.01,AV,AV,10.0,Euclidean2D,100,20,19.7,14.0,27.0,12.8,16.0,5.0,1.97,2.0,17.0,0.17,4.0,0.04,0.2382,0.16,0.11,,,
euclidean_r2,0.01,Tax,TaxPhragmen,5.0,Euclidean2D,100,20,20.6,18.0,27.0,14.8,21.0,19.0,1.03,1.0,26.0,0.26,1.0,0.01,0.2255,0.16,0.03,,,
euclidean_r2,0.01,Tax,TaxMES,6.0,Euclidean2D,100,20,20.8333,18.0,27.0,14.2857,20.0,1.0,1.25,1.0,25.0,0.25,1.0,0.01,0.251,0.16,0.02,,,
euclidean_r2,0.01,Hamming_Traditional,PAV_vs_SeqPhragmen,,Euclidean2D,100,20,,,,,,,,,,,,,,,,0.0,,
euclidean_r2,0.01,Hamming_Traditional,PAV_vs_MES,,Euclidean2D,100,20,,,,,,,,,,,,,,,,0.0,,
euclidean_r2,0.01,Hamming_Traditional,SeqPhragmen_vs_MES,,Euclidean2D,100,20,,,,,,,,,,,,,,,,0.0,,
euclidean_r2,0.01,Hamming_Traditional,AV_vs_PAV,,Euclidean2D,100,20,,,,,,,,,,,,,,,,2.0,,
euclidean_r2,0.01,Hamming_Traditional,AV_vs_SeqPhragmen,,Euclidean2D,100,20,,,,,,,,,,,,,,,,2.0,,
euclidean_r2,0.01,Hamming_Traditional,AV_vs_MES,,Euclidean2D,100,20,,,,,,,,,,,,,,,,2.0,,
euclidean_r2,0.01,Cross_Hamming,PAV_vs_TaxMES,,Euclidean2D,100,20,,,,,,,,,,,,,,,,4.0,,
euclidean_r2,0.01,Cross_Hamming,PAV_vs_TaxPhragmen,,Euclidean2D,100,20,,,,,,,,,,,,,,,,5.0,,
euclidean_r2,0.01,Cross_Hamming,SeqPhragmen_vs_TaxPhragmen,,Euclidean2D,100,20,,,,,,,,,,,,,,,,5.0,,
euclidean_r2,0.01,Cross_Hamming,SeqPhragmen_vs_TaxMES,,Euclidean2D,100,20,,,,,,,,,,,,,,,,4.0,,
euclidean_r2,0.01,Cross_Hamming,MES_vs_TaxMES,,Euclidean2D,100,20,,,,,,,,,,,,,,,,4.0,,
euclidean_r2,0.01,Cross_Hamming,MES_vs_TaxPhragmen,,Euclidean2D,100,20,,,,,,,,,,,,,,,,5.0,,
euclidean_r2,0.01,Cross_Hamming,TaxPhragmen_vs_TaxMES,,Euclidean2D,100,20,,,,,,,,,,,,,,,,3.0,,
euclidean_r2,0.01,Cross_Hamming,AV_vs_TaxMES,,Euclidean2D,100,20,,,,,,,,,,,,,,,,4.0,,
euclidean_r2,0.01,Cross_Hamming,AV_vs_TaxPhragmen,,Euclidean2D,100,20,,,,,,,,,,,,,,,,5.0,,
euclidean_r3,0.01,Traditional,PAV,10.0,Euclidean2D,100,20,37.2,30.0,52.0,23.2,33.0,3.0,3.72,3.0,8.0,0.08,1.0,0.01,0.3277,0.15,0.05,,,
euclidean_r3,0.01,Traditional,SeqPhragmen,10.0,Euclidean2D,100,20,37.2,30.0,52.0,23.2,33.0,3.0,3.72,3.0,8.0,0.08,1.0,0.01,0.3277,0.15,0.05,,,
euclidean_r3,0.01,Traditional,MES,10.0,Euclidean2D,100,20,37.4,30.0,52.0,23.0,31.0,0.0,3.74,3.0,10.0,0.1,1.0,0.01,0.3323,0.15,0.06,,,
euclidean_r3,0.01,AV,AV,10.0,Euclidean2D,100,20,37.5,31.0,52.0,22.9,30.0,1.0,3.75,3.5,11.0,0.11,0.0,0.0,0.4293,0.15,0.06,,,
euclidean_r3,0.01,Tax,TaxPhragmen,7.0,Euclidean2D,100,20,39.0,30.0,52.0,25.4615,34.0,7.0,2.73,2.5,11.0,0.11,1.0,0.01,0.3068,0.15,0.03,,,
euclidean_r3,0.01,Tax,TaxMES,6.0,Euclidean2D,100,20,40.6667,32.0,52.0,25.7143,34.0,7.0,2.44,2.0,14.0,0.14,2.0,0.02,0.3098,0.15,0.05,,,
euclidean_r3,0.01,Hamming_Traditional,PAV_vs_SeqPhragmen,,Euclidean2D,100,20,,,,,,,,,,,,,,,,0.0,,
euclidean_r3,0.01,Hamming_Traditional,PAV_vs_MES,,Euclidean2D,100,20,,,,,,,,,,,,,,,,2.0,,
euclidean_r3,0.01,Hamming_Traditional,SeqPhragmen_vs_MES,,Euclidean2D,100,20,,,,,,,,,,,,,,,,2.0,,
euclidean_r3,0.01,Hamming_Traditional,AV_vs_PAV,,Euclidean2D,100,20,,,,,,,,,,,,,,,,2.0,,
euclidean_r3,0.01,Hamming_Traditional,AV_vs_SeqPhragmen,,Euclidean2D,100,20,,,,,,,,,,,,,,,,2.0,,
euclidean_r3,0.01,Hamming_Traditional,AV_vs_MES,,Euclidean2D,100,20,,,,,,,,,,,,,,,,2.0,,
euclidean_r3,0.01,Cross_Hamming,PAV_vs_TaxMES,,Euclidean2D,100,20,,,,,,,,,,,,,,,,4.0,,
euclidean_r3,0.01,Cross_Hamming,PAV_vs_TaxPhragmen,,Euclidean2D,100,20,,,,,,,,,,,,,,,,3.0,,
euclidean_r3,0.01,Cross_Hamming,SeqPhragmen_vs_TaxPhragmen,,Euclidean2D,100,20,,,,,,,,,,,,,,,,3.0,,
euclidean_r3,0.01,Cross_Hamming,SeqPhragmen_vs_TaxMES,,Euclidean2D,100,20,,,,,,,,,,,,,,,,4.0,,
euclidean_r3,0.01,Cross_Hamming,MES_vs_TaxMES,,Euclidean2D,100,20,,,,,,,,,,,,,,,,4.0,,
euclidean_r3,0.01,Cross_Hamming,MES_vs_TaxPhragmen,,Euclidean2D,100,20,,,,,,,,,,,,,,,,5.0,,
euclidean_r3,0.01,Cross_Hamming,TaxPhragmen_vs_TaxMES,,Euclidean2D,100,20,,,,,,,,,,,,,,,,3.0,,
euclidean_r3,0.01,Cross_Hamming,AV_vs_TaxMES,,Euclidean2D,100,20,,,,,,,,,,,,,,,,4.0,,
euclidean_r3,0.01,Cross_Hamming,AV_vs_TaxPhragmen,,Euclidean2D,100,20,,,,,,,,,,,,,,,,5.0,,
euclidean_r4,0.01,Traditional,PAV,10.0,Euclidean2D,100,20,53.2,43.0,63.0,35.0,45.0,3.0,5.32,6.0,6.0,0.06,0.0,0.0,0.3618,0.11,0.03,,,
euclidean_r4,0.01,Traditional,SeqPhragmen,10.0,Euclidean2D,100,20,53.2,43.0,63.0,35.0,45.0,3.0,5.32,6.0,6.0,0.06,0.0,0.0,0.3618,0.11,0.03,,,
euclidean_r4,0.01,Traditional,MES,10.0,Euclidean2D,100,20,53.2,43.0,63.0,35.0,45.0,3.0,5.32,6.0,6.0,0.06,0.0,0.0,0.3618,0.11,0.03,,,
euclidean_r4,0.01,AV,AV,10.0,Euclidean2D,100,20,53.4,44.0,63.0,34.8,43.0,1.0,5.34,6.0,7.0,0.07,0.0,0.0,0.3731,0.11,0.03,,,
euclidean_r4,0.01,Tax,TaxPhragmen,8.0,Euclidean2D,100,20,55.0,43.0,63.0,36.8333,49.0,6.0,4.4,5.0,7.0,0.07,0.0,0.0,0.3655,0.11,0.03,,,
euclidean_r4,0.01,Tax,TaxMES,7.0,Euclidean2D,100,20,56.4286,43.0,63.0,37.4615,49.0,6.0,3.95,5.0,8.0,0.08,0.0,0.0,0.3586,0.11,0.03,,,
euclidean_r4,0.01,Hamming_Traditional,PAV_vs_SeqPhragmen,,Euclidean2D,100,20,,,,,,,,,,,,,,,,0.0,,
euclidean_r4,0.01,Hamming_Traditional,PAV_vs_MES,,Euclidean2D,100,20,,,,,,,,,,,,,,,,0.0,,
euclidean_r4,0.01,Hamming_Traditional,SeqPhragmen_vs_MES,,Euclidean2D,100,20,,,,,,,,,,,,,,,,0.0,,
euclidean_r4,0.01,Hamming_Traditional,AV_vs_PAV,,Euclidean2D,100,20,,,,,,,,,,,,,,,,2.0,,
euclidean_r4,0.01,Hamming_Traditional,AV_vs_SeqPhragmen,,Euclidean2D,100,20,,,,,,,,,,,,,,,,2.0,,
euclidean_r4,0.01,Hamming_Traditional,AV_vs_MES,,Euclidean2D,100,20,,,,,,,,,,,,,,,,2.0,,
euclidean_r4,0.01,Cross_Hamming,PAV_vs_TaxMES,,Euclidean2D,100,20,,,,,,,,,,,,,,,,3.0,,
euclidean_r4,0.01,Cross_Hamming,PAV_vs_TaxPhragmen,,Euclidean2D,100,20,,,,,,,,,,,,,,,,4.0,,
euclidean_r4,0.01,Cross_Hamming,SeqPhragmen_vs_TaxPhragmen,,Euclidean2D,100,20,,,,,,,,,,,,,,,,4.0,,
euclidean_r4,0.01,Cross_Hamming,SeqPhragmen_vs_TaxMES,,Euclidean2D,100,20,,,,,,,,,,,,,,,,3.0,,
euclidean_r4,0.01,Cross_Hamming,MES_vs_TaxMES,,Euclidean2D,100,20,,,,,,,,,,,,,,,,3.0,,
euclidean_r4,0.01,Cross_Hamming,MES_vs_TaxPhragmen,,Euclidean2D,100,20,,,,,,,,,,,,,,,,4.0,,
euclidean_r4,0.01,Cross_Hamming,TaxPhragmen_vs_TaxMES,,Euclidean2D,100,20,,,,,,,,,,,,,,,,1.0,,
euclidean_r4,0.01,Cross_Hamming,AV_vs_TaxMES,,Euclidean2D,100,20,,,,,,,,,,,,,,,,5.0,,
euclidean_r4,0.01,Cross_Hamming,AV_vs_TaxPhragmen,,Euclidean2D,100,20,,,,,,,,,,,,,,,,4.0,,
impartial_p0.1,0.01,Traditional,PAV,10.0,Impartial,100,20,10.5,7.0,13.0,6.5,9.0,10.0,1.05,1.0,27.0,0.27,1.0,0.01,0.2358,0.16,0.07,,0.1,
impartial_p0.1,0.01,Traditional,SeqPhragmen,10.0,Impartial,100,20,10.5,7.0,13.0,6.5,9.0,10.0,1.05,1.0,27.0,0.27,1.0,0.01,0.2358,0.16,0.07,,0.1,
impartial_p0.1,0.01,Traditional,MES,10.0,Impartial,100,20,10.5,7.0,13.0,6.5,9.0,10.0,1.05,1.0,27.0,0.27,1.0,0.01,0.2358,0.16,0.07,,0.1,
impartial_p0.1,0.01,AV,AV,10.0,Impartial,100,20,10.5,7.0,13.0,6.5,9.0,10.0,1.05,1.0,31.0,0.31,1.0,0.01,0.2541,0.16,0.08,,0.1,
impartial_p0.1,0.01,Tax,TaxPhragmen,2.0,Impartial,100,20,13.0,13.0,13.0,8.0,12.0,5.0,0.26,0.0,71.0,0.71,3.0,0.03,0.1865,0.16,0.03,,0.1,
impartial_p0.1,0.01,Tax,TaxMES,2.0,Impartial,100,20,13.0,13.0,13.0,8.0,12.0,5.0,0.26,0.0,71.0,0.71,3.0,0.03,0.1865,0.16,0.03,,0.1,
impartial_p0.1,0.01,Hamming_Traditional,PAV_vs_SeqPhragmen,,Impartial,100,20,,,,,,,,,,,,,,,,0.0,0.1,
impartial_p0.1,0.01,Hamming_Traditional,PAV_vs_MES,,Impartial,100,20,,,,,,,,,,,,,,,,0.0,0.1,
impartial_p0.1,0.01,Hamming_Traditional,SeqPhragmen_vs_MES,,Impartial,100,20,,,,,,,,,,,,,,,,0.0,0.1,
impartial_p0.1,0.01,Hamming_Traditional,AV_vs_PAV,,Impartial,100,20,,,,,,,,,,,,,,,,2.0,0.1,
impartial_p0.1,0.01,Hamming_Traditional,AV_vs_SeqPhragmen,,Impartial,100,20,,,,,,,,,,,,,,,,2.0,0.1,
impartial_p0.1,0.01,Hamming_Traditional,AV_vs_MES,,Impartial,100,20,,,,,,,,,,,,,,,,2.0,0.1,
impartial_p0.1,0.01,Cross_Hamming,PAV_vs_TaxMES,,Impartial,100,20,,,,,,,,,,,,,,,,8.0,0.1,
impartial_p0.1,0.01,Cross_Hamming,PAV_vs_TaxPhragmen,,Impartial,100,20,,,,,,,,,,,,,,,,8.0,0.1,
impartial_p0.1,0.01,Cross_Hamming,SeqPhragmen_vs_TaxPhragmen,,Impartial,100,20,,,,,,,,,,,,,,,,8.0,0.1,
impartial_p0.1,0.01,Cross_Hamming,SeqPhragmen_vs_TaxMES,,Impartial,100,20,,,,,,,,,,,,,,,,8.0,0.1,
impartial_p0.1,0.01,Cross_Hamming,MES_vs_TaxMES,,Impartial,100,20,,,,,,,,,,,,,,,,8.0,0.1,
impartial_p0.1,0.01,Cross_Hamming,MES_vs_TaxPhragmen,,Impartial,100,20,,,,,,,,,,,,,,,,8.0,0.1,
impartial_p0.1,0.01,Cross_Hamming,TaxPhragmen_vs_TaxMES,,Impartial,100,20,,,,,,,,,,,,,,,,0.0,0.1,
impartial_p0.1,0.01,Cross_Hamming,AV_vs_TaxMES,,Impartial,100,20,,,,,,,,,,,,,,,,8.0,0.1,
impartial_p0.1,0.01,Cross_Hamming,AV_vs_TaxPhragmen,,Impartial,100,20,,,,,,,,,,,,,,,,8.0,0.1,
impartial_p0.15,0.01,Traditional,PAV,10.0,Impartial,100,20,16.3,11.0,23.0,11.7,15.0,3.0,1.63,2.0,14.0,0.14,1.0,0.01,0.2219,0.16,0.08,,0.15,
impartial_p0.15,0.01,Traditional,SeqPhragmen,10.0,Impartial,100,20,16.5,12.0,23.0,11.5,15.0,12.0,1.65,2.0,12.0,0.12,0.0,0.0,0.3419,0.16,0.04,,0.15,
impartial_p0.15,0.01,Traditional,MES,10.0,Impartial,100,20,16.3,11.0,23.0,11.7,15.0,3.0,1.63,2.0,14.0,0.14,1.0,0.01,0.2219,0.16,0.08,,0.15,
impartial_p0.15,0.01,AV,AV,10.0,Impartial,100,20,16.8,14.0,23.0,11.2,14.0,1.0,1.68,2.0,16.0,0.16,0.0,0.0,0.3882,0.16,0.05,,0.15,
impartial_p0.15,0.01,Tax,TaxPhragmen,5.0,Impartial,100,20,18.4,14.0,23.0,12.5333,17.0,4.0,0.92,1.0,34.0,0.34,0.0,0.0,0.468,0.16,0.03,,0.15,
impartial_p0.15,0.01,Tax,TaxMES,5.0,Impartial,100,20,18.6,15.0,23.0,12.4667,17.0,4.0,0.93,1.0,33.0,0.33,1.0,0.01,0.227,0.16,0.04,,0.15,
impartial_p0.15,0.01,Hamming_Traditional,PAV_vs_SeqPhragmen,,Impartial,100,20,,,,,,,,,,,,,,,,4.0,0.15,
impartial_p0.15,0.01,Hamming_Traditional,PAV_vs_MES,,Impartial,100,20,,,,,,,,,,,,,,,,0.0,0.15,
impartial_p0.15,0.01,Hamming_Traditional,SeqPhragmen_vs_MES,,Impartial,100,20,,,,,,,,,,,,,,,,4.0,0.15,
impartial_p0.15,0.01,Hamming_Traditional,AV_vs_PAV,,Impartial,100,20,,,,,,,,,,,,,,,,4.0,0.15,
impartial_p0.15,0.01,Hamming_Traditional,AV_vs_SeqPhragmen,,Impartial,100,20,,,,,,,,,,,,,,,,4.0,0.15,
impartial_p0.15,0.01,Hamming_Traditional,AV_vs_MES,,Impartial,100,20,,,,,,,,,,,,,,,,4.0,0.15,
impartial_p0.15,0.01,Cross_Hamming,PAV_vs_TaxMES,,Impartial,100,20,,,,,,,,,,,,,,,,5.0,0.15,
impartial_p0.15,0.01,Cross_Hamming,PAV_vs_TaxPhragmen,,Impartial,100,20,,,,,,,,,,,,,,,,5.0,0.15,
impartial_p0.15,0.01,Cross_Hamming,SeqPhragmen_vs_TaxPhragmen,,Impartial,100,20,,,,,,,,,,,,,,,,5.0,0.15,
impartial_p0.15,0.01,Cross_Hamming,SeqPhragmen_vs_TaxMES,,Impartial,100,20,,,,,,,,,,,,,,,,5.0,0.15,
impartial_p0.15,0.01,Cross_Hamming,MES_vs_TaxMES,,Impartial,100,20,,,,,,,,,,,,,,,,5.0,0.15,
impartial_p0.15,0.01,Cross_Hamming,MES_vs_TaxPhragmen,,Impartial,100,20,,,,,,,,,,,,,,,,5.0,0.15,
impartial_p0.15,0.01,Cross_Hamming,TaxPhragmen_vs_TaxMES,,Impartial,100,20,,,,,,,,,,,,,,,,2.0,0.15,
impartial_p0.15,0.01,Cross_Hamming,AV_vs_TaxMES,,Impartial,100,20,,,,,,,,,,,,,,,,5.0,0.15,
impartial_p0.15,0.01,Cross_Hamming,AV_vs_TaxPhragmen,,Impartial,100,20,,,,,,,,,,,,,,,,7.0,0.15,
impartial_p0.3,0.01,Traditional,PAV,10.0,Impartial,100,20,32.9,30.0,36.0,25.6,30.0,2.0,3.29,3.0,2.0,0.02,1.0,0.01,0.174,0.15,0.11,,0.3,
impartial_p0.3,0.01,Traditional,SeqPhragmen,10.0,Impartial,100,20,32.9,30.0,36.0,25.6,30.0,4.0,3.29,3.0,1.0,0.01,0.0,0.0,0.2257,0.15,0.09,,0.3,
impartial_p0.3,0.01,Traditional,MES,10.0,Impartial,100,20,32.9,30.0,36.0,25.6,30.0,2.0,3.29,3.0,2.0,0.02,1.0,0.01,0.174,0.15,0.11,,0.3,
impartial_p0.3,0.01,AV,AV,10.0,Impartial,100,20,32.9,30.0,36.0,25.6,30.0,2.0,3.29,3.0,2.0,0.02,1.0,0.01,0.174,0.15,0.11,,0.3,
impartial_p0.3,0.01,Tax,TaxPhragmen,7.0,Impartial,100,20,33.1429,31.0,36.0,27.1538,34.0,10.0,2.32,2.0,4.0,0.04,0.0,0.0,0.235,0.15,0.06,,0.3,
impartial_p0.3,0.01,Tax,TaxMES,7.0,Impartial,100,20,33.5714,31.0,36.0,26.9231,33.0,3.0,2.35,2.0,6.0,0.06,0.0,0.0,0.2422,0.15,0.06,,0.3,
impartial_p0.3,0.01,Hamming_Traditional,PAV_vs_SeqPhragmen,,Impartial,100,20,,,,,,,,,,,,,,,,2.0,0.3,
impartial_p0.3,0.01,Hamming_Traditional,PAV_vs_MES,,Impartial,100,20,,,,,,,,,,,,,,,,0.0,0.3,
impartial_p0.3,0.01,Hamming_Traditional,SeqPhragmen_vs_MES,,Impartial,100,20,,,,,,,,,,,,,,,,2.0,0.3,
impartial_p0.3,0.01,Hamming_Traditional,AV_vs_PAV,,Impartial,100,20,,,,,,,,,,,,,,,,0.0,0.3,
impartial_p0.3,0.01,Hamming_Traditional,AV_vs_SeqPhragmen,,Impartial,100,20,,,,,,,,,,,,,,,,2.0,0.3,
impartial_p0.3,0.01,Hamming_Traditional,AV_vs_MES,,Impartial,100,20,,,,,,,,,,,,,,,,0.0,0.3,
impartial_p0.3,0.01,Cross_Hamming,PAV_vs_TaxMES,,Impartial,100,20,,,,,,,,,,,,,,,,3.0,0.3,
impartial_p0.3,0.01,Cross_Hamming,PAV_vs_TaxPhragmen,,Impartial,100,20,,,,,,,,,,,,,,,,3.0,0.3,
impartial_p0.3,0.01,Cross_Hamming,SeqPhragmen_vs_TaxPhragmen,,Impartial,100,20,,,,,,,,,,,,,,,,3.0,0.3,
impartial_p0.3,0.01,Cross_Hamming,SeqPhragmen_vs_TaxMES,,Impartial,100,20,,,,,,,,,,,,,,,,3.0,0.3,
impartial_p0.3,0.01,Cross_Hamming,MES_vs_TaxMES,,Impartial,100,20,,,,,,,,,,,,,,,,3.0,0.3,
impartial_p0.3,0.01,Cross_Hamming,MES_vs_TaxPhragmen,,Impartial,100,20,,,,,,,,,,,,,,,,3.0,0.3,
impartial_p0.3,0.01,Cross_Hamming,TaxPhragmen_vs_TaxMES,,Impartial,100,20,,,,,,,,,,,,,,,,2.0,0.3,
impartial_p0.3,0.01,Cross_Hamming,AV_vs_TaxMES,,Impartial,100,20,,,,,,,,,,,,,,,,3.0,0.3,
impartial_p0.3,0.01,Cross_Hamming,AV_vs_TaxPhragmen,,Impartial,100,20,,,,,,,,,,,,,,,,3.0,0.3,
impartial_p0.5,0.01,Traditional,PAV,10.0,Impartial,100,20,54.0,49.0,58.0,45.9,53.0,15.0,5.4,5.0,0.0,0.0,0.0,0.0,0.1446,0.09,0.02,,0.5,
impartial_p0.5,0.01,Traditional,SeqPhragmen,10.0,Impartial,100,20,53.6,48.0,58.0,46.3,53.0,15.0,5.36,5.0,0.0,0.0,0.0,0.0,0.1326,0.09,0.01,,0.5,
impartial_p0.5,0.01,Traditional,MES,10.0,Impartial,100,20,53.8,47.0,58.0,46.1,53.0,15.0,5.38,5.0,0.0,0.0,0.0,0.0,0.1436,0.09,0.04,,0.5,
impartial_p0.5,0.01,AV,AV,10.0,Impartial,100,20,54.4,52.0,58.0,45.5,49.0,0.0,5.44,5.0,0.0,0.0,0.0,0.0,0.1586,0.09,0.02,,0.5,
impartial_p0.5,0.01,Tax,TaxPhragmen,9.0,Impartial,100,20,54.1111,48.0,58.0,46.5455,53.0,15.0,4.87,5.0,0.0,0.0,0.0,0.0,0.1473,0.09,0.01,,0.5,
impartial_p0.5,0.01,Tax,TaxMES,9.0,Impartial,100,20,54.2222,49.0,58.0,46.4545,53.0,15.0,4.88,5.0,0.0,0.0,0.0,0.0,0.1447,0.09,0.01,,0.5,
impartial_p0.5,0.01,Hamming_Traditional,PAV_vs_SeqPhragmen,,Impartial,100,20,,,,,,,,,,,,,,,,2.0,0.5,
impartial_p0.5,0.01,Hamming_Traditional,PAV_vs_MES,,Impartial,100,20,,,,,,,,,,,,,,,,2.0,0.5,
impartial_p0.5,0.01,Hamming_Traditional,SeqPhragmen_vs_MES,,Impartial,100,20,,,,,,,,,,,,,,,,4.0,0.5,
impartial_p0.5,0.01,Hamming_Traditional,AV_vs_PAV,,Impartial,100,20,,,,,,,,,,,,,,,,2.0,0.5,
impartial_p0.5,0.01,Hamming_Traditional,AV_vs_SeqPhragmen,,Impartial,100,20,,,,,,,,,,,,,,,,4.0,0.5,
impartial_p0.5,0.01,Hamming_Traditional,AV_vs_MES,,Impartial,100,20,,,,,,,,,,,,,,,,2.0,0.5,
impartial_p0.5,0.01,Cross_Hamming,PAV_vs_TaxMES,,Impartial,100,20,,,,,,,,,,,,,,,,1.0,0.5,
impartial_p0.5,0.01,Cross_Hamming,PAV_vs_TaxPhragmen,,Impartial,100,20,,,,,,,,,,,,,,,,3.0,0.5,
impartial_p0.5,0.01,Cross_Hamming,SeqPhragmen_vs_TaxPhragmen,,Impartial,100,20,,,,,,,,,,,,,,,,1.0,0.5,
impartial_p0.5,0.01,Cross_Hamming,SeqPhragmen_vs_TaxMES,,Impartial,100,20,,,,,,,,,,,,,,,,1.0,0.5,
impartial_p0.5,0.01,Cross_Hamming,MES_vs_TaxMES,,Impartial,100,20,,,,,,,,,,,,,,,,3.0,0.5,
impartial_p0.5,0.01,Cross_Hamming,MES_vs_TaxPhragmen,,Impartial,100,20,,,,,,,,,,,,,,,,3.0,0.5,
impartial_p0.5,0.01,Cross_Hamming,TaxPhragmen_vs_TaxMES,,Impartial,100,20,,,,,,,,,,,,,,,,2.0,0.5,
impartial_p0.5,0.01,Cross_Hamming,AV_vs_TaxMES,,Impartial,100,20,,,,,,,,,,,,,,,,3.0,0.5,
impartial_p0.5,0.01,Cross_Hamming,AV_vs_TaxPhragmen,,Impartial,100,20,,,,,,,,,,,,,,,,3.0,0.5,
impartial_p0.7,0.01,Traditional,PAV,10.0,Impartial,100,20,73.2,71.0,79.0,64.7,70.0,4.0,7.32,7.0,0.0,0.0,0.0,0.0,0.1035,0.03,0.0,,0.7,
impartial_p0.7,0.01,Traditional,SeqPhragmen,10.0,Impartial,100,20,73.2,71.0,79.0,64.7,70.0,4.0,7.32,7.0,0.0,0.0,0.0,0.0,0.1035,0.03,0.0,,0.7,
impartial_p0.7,0.01,Traditional,MES,10.0,Impartial,100,20,72.6,66.0,79.0,65.3,71.0,16.0,7.26,7.0,0.0,0.0,0.0,0.0,0.0939,0.03,0.0,,0.7,
impartial_p0.7,0.01,AV,AV,10.0,Impartial,100,20,73.2,71.0,79.0,64.7,70.0,4.0,7.32,7.0,0.0,0.0,0.0,0.0,0.1035,0.03,0.0,,0.7,
impartial_p0.7,0.01,Tax,TaxPhragmen,9.0,Impartial,100,20,73.4444,71.0,79.0,65.2727,71.0,16.0,6.61,7.0,0.0,0.0,0.0,0.0,0.1089,0.03,0.0,,0.7,
impartial_p0.7,0.01,Tax,TaxMES,9.0,Impartial,100,20,73.3333,70.0,79.0,65.3636,71.0,16.0,6.6,7.0,0.0,0.0,0.0,0.0,0.1037,0.03,0.0,,0.7,
impartial_p0.7,0.01,Hamming_Traditional,PAV_vs_SeqPhragmen,,Impartial,100,20,,,,,,,,,,,,,,,,0.0,0.7,
impartial_p0.7,0.01,Hamming_Traditional,PAV_vs_MES,,Impartial,100,20,,,,,,,,,,,,,,,,4.0,0.7,
impartial_p0.7,0.01,Hamming_Traditional,SeqPhragmen_vs_MES,,Impartial,100,20,,,,,,,,,,,,,,,,4.0,0.7,
impartial_p0.7,0.01,Hamming_Traditional,AV_vs_PAV,,Impartial,100,20,,,,,,,,,,,,,,,,0.0,0.7,
impartial_p0.7,0.01,Hamming_Traditional,AV_vs_SeqPhragmen,,Impartial,100,20,,,,,,,,,,,,,,,,0.0,0.7,
impartial_p0.7,0.01,Hamming_Traditional,AV_vs_MES,,Impartial,100,20,,,,,,,,,,,,,,,,4.0,0.7,
impartial_p0.7,0.01,Cross_Hamming,PAV_vs_TaxMES,,Impartial,100,20,,,,,,,,,,,,,,,,3.0,0.7,
impartial_p0.7,0.01,Cross_Hamming,PAV_vs_TaxPhragmen,,Impartial,100,20,,,,,,,,,,,,,,,,1.0,0.7,
impartial_p0.7,0.01,Cross_Hamming,SeqPhragmen_vs_TaxPhragmen,,Impartial,100,20,,,,,,,,,,,,,,,,1.0,0.7,
impartial_p0.7,0.01,Cross_Hamming,SeqPhragmen_vs_TaxMES,,Impartial,100,20,,,,,,,,,,,,,,,,3.0,0.7,
impartial_p0.7,0.01,Cross_Hamming,MES_vs_TaxMES,,Impartial,100,20,,,,,,,,,,,,,,,,1.0,0.7,
impartial_p0.7,0.01,Cross_Hamming,MES_vs_TaxPhragmen,,Impartial,100,20,,,,,,,,,,,,,,,,3.0,0.7,
impartial_p0.7,0.01,Cross_Hamming,TaxPhragmen_vs_TaxMES,,Impartial,100,20,,,,,,,,,,,,,,,,2.0,0.7,
impartial_p0.7,0.01,Cross_Hamming,AV_vs_TaxMES,,Impartial,100,20,,,,,,,,,,,,,,,,3.0,0.7,
impartial_p0.7,0.01,Cross_Hamming,AV_vs_TaxPhragmen,,Impartial,100,20,,,,,,,,,,,,,,,,1.0,0.7,
resampling_p0.15_phi0.25,0.01,Traditional,PAV,10.0,Resampling,100,20,26.6,3.0,81.0,2.5,5.0,11.0,2.66,3.0,1.0,0.01,0.0,0.0,0.1955,0.16,0.08,,0.15,0.25
resampling_p0.15_phi0.25,0.01,Traditional,SeqPhragmen,10.0,Resampling,100,20,26.8,3.0,81.0,2.3,4.0,5.0,2.68,3.0,1.0,0.01,0.0,0.0,0.2057,0.16,0.07,,0.15,0.25
resampling_p0.15_phi0.25,0.01,Traditional,MES,10.0,Resampling,100,20,26.7,3.0,81.0,2.4,4.0,5.0,2.67,3.0,1.0,0.01,0.0,0.0,0.1852,0.16,0.06,,0.15,0.25
resampling_p0.15_phi0.25,0.01,AV,AV,10.0,Resampling,100,20,26.9,4.0,81.0,2.2,4.0,15.0,2.69,3.0,2.0,0.02,0.0,0.0,0.222,0.16,0.06,,0.15,0.25
resampling_p0.15_phi0.25,0.01,Tax,TaxPhragmen,3.0,Resampling,100,20,77.3333,73.0,81.0,3.4706,10.0,16.0,2.32,2.0,0.0,0.0,0.0,0.0,0.1685,0.16,0.0,,0.15,0.25
resampling_p0.15_phi0.25,0.01,Tax,TaxMES,3.0,Resampling,100,20,77.3333,73.0,81.0,3.4706,10.0,16.0,2.32,2.0,0.0,0.0,0.0,0.0,0.1685,0.16,0.0,,0.15,0.25
resampling_p0.15_phi0.25,0.01,Hamming_Traditional,PAV_vs_SeqPhragmen,,Resampling,100,20,,,,,,,,,,,,,,,,2.0,0.15,0.25
resampling_p0.15_phi0.25,0.01,Hamming_Traditional,PAV_vs_MES,,Resampling,100,20,,,,,,,,,,,,,,,,2.0,0.15,0.25
resampling_p0.15_phi0.25,0.01,Hamming_Traditional,SeqPhragmen_vs_MES,,Resampling,100,20,,,,,,,,,,,,,,,,2.0,0.15,0.25
resampling_p0.15_phi0.25,0.01,Hamming_Traditional,AV_vs_PAV,,Resampling,100,20,,,,,,,,,,,,,,,,4.0,0.15,0.25
resampling_p0.15_phi0.25,0.01,Hamming_Traditional,AV_vs_SeqPhragmen,,Resampling,100,20,,,,,,,,,,,,,,,,2.0,0.15,0.25
resampling_p0.15_phi0.25,0.01,Hamming_Traditional,AV_vs_MES,,Resampling,100,20,,,,,,,,,,,,,,,,4.0,0.15,0.25
resampling_p0.15_phi0.25,0.01,Cross_Hamming,PAV_vs_TaxMES,,Resampling,100,20,,,,,,,,,,,,,,,,7.0,0.15,0.25
resampling_p0.15_phi0.25,0.01,Cross_Hamming,PAV_vs_TaxPhragmen,,Resampling,100,20,,,,,,,,,,,,,,,,7.0,0.15,0.25
resampling_p0.15_phi0.25,0.01,Cross_Hamming,SeqPhragmen_vs_TaxPhragmen,,Resampling,100,20,,,,,,,,,,,,,,,,7.0,0.15,0.25
resampling_p0.15_phi0.25,0.01,Cross_Hamming,SeqPhragmen_vs_TaxMES,,Resampling,100,20,,,,,,,,,,,,,,,,7.0,0.15,0.25
resampling_p0.15_phi0.25,0.01,Cross_Hamming,MES_vs_TaxMES,,Resampling,100,20,,,,,,,,,,,,,,,,7.0,0.15,0.25
resampling_p0.15_phi0.25,0.01,Cross_Hamming,MES_vs_TaxPhragmen,,Resampling,100,20,,,,,,,,,,,,,,,,7.0,0.15,0.25
resampling_p0.15_phi0.25,0.01,Cross_Hamming,TaxPhragmen_vs_TaxMES,,Resampling,100,20,,,,,,,,,,,,,,,,0.0,0.15,0.25
resampling_p0.15_phi0.25,0.01,Cross_Hamming,AV_vs_TaxMES,,Resampling,100,20,,,,,,,,,,,,,,,,7.0,0.15,0.25
resampling_p0.15_phi0.25,0.01,Cross_Hamming,AV_vs_TaxPhragmen,,Resampling,100,20,,,,,,,,,,,,,,,,7.0,0.15,0.25
resampling_p0.15_phi0.5,0.01,Traditional,PAV,10.0,Resampling,100,20,23.0,7.0,59.0,5.1,9.0,10.0,2.3,2.0,7.0,0.07,0.0,0.0,0.2976,0.16,0.09,,0.15,0.5
resampling_p0.15_phi0.5,0.01,Traditional,SeqPhragmen,10.0,Resampling,100,20,23.0,7.0,59.0,5.1,9.0,10.0,2.3,2.0,8.0,0.08,0.0,0.0,0.3017,0.16,0.08,,0.15,0.5
resampling_p0.15_phi0.5,0.01,Traditional,MES,10.0,Resampling,100,20,23.0,7.0,59.0,5.1,9.0,10.0,2.3,2.0,8.0,0.08,0.0,0.0,0.3017,0.16,0.08,,0.15,0.5
resampling_p0.15_phi0.5,0.01,AV,AV,10.0,Resampling,100,20,23.2,8.0,59.0,4.9,8.0,6.0,2.32,2.0,8.0,0.08,0.0,0.0,0.3208,0.16,0.08,,0.15,0.5
resampling_p0.15_phi0.5,0.01,Tax,TaxPhragmen,3.0,Resampling,100,20,54.3333,45.0,59.0,6.9412,12.0,9.0,1.63,2.0,11.0,0.11,1.0,0.01,0.1873,0.16,0.03,,0.15,0.5
resampling_p0.15_phi0.5,0.01,Tax,TaxMES,3.0,Resampling,100,20,54.3333,45.0,59.0,6.9412,12.0,9.0,1.63,2.0,11.0,0.11,1.0,0.01,0.1873,0.16,0.03,,0.15,0.5
resampling_p0.15_phi0.5,0.01,Hamming_Traditional,PAV_vs_SeqPhragmen,,Resampling,100,20,,,,,,,,,,,,,,,,2.0,0.15,0.5
resampling_p0.15_phi0.5,0.01,Hamming_Traditional,PAV_vs_MES,,Resampling,100,20,,,,,,,,,,,,,,,,2.0,0.15,0.5
resampling_p0.15_phi0.5,0.01,Hamming_Traditional,SeqPhragmen_vs_MES,,Resampling,100,20,,,,,,,,,,,,,,,,0.0,0.15,0.5
resampling_p0.15_phi0.5,0.01,Hamming_Traditional,AV_vs_PAV,,Resampling,100,20,,,,,,,,,,,,,,,,2.0,0.15,0.5
resampling_p0.15_phi0.5,0.01,Hamming_Traditional,AV_vs_SeqPhragmen,,Resampling,100,20,,,,,,,,,,,,,,,,2.0,0.15,0.5
resampling_p0.15_phi0.5,0.01,Hamming_Traditional,AV_vs_MES,,Resampling,100,20,,,,,,,,,,,,,,,,2.0,0.15,0.5
resampling_p0.15_phi0.5,0.01,Cross_Hamming,PAV_vs_TaxMES,,Resampling,100,20,,,,,,,,,,,,,,,,7.0,0.15,0.5
resampling_p0.15_phi0.5,0.01,Cross_Hamming,PAV_vs_TaxPhragmen,,Resampling,100,20,,,,,,,,,,,,,,,,7.0,0.15,0.5
resampling_p0.15_phi0.5,0.01,Cross_Hamming,SeqPhragmen_vs_TaxPhragmen,,Resampling,100,20,,,,,,,,,,,,,,,,7.0,0.15,0.5
resampling_p0.15_phi0.5,0.01,Cross_Hamming,SeqPhragmen_vs_TaxMES,,Resampling,100,20,,,,,,,,,,,,,,,,7.0,0.15,0.5
resampling_p0.15_phi0.5,0.01,Cross_Hamming,MES_vs_TaxMES,,Resampling,100,20,,,,,,,,,,,,,,,,7.0,0.15,0.5
resampling_p0.15_phi0.5,0.01,Cross_Hamming,MES_vs_TaxPhragmen,,Resampling,100,20,,,,,,,,,,,,,,,,7.0,0.15,0.5
resampling_p0.15_phi0.5,0.01,Cross_Hamming,TaxPhragmen_vs_TaxMES,,Resampling,100,20,,,,,,,,,,,,,,,,0.0,0.15,0.5
resampling_p0.15_phi0.5,0.01,Cross_Hamming,AV_vs_TaxMES,,Resampling,100,20,,,,,,,,,,,,,,,,7.0,0.15,0.5
resampling_p0.15_phi0.5,0.01,Cross_Hamming,AV_vs_TaxPhragmen,,Resampling,100,20,,,,,,,,,,,,,,,,7.0,0.15,0.5
resampling_p0.15_phi0.75,0.01,Traditional,PAV,10.0,Resampling,100,20,20.6,9.0,43.0,8.8,11.0,3.0,2.06,2.0,7.0,0.07,0.0,0.0,0.2837,0.16,0.07,,0.15,0.75
resampling_p0.15_phi0.75,0.01,Traditional,SeqPhragmen,10.0,Resampling,100,20,20.8,11.0,43.0,8.6,11.0,3.0,2.08,2.0,8.0,0.08,0.0,0.0,0.3064,0.16,0.06,,0.15,0.75
resampling_p0.15_phi0.75,0.01,Traditional,MES,10.0,Resampling,100,20,20.8,11.0,43.0,8.6,11.0,3.0,2.08,2.0,8.0,0.08,0.0,0.0,0.3064,0.16,0.06,,0.15,0.75
resampling_p0.15_phi0.75,0.01,AV,AV,10.0,Resampling,100,20,20.7,11.0,43.0,8.7,12.0,10.0,2.07,2.0,10.0,0.1,1.0,0.01,0.2177,0.16,0.08,,0.15,0.75
resampling_p0.15_phi0.75,0.01,Tax,TaxPhragmen,3.0,Resampling,100,20,39.0,34.0,43.0,10.4118,15.0,16.0,1.17,1.0,20.0,0.2,1.0,0.01,0.2069,0.16,0.03,,0.15,0.75
resampling_p0.15_phi0.75,0.01,Tax,TaxMES,4.0,Resampling,100,20,33.0,15.0,43.0,10.125,14.0,5.0,1.32,1.0,18.0,0.18,1.0,0.01,0.2151,0.16,0.03,,0.15,0.75
resampling_p0.15_phi0.75,0.01,Hamming_Traditional,PAV_vs_SeqPhragmen,,Resampling,100,20,,,,,,,,,,,,,,,,2.0,0.15,0.75
resampling_p0.15_phi0.75,0.01,Hamming_Traditional,PAV_vs_MES,,Resampling,100,20,,,,,,,,,,,,,,,,2.0,0.15,0.75
resampling_p0.15_phi0.75,0.01,Hamming_Traditional,SeqPhragmen_vs_MES,,Resampling,100,20,,,,,,,,,,,,,,,,0.0,0.15,0.75
resampling_p0.15_phi0.75,0.01,Hamming_Traditional,AV_vs_PAV,,Resampling,100,20,,,,,,,,,,,,,,,,4.0,0.15,0.75
resampling_p0.15_phi0.75,0.01,Hamming_Traditional,AV_vs_SeqPhragmen,,Resampling,100,20,,,,,,,,,,,,,,,,4.0,0.15,0.75
resampling_p0.15_phi0.75,0.01,Hamming_Traditional,AV_vs_MES,,Resampling,100,20,,,,,,,,,,,,,,,,4.0,0.15,0.75
resampling_p0.15_phi0.75,0.01,Cross_Hamming,PAV_vs_TaxMES,,Resampling,100,20,,,,,,,,,,,,,,,,6.0,0.15,0.75
resampling_p0.15_phi0.75,0.01,Cross_Hamming,PAV_vs_TaxPhragmen,,Resampling,100,20,,,,,,,,,,,,,,,,7.0,0.15,0.75
resampling_p0.15_phi0.75,0.01,Cross_Hamming,SeqPhragmen_vs_TaxPhragmen,,Resampling,100,20,,,,,,,,,,,,,,,,7.0,0.15,0.75
resampling_p0.15_phi0.75,0.01,Cross_Hamming,SeqPhragmen_vs_TaxMES,,Resampling,100,20,,,,,,,,,,,,,,,,6.0,0.15,0.75
resampling_p0.15_phi0.75,0.01,Cross_Hamming,MES_vs_TaxMES,,Resampling,100,20,,,,,,,,,,,,,,,,6.0,0.15,0.75
resampling_p0.15_phi0.75,0.01,Cross_Hamming,MES_vs_TaxPhragmen,,Resampling,100,20,,,,,,,,,,,,,,,,7.0,0.15,0.75
resampling_p0.15_phi0.75,0.01,Cross_Hamming,TaxPhragmen_vs_TaxMES,,Resampling,100,20,,,,,,,,,,,,,,,,1.0,0.15,0.75
resampling_p0.15_phi0.75,0.01,Cross_Hamming,AV_vs_TaxMES,,Resampling,100,20,,,,,,,,,,,,,,,,6.0,0.15,0.75
resampling_p0.15_phi0.75,0.01,Cross_Hamming,AV_vs_TaxPhragmen,,Resampling,100,20,,,,,,,,,,,,,,,,7.0,0.15,0.75
resampling_p0.15_phi1,0.01,Traditional,PAV,10.0,Resampling,100,20,16.4,14.0,19.0,11.5,17.0,3.0,1.64,2.0,14.0,0.14,1.0,0.01,0.2284,0.16,0.05,,0.15,1.0
resampling_p0.15_phi1,0.01,Traditional,SeqPhragmen,10.0,Resampling,100,20,16.7,15.0,19.0,11.2,14.0,11.0,1.67,2.0,17.0,0.17,1.0,0.01,0.2391,0.16,0.05,,0.15,1.0
resampling_p0.15_phi1,0.01,Traditional,MES,10.0,Resampling,100,20,16.4,14.0,19.0,11.5,17.0,3.0,1.64,2.0,14.0,0.14,1.0,0.01,0.2284,0.16,0.05,,0.15,1.0
resampling_p0.15_phi1,0.01,AV,AV,10.0,Resampling,100,20,16.7,15.0,19.0,11.2,14.0,11.0,1.67,2.0,17.0,0.17,1.0,0.01,0.2391,0.16,0.05,,0.15,1.0
resampling_p0.15_phi1,0.01,Tax,TaxPhragmen,5.0,Resampling,100,20,17.2,15.0,19.0,12.8667,18.0,14.0,0.86,1.0,35.0,0.35,0.0,0.0,0.4663,0.16,0.02,,0.15,1.0
resampling_p0.15_phi1,0.01,Tax,TaxMES,5.0,Resampling,100,20,17.4,15.0,19.0,12.8,17.0,2.0,0.87,1.0,36.0,0.36,0.0,0.0,0.4859,0.16,0.02,,0.15,1.0
resampling_p0.15_phi1,0.01,Hamming_Traditional,PAV_vs_SeqPhragmen,,Resampling,100,20,,,,,,,,,,,,,,,,2.0,0.15,1.0
resampling_p0.15_phi1,0.01,Hamming_Traditional,PAV_vs_MES,,Resampling,100,20,,,,,,,,,,,,,,,,0.0,0.15,1.0
resampling_p0.15_phi1,0.01,Hamming_Traditional,SeqPhragmen_vs_MES,,Resampling,100,20,,,,,,,,,,,,,,,,2.0,0.15,1.0
resampling_p0.15_phi1,0.01,Hamming_Traditional,AV_vs_PAV,,Resampling,100,20,,,,,,,,,,,,,,,,2.0,0.15,1.0
resampling_p0.15_phi1,0.01,Hamming_Traditional,AV_vs_SeqPhragmen,,Resampling,100,20,,,,,,,,,,,,,,,,0.0,0.15,1.0
resampling_p0.15_phi1,0.01,Hamming_Traditional,AV_vs_MES,,Resampling,100,20,,,,,,,,,,,,,,,,2.0,0.15,1.0
resampling_p0.15_phi1,0.01,Cross_Hamming,PAV_vs_TaxMES,,Resampling,100,20,,,,,,,,,,,,,,,,5.0,0.15,1.0
resampling_p0.15_phi1,0.01,Cross_Hamming,PAV_vs_TaxPhragmen,,Resampling,100,20,,,,,,,,,,,,,,,,7.0,0.15,1.0
resampling_p0.15_phi1,0.01,Cross_Hamming,SeqPhragmen_vs_TaxPhragmen,,Resampling,100,20,,,,,,,,,,,,,,,,5.0,0.15,1.0
resampling_p0.15_phi1,0.01,Cross_Hamming,SeqPhragmen_vs_TaxMES,,Resampling,100,20,,,,,,,,,,,,,,,,5.0,0.15,1.0
resampling_p0.15_phi1,0.01,Cross_Hamming,MES_vs_TaxMES,,Resampling,100,20,,,,,,,,,,,,,,,,5.0,0.15,1.0
resampling_p0.15_phi1,0.01,Cross_Hamming,MES_vs_TaxPhragmen,,Resampling,100,20,,,,,,,,,,,,,,,,7.0,0.15,1.0
resampling_p0.15_phi1,0.01,Cross_Hamming,TaxPhragmen_vs_TaxMES,,Resampling,100,20,,,,,,,,,,,,,,,,2.0,0.15,1.0
resampling_p0.15_phi1,0.01,Cross_Hamming,AV_vs_TaxMES,,Resampling,100,20,,,,,,,,,,,,,,,,5.0,0.15,1.0
resampling_p0.15_phi1,0.01,Cross_Hamming,AV_vs_TaxPhragmen,,Resampling,100,20,,,,,,,,,,,,,,,,5.0,0.15,1.0
resampling_p0.1_phi0.25,0.01,Traditional,PAV,10.0,Resampling,100,20,17.4,-1.0,80.0,0.9,3.0,4.0,1.74,2.0,8.0,0.08,2.0,0.02,0.1674,0.16,0.1,,0.1,0.25
resampling_p0.1_phi0.25,0.01,Traditional,SeqPhragmen,10.0,Resampling,100,20,17.7,-1.0,80.0,0.6,2.0,6.0,1.77,2.0,9.0,0.09,2.0,0.02,0.1778,0.16,0.09,,0.1,0.25
resampling_p0.1_phi0.25,0.01,Traditional,MES,10.0,Resampling,100,20,17.7,-1.0,80.0,0.6,2.0,6.0,1.77,2.0,9.0,0.09,2.0,0.02,0.1778,0.16,0.09,,0.1,0.25
resampling_p0.1_phi0.25,0.01,AV,AV,10.0,Resampling,100,20,17.7,-1.0,80.0,0.6,2.0,6.0,1.77,2.0,9.0,0.09,2.0,0.02,0.1778,0.16,0.09,,0.1,0.25
resampling_p0.1_phi0.25,0.01,Tax,TaxPhragmen,2.0,Resampling,100,20,77.5,75.0,80.0,1.5556,5.0,9.0,1.55,2.0,7.0,0.07,0.0,0.0,0.194,0.16,0.0,,0.1,0.25
resampling_p0.1_phi0.25,0.01,Tax,TaxMES,2.0,Resampling,100,20,77.5,75.0,80.0,1.5556,5.0,9.0,1.55,2.0,7.0,0.07,0.0,0.0,0.194,0.16,0.0,,0.1,0.25
resampling_p0.1_phi0.25,0.01,Hamming_Traditional,PAV_vs_SeqPhragmen,,Resampling,100,20,,,,,,,,,,,,,,,,2.0,0.1,0.25
resampling_p0.1_phi0.25,0.01,Hamming_Traditional,PAV_vs_MES,,Resampling,100,20,,,,,,,,,,,,,,,,2.0,0.1,0.25
resampling_p0.1_phi0.25,0.01,Hamming_Traditional,SeqPhragmen_vs_MES,,Resampling,100,20,,,,,,,,,,,,,,,,0.0,0.1,0.25
resampling_p0.1_phi0.25,0.01,Hamming_Traditional,AV_vs_PAV,,Resampling,100,20,,,,,,,,,,,,,,,,2.0,0.1,0.25
resampling_p0.1_phi0.25,0.01,Hamming_Traditional,AV_vs_SeqPhragmen,,Resampling,100,20,,,,,,,,,,,,,,,,0.0,0.1,0.25
resampling_p0.1_phi0.25,0.01,Hamming_Traditional,AV_vs_MES,,Resampling,100,20,,,,,,,,,,,,,,,,0.0,0.1,0.25
resampling_p0.1_phi0.25,0.01,Cross_Hamming,PAV_vs_TaxMES,,Resampling,100,20,,,,,,,,,,,,,,,,8.0,0.1,0.25
resampling_p0.1_phi0.25,0.01,Cross_Hamming,PAV_vs_TaxPhragmen,,Resampling,100,20,,,,,,,,,,,,,,,,8.0,0.1,0.25
resampling_p0.1_phi0.25,0.01,Cross_Hamming,SeqPhragmen_vs_TaxPhragmen,,Resampling,100,20,,,,,,,,,,,,,,,,8.0,0.1,0.25
resampling_p0.1_phi0.25,0.01,Cross_Hamming,SeqPhragmen_vs_TaxMES,,Resampling,100,20,,,,,,,,,,,,,,,,8.0,0.1,0.25
resampling_p0.1_phi0.25,0.01,Cross_Hamming,MES_vs_TaxMES,,Resampling,100,20,,,,,,,,,,,,,,,,8.0,0.1,0.25
resampling_p0.1_phi0.25,0.01,Cross_Hamming,MES_vs_TaxPhragmen,,Resampling,100,20,,,,,,,,,,,,,,,,8.0,0.1,0.25
resampling_p0.1_phi0.25,0.01,Cross_Hamming,TaxPhragmen_vs_TaxMES,,Resampling,100,20,,,,,,,,,,,,,,,,0.0,0.1,0.25
resampling_p0.1_phi0.25,0.01,Cross_Hamming,AV_vs_TaxMES,,Resampling,100,20,,,,,,,,,,,,,,,,8.0,0.1,0.25
resampling_p0.1_phi0.25,0.01,Cross_Hamming,AV_vs_TaxPhragmen,,Resampling,100,20,,,,,,,,,,,,,,,,8.0,0.1,0.25
resampling_p0.1_phi0.5,0.01,Traditional,PAV,10.0,Resampling,100,20,15.4,5.0,54.0,2.0,4.0,11.0,1.54,1.0,14.0,0.14,3.0,0.03,0.2438,0.16,0.07,,0.1,0.5
resampling_p0.1_phi0.5,0.01,Traditional,SeqPhragmen,10.0,Resampling,100,20,15.4,5.0,54.0,2.0,4.0,11.0,1.54,1.0,14.0,0.14,3.0,0.03,0.2438,0.16,0.07,,0.1,0.5
resampling_p0.1_phi0.5,0.01,Traditional,MES,10.0,Resampling,100,20,15.4,5.0,54.0,2.0,4.0,11.0,1.54,1.0,14.0,0.14,3.0,0.03,0.2438,0.16,0.07,,0.1,0.5
resampling_p0.1_phi0.5,0.01,AV,AV,10.0,Resampling,100,20,15.4,5.0,54.0,2.0,4.0,11.0,1.54,1.0,14.0,0.14,3.0,0.03,0.2438,0.16,0.07,,0.1,0.5
resampling_p0.1_phi0.5,0.01,Tax,TaxPhragmen,2.0,Resampling,100,20,48.5,43.0,54.0,4.2778,11.0,14.0,0.97,1.0,30.0,0.3,1.0,0.01,0.214,0.16,0.01,,0.1,0.5
resampling_p0.1_phi0.5,0.01,Tax,TaxMES,2.0,Resampling,100,20,48.5,43.0,54.0,4.2778,11.0,14.0,0.97,1.0,30.0,0.3,1.0,0.01,0.214,0.16,0.01,,0.1,0.5
resampling_p0.1_phi0.5,0.01,Hamming_Traditional,PAV_vs_SeqPhragmen,,Resampling,100,20,,,,,,,,,,,,,,,,0.0,0.1,0.5
resampling_p0.1_phi0.5,0.01,Hamming_Traditional,PAV_vs_MES,,Resampling,100,20,,,,,,,,,,,,,,,,0.0,0.1,0.5
resampling_p0.1_phi0.5,0.01,Hamming_Traditional,SeqPhragmen_vs_MES,,Resampling,100,20,,,,,,,,,,,,,,,,0.0,0.1,0.5
resampling_p0.1_phi0.5,0.01,Hamming_Traditional,AV_vs_PAV,,Resampling,100,20,,,,,,,,,,,,,,,,0.0,0.1,0.5
resampling_p0.1_phi0.5,0.01,Hamming_Traditional,AV_vs_SeqPhragmen,,Resampling,100,20,,,,,,,,,,,,,,,,0.0,0.1,0.5
resampling_p0.1_phi0.5,0.01,Hamming_Traditional,AV_vs_MES,,Resampling,100,20,,,,,,,,,,,,,,,,0.0,0.1,0.5
resampling_p0.1_phi0.5,0.01,Cross_Hamming,PAV_vs_TaxMES,,Resampling,100,20,,,,,,,,,,,,,,,,8.0,0.1,0.5
resampling_p0.1_phi0.5,0.01,Cross_Hamming,PAV_vs_TaxPhragmen,,Resampling,100,20,,,,,,,,,,,,,,,,8.0,0.1,0.5
resampling_p0.1_phi0.5,0.01,Cross_Hamming,SeqPhragmen_vs_TaxPhragmen,,Resampling,100,20,,,,,,,,,,,,,,,,8.0,0.1,0.5
resampling_p0.1_phi0.5,0.01,Cross_Hamming,SeqPhragmen_vs_TaxMES,,Resampling,100,20,,,,,,,,,,,,,,,,8.0,0.1,0.5
resampling_p0.1_phi0.5,0.01,Cross_Hamming,MES_vs_TaxMES,,Resampling,100,20,,,,,,,,,,,,,,,,8.0,0.1,0.5
resampling_p0.1_phi0.5,0.01,Cross_Hamming,MES_vs_TaxPhragmen,,Resampling,100,20,,,,,,,,,,,,,,,,8.0,0.1,0.5
resampling_p0.1_phi0.5,0.01,Cross_Hamming,TaxPhragmen_vs_TaxMES,,Resampling,100,20,,,,,,,,,,,,,,,,0.0,0.1,0.5
resampling_p0.1_phi0.5,0.01,Cross_Hamming,AV_vs_TaxMES,,Resampling,100,20,,,,,,,,,,,,,,,,8.0,0.1,0.5
resampling_p0.1_phi0.5,0.01,Cross_Hamming,AV_vs_TaxPhragmen,,Resampling,100,20,,,,,,,,,,,,,,,,8.0,0.1,0.5
resampling_p0.1_phi0.75,0.01,Traditional,PAV,10.0,Resampling,100,20,13.8,6.0,39.0,4.8,7.0,6.0,1.38,1.0,20.0,0.2,0.0,0.0,0.4071,0.16,0.07,,0.1,0.75
resampling_p0.1_phi0.75,0.01,Traditional,SeqPhragmen,10.0,Resampling,100,20,13.8,6.0,39.0,4.8,7.0,6.0,1.38,1.0,20.0,0.2,0.0,0.0,0.4071,0.16,0.07,,0.1,0.75
resampling_p0.1_phi0.75,0.01,Traditional,MES,10.0,Resampling,100,20,13.8,6.0,39.0,4.8,7.0,6.0,1.38,1.0,20.0,0.2,0.0,0.0,0.4071,0.16,0.07,,0.1,0.75
resampling_p0.1_phi0.75,0.01,AV,AV,10.0,Resampling,100,20,13.8,6.0,39.0,4.8,7.0,6.0,1.38,1.0,20.0,0.2,0.0,0.0,0.4071,0.16,0.07,,0.1,0.75
resampling_p0.1_phi0.75,0.01,Tax,TaxPhragmen,2.0,Resampling,100,20,34.5,30.0,39.0,6.5,10.0,2.0,0.69,1.0,44.0,0.44,1.0,0.01,0.2229,0.16,0.02,,0.1,0.75
resampling_p0.1_phi0.75,0.01,Tax,TaxMES,2.0,Resampling,100,20,34.5,30.0,39.0,6.5,10.0,2.0,0.69,1.0,44.0,0.44,1.0,0.01,0.2229,0.16,0.02,,0.1,0.75
resampling_p0.1_phi0.75,0.01,Hamming_Traditional,PAV_vs_SeqPhragmen,,Resampling,100,20,,,,,,,,,,,,,,,,0.0,0.1,0.75
resampling_p0.1_phi0.75,0.01,Hamming_Traditional,PAV_vs_MES,,Resampling,100,20,,,,,,,,,,,,,,,,0.0,0.1,0.75
resampling_p0.1_phi0.75,0.01,Hamming_Traditional,SeqPhragmen_vs_MES,,Resampling,100,20,,,,,,,,,,,,,,,,0.0,0.1,0.75
resampling_p0.1_phi0.75,0.01,Hamming_Traditional,AV_vs_PAV,,Resampling,100,20,,,,,,,,,,,,,,,,0.0,0.1,0.75
resampling_p0.1_phi0.75,0.01,Hamming_Traditional,AV_vs_SeqPhragmen,,Resampling,100,20,,,,,,,,,,,,,,,,0.0,0.1,0.75
resampling_p0.1_phi0.75,0.01,Hamming_Traditional,AV_vs_MES,,Resampling,100,20,,,,,,,,,,,,,,,,0.0,0.1,0.75
resampling_p0.1_phi0.75,0.01,Cross_Hamming,PAV_vs_TaxMES,,Resampling,100,20,,,,,,,,,,,,,,,,8.0,0.1,0.75
resampling_p0.1_phi0.75,0.01,Cross_Hamming,PAV_vs_TaxPhragmen,,Resampling,100,20,,,,,,,,,,,,,,,,8.0,0.1,0.75
resampling_p0.1_phi0.75,0.01,Cross_Hamming,SeqPhragmen_vs_TaxPhragmen,,Resampling,100,20,,,,,,,,,,,,,,,,8.0,0.1,0.75
resampling_p0.1_phi0.75,0.01,Cross_Hamming,SeqPhragmen_vs_TaxMES,,Resampling,100,20,,,,,,,,,,,,,,,,8.0,0.1,0.75
resampling_p0.1_phi0.75,0.01,Cross_Hamming,MES_vs_TaxMES,,Resampling,100,20,,,,,,,,,,,,,,,,8.0,0.1,0.75
resampling_p0.1_phi0.75,0.01,Cross_Hamming,MES_vs_TaxPhragmen,,Resampling,100,20,,,,,,,,,,,,,,,,8.0,0.1,0.75
resampling_p0.1_phi0.75,0.01,Cross_Hamming,TaxPhragmen_vs_TaxMES,,Resampling,100,20,,,,,,,,,,,,,,,,0.0,0.1,0.75
resampling_p0.1_phi0.75,0.01,Cross_Hamming,AV_vs_TaxMES,,Resampling,100,20,,,,,,,,,,,,,,,,8.0,0.1,0.75
resampling_p0.1_phi0.75,0.01,Cross_Hamming,AV_vs_TaxPhragmen,,Resampling,100,20,,,,,,,,,,,,,,,,8.0,0.1,0.75
resampling_p0.1_phi1,0.01,Traditional,PAV,10.0,Resampling,100,20,11.1,8.0,16.0,7.7,12.0,0.0,1.11,1.0,30.0,0.3,2.0,0.02,0.26,0.16,0.1,,0.1,1.0
resampling_p0.1_phi1,0.01,Traditional,SeqPhragmen,10.0,Resampling,100,20,11.0,8.0,16.0,7.8,12.0,0.0,1.1,1.0,31.0,0.31,2.0,0.02,0.2652,0.16,0.11,,0.1,1.0
resampling_p0.1_phi1,0.01,Traditional,MES,10.0,Resampling,100,20,11.1,8.0,16.0,7.7,12.0,0.0,1.11,1.0,30.0,0.3,2.0,0.02,0.26,0.16,0.1,,0.1,1.0
resampling_p0.1_phi1,0.01,AV,AV,10.0,Resampling,100,20,11.3,8.0,16.0,7.5,10.0,11.0,1.13,1.0,30.0,0.3,3.0,0.03,0.274,0.16,0.11,,0.1,1.0
resampling_p0.1_phi1,0.01,Tax,TaxPhragmen,2.0,Resampling,100,20,15.0,14.0,16.0,8.7778,13.0,14.0,0.3,0.0,72.0,0.72,1.0,0.01,0.1851,0.16,0.01,,0.1,1.0
resampling_p0.1_phi1,0.01,Tax,TaxMES,2.0,Resampling,100,20,15.0,14.0,16.0,8.7778,13.0,14.0,0.3,0.0,72.0,0.72,1.0,0.01,0.1851,0.16,0.01,,0.1,1.0
resampling_p0.1_phi1,0.01,Hamming_Traditional,PAV_vs_SeqPhragmen,,Resampling,100,20,,,,,,,,,,,,,,,,2.0,0.1,1.0
resampling_p0.1_phi1,0.01,Hamming_Traditional,PAV_vs_MES,,Resampling,100,20,,,,,,,,,,,,,,,,0.0,0.1,1.0
resampling_p0.1_phi1,0.01,Hamming_Traditional,SeqPhragmen_vs_MES,,Resampling,100,20,,,,,,,,,,,,,,,,2.0,0.1,1.0
resampling_p0.1_phi1,0.01,Hamming_Traditional,AV_vs_PAV,,Resampling,100,20,,,,,,,,,,,,,,,,4.0,0.1,1.0
resampling_p0.1_phi1,0.01,Hamming_Traditional,AV_vs_SeqPhragmen,,Resampling,100,20,,,,,,,,,,,,,,,,4.0,0.1,1.0
resampling_p0.1_phi1,0.01,Hamming_Traditional,AV_vs_MES,,Resampling,100,20,,,,,,,,,,,,,,,,4.0,0.1,1.0
resampling_p0.1_phi1,0.01,Cross_Hamming,PAV_vs_TaxMES,,Resampling,100,20,,,,,,,,,,,,,,,,8.0,0.1,1.0
resampling_p0.1_phi1,0.01,Cross_Hamming,PAV_vs_TaxPhragmen,,Resampling,100,20,,,,,,,,,,,,,,,,8.0,0.1,1.0
resampling_p0.1_phi1,0.01,Cross_Hamming,SeqPhragmen_vs_TaxPhragmen,,Resampling,100,20,,,,,,,,,,,,,,,,8.0,0.1,1.0
resampling_p0.1_phi1,0.01,Cross_Hamming,SeqPhragmen_vs_TaxMES,,Resampling,100,20,,,,,,,,,,,,,,,,8.0,0.1,1.0
resampling_p0.1_phi1,0.01,Cross_Hamming,MES_vs_TaxMES,,Resampling,100,20,,,,,,,,,,,,,,,,8.0,0.1,1.0
resampling_p0.1_phi1,0.01,Cross_Hamming,MES_vs_TaxPhragmen,,Resampling,100,20,,,,,,,,,,,,,,,,8.0,0.1,1.0
resampling_p0.1_phi1,0.01,Cross_Hamming,TaxPhragmen_vs_TaxMES,,Resampling,100,20,,,,,,,,,,,,,,,,0.0,0.1,1.0
resampling_p0.1_phi1,0.01,Cross_Hamming,AV_vs_TaxMES,,Resampling,100,20,,,,,,,,,,,,,,,,8.0,0.1,1.0
resampling_p0.1_phi1,0.01,Cross_Hamming,AV_vs_TaxPhragmen,,Resampling,100,20,,,,,,,,,,,,,,,,8.0,0.1,1.0
resampling_p0.3_phi0.25,0.01,Traditional,PAV,10.0,Resampling,100,20,55.5,10.0,86.0,5.7,9.0,10.0,5.55,6.0,0.0,0.0,0.0,0.0,0.1079,0.15,0.03,,0.3,0.25
resampling_p0.3_phi0.25,0.01,Traditional,SeqPhragmen,10.0,Resampling,100,20,55.5,10.0,86.0,5.7,9.0,10.0,5.55,6.0,0.0,0.0,0.0,0.0,0.1079,0.15,0.03,,0.3,0.25
resampling_p0.3_phi0.25,0.01,Traditional,MES,10.0,Resampling,100,20,55.5,10.0,86.0,5.7,9.0,10.0,5.55,6.0,0.0,0.0,0.0,0.0,0.1079,0.15,0.03,,0.3,0.25
resampling_p0.3_phi0.25,0.01,AV,AV,10.0,Resampling,100,20,55.5,10.0,86.0,5.7,9.0,10.0,5.55,6.0,0.0,0.0,0.0,0.0,0.1079,0.15,0.03,,0.3,0.25
resampling_p0.3_phi0.25,0.01,Tax,TaxPhragmen,6.0,Resampling,100,20,84.6667,82.0,86.0,7.4286,14.0,18.0,5.08,5.0,0.0,0.0,0.0,0.0,0.0941,0.15,0.0,,0.3,0.25
resampling_p0.3_phi0.25,0.01,Tax,TaxMES,6.0,Resampling,100,20,84.6667,82.0,86.0,7.4286,14.0,18.0,5.08,5.0,0.0,0.0,0.0,0.0,0.0941,0.15,0.0,,0.3,0.25
resampling_p0.3_phi0.25,0.01,Hamming_Traditional,PAV_vs_SeqPhragmen,,Resampling,100,20,,,,,,,,,,,,,,,,0.0,0.3,0.25
resampling_p0.3_phi0.25,0.01,Hamming_Traditional,PAV_vs_MES,,Resampling,100,20,,,,,,,,,,,,,,,,0.0,0.3,0.25
resampling_p0.3_phi0.25,0.01,Hamming_Traditional,SeqPhragmen_vs_MES,,Resampling,100,20,,,,,,,,,,,,,,,,0.0,0.3,0.25
resampling_p0.3_phi0.25,0.01,Hamming_Traditional,AV_vs_PAV,,Resampling,100,20,,,,,,,,,,,,,,,,0.0,0.3,0.25
resampling_p0.3_phi0.25,0.01,Hamming_Traditional,AV_vs_SeqPhragmen,,Resampling,100,20,,,,,,,,,,,,,,,,0.0,0.3,0.25
resampling_p0.3_phi0.25,0.01,Hamming_Traditional,AV_vs_MES,,Resampling,100,20,,,,,,,,,,,,,,,,0.0,0.3,0.25
resampling_p0.3_phi0.25,0.01,Cross_Hamming,PAV_vs_TaxMES,,Resampling,100,20,,,,,,,,,,,,,,,,4.0,0.3,0.25
resampling_p0.3_phi0.25,0.01,Cross_Hamming,PAV_vs_TaxPhragmen,,Resampling,100,20,,,,,,,,,,,,,,,,4.0,0.3,0.25
resampling_p0.3_phi0.25,0.01,Cross_Hamming,SeqPhragmen_vs_TaxPhragmen,,Resampling,100,20,,,,,,,,,,,,,,,,4.0,0.3,0.25
resampling_p0.3_phi0.25,0.01,Cross_Hamming,SeqPhragmen_vs_TaxMES,,Resampling,100,20,,,,,,,,,,,,,,,,4.0,0.3,0.25
resampling_p0.3_phi0.25,0.01,Cross_Hamming,MES_vs_TaxMES,,Resampling,100,20,,,,,,,,,,,,,,,,4.0,0.3,0.25
resampling_p0.3_phi0.25,0.01,Cross_Hamming,MES_vs_TaxPhragmen,,Resampling,100,20,,,,,,,,,,,,,,,,4.0,0.3,0.25
resampling_p0.3_phi0.25,0.01,Cross_Hamming,TaxPhragmen_vs_TaxMES,,Resampling,100,20,,,,,,,,,,,,,,,,0.0,0.3,0.25
resampling_p0.3_phi0.25,0.01,Cross_Hamming,AV_vs_TaxMES,,Resampling,100,20,,,,,,,,,,,,,,,,4.0,0.3,0.25
resampling_p0.3_phi0.25,0.01,Cross_Hamming,AV_vs_TaxPhragmen,,Resampling,100,20,,,,,,,,,,,,,,,,4.0,0.3,0.25
resampling_p0.3_phi0.5,0.01,Traditional,PAV,10.0,Resampling,100,20,43.2,14.0,68.0,13.3,15.0,10.0,4.32,4.0,0.0,0.0,0.0,0.0,0.1852,0.15,0.07,,0.3,0.5
resampling_p0.3_phi0.5,0.01,Traditional,SeqPhragmen,10.0,Resampling,100,20,43.1,14.0,68.0,13.4,16.0,15.0,4.31,4.0,0.0,0.0,0.0,0.0,0.2081,0.15,0.08,,0.3,0.5
resampling_p0.3_phi0.5,0.01,Traditional,MES,10.0,Resampling,100,20,42.8,12.0,68.0,13.7,16.0,15.0,4.28,4.0,0.0,0.0,0.0,0.0,0.197,0.15,0.09,,0.3,0.5
resampling_p0.3_phi0.5,0.01,AV,AV,10.0,Resampling,100,20,43.2,14.0,68.0,13.3,15.0,10.0,4.32,4.0,0.0,0.0,0.0,0.0,0.1959,0.15,0.08,,0.3,0.5
resampling_p0.3_phi0.5,0.01,Tax,TaxPhragmen,6.0,Resampling,100,20,61.0,54.0,68.0,14.2143,18.0,9.0,3.66,4.0,1.0,0.01,0.0,0.0,0.1881,0.15,0.03,,0.3,0.5
resampling_p0.3_phi0.5,0.01,Tax,TaxMES,6.0,Resampling,100,20,61.0,54.0,68.0,14.2143,18.0,9.0,3.66,4.0,1.0,0.01,0.0,0.0,0.1881,0.15,0.03,,0.3,0.5
resampling_p0.3_phi0.5,0.01,Hamming_Traditional,PAV_vs_SeqPhragmen,,Resampling,100,20,,,,,,,,,,,,,,,,4.0,0.3,0.5
resampling_p0.3_phi0.5,0.01,Hamming_Traditional,PAV_vs_MES,,Resampling,100,20,,,,,,,,,,,,,,,,4.0,0.3,0.5
resampling_p0.3_phi0.5,0.01,Hamming_Traditional,SeqPhragmen_vs_MES,,Resampling,100,20,,,,,,,,,,,,,,,,2.0,0.3,0.5
resampling_p0.3_phi0.5,0.01,Hamming_Traditional,AV_vs_PAV,,Resampling,100,20,,,,,,,,,,,,,,,,2.0,0.3,0.5
resampling_p0.3_phi0.5,0.01,Hamming_Traditional,AV_vs_SeqPhragmen,,Resampling,100,20,,,,,,,,,,,,,,,,2.0,0.3,0.5
resampling_p0.3_phi0.5,0.01,Hamming_Traditional,AV_vs_MES,,Resampling,100,20,,,,,,,,,,,,,,,,2.0,0.3,0.5
resampling_p0.3_phi0.5,0.01,Cross_Hamming,PAV_vs_TaxMES,,Resampling,100,20,,,,,,,,,,,,,,,,4.0,0.3,0.5
resampling_p0.3_phi0.5,0.01,Cross_Hamming,PAV_vs_TaxPhragmen,,Resampling,100,20,,,,,,,,,,,,,,,,4.0,0.3,0.5
resampling_p0.3_phi0.5,0.01,Cross_Hamming,SeqPhragmen_vs_TaxPhragmen,,Resampling,100,20,,,,,,,,,,,,,,,,4.0,0.3,0.5
resampling_p0.3_phi0.5,0.01,Cross_Hamming,SeqPhragmen_vs_TaxMES,,Resampling,100,20,,,,,,,,,,,,,,,,4.0,0.3,0.5
resampling_p0.3_phi0.5,0.01,Cross_Hamming,MES_vs_TaxMES,,Resampling,100,20,,,,,,,,,,,,,,,,4.0,0.3,0.5
resampling_p0.3_phi0.5,0.01,Cross_Hamming,MES_vs_TaxPhragmen,,Resampling,100,20,,,,,,,,,,,,,,,,4.0,0.3,0.5
resampling_p0.3_phi0.5,0.01,Cross_Hamming,TaxPhragmen_vs_TaxMES,,Resampling,100,20,,,,,,,,,,,,,,,,0.0,0.3,0.5
resampling_p0.3_phi0.5,0.01,Cross_Hamming,AV_vs_TaxMES,,Resampling,100,20,,,,,,,,,,,,,,,,4.0,0.3,0.5
resampling_p0.3_phi0.5,0.01,Cross_Hamming,AV_vs_TaxPhragmen,,Resampling,100,20,,,,,,,,,,,,,,,,4.0,0.3,0.5
resampling_p0.3_phi0.75,0.01,Traditional,PAV,10.0,Resampling,100,20,39.6,24.0,51.0,19.9,24.0,16.0,3.96,4.0,3.0,0.03,1.0,0.01,0.176,0.15,0.06,,0.3,0.75
resampling_p0.3_phi0.75,0.01,Traditional,SeqPhragmen,10.0,Resampling,100,20,39.6,24.0,51.0,19.9,24.0,16.0,3.96,4.0,3.0,0.03,1.0,0.01,0.176,0.15,0.06,,0.3,0.75
resampling_p0.3_phi0.75,0.01,Traditional,MES,10.0,Resampling,100,20,39.6,24.0,51.0,19.9,24.0,16.0,3.96,4.0,3.0,0.03,1.0,0.01,0.176,0.15,0.06,,0.3,0.75
resampling_p0.3_phi0.75,0.01,AV,AV,10.0,Resampling,100,20,39.6,24.0,51.0,19.9,24.0,10.0,3.96,4.0,3.0,0.03,1.0,0.01,0.1856,0.15,0.07,,0.3,0.75
resampling_p0.3_phi0.75,0.01,Tax,TaxPhragmen,7.0,Resampling,100,20,45.7143,30.0,51.0,21.1538,27.0,14.0,3.2,3.0,3.0,0.03,1.0,0.01,0.189,0.15,0.05,,0.3,0.75
resampling_p0.3_phi0.75,0.01,Tax,TaxMES,7.0,Resampling,100,20,45.0,25.0,51.0,21.5385,30.0,18.0,3.15,3.0,2.0,0.02,1.0,0.01,0.1712,0.15,0.04,,0.3,0.75
resampling_p0.3_phi0.75,0.01,Hamming_Traditional,PAV_vs_SeqPhragmen,,Resampling,100,20,,,,,,,,,,,,,,,,0.0,0.3,0.75
resampling_p0.3_phi0.75,0.01,Hamming_Traditional,PAV_vs_MES,,Resampling,100,20,,,,,,,,,,,,,,,,0.0,0.3,0.75
resampling_p0.3_phi0.75,0.01,Hamming_Traditional,SeqPhragmen_vs_MES,,Resampling,100,20,,,,,,,,,,,,,,,,0.0,0.3,0.75
resampling_p0.3_phi0.75,0.01,Hamming_Traditional,AV_vs_PAV,,Resampling,100,20,,,,,,,,,,,,,,,,2.0,0.3,0.75
resampling_p0.3_phi0.75,0.01,Hamming_Traditional,AV_vs_SeqPhragmen,,Resampling,100,20,,,,,,,,,,,,,,,,2.0,0.3,0.75
resampling_p0.3_phi0.75,0.01,Hamming_Traditional,AV_vs_MES,,Resampling,100,20,,,,,,,,,,,,,,,,2.0,0.3,0.75
resampling_p0.3_phi0.75,0.01,Cross_Hamming,PAV_vs_TaxMES,,Resampling,100,20,,,,,,,,,,,,,,,,3.0,0.3,0.75
resampling_p0.3_phi0.75,0.01,Cross_Hamming,PAV_vs_TaxPhragmen,,Resampling,100,20,,,,,,,,,,,,,,,,3.0,0.3,0.75
resampling_p0.3_phi0.75,0.01,Cross_Hamming,SeqPhragmen_vs_TaxPhragmen,,Resampling,100,20,,,,,,,,,,,,,,,,3.0,0.3,0.75
resampling_p0.3_phi0.75,0.01,Cross_Hamming,SeqPhragmen_vs_TaxMES,,Resampling,100,20,,,,,,,,,,,,,,,,3.0,0.3,0.75
resampling_p0.3_phi0.75,0.01,Cross_Hamming,MES_vs_TaxMES,,Resampling,100,20,,,,,,,,,,,,,,,,3.0,0.3,0.75
resampling_p0.3_phi0.75,0.01,Cross_Hamming,MES_vs_TaxPhragmen,,Resampling,100,20,,,,,,,,,,,,,,,,3.0,0.3,0.75
resampling_p0.3_phi0.75,0.01,Cross_Hamming,TaxPhragmen_vs_TaxMES,,Resampling,100,20,,,,,,,,,,,,,,,,2.0,0.3,0.75
resampling_p0.3_phi0.75,0.01,Cross_Hamming,AV_vs_TaxMES,,Resampling,100,20,,,,,,,,,,,,,,,,3.0,0.3,0.75
resampling_p0.3_phi0.75,0.01,Cross_Hamming,AV_vs_TaxPhragmen,,Resampling,100,20,,,,,,,,,,,,,,,,3.0,0.3,0.75
resampling_p0.3_phi1,0.01,Traditional,PAV,10.0,Resampling,100,20,33.1,29.0,38.0,26.1,33.0,2.0,3.31,3.0,1.0,0.01,0.0,0.0,0.2351,0.15,0.05,,0.3,1.0
resampling_p0.3_phi1,0.01,Traditional,SeqPhragmen,10.0,Resampling,100,20,32.5,28.0,38.0,26.7,34.0,18.0,3.25,3.0,1.0,0.01,0.0,0.0,0.2199,0.15,0.06,,0.3,1.0
resampling_p0.3_phi1,0.01,Traditional,MES,10.0,Resampling,100,20,33.0,28.0,38.0,26.2,33.0,2.0,3.3,3.0,1.0,0.01,1.0,0.01,0.1751,0.15,0.05,,0.3,1.0
resampling_p0.3_phi1,0.01,AV,AV,10.0,Resampling,100,20,33.5,31.0,38.0,25.7,29.0,17.0,3.35,3.0,1.0,0.01,1.0,0.01,0.1848,0.15,0.04,,0.3,1.0
resampling_p0.3_phi1,0.01,Tax,TaxPhragmen,7.0,Resampling,100,20,33.8571,31.0,38.0,27.3077,33.0,0.0,2.37,2.0,3.0,0.03,0.0,0.0,0.28,0.15,0.03,,0.3,1.0
resampling_p0.3_phi1,0.01,Tax,TaxMES,8.0,Resampling,100,20,33.875,31.0,38.0,26.75,33.0,2.0,2.71,3.0,3.0,0.03,1.0,0.01,0.1988,0.15,0.04,,0.3,1.0
resampling_p0.3_phi1,0.01,Hamming_Traditional,PAV_vs_SeqPhragmen,,Resampling,100,20,,,,,,,,,,,,,,,,2.0,0.3,1.0
resampling_p0.3_phi1,0.01,Hamming_Traditional,PAV_vs_MES,,Resampling,100,20,,,,,,,,,,,,,,,,2.0,0.3,1.0
resampling_p0.3_phi1,0.01,Hamming_Traditional,SeqPhragmen_vs_MES,,Resampling,100,20,,,,,,,,,,,,,,,,2.0,0.3,1.0
resampling_p0.3_phi1,0.01,Hamming_Traditional,AV_vs_PAV,,Resampling,100,20,,,,,,,,,,,,,,,,2.0,0.3,1.0
resampling_p0.3_phi1,0.01,Hamming_Traditional,AV_vs_SeqPhragmen,,Resampling,100,20,,,,,,,,,,,,,,,,4.0,0.3,1.0
resampling_p0.3_phi1,0.01,Hamming_Traditional,AV_vs_MES,,Resampling,100,20,,,,,,,,,,,,,,,,2.0,0.3,1.0
resampling_p0.3_phi1,0.01,Cross_Hamming,PAV_vs_TaxMES,,Resampling,100,20,,,,,,,,,,,,,,,,2.0,0.3,1.0
resampling_p0.3_phi1,0.01,Cross_Hamming,PAV_vs_TaxPhragmen,,Resampling,100,20,,,,,,,,,,,,,,,,3.0,0.3,1.0
resampling_p0.3_phi1,0.01,Cross_Hamming,SeqPhragmen_vs_TaxPhragmen,,Resampling,100,20,,,,,,,,,,,,,,,,5.0,0.3,1.0
resampling_p0.3_phi1,0.01,Cross_Hamming,SeqPhragmen_vs_TaxMES,,Resampling,100,20,,,,,,,,,,,,,,,,4.0,0.3,1.0
resampling_p0.3_phi1,0.01,Cross_Hamming,MES_vs_TaxMES,,Resampling,100,20,,,,,,,,,,,,,,,,2.0,0.3,1.0
resampling_p0.3_phi1,0.01,Cross_Hamming,MES_vs_TaxPhragmen,,Resampling,100,20,,,,,,,,,,,,,,,,3.0,0.3,1.0
resampling_p0.3_phi1,0.01,Cross_Hamming,TaxPhragmen_vs_TaxMES,,Resampling,100,20,,,,,,,,,,,,,,,,3.0,0.3,1.0
resampling_p0.3_phi1,0.01,Cross_Hamming,AV_vs_TaxMES,,Resampling,100,20,,,,,,,,,,,,,,,,2.0,0.3,1.0
resampling_p0.3_phi1,0.01,Cross_Hamming,AV_vs_TaxPhragmen,,Resampling,100,20,,,,,,,,,,,,,,,,3.0,0.3,1.0
resampling_p0.5_phi0.25,0.01,Traditional,PAV,10.0,Resampling,100,20,88.6,86.0,94.0,12.8,21.0,18.0,8.86,9.0,0.0,0.0,0.0,0.0,0.0635,0.09,0.01,,0.5,0.25
resampling_p0.5_phi0.25,0.01,Traditional,SeqPhragmen,10.0,Resampling,100,20,88.6,86.0,94.0,12.8,21.0,18.0,8.86,9.0,0.0,0.0,0.0,0.0,0.0635,0.09,0.01,,0.5,0.25
resampling_p0.5_phi0.25,0.01,Traditional,MES,10.0,Resampling,100,20,88.6,86.0,94.0,12.8,21.0,18.0,8.86,9.0,0.0,0.0,0.0,0.0,0.0635,0.09,0.01,,0.5,0.25
resampling_p0.5_phi0.25,0.01,AV,AV,10.0,Resampling,100,20,88.6,86.0,94.0,12.8,21.0,18.0,8.86,9.0,0.0,0.0,0.0,0.0,0.0635,0.09,0.01,,0.5,0.25
resampling_p0.5_phi0.25,0.01,Tax,TaxPhragmen,9.0,Resampling,100,20,88.8889,87.0,94.0,19.4545,86.0,8.0,8.0,8.0,0.0,0.0,0.0,0.0,0.0674,0.09,0.01,,0.5,0.25
resampling_p0.5_phi0.25,0.01,Tax,TaxMES,9.0,Resampling,100,20,88.8889,87.0,94.0,19.4545,86.0,8.0,8.0,8.0,0.0,0.0,0.0,0.0,0.0674,0.09,0.01,,0.5,0.25
resampling_p0.5_phi0.25,0.01,Hamming_Traditional,PAV_vs_SeqPhragmen,,Resampling,100,20,,,,,,,,,,,,,,,,0.0,0.5,0.25
resampling_p0.5_phi0.25,0.01,Hamming_Traditional,PAV_vs_MES,,Resampling,100,20,,,,,,,,,,,,,,,,0.0,0.5,0.25
resampling_p0.5_phi0.25,0.01,Hamming_Traditional,SeqPhragmen_vs_MES,,Resampling,100,20,,,,,,,,,,,,,,,,0.0,0.5,0.25
resampling_p0.5_phi0.25,0.01,Hamming_Traditional,AV_vs_PAV,,Resampling,100,20,,,,,,,,,,,,,,,,0.0,0.5,0.25
resampling_p0.5_phi0.25,0.01,Hamming_Traditional,AV_vs_SeqPhragmen,,Resampling,100,20,,,,,,,,,,,,,,,,0.0,0.5,0.25
resampling_p0.5_phi0.25,0.01,Hamming_Traditional,AV_vs_MES,,Resampling,100,20,,,,,,,,,,,,,,,,0.0,0.5,0.25
resampling_p0.5_phi0.25,0.01,Cross_Hamming,PAV_vs_TaxMES,,Resampling,100,20,,,,,,,,,,,,,,,,1.0,0.5,0.25
resampling_p0.5_phi0.25,0.01,Cross_Hamming,PAV_vs_TaxPhragmen,,Resampling,100,20,,,,,,,,,,,,,,,,1.0,0.5,0.25
resampling_p0.5_phi0.25,0.01,Cross_Hamming,SeqPhragmen_vs_TaxPhragmen,,Resampling,100,20,,,,,,,,,,,,,,,,1.0,0.5,0.25
resampling_p0.5_phi0.25,0.01,Cross_Hamming,SeqPhragmen_vs_TaxMES,,Resampling,100,20,,,,,,,,,,,,,,,,1.0,0.5,0.25
resampling_p0.5_phi0.25,0.01,Cross_Hamming,MES_vs_TaxMES,,Resampling,100,20,,,,,,,,,,,,,,,,1.0,0.5,0.25
resampling_p0.5_phi0.25,0.01,Cross_Hamming,MES_vs_TaxPhragmen,,Resampling,100,20,,,,,,,,,,,,,,,,1.0,0.5,0.25
resampling_p0.5_phi0.25,0.01,Cross_Hamming,TaxPhragmen_vs_TaxMES,,Resampling,100,20,,,,,,,,,,,,,,,,0.0,0.5,0.25
resampling_p0.5_phi0.25,0.01,Cross_Hamming,AV_vs_TaxMES,,Resampling,100,20,,,,,,,,,,,,,,,,1.0,0.5,0.25
resampling_p0.5_phi0.25,0.01,Cross_Hamming,AV_vs_TaxPhragmen,,Resampling,100,20,,,,,,,,,,,,,,,,1.0,0.5,0.25
resampling_p0.5_phi0.5,0.01,Traditional,PAV,10.0,Resampling,100,20,72.0,69.0,78.0,23.6,30.0,18.0,7.2,7.0,0.0,0.0,0.0,0.0,0.1078,0.1,0.02,,0.5,0.5
resampling_p0.5_phi0.5,0.01,Traditional,SeqPhragmen,10.0,Resampling,100,20,72.0,69.0,78.0,23.6,30.0,18.0,7.2,7.0,0.0,0.0,0.0,0.0,0.1078,0.1,0.02,,0.5,0.5
resampling_p0.5_phi0.5,0.01,Traditional,MES,10.0,Resampling,100,20,72.0,69.0,78.0,23.6,30.0,18.0,7.2,7.0,0.0,0.0,0.0,0.0,0.1078,0.1,0.02,,0.5,0.5
resampling_p0.5_phi0.5,0.01,AV,AV,10.0,Resampling,100,20,72.0,69.0,78.0,23.6,30.0,18.0,7.2,7.0,0.0,0.0,0.0,0.0,0.1078,0.1,0.02,,0.5,0.5
resampling_p0.5_phi0.5,0.01,Tax,TaxPhragmen,9.0,Resampling,100,20,72.1111,69.0,78.0,27.9091,71.0,6.0,6.49,7.0,0.0,0.0,0.0,0.0,0.112,0.1,0.01,,0.5,0.5
resampling_p0.5_phi0.5,0.01,Tax,TaxMES,9.0,Resampling,100,20,72.3333,70.0,78.0,27.7273,69.0,4.0,6.51,7.0,0.0,0.0,0.0,0.0,0.113,0.1,0.02,,0.5,0.5
resampling_p0.5_phi0.5,0.01,Hamming_Traditional,PAV_vs_SeqPhragmen,,Resampling,100,20,,,,,,,,,,,,,,,,0.0,0.5,0.5
resampling_p0.5_phi0.5,0.01,Hamming_Traditional,PAV_vs_MES,,Resampling,100,20,,,,,,,,,,,,,,,,0.0,0.5,0.5
resampling_p0.5_phi0.5,0.01,Hamming_Traditional,SeqPhragmen_vs_MES,,Resampling,100,20,,,,,,,,,,,,,,,,0.0,0.5,0.5
resampling_p0.5_phi0.5,0.01,Hamming_Traditional,AV_vs_PAV,,Resampling,100,20,,,,,,,,,,,,,,,,0.0,0.5,0.5
resampling_p0.5_phi0.5,0.01,Hamming_Traditional,AV_vs_SeqPhragmen,,Resampling,100,20,,,,,,,,,,,,,,,,0.0,0.5,0.5
resampling_p0.5_phi0.5,0.01,Hamming_Traditional,AV_vs_MES,,Resampling,100,20,,,,,,,,,,,,,,,,0.0,0.5,0.5
resampling_p0.5_phi0.5,0.01,Cross_Hamming,PAV_vs_TaxMES,,Resampling,100,20,,,,,,,,,,,,,,,,1.0,0.5,0.5
resampling_p0.5_phi0.5,0.01,Cross_Hamming,PAV_vs_TaxPhragmen,,Resampling,100,20,,,,,,,,,,,,,,,,1.0,0.5,0.5
resampling_p0.5_phi0.5,0.01,Cross_Hamming,SeqPhragmen_vs_TaxPhragmen,,Resampling,100,20,,,,,,,,,,,,,,,,1.0,0.5,0.5
resampling_p0.5_phi0.5,0.01,Cross_Hamming,SeqPhragmen_vs_TaxMES,,Resampling,100,20,,,,,,,,,,,,,,,,1.0,0.5,0.5
resampling_p0.5_phi0.5,0.01,Cross_Hamming,MES_vs_TaxMES,,Resampling,100,20,,,,,,,,,,,,,,,,1.0,0.5,0.5
resampling_p0.5_phi0.5,0.01,Cross_Hamming,MES_vs_TaxPhragmen,,Resampling,100,20,,,,,,,,,,,,,,,,1.0,0.5,0.5
resampling_p0.5_phi0.5,0.01,Cross_Hamming,TaxPhragmen_vs_TaxMES,,Resampling,100,20,,,,,,,,,,,,,,,,2.0,0.5,0.5
resampling_p0.5_phi0.5,0.01,Cross_Hamming,AV_vs_TaxMES,,Resampling,100,20,,,,,,,,,,,,,,,,1.0,0.5,0.5
resampling_p0.5_phi0.5,0.01,Cross_Hamming,AV_vs_TaxPhragmen,,Resampling,100,20,,,,,,,,,,,,,,,,1.0,0.5,0.5
resampling_p0.5_phi0.75,0.01,Traditional,PAV,10.0,Resampling,100,20,62.0,56.0,68.0,39.0,46.0,18.0,6.2,6.0,0.0,0.0,0.0,0.0,0.1278,0.09,0.06,,0.5,0.75
resampling_p0.5_phi0.75,0.01,Traditional,SeqPhragmen,10.0,Resampling,100,20,62.0,56.0,68.0,39.0,46.0,18.0,6.2,6.0,0.0,0.0,0.0,0.0,0.1278,0.09,0.06,,0.5,0.75
resampling_p0.5_phi0.75,0.01,Traditional,MES,10.0,Resampling,100,20,62.0,56.0,68.0,39.0,46.0,18.0,6.2,6.0,0.0,0.0,0.0,0.0,0.1278,0.09,0.06,,0.5,0.75
resampling_p0.5_phi0.75,0.01,AV,AV,10.0,Resampling,100,20,62.0,56.0,68.0,39.0,46.0,18.0,6.2,6.0,0.0,0.0,0.0,0.0,0.1278,0.09,0.06,,0.5,0.75
resampling_p0.5_phi0.75,0.01,Tax,TaxPhragmen,9.0,Resampling,100,20,62.6667,57.0,68.0,40.5455,56.0,9.0,5.64,6.0,0.0,0.0,0.0,0.0,0.1285,0.09,0.05,,0.5,0.75
resampling_p0.5_phi0.75,0.01,Tax,TaxMES,9.0,Resampling,100,20,62.6667,57.0,68.0,40.5455,56.0,9.0,5.64,6.0,0.0,0.0,0.0,0.0,0.1285,0.09,0.05,,0.5,0.75
resampling_p0.5_phi0.75,0.01,Hamming_Traditional,PAV_vs_SeqPhragmen,,Resampling,100,20,,,,,,,,,,,,,,,,0.0,0.5,0.75
resampling_p0.5_phi0.75,0.01,Hamming_Traditional,PAV_vs_MES,,Resampling,100,20,,,,,,,,,,,,,,,,0.0,0.5,0.75
resampling_p0.5_phi0.75,0.01,Hamming_Traditional,SeqPhragmen_vs_MES,,Resampling,100,20,,,,,,,,,,,,,,,,0.0,0.5,0.75
resampling_p0.5_phi0.75,0.01,Hamming_Traditional,AV_vs_PAV,,Resampling,100,20,,,,,,,,,,,,,,,,0.0,0.5,0.75
resampling_p0.5_phi0.75,0.01,Hamming_Traditional,AV_vs_SeqPhragmen,,Resampling,100,20,,,,,,,,,,,,,,,,0.0,0.5,0.75
resampling_p0.5_phi0.75,0.01,Hamming_Traditional,AV_vs_MES,,Resampling,100,20,,,,,,,,,,,,,,,,0.0,0.5,0.75
resampling_p0.5_phi0.75,0.01,Cross_Hamming,PAV_vs_TaxMES,,Resampling,100,20,,,,,,,,,,,,,,,,1.0,0.5,0.75
resampling_p0.5_phi0.75,0.01,Cross_Hamming,PAV_vs_TaxPhragmen,,Resampling,100,20,,,,,,,,,,,,,,,,1.0,0.5,0.75
resampling_p0.5_phi0.75,0.01,Cross_Hamming,SeqPhragmen_vs_TaxPhragmen,,Resampling,100,20,,,,,,,,,,,,,,,,1.0,0.5,0.75
resampling_p0.5_phi0.75,0.01,Cross_Hamming,SeqPhragmen_vs_TaxMES,,Resampling,100,20,,,,,,,,,,,,,,,,1.0,0.5,0.75
resampling_p0.5_phi0.75,0.01,Cross_Hamming,MES_vs_TaxMES,,Resampling,100,20,,,,,,,,,,,,,,,,1.0,0.5,0.75
resampling_p0.5_phi0.75,0.01,Cross_Hamming,MES_vs_TaxPhragmen,,Resampling,100,20,,,,,,,,,,,,,,,,1.0,0.5,0.75
resampling_p0.5_phi0.75,0.01,Cross_Hamming,TaxPhragmen_vs_TaxMES,,Resampling,100,20,,,,,,,,,,,,,,,,0.0,0.5,0.75
resampling_p0.5_phi0.75,0.01,Cross_Hamming,AV_vs_TaxMES,,Resampling,100,20,,,,,,,,,,,,,,,,1.0,0.5,0.75
resampling_p0.5_phi0.75,0.01,Cross_Hamming,AV_vs_TaxPhragmen,,Resampling,100,20,,,,,,,,,,,,,,,,1.0,0.5,0.75
resampling_p0.5_phi1,0.01,Traditional,PAV,10.0,Resampling,100,20,53.7,51.0,60.0,46.9,54.0,3.0,5.37,5.0,0.0,0.0,0.0,0.0,0.1561,0.09,0.05,,0.5,1.0
resampling_p0.5_phi1,0.01,Traditional,SeqPhragmen,10.0,Resampling,100,20,54.0,51.0,60.0,46.6,51.0,11.0,5.4,5.0,0.0,0.0,0.0,0.0,0.164,0.09,0.05,,0.5,1.0
resampling_p0.5_phi1,0.01,Traditional,MES,10.0,Resampling,100,20,53.8,51.0,60.0,46.8,53.0,4.0,5.38,5.0,0.0,0.0,0.0,0.0,0.1625,0.09,0.05,,0.5,1.0
resampling_p0.5_phi1,0.01,AV,AV,10.0,Resampling,100,20,54.0,51.0,60.0,46.6,51.0,11.0,5.4,5.0,0.0,0.0,0.0,0.0,0.175,0.09,0.05,,0.5,1.0
resampling_p0.5_phi1,0.01,Tax,TaxPhragmen,9.0,Resampling,100,20,53.8889,51.0,60.0,47.3636,54.0,3.0,4.85,5.0,1.0,0.01,0.0,0.0,0.1733,0.09,0.03,,0.5,1.0
resampling_p0.5_phi1,0.01,Tax,TaxMES,9.0,Resampling,100,20,54.0,51.0,60.0,47.2727,53.0,4.0,4.86,5.0,0.0,0.0,0.0,0.0,0.167,0.09,0.03,,0.5,1.0
resampling_p0.5_phi1,0.01,Hamming_Traditional,PAV_vs_SeqPhragmen,,Resampling,100,20,,,,,,,,,,,,,,,,4.0,0.5,1.0
resampling_p0.5_phi1,0.01,Hamming_Traditional,PAV_vs_MES,,Resampling,100,20,,,,,,,,,,,,,,,,2.0,0.5,1.0
resampling_p0.5_phi1,0.01,Hamming_Traditional,SeqPhragmen_vs_MES,,Resampling,100,20,,,,,,,,,,,,,,,,4.0,0.5,1.0
resampling_p0.5_phi1,0.01,Hamming_Traditional,AV_vs_PAV,,Resampling,100,20,,,,,,,,,,,,,,,,4.0,0.5,1.0
resampling_p0.5_phi1,0.01,Hamming_Traditional,AV_vs_SeqPhragmen,,Resampling,100,20,,,,,,,,,,,,,,,,2.0,0.5,1.0
resampling_p0.5_phi1,0.01,Hamming_Traditional,AV_vs_MES,,Resampling,100,20,,,,,,,,,,,,,,,,4.0,0.5,1.0
resampling_p0.5_phi1,0.01,Cross_Hamming,PAV_vs_TaxMES,,Resampling,100,20,,,,,,,,,,,,,,,,5.0,0.5,1.0
resampling_p0.5_phi1,0.01,Cross_Hamming,PAV_vs_TaxPhragmen,,Resampling,100,20,,,,,,,,,,,,,,,,3.0,0.5,1.0
resampling_p0.5_phi1,0.01,Cross_Hamming,SeqPhragmen_vs_TaxPhragmen,,Resampling,100,20,,,,,,,,,,,,,,,,5.0,0.5,1.0
resampling_p0.5_phi1,0.01,Cross_Hamming,SeqPhragmen_vs_TaxMES,,Resampling,100,20,,,,,,,,,,,,,,,,3.0,0.5,1.0
resampling_p0.5_phi1,0.01,Cross_Hamming,MES_vs_TaxMES,,Resampling,100,20,,,,,,,,,,,,,,,,3.0,0.5,1.0
resampling_p0.5_phi1,0.01,Cross_Hamming,MES_vs_TaxPhragmen,,Resampling,100,20,,,,,,,,,,,,,,,,5.0,0.5,1.0
resampling_p0.5_phi1,0.01,Cross_Hamming,TaxPhragmen_vs_TaxMES,,Resampling,100,20,,,,,,,,,,,,,,,,6.0,0.5,1.0
resampling_p0.5_phi1,0.01,Cross_Hamming,AV_vs_TaxMES,,Resampling,100,20,,,,,,,,,,,,,,,,5.0,0.5,1.0
resampling_p0.5_phi1,0.01,Cross_Hamming,AV_vs_TaxPhragmen,,Resampling,100,20,,,,,,,,,,,,,,,,3.0,0.5,1.0
resampling_p0.7_phi0.25,0.01,Traditional,PAV,10.0,Resampling,100,20,93.4,91.0,98.0,47.2,91.0,6.0,9.34,9.0,0.0,0.0,0.0,0.0,0.0396,0.02,0.0,,0.7,0.25
resampling_p0.7_phi0.25,0.01,Traditional,SeqPhragmen,10.0,Resampling,100,20,93.3,91.0,98.0,47.3,92.0,3.0,9.33,9.0,0.0,0.0,0.0,0.0,0.0399,0.02,0.0,,0.7,0.25
resampling_p0.7_phi0.25,0.01,Traditional,MES,10.0,Resampling,100,20,93.4,91.0,98.0,47.2,91.0,2.0,9.34,9.0,0.0,0.0,0.0,0.0,0.039,0.02,0.0,,0.7,0.25
resampling_p0.7_phi0.25,0.01,AV,AV,10.0,Resampling,100,20,93.4,91.0,98.0,47.2,91.0,2.0,9.34,9.5,0.0,0.0,0.0,0.0,0.0415,0.02,0.0,,0.7,0.25
resampling_p0.7_phi0.25,0.01,Tax,TaxPhragmen,9.0,Resampling,100,20,93.5556,91.0,98.0,51.2727,92.0,3.0,8.42,9.0,0.0,0.0,0.0,0.0,0.0396,0.02,0.0,,0.7,0.25
resampling_p0.7_phi0.25,0.01,Tax,TaxMES,9.0,Resampling,100,20,93.6667,92.0,98.0,51.1818,91.0,2.0,8.43,9.0,0.0,0.0,0.0,0.0,0.0393,0.02,0.0,,0.7,0.25
resampling_p0.7_phi0.25,0.01,Hamming_Traditional,PAV_vs_SeqPhragmen,,Resampling,100,20,,,,,,,,,,,,,,,,2.0,0.7,0.25
resampling_p0.7_phi0.25,0.01,Hamming_Traditional,PAV_vs_MES,,Resampling,100,20,,,,,,,,,,,,,,,,2.0,0.7,0.25
resampling_p0.7_phi0.25,0.01,Hamming_Traditional,SeqPhragmen_vs_MES,,Resampling,100,20,,,,,,,,,,,,,,,,2.0,0.7,0.25
resampling_p0.7_phi0.25,0.01,Hamming_Traditional,AV_vs_PAV,,Resampling,100,20,,,,,,,,,,,,,,,,2.0,0.7,0.25
resampling_p0.7_phi0.25,0.01,Hamming_Traditional,AV_vs_SeqPhragmen,,Resampling,100,20,,,,,,,,,,,,,,,,4.0,0.7,0.25
resampling_p0.7_phi0.25,0.01,Hamming_Traditional,AV_vs_MES,,Resampling,100,20,,,,,,,,,,,,,,,,2.0,0.7,0.25
resampling_p0.7_phi0.25,0.01,Cross_Hamming,PAV_vs_TaxMES,,Resampling,100,20,,,,,,,,,,,,,,,,1.0,0.7,0.25
resampling_p0.7_phi0.25,0.01,Cross_Hamming,PAV_vs_TaxPhragmen,,Resampling,100,20,,,,,,,,,,,,,,,,3.0,0.7,0.25
resampling_p0.7_phi0.25,0.01,Cross_Hamming,SeqPhragmen_vs_TaxPhragmen,,Resampling,100,20,,,,,,,,,,,,,,,,1.0,0.7,0.25
resampling_p0.7_phi0.25,0.01,Cross_Hamming,SeqPhragmen_vs_TaxMES,,Resampling,100,20,,,,,,,,,,,,,,,,3.0,0.7,0.25
resampling_p0.7_phi0.25,0.01,Cross_Hamming,MES_vs_TaxMES,,Resampling,100,20,,,,,,,,,,,,,,,,1.0,0.7,0.25
resampling_p0.7_phi0.25,0.01,Cross_Hamming,MES_vs_TaxPhragmen,,Resampling,100,20,,,,,,,,,,,,,,,,1.0,0.7,0.25
resampling_p0.7_phi0.25,0.01,Cross_Hamming,TaxPhragmen_vs_TaxMES,,Resampling,100,20,,,,,,,,,,,,,,,,2.0,0.7,0.25
resampling_p0.7_phi0.25,0.01,Cross_Hamming,AV_vs_TaxMES,,Resampling,100,20,,,,,,,,,,,,,,,,1.0,0.7,0.25
resampling_p0.7_phi0.25,0.01,Cross_Hamming,AV_vs_TaxPhragmen,,Resampling,100,20,,,,,,,,,,,,,,,,3.0,0.7,0.25
resampling_p0.7_phi0.5,0.01,Traditional,PAV,10.0,Resampling,100,20,85.7,84.0,87.0,54.3,83.0,7.0,8.57,9.0,0.0,0.0,0.0,0.0,0.0681,0.03,0.0,,0.7,0.5
resampling_p0.7_phi0.5,0.01,Traditional,SeqPhragmen,10.0,Resampling,100,20,85.5,83.0,87.0,54.5,85.0,3.0,8.55,9.0,0.0,0.0,0.0,0.0,0.0653,0.03,0.0,,0.7,0.5
resampling_p0.7_phi0.5,0.01,Traditional,MES,10.0,Resampling,100,20,85.6,83.0,87.0,54.4,84.0,1.0,8.56,9.0,0.0,0.0,0.0,0.0,0.0671,0.03,0.0,,0.7,0.5
resampling_p0.7_phi0.5,0.01,AV,AV,10.0,Resampling,100,20,85.7,84.0,87.0,54.3,83.0,7.0,8.57,9.0,0.0,0.0,0.0,0.0,0.0681,0.03,0.0,,0.7,0.5
resampling_p0.7_phi0.5,0.01,Tax,TaxPhragmen,9.0,Resampling,100,20,85.7778,84.0,87.0,57.0909,85.0,3.0,7.72,8.0,0.0,0.0,0.0,0.0,0.0702,0.03,0.0,,0.7,0.5
resampling_p0.7_phi0.5,0.01,Tax,TaxMES,9.0,Resampling,100,20,85.8889,85.0,87.0,57.0,84.0,1.0,7.73,8.0,0.0,0.0,0.0,0.0,0.0733,0.03,0.0,,0.7,0.5
resampling_p0.7_phi0.5,0.01,Hamming_Traditional,PAV_vs_SeqPhragmen,,Resampling,100,20,,,,,,,,,,,,,,,,2.0,0.7,0.5
resampling_p0.7_phi0.5,0.01,Hamming_Traditional,PAV_vs_MES,,Resampling,100,20,,,,,,,,,,,,,,,,2.0,0.7,0.5
resampling_p0.7_phi0.5,0.01,Hamming_Traditional,SeqPhragmen_vs_MES,,Resampling,100,20,,,,,,,,,,,,,,,,2.0,0.7,0.5
resampling_p0.7_phi0.5,0.01,Hamming_Traditional,AV_vs_PAV,,Resampling,100,20,,,,,,,,,,,,,,,,0.0,0.7,0.5
resampling_p0.7_phi0.5,0.01,Hamming_Traditional,AV_vs_SeqPhragmen,,Resampling,100,20,,,,,,,,,,,,,,,,2.0,0.7,0.5
resampling_p0.7_phi0.5,0.01,Hamming_Traditional,AV_vs_MES,,Resampling,100,20,,,,,,,,,,,,,,,,2.0,0.7,0.5
resampling_p0.7_phi0.5,0.01,Cross_Hamming,PAV_vs_TaxMES,,Resampling,100,20,,,,,,,,,,,,,,,,1.0,0.7,0.5
resampling_p0.7_phi0.5,0.01,Cross_Hamming,PAV_vs_TaxPhragmen,,Resampling,100,20,,,,,,,,,,,,,,,,1.0,0.7,0.5
resampling_p0.7_phi0.5,0.01,Cross_Hamming,SeqPhragmen_vs_TaxPhragmen,,Resampling,100,20,,,,,,,,,,,,,,,,1.0,0.7,0.5
resampling_p0.7_phi0.5,0.01,Cross_Hamming,SeqPhragmen_vs_TaxMES,,Resampling,100,20,,,,,,,,,,,,,,,,3.0,0.7,0.5
resampling_p0.7_phi0.5,0.01,Cross_Hamming,MES_vs_TaxMES,,Resampling,100,20,,,,,,,,,,,,,,,,1.0,0.7,0.5
resampling_p0.7_phi0.5,0.01,Cross_Hamming,MES_vs_TaxPhragmen,,Resampling,100,20,,,,,,,,,,,,,,,,3.0,0.7,0.5
resampling_p0.7_phi0.5,0.01,Cross_Hamming,TaxPhragmen_vs_TaxMES,,Resampling,100,20,,,,,,,,,,,,,,,,2.0,0.7,0.5
resampling_p0.7_phi0.5,0.01,Cross_Hamming,AV_vs_TaxMES,,Resampling,100,20,,,,,,,,,,,,,,,,1.0,0.7,0.5
resampling_p0.7_phi0.5,0.01,Cross_Hamming,AV_vs_TaxPhragmen,,Resampling,100,20,,,,,,,,,,,,,,,,1.0,0.7,0.5
resampling_p0.7_phi0.75,0.01,Traditional,PAV,10.0,Resampling,100,20,80.7,76.0,84.0,62.0,75.0,8.0,8.07,8.0,0.0,0.0,0.0,0.0,0.0875,0.02,0.02,,0.7,0.75
resampling_p0.7_phi0.75,0.01,Traditional,SeqPhragmen,10.0,Resampling,100,20,80.7,76.0,84.0,62.0,75.0,8.0,8.07,8.0,0.0,0.0,0.0,0.0,0.0875,0.02,0.02,,0.7,0.75
resampling_p0.7_phi0.75,0.01,Traditional,MES,10.0,Resampling,100,20,80.1,70.0,84.0,62.6,76.0,9.0,8.01,8.0,0.0,0.0,0.0,0.0,0.0805,0.02,0.02,,0.7,0.75
resampling_p0.7_phi0.75,0.01,AV,AV,10.0,Resampling,100,20,80.7,76.0,84.0,62.0,75.0,8.0,8.07,8.0,0.0,0.0,0.0,0.0,0.0875,0.02,0.02,,0.7,0.75
resampling_p0.7_phi0.75,0.01,Tax,TaxPhragmen,9.0,Resampling,100,20,81.0,76.0,84.0,63.4545,78.0,7.0,7.29,7.0,0.0,0.0,0.0,0.0,0.0912,0.02,0.01,,0.7,0.75
resampling_p0.7_phi0.75,0.01,Tax,TaxMES,9.0,Resampling,100,20,81.2222,78.0,84.0,63.2727,76.0,9.0,7.31,7.0,0.0,0.0,0.0,0.0,0.0912,0.02,0.02,,0.7,0.75
resampling_p0.7_phi0.75,0.01,Hamming_Traditional,PAV_vs_SeqPhragmen,,Resampling,100,20,,,,,,,,,,,,,,,,0.0,0.7,0.75
resampling_p0.7_phi0.75,0.01,Hamming_Traditional,PAV_vs_MES,,Resampling,100,20,,,,,,,,,,,,,,,,2.0,0.7,0.75
resampling_p0.7_phi0.75,0.01,Hamming_Traditional,SeqPhragmen_vs_MES,,Resampling,100,20,,,,,,,,,,,,,,,,2.0,0.7,0.75
resampling_p0.7_phi0.75,0.01,Hamming_Traditional,AV_vs_PAV,,Resampling,100,20,,,,,,,,,,,,,,,,0.0,0.7,0.75
resampling_p0.7_phi0.75,0.01,Hamming_Traditional,AV_vs_SeqPhragmen,,Resampling,100,20,,,,,,,,,,,,,,,,0.0,0.7,0.75
resampling_p0.7_phi0.75,0.01,Hamming_Traditional,AV_vs_MES,,Resampling,100,20,,,,,,,,,,,,,,,,2.0,0.7,0.75
resampling_p0.7_phi0.75,0.01,Cross_Hamming,PAV_vs_TaxMES,,Resampling,100,20,,,,,,,,,,,,,,,,1.0,0.7,0.75
resampling_p0.7_phi0.75,0.01,Cross_Hamming,PAV_vs_TaxPhragmen,,Resampling,100,20,,,,,,,,,,,,,,,,1.0,0.7,0.75
resampling_p0.7_phi0.75,0.01,Cross_Hamming,SeqPhragmen_vs_TaxPhragmen,,Resampling,100,20,,,,,,,,,,,,,,,,1.0,0.7,0.75
resampling_p0.7_phi0.75,0.01,Cross_Hamming,SeqPhragmen_vs_TaxMES,,Resampling,100,20,,,,,,,,,,,,,,,,1.0,0.7,0.75
resampling_p0.7_phi0.75,0.01,Cross_Hamming,MES_vs_TaxMES,,Resampling,100,20,,,,,,,,,,,,,,,,1.0,0.7,0.75
resampling_p0.7_phi0.75,0.01,Cross_Hamming,MES_vs_TaxPhragmen,,Resampling,100,20,,,,,,,,,,,,,,,,3.0,0.7,0.75
resampling_p0.7_phi0.75,0.01,Cross_Hamming,TaxPhragmen_vs_TaxMES,,Resampling,100,20,,,,,,,,,,,,,,,,2.0,0.7,0.75
resampling_p0.7_phi0.75,0.01,Cross_Hamming,AV_vs_TaxMES,,Resampling,100,20,,,,,,,,,,,,,,,,1.0,0.7,0.75
resampling_p0.7_phi0.75,0.01,Cross_Hamming,AV_vs_TaxPhragmen,,Resampling,100,20,,,,,,,,,,,,,,,,1.0,0.7,0.75
resampling_p0.7_phi1,0.01,Traditional,PAV,10.0,Resampling,100,20,74.1,72.0,78.0,67.7,73.0,0.0,7.41,8.0,0.0,0.0,0.0,0.0,0.0998,0.02,0.02,,0.7,1.0
resampling_p0.7_phi1,0.01,Traditional,SeqPhragmen,10.0,Resampling,100,20,74.0,71.0,78.0,67.8,73.0,0.0,7.4,8.0,0.0,0.0,0.0,0.0,0.1034,0.02,0.02,,0.7,1.0
resampling_p0.7_phi1,0.01,Traditional,MES,10.0,Resampling,100,20,74.1,72.0,78.0,67.7,73.0,0.0,7.41,8.0,0.0,0.0,0.0,0.0,0.0998,0.02,0.02,,0.7,1.0
resampling_p0.7_phi1,0.01,AV,AV,10.0,Resampling,100,20,74.2,73.0,78.0,67.6,72.0,15.0,7.42,8.0,0.0,0.0,0.0,0.0,0.1098,0.02,0.02,,0.7,1.0
resampling_p0.7_phi1,0.01,Tax,TaxPhragmen,9.0,Resampling,100,20,73.8889,71.0,78.0,68.4545,73.0,0.0,6.65,7.0,0.0,0.0,0.0,0.0,0.1099,0.02,0.01,,0.7,1.0
resampling_p0.7_phi1,0.01,Tax,TaxMES,9.0,Resampling,100,20,74.2222,72.0,78.0,68.1818,73.0,2.0,6.68,7.0,0.0,0.0,0.0,0.0,0.1078,0.02,0.01,,0.7,1.0
resampling_p0.7_phi1,0.01,Hamming_Traditional,PAV_vs_SeqPhragmen,,Resampling,100,20,,,,,,,,,,,,,,,,2.0,0.7,1.0
resampling_p0.7_phi1,0.01,Hamming_Traditional,PAV_vs_MES,,Resampling,100,20,,,,,,,,,,,,,,,,0.0,0.7,1.0
resampling_p0.7_phi1,0.01,Hamming_Traditional,SeqPhragmen_vs_MES,,Resampling,100,20,,,,,,,,,,,,,,,,2.0,0.7,1.0
resampling_p0.7_phi1,0.01,Hamming_Traditional,AV_vs_PAV,,Resampling,100,20,,,,,,,,,,,,,,,,2.0,0.7,1.0
resampling_p0.7_phi1,0.01,Hamming_Traditional,AV_vs_SeqPhragmen,,Resampling,100,20,,,,,,,,,,,,,,,,2.0,0.7,1.0
resampling_p0.7_phi1,0.01,Hamming_Traditional,AV_vs_MES,,Resampling,100,20,,,,,,,,,,,,,,,,2.0,0.7,1.0
resampling_p0.7_phi1,0.01,Cross_Hamming,PAV_vs_TaxMES,,Resampling,100,20,,,,,,,,,,,,,,,,3.0,0.7,1.0
resampling_p0.7_phi1,0.01,Cross_Hamming,PAV_vs_TaxPhragmen,,Resampling,100,20,,,,,,,,,,,,,,,,5.0,0.7,1.0
resampling_p0.7_phi1,0.01,Cross_Hamming,SeqPhragmen_vs_TaxPhragmen,,Resampling,100,20,,,,,,,,,,,,,,,,3.0,0.7,1.0
resampling_p0.7_phi1,0.01,Cross_Hamming,SeqPhragmen_vs_TaxMES,,Resampling,100,20,,,,,,,,,,,,,,,,5.0,0.7,1.0
resampling_p0.7_phi1,0.01,Cross_Hamming,MES_vs_TaxMES,,Resampling,100,20,,,,,,,,,,,,,,,,3.0,0.7,1.0
resampling_p0.7_phi1,0.01,Cross_Hamming,MES_vs_TaxPhragmen,,Resampling,100,20,,,,,,,,,,,,,,,,5.0,0.7,1.0
resampling_p0.7_phi1,0.01,Cross_Hamming,TaxPhragmen_vs_TaxMES,,Resampling,100,20,,,,,,,,,,,,,,,,6.0,0.7,1.0
resampling_p0.7_phi1,0.01,Cross_Hamming,AV_vs_TaxMES,,Resampling,100,20,,,,,,,,,,,,,,,,3.0,0.7,1.0
resampling_p0.7_phi1,0.01,Cross_Hamming,AV_vs_TaxPhragmen,,Resampling,100,20,,,,,,,,,,,,,,,,5.0,0.7,1.0
euclidean_r1.5,0.05,Traditional,PAV,10.0,Euclidean2D,100,20,9.6,3.0,16.0,3.4,9.0,14.0,0.96,1.0,30.0,0.3,5.0,0.05,0.2654,0.81,0.35,,,
euclidean_r1.5,0.05,Traditional,SeqPhragmen,10.0,Euclidean2D,100,20,9.1,3.0,16.0,3.9,9.0,3.0,0.91,1.0,33.0,0.33,5.0,0.05,0.2705,0.81,0.39,,,
euclidean_r1.5,0.05,Traditional,MES,10.0,Euclidean2D,100,20,9.1,3.0,16.0,3.9,9.0,3.0,0.91,1.0,33.0,0.33,5.0,0.05,0.2705,0.81,0.39,,,
euclidean_r1.5,0.05,AV,AV,10.0,Euclidean2D,100,20,10.2,4.0,16.0,2.8,5.0,0.0,1.02,1.0,30.0,0.3,8.0,0.08,0.2117,0.81,0.32,,,
euclidean_r1.5,0.05,Tax,TaxPhragmen,2.0,Euclidean2D,100,20,15.0,14.0,16.0,5.5556,15.0,12.0,0.3,0.0,71.0,0.71,2.0,0.02,0.1958,0.81,0.02,,,
euclidean_r1.5,0.05,Tax,TaxMES,2.0,Euclidean2D,100,20,15.5,15.0,16.0,5.5,14.0,18.0,0.31,0.0,73.0,0.73,1.0,0.01,0.1943,0.81,0.02,,,
euclidean_r1.5,0.05,Hamming_Traditional,PAV_vs_SeqPhragmen,,Euclidean2D,100,20,,,,,,,,,,,,,,,,2.0,,
euclidean_r1.5,0.05,Hamming_Traditional,PAV_vs_MES,,Euclidean2D,100,20,,,,,,,,,,,,,,,,2.0,,
euclidean_r1.5,0.05,Hamming_Traditional,SeqPhragmen_vs_MES,,Euclidean2D,100,20,,,,,,,,,,,,,,,,0.0,,
euclidean_r1.5,0.05,Hamming_Traditional,AV_vs_PAV,,Euclidean2D,100,20,,,,,,,,,,,,,,,,4.0,,
euclidean_r1.5,0.05,Hamming_Traditional,AV_vs_SeqPhragmen,,Euclidean2D,100,20,,,,,,,,,,,,,,,,6.0,,
euclidean_r1.5,0.05,Hamming_Traditional,AV_vs_MES,,Euclidean2D,100,20,,,,,,,,,,,,,,,,6.0,,
euclidean_r1.5,0.05,Cross_Hamming,PAV_vs_TaxMES,,Euclidean2D,100,20,,,,,,,,,,,,,,,,8.0,,
euclidean_r1.5,0.05,Cross_Hamming,PAV_vs_TaxPhragmen,,Euclidean2D,100,20,,,,,,,,,,,,,,,,8.0,,
euclidean_r1.5,0.05,Cross_Hamming,SeqPhragmen_vs_TaxPhragmen,,Euclidean2D,100,20,,,,,,,,,,,,,,,,8.0,,
euclidean_r1.5,0.05,Cross_Hamming,SeqPhragmen_vs_TaxMES,,Euclidean2D,100,20,,,,,,,,,,,,,,,,8.0,,
euclidean_r1.5,0.05,Cross_Hamming,MES_vs_TaxMES,,Euclidean2D,100,20,,,,,,,,,,,,,,,,8.0,,
euclidean_r1.5,0.05,Cross_Hamming,MES_vs_TaxPhragmen,,Euclidean2D,100,20,,,,,,,,,,,,,,,,8.0,,
euclidean_r1.5,0.05,Cross_Hamming,TaxPhragmen_vs_TaxMES,,Euclidean2D,100,20,,,,,,,,,,,,,,,,2.0,,
euclidean_r1.5,0.05,Cross_Hamming,AV_vs_TaxMES,,Euclidean2D,100,20,,,,,,,,,,,,,,,,8.0,,
euclidean_r1.5,0.05,Cross_Hamming,AV_vs_TaxPhragmen,,Euclidean2D,100,20,,,,,,,,,,,,,,,,8.0,,
euclidean_r2,0.05,Traditional,PAV,10.0,Euclidean2D,100,20,16.7,10.0,25.0,9.7,13.0,4.0,1.67,1.5,21.0,0.21,6.0,0.06,0.1605,0.77,0.4,,,
euclidean_r2,0.05,Traditional,SeqPhragmen,10.0,Euclidean2D,100,20,16.7,10.0,25.0,9.7,13.0,4.0,1.67,1.5,21.0,0.21,6.0,0.06,0.1605,0.77,0.4,,,
euclidean_r2,0.05,Traditional,MES,10.0,Euclidean2D,100,20,16.7,10.0,25.0,9.7,13.0,4.0,1.67,1.5,21.0,0.21,6.0,0.06,0.1605,0.77,0.4,,,
euclidean_r2,0.05,AV,AV,10.0,Euclidean2D,100,20,16.8,11.0,25.0,9.6,13.0,4.0,1.68,2.0,23.0,0.23,9.0,0.09,0.2064,0.77,0.4,,,
euclidean_r2,0.05,Tax,TaxPhragmen,4.0,Euclidean2D,100,20,19.5,17.0,25.0,11.625,19.0,19.0,0.78,1.0,35.0,0.35,1.0,0.01,0.2037,0.77,0.08,,,
euclidean_r2,0.05,Tax,TaxMES,4.0,Euclidean2D,100,20,19.5,17.0,25.0,11.625,19.0,19.0,0.78,1.0,35.0,0.35,1.0,0.01,0.2037,0.77,0.08,,,
euclidean_r2,0.05,Hamming_Traditional,PAV_vs_SeqPhragmen,,Euclidean2D,100,20,,,,,,,,,,,,,,,,0.0,,
euclidean_r2,0.05,Hamming_Traditional,PAV_vs_MES,,Euclidean2D,100,20,,,,,,,,,,,,,,,,0.0,,
euclidean_r2,0.05,Hamming_Traditional,SeqPhragmen_vs_MES,,Euclidean2D,100,20,,,,,,,,,,,,,,,,0.0,,
euclidean_r2,0.05,Hamming_Traditional,AV_vs_PAV,,Euclidean2D,100,20,,,,,,,,,,,,,,,,2.0,,
euclidean_r2,0.05,Hamming_Traditional,AV_vs_SeqPhragmen,,Euclidean2D,100,20,,,,,,,,,,,,,,,,2.0,,
euclidean_r2,0.05,Hamming_Traditional,AV_vs_MES,,Euclidean2D,100,20,,,,,,,,,,,,,,,,2.0,,
euclidean_r2,0.05,Cross_Hamming,PAV_vs_TaxMES,,Euclidean2D,100,20,,,,,,,,,,,,,,,,6.0,,
euclidean_r2,0.05,Cross_Hamming,PAV_vs_TaxPhragmen,,Euclidean2D,100,20,,,,,,,,,,,,,,,,6.0,,
euclidean_r2,0.05,Cross_Hamming,SeqPhragmen_vs_TaxPhragmen,,Euclidean2D,100,20,,,,,,,,,,,,,,,,6.0,,
euclidean_r2,0.05,Cross_Hamming,SeqPhragmen_vs_TaxMES,,Euclidean2D,100,20,,,,,,,,,,,,,,,,6.0,,
euclidean_r2,0.05,Cross_Hamming,MES_vs_TaxMES,,Euclidean2D,100,20,,,,,,,,,,,,,,,,6.0,,
euclidean_r2,0.05,Cross_Hamming,MES_vs_TaxPhragmen,,Euclidean2D,100,20,,,,,,,,,,,,,,,,6.0,,
euclidean_r2,0.05,Cross_Hamming,TaxPhragmen_vs_TaxMES,,Euclidean2D,100,20,,,,,,,,,,,,,,,,0.0,,
euclidean_r2,0.05,Cross_Hamming,AV_vs_TaxMES,,Euclidean2D,100,20,,,,,,,,,,,,,,,,6.0,,
euclidean_r2,0.05,Cross_Hamming,AV_vs_TaxPhragmen,,Euclidean2D,100,20,,,,,,,,,,,,,,,,6.0,,
euclidean_r3,0.05,Traditional,PAV,10.0,Euclidean2D,100,20,35.1,28.0,51.0,19.9,30.0,3.0,3.51,3.0,14.0,0.14,3.0,0.03,0.2945,0.69,0.26,,,
euclidean_r3,0.05,Traditional,SeqPhragmen,10.0,Euclidean2D,100,20,35.1,28.0,51.0,19.9,30.0,3.0,3.51,3.0,14.0,0.14,3.0,0.03,0.2945,0.69,0.26,,,
euclidean_r3,0.05,Traditional,MES,10.0,Euclidean2D,100,20,35.1,28.0,51.0,19.9,30.0,0.0,3.51,3.0,16.0,0.16,5.0,0.05,0.3028,0.69,0.29,,,
euclidean_r3,0.05,AV,AV,10.0,Euclidean2D,100,20,35.2,28.0,51.0,19.8,29.0,1.0,3.52,3.0,19.0,0.19,4.0,0.04,0.3084,0.69,0.29,,,
euclidean_r3,0.05,Tax,TaxPhragmen,6.0,Euclidean2D,100,20,38.5,29.0,51.0,22.7857,31.0,7.0,2.31,2.0,16.0,0.16,4.0,0.04,0.2508,0.69,0.14,,,
euclidean_r3,0.05,Tax,TaxMES,6.0,Euclidean2D,100,20,38.8333,31.0,51.0,22.6429,31.0,7.0,2.33,2.0,17.0,0.17,4.0,0.04,0.2546,0.69,0.16,,,
euclidean_r3,0.05,Hamming_Traditional,PAV_vs_SeqPhragmen,,Euclidean2D,100,20,,,,,,,,,,,,,,,,0.0,,
euclidean_r3,0.05,Hamming_Traditional,PAV_vs_MES,,Euclidean2D,100,20,,,,,,,,,,,,,,,,2.0,,
euclidean_r3,0.05,Hamming_Traditional,SeqPhragmen_vs_MES,,Euclidean2D,100,20,,,,,,,,,,,,,,,,2.0,,
euclidean_r3,0.05,Hamming_Traditional,AV_vs_PAV,,Euclidean2D,100,20,,,,,,,,,,,,,,,,2.0,,
euclidean_r3,0.05,Hamming_Traditional,AV_vs_SeqPhragmen,,Euclidean2D,100,20,,,,,,,,,,,,,,,,2.0,,
euclidean_r3,0.05,Hamming_Traditional,AV_vs_MES,,Euclidean2D,100,20,,,,,,,,,,,,,,,,2.0,,
euclidean_r3,0.05,Cross_Hamming,PAV_vs_TaxMES,,Euclidean2D,100,20,,,,,,,,,,,,,,,,4.0,,
euclidean_r3,0.05,Cross_Hamming,PAV_vs_TaxPhragmen,,Euclidean2D,100,20,,,,,,,,,,,,,,,,4.0,,
euclidean_r3,0.05,Cross_Hamming,SeqPhragmen_vs_TaxPhragmen,,Euclidean2D,100,20,,,,,,,,,,,,,,,,4.0,,
euclidean_r3,0.05,Cross_Hamming,SeqPhragmen_vs_TaxMES,,Euclidean2D,100,20,,,,,,,,,,,,,,,,4.0,,
euclidean_r3,0.05,Cross_Hamming,MES_vs_TaxMES,,Euclidean2D,100,20,,,,,,,,,,,,,,,,4.0,,
euclidean_r3,0.05,Cross_Hamming,MES_vs_TaxPhragmen,,Euclidean2D,100,20,,,,,,,,,,,,,,,,4.0,,
euclidean_r3,0.05,Cross_Hamming,TaxPhragmen_vs_TaxMES,,Euclidean2D,100,20,,,,,,,,,,,,,,,,2.0,,
euclidean_r3,0.05,Cross_Hamming,AV_vs_TaxMES,,Euclidean2D,100,20,,,,,,,,,,,,,,,,4.0,,
euclidean_r3,0.05,Cross_Hamming,AV_vs_TaxPhragmen,,Euclidean2D,100,20,,,,,,,,,,,,,,,,6.0,,
euclidean_r4,0.05,Traditional,PAV,10.0,Euclidean2D,100,20,51.4,42.0,62.0,32.2,43.0,3.0,5.14,6.0,9.0,0.09,3.0,0.03,0.3315,0.57,0.21,,,
euclidean_r4,0.05,Traditional,SeqPhragmen,10.0,Euclidean2D,100,20,51.4,42.0,62.0,32.2,43.0,3.0,5.14,6.0,9.0,0.09,3.0,0.03,0.3315,0.57,0.21,,,
euclidean_r4,0.05,Traditional,MES,10.0,Euclidean2D,100,20,51.4,42.0,62.0,32.2,43.0,3.0,5.14,6.0,9.0,0.09,3.0,0.03,0.3315,0.57,0.21,,,
euclidean_r4,0.05,AV,AV,10.0,Euclidean2D,100,20,51.4,42.0,62.0,32.2,43.0,1.0,5.14,6.0,13.0,0.13,3.0,0.03,0.3427,0.57,0.23,,,
euclidean_r4,0.05,Tax,TaxPhragmen,7.0,Euclidean2D,100,20,54.4286,43.0,62.0,35.0,47.0,6.0,3.81,5.0,12.0,0.12,4.0,0.04,0.3133,0.57,0.17,,,
euclidean_r4,0.05,Tax,TaxMES,7.0,Euclidean2D,100,20,54.4286,43.0,62.0,35.0,47.0,6.0,3.81,5.0,12.0,0.12,4.0,0.04,0.3133,0.57,0.17,,,
euclidean_r4,0.05,Hamming_Traditional,PAV_vs_SeqPhragmen,,Euclidean2D,100,20,,,,,,,,,,,,,,,,0.0,,
euclidean_r4,0.05,Hamming_Traditional,PAV_vs_MES,,Euclidean2D,100,20,,,,,,,,,,,,,,,,0.0,,
euclidean_r4,0.05,Hamming_Traditional,SeqPhragmen_vs_MES,,Euclidean2D,100,20,,,,,,,,,,,,,,,,0.0,,
euclidean_r4,0.05,Hamming_Traditional,AV_vs_PAV,,Euclidean2D,100,20,,,,,,,,,,,,,,,,2.0,,
euclidean_r4,0.05,Hamming_Traditional,AV_vs_SeqPhragmen,,Euclidean2D,100,20,,,,,,,,,,,,,,,,2.0,,
euclidean_r4,0.05,Hamming_Traditional,AV_vs_MES,,Euclidean2D,100,20,,,,,,,,,,,,,,,,2.0,,
euclidean_r4,0.05,Cross_Hamming,PAV_vs_TaxMES,,Euclidean2D,100,20,,,,,,,,,,,,,,,,3.0,,
euclidean_r4,0.05,Cross_Hamming,PAV_vs_TaxPhragmen,,Euclidean2D,100,20,,,,,,,,,,,,,,,,3.0,,
euclidean_r4,0.05,Cross_Hamming,SeqPhragmen_vs_TaxPhragmen,,Euclidean2D,100,20,,,,,,,,,,,,,,,,3.0,,
euclidean_r4,0.05,Cross_Hamming,SeqPhragmen_vs_TaxMES,,Euclidean2D,100,20,,,,,,,,,,,,,,,,3.0,,
euclidean_r4,0.05,Cross_Hamming,MES_vs_TaxMES,,Euclidean2D,100,20,,,,,,,,,,,,,,,,3.0,,
euclidean_r4,0.05,Cross_Hamming,MES_vs_TaxPhragmen,,Euclidean2D,100,20,,,,,,,,,,,,,,,,3.0,,
euclidean_r4,0.05,Cross_Hamming,TaxPhragmen_vs_TaxMES,,Euclidean2D,100,20,,,,,,,,,,,,,,,,0.0,,
euclidean_r4,0.05,Cross_Hamming,AV_vs_TaxMES,,Euclidean2D,100,20,,,,,,,,,,,,,,,,5.0,,
euclidean_r4,0.05,Cross_Hamming,AV_vs_TaxPhragmen,,Euclidean2D,100,20,,,,,,,,,,,,,,,,5.0,,
impartial_p0.1,0.05,Traditional,PAV,10.0,Impartial,100,20,6.6,2.0,10.0,3.9,7.0,1.0,0.66,1.0,42.0,0.42,12.0,0.12,0.1696,0.81,0.46,,0.1,
impartial_p0.1,0.05,Traditional,SeqPhragmen,10.0,Impartial,100,20,6.6,2.0,10.0,3.9,7.0,1.0,0.66,1.0,42.0,0.42,12.0,0.12,0.1696,0.81,0.46,,0.1,
impartial_p0.1,0.05,Traditional,MES,10.0,Impartial,100,20,6.6,2.0,10.0,3.9,7.0,1.0,0.66,1.0,42.0,0.42,12.0,0.12,0.1696,0.81,0.46,,0.1,
impartial_p0.1,0.05,AV,AV,10.0,Impartial,100,20,6.5,2.0,10.0,4.0,7.0,1.0,0.65,1.0,42.0,0.42,17.0,0.17,0.1869,0.81,0.48,,0.1,
impartial_p0.1,0.05,Tax,TaxPhragmen,1.0,Impartial,100,20,10.0,10.0,10.0,5.0,9.0,5.0,0.1,0.0,86.0,0.86,4.0,0.04,0.1444,0.81,0.04,,0.1,
impartial_p0.1,0.05,Tax,TaxMES,1.0,Impartial,100,20,10.0,10.0,10.0,5.0,9.0,5.0,0.1,0.0,86.0,0.86,4.0,0.04,0.1444,0.81,0.04,,0.1,
impartial_p0.1,0.05,Hamming_Traditional,PAV_vs_SeqPhragmen,,Impartial,100,20,,,,,,,,,,,,,,,,0.0,0.1,
impartial_p0.1,0.05,Hamming_Traditional,PAV_vs_MES,,Impartial,100,20,,,,,,,,,,,,,,,,0.0,0.1,
impartial_p0.1,0.05,Hamming_Traditional,SeqPhragmen_vs_MES,,Impartial,100,20,,,,,,,,,,,,,,,,0.0,0.1,
impartial_p0.1,0.05,Hamming_Traditional,AV_vs_PAV,,Impartial,100,20,,,,,,,,,,,,,,,,2.0,0.1,
impartial_p0.1,0.05,Hamming_Traditional,AV_vs_SeqPhragmen,,Impartial,100,20,,,,,,,,,,,,,,,,2.0,0.1,
impartial_p0.1,0.05,Hamming_Traditional,AV_vs_MES,,Impartial,100,20,,,,,,,,,,,,,,,,2.0,0.1,
impartial_p0.1,0.05,Cross_Hamming,PAV_vs_TaxMES,,Impartial,100,20,,,,,,,,,,,,,,,,9.0,0.1,
impartial_p0.1,0.05,Cross_Hamming,PAV_vs_TaxPhragmen,,Impartial,100,20,,,,,,,,,,,,,,,,9.0,0.1,
impartial_p0.1,0.05,Cross_Hamming,SeqPhragmen_vs_TaxPhragmen,,Impartial,100,20,,,,,,,,,,,,,,,,9.0,0.1,
impartial_p0.1,0.05,Cross_Hamming,SeqPhragmen_vs_TaxMES,,Impartial,100,20,,,,,,,,,,,,,,,,9.0,0.1,
impartial_p0.1,0.05,Cross_Hamming,MES_vs_TaxMES,,Impartial,100,20,,,,,,,,,,,,,,,,9.0,0.1,
impartial_p0.1,0.05,Cross_Hamming,MES_vs_TaxPhragmen,,Impartial,100,20,,,,,,,,,,,,,,,,9.0,0.1,
impartial_p0.1,0.05,Cross_Hamming,TaxPhragmen_vs_TaxMES,,Impartial,100,20,,,,,,,,,,,,,,,,0.0,0.1,
impartial_p0.1,0.05,Cross_Hamming,AV_vs_TaxMES,,Impartial,100,20,,,,,,,,,,,,,,,,9.0,0.1,
impartial_p0.1,0.05,Cross_Hamming,AV_vs_TaxPhragmen,,Impartial,100,20,,,,,,,,,,,,,,,,9.0,0.1,
impartial_p0.15,0.05,Traditional,PAV,10.0,Impartial,100,20,14.1,9.0,22.0,7.7,13.0,12.0,1.41,1.0,23.0,0.23,4.0,0.04,0.2686,0.78,0.3,,0.15,
impartial_p0.15,0.05,Traditional,SeqPhragmen,10.0,Impartial,100,20,13.7,7.0,22.0,8.1,13.0,12.0,1.37,1.0,25.0,0.25,3.0,0.03,0.2708,0.78,0.32,,0.15,
impartial_p0.15,0.05,Traditional,MES,10.0,Impartial,100,20,14.1,9.0,22.0,7.7,13.0,12.0,1.41,1.0,23.0,0.23,4.0,0.04,0.2686,0.78,0.3,,0.15,
impartial_p0.15,0.05,AV,AV,10.0,Impartial,100,20,14.3,9.0,22.0,7.5,11.0,1.0,1.43,1.0,23.0,0.23,3.0,0.03,0.2698,0.78,0.3,,0.15,
impartial_p0.15,0.05,Tax,TaxPhragmen,4.0,Impartial,100,20,17.5,13.0,22.0,9.25,15.0,4.0,0.7,1.0,44.0,0.44,4.0,0.04,0.2564,0.78,0.08,,0.15,
impartial_p0.15,0.05,Tax,TaxMES,4.0,Impartial,100,20,17.75,14.0,22.0,9.1875,15.0,4.0,0.71,1.0,42.0,0.42,6.0,0.06,0.2654,0.78,0.1,,0.15,
impartial_p0.15,0.05,Hamming_Traditional,PAV_vs_SeqPhragmen,,Impartial,100,20,,,,,,,,,,,,,,,,4.0,0.15,
impartial_p0.15,0.05,Hamming_Traditional,PAV_vs_MES,,Impartial,100,20,,,,,,,,,,,,,,,,0.0,0.15,
impartial_p0.15,0.05,Hamming_Traditional,SeqPhragmen_vs_MES,,Impartial,100,20,,,,,,,,,,,,,,,,4.0,0.15,
impartial_p0.15,0.05,Hamming_Traditional,AV_vs_PAV,,Impartial,100,20,,,,,,,,,,,,,,,,4.0,0.15,
impartial_p0.15,0.05,Hamming_Traditional,AV_vs_SeqPhragmen,,Impartial,100,20,,,,,,,,,,,,,,,,4.0,0.15,
impartial_p0.15,0.05,Hamming_Traditional,AV_vs_MES,,Impartial,100,20,,,,,,,,,,,,,,,,4.0,0.15,
impartial_p0.15,0.05,Cross_Hamming,PAV_vs_TaxMES,,Impartial,100,20,,,,,,,,,,,,,,,,6.0,0.15,
impartial_p0.15,0.05,Cross_Hamming,PAV_vs_TaxPhragmen,,Impartial,100,20,,,,,,,,,,,,,,,,6.0,0.15,
impartial_p0.15,0.05,Cross_Hamming,SeqPhragmen_vs_TaxPhragmen,,Impartial,100,20,,,,,,,,,,,,,,,,6.0,0.15,
impartial_p0.15,0.05,Cross_Hamming,SeqPhragmen_vs_TaxMES,,Impartial,100,20,,,,,,,,,,,,,,,,6.0,0.15,
impartial_p0.15,0.05,Cross_Hamming,MES_vs_TaxMES,,Impartial,100,20,,,,,,,,,,,,,,,,6.0,0.15,
impartial_p0.15,0.05,Cross_Hamming,MES_vs_TaxPhragmen,,Impartial,100,20,,,,,,,,,,,,,,,,6.0,0.15,
impartial_p0.15,0.05,Cross_Hamming,TaxPhragmen_vs_TaxMES,,Impartial,100,20,,,,,,,,,,,,,,,,2.0,0.15,
impartial_p0.15,0.05,Cross_Hamming,AV_vs_TaxMES,,Impartial,100,20,,,,,,,,,,,,,,,,6.0,0.15,
impartial_p0.15,0.05,Cross_Hamming,AV_vs_TaxPhragmen,,Impartial,100,20,,,,,,,,,,,,,,,,6.0,0.15,
impartial_p0.3,0.05,Traditional,PAV,10.0,Impartial,100,20,30.4,28.0,33.0,22.4,29.0,12.0,3.04,3.0,7.0,0.07,2.0,0.02,0.207,0.72,0.36,,0.3,
impartial_p0.3,0.05,Traditional,SeqPhragmen,10.0,Impartial,100,20,30.3,27.0,33.0,22.5,29.0,12.0,3.03,3.0,5.0,0.05,1.0,0.01,0.2149,0.72,0.35,,0.3,
impartial_p0.3,0.05,Traditional,MES,10.0,Impartial,100,20,30.4,28.0,33.0,22.4,29.0,12.0,3.04,3.0,7.0,0.07,2.0,0.02,0.207,0.72,0.36,,0.3,
impartial_p0.3,0.05,AV,AV,10.0,Impartial,100,20,30.4,28.0,33.0,22.4,29.0,12.0,3.04,3.0,7.0,0.07,2.0,0.02,0.207,0.72,0.36,,0.3,
impartial_p0.3,0.05,Tax,TaxPhragmen,7.0,Impartial,100,20,30.7143,28.0,33.0,24.0769,31.0,15.0,2.15,2.0,10.0,0.1,1.0,0.01,0.2053,0.72,0.22,,0.3,
impartial_p0.3,0.05,Tax,TaxMES,7.0,Impartial,100,20,31.1429,29.0,33.0,23.8462,30.0,10.0,2.18,2.0,8.0,0.08,4.0,0.04,0.2201,0.72,0.23,,0.3,
impartial_p0.3,0.05,Hamming_Traditional,PAV_vs_SeqPhragmen,,Impartial,100,20,,,,,,,,,,,,,,,,2.0,0.3,
impartial_p0.3,0.05,Hamming_Traditional,PAV_vs_MES,,Impartial,100,20,,,,,,,,,,,,,,,,0.0,0.3,
impartial_p0.3,0.05,Hamming_Traditional,SeqPhragmen_vs_MES,,Impartial,100,20,,,,,,,,,,,,,,,,2.0,0.3,
impartial_p0.3,0.05,Hamming_Traditional,AV_vs_PAV,,Impartial,100,20,,,,,,,,,,,,,,,,0.0,0.3,
impartial_p0.3,0.05,Hamming_Traditional,AV_vs_SeqPhragmen,,Impartial,100,20,,,,,,,,,,,,,,,,2.0,0.3,
impartial_p0.3,0.05,Hamming_Traditional,AV_vs_MES,,Impartial,100,20,,,,,,,,,,,,,,,,0.0,0.3,
impartial_p0.3,0.05,Cross_Hamming,PAV_vs_TaxMES,,Impartial,100,20,,,,,,,,,,,,,,,,3.0,0.3,
impartial_p0.3,0.05,Cross_Hamming,PAV_vs_TaxPhragmen,,Impartial,100,20,,,,,,,,,,,,,,,,3.0,0.3,
impartial_p0.3,0.05,Cross_Hamming,SeqPhragmen_vs_TaxPhragmen,,Impartial,100,20,,,,,,,,,,,,,,,,3.0,0.3,
impartial_p0.3,0.05,Cross_Hamming,SeqPhragmen_vs_TaxMES,,Impartial,100,20,,,,,,,,,,,,,,,,3.0,0.3,
impartial_p0.3,0.05,Cross_Hamming,MES_vs_TaxMES,,Impartial,100,20,,,,,,,,,,,,,,,,3.0,0.3,
impartial_p0.3,0.05,Cross_Hamming,MES_vs_TaxPhragmen,,Impartial,100,20,,,,,,,,,,,,,,,,3.0,0.3,
impartial_p0.3,0.05,Cross_Hamming,TaxPhragmen_vs_TaxMES,,Impartial,100,20,,,,,,,,,,,,,,,,2.0,0.3,
impartial_p0.3,0.05,Cross_Hamming,AV_vs_TaxMES,,Impartial,100,20,,,,,,,,,,,,,,,,3.0,0.3,
impartial_p0.3,0.05,Cross_Hamming,AV_vs_TaxPhragmen,,Impartial,100,20,,,,,,,,,,,,,,,,3.0,0.3,
impartial_p0.5,0.05,Traditional,PAV,10.0,Impartial,100,20,52.2,46.0,57.0,43.4,50.0,15.0,5.22,5.0,0.0,0.0,0.0,0.0,0.151,0.52,0.2,,0.5,
impartial_p0.5,0.05,Traditional,SeqPhragmen,10.0,Impartial,100,20,51.6,43.0,57.0,44.0,50.0,15.0,5.16,5.0,0.0,0.0,0.0,0.0,0.1408,0.52,0.21,,0.5,
impartial_p0.5,0.05,Traditional,MES,10.0,Impartial,100,20,52.1,45.0,57.0,43.5,50.0,15.0,5.21,5.0,0.0,0.0,0.0,0.0,0.1529,0.52,0.21,,0.5,
impartial_p0.5,0.05,AV,AV,10.0,Impartial,100,20,52.6,49.0,57.0,43.0,49.0,12.0,5.26,5.0,0.0,0.0,0.0,0.0,0.169,0.52,0.2,,0.5,
impartial_p0.5,0.05,Tax,TaxPhragmen,8.0,Impartial,100,20,53.375,51.0,57.0,44.0833,50.0,15.0,4.27,4.0,0.0,0.0,0.0,0.0,0.1686,0.52,0.13,,0.5,
impartial_p0.5,0.05,Tax,TaxMES,9.0,Impartial,100,20,52.5556,46.0,57.0,43.9091,50.0,15.0,4.73,5.0,0.0,0.0,0.0,0.0,0.1502,0.52,0.16,,0.5,
impartial_p0.5,0.05,Hamming_Traditional,PAV_vs_SeqPhragmen,,Impartial,100,20,,,,,,,,,,,,,,,,2.0,0.5,
impartial_p0.5,0.05,Hamming_Traditional,PAV_vs_MES,,Impartial,100,20,,,,,,,,,,,,,,,,2.0,0.5,
impartial_p0.5,0.05,Hamming_Traditional,SeqPhragmen_vs_MES,,Impartial,100,20,,,,,,,,,,,,,,,,4.0,0.5,
impartial_p0.5,0.05,Hamming_Traditional,AV_vs_PAV,,Impartial,100,20,,,,,,,,,,,,,,,,2.0,0.5,
impartial_p0.5,0.05,Hamming_Traditional,AV_vs_SeqPhragmen,,Impartial,100,20,,,,,,,,,,,,,,,,4.0,0.5,
impartial_p0.5,0.05,Hamming_Traditional,AV_vs_MES,,Impartial,100,20,,,,,,,,,,,,,,,,2.0,0.5,
impartial_p0.5,0.05,Cross_Hamming,PAV_vs_TaxMES,,Impartial,100,20,,,,,,,,,,,,,,,,1.0,0.5,
impartial_p0.5,0.05,Cross_Hamming,PAV_vs_TaxPhragmen,,Impartial,100,20,,,,,,,,,,,,,,,,2.0,0.5,
impartial_p0.5,0.05,Cross_Hamming,SeqPhragmen_vs_TaxPhragmen,,Impartial,100,20,,,,,,,,,,,,,,,,2.0,0.5,
impartial_p0.5,0.05,Cross_Hamming,SeqPhragmen_vs_TaxMES,,Impartial,100,20,,,,,,,,,,,,,,,,1.0,0.5,
impartial_p0.5,0.05,Cross_Hamming,MES_vs_TaxMES,,Impartial,100,20,,,,,,,,,,,,,,,,3.0,0.5,
impartial_p0.5,0.05,Cross_Hamming,MES_vs_TaxPhragmen,,Impartial,100,20,,,,,,,,,,,,,,,,2.0,0.5,
impartial_p0.5,0.05,Cross_Hamming,TaxPhragmen_vs_TaxMES,,Impartial,100,20,,,,,,,,,,,,,,,,1.0,0.5,
impartial_p0.5,0.05,Cross_Hamming,AV_vs_TaxMES,,Impartial,100,20,,,,,,,,,,,,,,,,3.0,0.5,
impartial_p0.5,0.05,Cross_Hamming,AV_vs_TaxPhragmen,,Impartial,100,20,,,,,,,,,,,,,,,,2.0,0.5,
impartial_p0.7,0.05,Traditional,PAV,10.0,Impartial,100,20,72.2,68.0,79.0,63.3,69.0,4.0,7.22,7.0,0.0,0.0,0.0,0.0,0.1148,0.27,0.1,,0.7,
impartial_p0.7,0.05,Traditional,SeqPhragmen,10.0,Impartial,100,20,72.2,68.0,79.0,63.3,69.0,4.0,7.22,7.0,0.0,0.0,0.0,0.0,0.1148,0.27,0.1,,0.7,
impartial_p0.7,0.05,Traditional,MES,10.0,Impartial,100,20,71.7,64.0,79.0,63.8,70.0,16.0,7.17,7.0,0.0,0.0,0.0,0.0,0.1026,0.27,0.09,,0.7,
impartial_p0.7,0.05,AV,AV,10.0,Impartial,100,20,72.2,68.0,79.0,63.3,69.0,4.0,7.22,7.0,0.0,0.0,0.0,0.0,0.1148,0.27,0.1,,0.7,
impartial_p0.7,0.05,Tax,TaxPhragmen,9.0,Impartial,100,20,72.4444,68.0,79.0,63.9091,70.0,16.0,6.52,7.0,0.0,0.0,0.0,0.0,0.1204,0.27,0.09,,0.7,
impartial_p0.7,0.05,Tax,TaxMES,9.0,Impartial,100,20,72.5556,69.0,79.0,63.8182,70.0,16.0,6.53,7.0,0.0,0.0,0.0,0.0,0.112,0.27,0.07,,0.7,
impartial_p0.7,0.05,Hamming_Traditional,PAV_vs_SeqPhragmen,,Impartial,100,20,,,,,,,,,,,,,,,,0.0,0.7,
impartial_p0.7,0.05,Hamming_Traditional,PAV_vs_MES,,Impartial,100,20,,,,,,,,,,,,,,,,4.0,0.7,
impartial_p0.7,0.05,Hamming_Traditional,SeqPhragmen_vs_MES,,Impartial,100,20,,,,,,,,,,,,,,,,4.0,0.7,
impartial_p0.7,0.05,Hamming_Traditional,AV_vs_PAV,,Impartial,100,20,,,,,,,,,,,,,,,,0.0,0.7,
impartial_p0.7,0.05,Hamming_Traditional,AV_vs_SeqPhragmen,,Impartial,100,20,,,,,,,,,,,,,,,,0.0,0.7,
impartial_p0.7,0.05,Hamming_Traditional,AV_vs_MES,,Impartial,100,20,,,,,,,,,,,,,,,,4.0,0.7,
impartial_p0.7,0.05,Cross_Hamming,PAV_vs_TaxMES,,Impartial,100,20,,,,,,,,,,,,,,,,3.0,0.7,
impartial_p0.7,0.05,Cross_Hamming,PAV_vs_TaxPhragmen,,Impartial,100,20,,,,,,,,,,,,,,,,1.0,0.7,
impartial_p0.7,0.05,Cross_Hamming,SeqPhragmen_vs_TaxPhragmen,,Impartial,100,20,,,,,,,,,,,,,,,,1.0,0.7,
impartial_p0.7,0.05,Cross_Hamming,SeqPhragmen_vs_TaxMES,,Impartial,100,20,,,,,,,,,,,,,,,,3.0,0.7,
impartial_p0.7,0.05,Cross_Hamming,MES_vs_TaxMES,,Impartial,100,20,,,,,,,,,,,,,,,,1.0,0.7,
impartial_p0.7,0.05,Cross_Hamming,MES_vs_TaxPhragmen,,Impartial,100,20,,,,,,,,,,,,,,,,3.0,0.7,
impartial_p0.7,0.05,Cross_Hamming,TaxPhragmen_vs_TaxMES,,Impartial,100,20,,,,,,,,,,,,,,,,2.0,0.7,
impartial_p0.7,0.05,Cross_Hamming,AV_vs_TaxMES,,Impartial,100,20,,,,,,,,,,,,,,,,3.0,0.7,
impartial_p0.7,0.05,Cross_Hamming,AV_vs_TaxPhragmen,,Impartial,100,20,,,,,,,,,,,,,,,,1.0,0.7,
resampling_p0.15_phi0.25,0.05,Traditional,PAV,10.0,Resampling,100,20,23.8,-2.0,81.0,-0.9,3.0,11.0,2.38,3.0,6.0,0.06,1.0,0.01,0.1817,0.78,0.36,,0.15,0.25
resampling_p0.15_phi0.25,0.05,Traditional,SeqPhragmen,10.0,Resampling,100,20,24.3,-2.0,81.0,-1.4,1.0,8.0,2.43,3.0,6.0,0.06,1.0,0.01,0.1874,0.78,0.32,,0.15,0.25
resampling_p0.15_phi0.25,0.05,Traditional,MES,10.0,Resampling,100,20,23.8,-2.0,81.0,-0.9,3.0,9.0,2.38,3.0,6.0,0.06,1.0,0.01,0.1749,0.78,0.35,,0.15,0.25
resampling_p0.15_phi0.25,0.05,AV,AV,10.0,Resampling,100,20,24.2,-2.0,81.0,-1.3,1.0,8.0,2.42,3.0,7.0,0.07,1.0,0.01,0.1971,0.78,0.33,,0.15,0.25
resampling_p0.15_phi0.25,0.05,Tax,TaxPhragmen,3.0,Resampling,100,20,76.3333,72.0,81.0,0.0,9.0,16.0,2.29,2.0,2.0,0.02,0.0,0.0,0.1821,0.78,0.03,,0.15,0.25
resampling_p0.15_phi0.25,0.05,Tax,TaxMES,3.0,Resampling,100,20,76.3333,72.0,81.0,0.0,9.0,16.0,2.29,2.0,2.0,0.02,0.0,0.0,0.1821,0.78,0.03,,0.15,0.25
resampling_p0.15_phi0.25,0.05,Hamming_Traditional,PAV_vs_SeqPhragmen,,Resampling,100,20,,,,,,,,,,,,,,,,2.0,0.15,0.25
resampling_p0.15_phi0.25,0.05,Hamming_Traditional,PAV_vs_MES,,Resampling,100,20,,,,,,,,,,,,,,,,2.0,0.15,0.25
resampling_p0.15_phi0.25,0.05,Hamming_Traditional,SeqPhragmen_vs_MES,,Resampling,100,20,,,,,,,,,,,,,,,,2.0,0.15,0.25
resampling_p0.15_phi0.25,0.05,Hamming_Traditional,AV_vs_PAV,,Resampling,100,20,,,,,,,,,,,,,,,,4.0,0.15,0.25
resampling_p0.15_phi0.25,0.05,Hamming_Traditional,AV_vs_SeqPhragmen,,Resampling,100,20,,,,,,,,,,,,,,,,2.0,0.15,0.25
resampling_p0.15_phi0.25,0.05,Hamming_Traditional,AV_vs_MES,,Resampling,100,20,,,,,,,,,,,,,,,,4.0,0.15,0.25
resampling_p0.15_phi0.25,0.05,Cross_Hamming,PAV_vs_TaxMES,,Resampling,100,20,,,,,,,,,,,,,,,,7.0,0.15,0.25
resampling_p0.15_phi0.25,0.05,Cross_Hamming,PAV_vs_TaxPhragmen,,Resampling,100,20,,,,,,,,,,,,,,,,7.0,0.15,0.25
resampling_p0.15_phi0.25,0.05,Cross_Hamming,SeqPhragmen_vs_TaxPhragmen,,Resampling,100,20,,,,,,,,,,,,,,,,7.0,0.15,0.25
resampling_p0.15_phi0.25,0.05,Cross_Hamming,SeqPhragmen_vs_TaxMES,,Resampling,100,20,,,,,,,,,,,,,,,,7.0,0.15,0.25
resampling_p0.15_phi0.25,0.05,Cross_Hamming,MES_vs_TaxMES,,Resampling,100,20,,,,,,,,,,,,,,,,7.0,0.15,0.25
resampling_p0.15_phi0.25,0.05,Cross_Hamming,MES_vs_TaxPhragmen,,Resampling,100,20,,,,,,,,,,,,,,,,7.0,0.15,0.25
resampling_p0.15_phi0.25,0.05,Cross_Hamming,TaxPhragmen_vs_TaxMES,,Resampling,100,20,,,,,,,,,,,,,,,,0.0,0.15,0.25
resampling_p0.15_phi0.25,0.05,Cross_Hamming,AV_vs_TaxMES,,Resampling,100,20,,,,,,,,,,,,,,,,7.0,0.15,0.25
resampling_p0.15_phi0.25,0.05,Cross_Hamming,AV_vs_TaxPhragmen,,Resampling,100,20,,,,,,,,,,,,,,,,7.0,0.15,0.25
resampling_p0.15_phi0.5,0.05,Traditional,PAV,10.0,Resampling,100,20,19.7,0.0,57.0,2.2,7.0,6.0,1.97,2.0,16.0,0.16,4.0,0.04,0.2595,0.78,0.42,,0.15,0.5
resampling_p0.15_phi0.5,0.05,Traditional,SeqPhragmen,10.0,Resampling,100,20,19.6,0.0,57.0,2.3,7.0,6.0,1.96,2.0,18.0,0.18,2.0,0.02,0.2645,0.78,0.42,,0.15,0.5
resampling_p0.15_phi0.5,0.05,Traditional,MES,10.0,Resampling,100,20,19.6,0.0,57.0,2.3,7.0,6.0,1.96,2.0,18.0,0.18,2.0,0.02,0.2645,0.78,0.42,,0.15,0.5
resampling_p0.15_phi0.5,0.05,AV,AV,10.0,Resampling,100,20,19.4,0.0,57.0,2.5,7.0,6.0,1.94,2.0,18.0,0.18,4.0,0.04,0.2137,0.78,0.46,,0.15,0.5
resampling_p0.15_phi0.5,0.05,Tax,TaxPhragmen,3.0,Resampling,100,20,51.0,41.0,57.0,3.8824,10.0,9.0,1.53,2.0,17.0,0.17,2.0,0.02,0.2171,0.78,0.13,,0.15,0.5
resampling_p0.15_phi0.5,0.05,Tax,TaxMES,3.0,Resampling,100,20,51.0,41.0,57.0,3.8824,10.0,9.0,1.53,2.0,17.0,0.17,2.0,0.02,0.2171,0.78,0.13,,0.15,0.5
resampling_p0.15_phi0.5,0.05,Hamming_Traditional,PAV_vs_SeqPhragmen,,Resampling,100,20,,,,,,,,,,,,,,,,2.0,0.15,0.5
resampling_p0.15_phi0.5,0.05,Hamming_Traditional,PAV_vs_MES,,Resampling,100,20,,,,,,,,,,,,,,,,2.0,0.15,0.5
resampling_p0.15_phi0.5,0.05,Hamming_Traditional,SeqPhragmen_vs_MES,,Resampling,100,20,,,,,,,,,,,,,,,,0.0,0.15,0.5
resampling_p0.15_phi0.5,0.05,Hamming_Traditional,AV_vs_PAV,,Resampling,100,20,,,,,,,,,,,,,,,,2.0,0.15,0.5
resampling_p0.15_phi0.5,0.05,Hamming_Traditional,AV_vs_SeqPhragmen,,Resampling,100,20,,,,,,,,,,,,,,,,2.0,0.15,0.5
resampling_p0.15_phi0.5,0.05,Hamming_Traditional,AV_vs_MES,,Resampling,100,20,,,,,,,,,,,,,,,,2.0,0.15,0.5
resampling_p0.15_phi0.5,0.05,Cross_Hamming,PAV_vs_TaxMES,,Resampling,100,20,,,,,,,,,,,,,,,,7.0,0.15,0.5
resampling_p0.15_phi0.5,0.05,Cross_Hamming,PAV_vs_TaxPhragmen,,Resampling,100,20,,,,,,,,,,,,,,,,7.0,0.15,0.5
resampling_p0.15_phi0.5,0.05,Cross_Hamming,SeqPhragmen_vs_TaxPhragmen,,Resampling,100,20,,,,,,,,,,,,,,,,7.0,0.15,0.5
resampling_p0.15_phi0.5,0.05,Cross_Hamming,SeqPhragmen_vs_TaxMES,,Resampling,100,20,,,,,,,,,,,,,,,,7.0,0.15,0.5
resampling_p0.15_phi0.5,0.05,Cross_Hamming,MES_vs_TaxMES,,Resampling,100,20,,,,,,,,,,,,,,,,7.0,0.15,0.5
resampling_p0.15_phi0.5,0.05,Cross_Hamming,MES_vs_TaxPhragmen,,Resampling,100,20,,,,,,,,,,,,,,,,7.0,0.15,0.5
resampling_p0.15_phi0.5,0.05,Cross_Hamming,TaxPhragmen_vs_TaxMES,,Resampling,100,20,,,,,,,,,,,,,,,,0.0,0.15,0.5
resampling_p0.15_phi0.5,0.05,Cross_Hamming,AV_vs_TaxMES,,Resampling,100,20,,,,,,,,,,,,,,,,7.0,0.15,0.5
resampling_p0.15_phi0.5,0.05,Cross_Hamming,AV_vs_TaxPhragmen,,Resampling,100,20,,,,,,,,,,,,,,,,7.0,0.15,0.5
resampling_p0.15_phi0.75,0.05,Traditional,PAV,10.0,Resampling,100,20,18.0,7.0,43.0,5.2,9.0,3.0,1.8,2.0,13.0,0.13,3.0,0.03,0.1743,0.78,0.33,,0.15,0.75
resampling_p0.15_phi0.75,0.05,Traditional,SeqPhragmen,10.0,Resampling,100,20,18.2,8.0,43.0,5.0,9.0,3.0,1.82,2.0,16.0,0.16,2.0,0.02,0.1849,0.78,0.32,,0.15,0.75
resampling_p0.15_phi0.75,0.05,Traditional,MES,10.0,Resampling,100,20,18.2,8.0,43.0,5.0,9.0,3.0,1.82,2.0,16.0,0.16,2.0,0.02,0.1849,0.78,0.32,,0.15,0.75
resampling_p0.15_phi0.75,0.05,AV,AV,10.0,Resampling,100,20,18.1,7.0,43.0,5.1,9.0,6.0,1.81,2.0,16.0,0.16,4.0,0.04,0.1885,0.78,0.34,,0.15,0.75
resampling_p0.15_phi0.75,0.05,Tax,TaxPhragmen,3.0,Resampling,100,20,37.0,30.0,43.0,7.1176,13.0,16.0,1.11,1.0,24.0,0.24,2.0,0.02,0.2261,0.78,0.09,,0.15,0.75
resampling_p0.15_phi0.75,0.05,Tax,TaxMES,3.0,Resampling,100,20,37.0,30.0,43.0,7.1176,13.0,16.0,1.11,1.0,24.0,0.24,2.0,0.02,0.2261,0.78,0.09,,0.15,0.75
resampling_p0.15_phi0.75,0.05,Hamming_Traditional,PAV_vs_SeqPhragmen,,Resampling,100,20,,,,,,,,,,,,,,,,2.0,0.15,0.75
resampling_p0.15_phi0.75,0.05,Hamming_Traditional,PAV_vs_MES,,Resampling,100,20,,,,,,,,,,,,,,,,2.0,0.15,0.75
resampling_p0.15_phi0.75,0.05,Hamming_Traditional,SeqPhragmen_vs_MES,,Resampling,100,20,,,,,,,,,,,,,,,,0.0,0.15,0.75
resampling_p0.15_phi0.75,0.05,Hamming_Traditional,AV_vs_PAV,,Resampling,100,20,,,,,,,,,,,,,,,,4.0,0.15,0.75
resampling_p0.15_phi0.75,0.05,Hamming_Traditional,AV_vs_SeqPhragmen,,Resampling,100,20,,,,,,,,,,,,,,,,4.0,0.15,0.75
resampling_p0.15_phi0.75,0.05,Hamming_Traditional,AV_vs_MES,,Resampling,100,20,,,,,,,,,,,,,,,,4.0,0.15,0.75
resampling_p0.15_phi0.75,0.05,Cross_Hamming,PAV_vs_TaxMES,,Resampling,100,20,,,,,,,,,,,,,,,,7.0,0.15,0.75
resampling_p0.15_phi0.75,0.05,Cross_Hamming,PAV_vs_TaxPhragmen,,Resampling,100,20,,,,,,,,,,,,,,,,7.0,0.15,0.75
resampling_p0.15_phi0.75,0.05,Cross_Hamming,SeqPhragmen_vs_TaxPhragmen,,Resampling,100,20,,,,,,,,,,,,,,,,7.0,0.15,0.75
resampling_p0.15_phi0.75,0.05,Cross_Hamming,SeqPhragmen_vs_TaxMES,,Resampling,100,20,,,,,,,,,,,,,,,,7.0,0.15,0.75
resampling_p0.15_phi0.75,0.05,Cross_Hamming,MES_vs_TaxMES,,Resampling,100,20,,,,,,,,,,,,,,,,7.0,0.15,0.75
resampling_p0.15_phi0.75,0.05,Cross_Hamming,MES_vs_TaxPhragmen,,Resampling,100,20,,,,,,,,,,,,,,,,7.0,0.15,0.75
resampling_p0.15_phi0.75,0.05,Cross_Hamming,TaxPhragmen_vs_TaxMES,,Resampling,100,20,,,,,,,,,,,,,,,,0.0,0.15,0.75
resampling_p0.15_phi0.75,0.05,Cross_Hamming,AV_vs_TaxMES,,Resampling,100,20,,,,,,,,,,,,,,,,7.0,0.15,0.75
resampling_p0.15_phi0.75,0.05,Cross_Hamming,AV_vs_TaxPhragmen,,Resampling,100,20,,,,,,,,,,,,,,,,7.0,0.15,0.75
resampling_p0.15_phi1,0.05,Traditional,PAV,10.0,Resampling,100,20,13.1,6.0,16.0,8.6,15.0,3.0,1.31,1.0,25.0,0.25,6.0,0.06,0.2085,0.78,0.38,,0.15,1.0
resampling_p0.15_phi1,0.05,Traditional,SeqPhragmen,10.0,Resampling,100,20,13.4,6.0,16.0,8.3,12.0,6.0,1.34,1.0,27.0,0.27,8.0,0.08,0.2205,0.78,0.38,,0.15,1.0
resampling_p0.15_phi1,0.05,Traditional,MES,10.0,Resampling,100,20,13.1,6.0,16.0,8.6,15.0,3.0,1.31,1.0,25.0,0.25,6.0,0.06,0.2085,0.78,0.38,,0.15,1.0
resampling_p0.15_phi1,0.05,AV,AV,10.0,Resampling,100,20,13.4,6.0,16.0,8.3,12.0,6.0,1.34,1.0,27.0,0.27,8.0,0.08,0.2205,0.78,0.38,,0.15,1.0
resampling_p0.15_phi1,0.05,Tax,TaxPhragmen,4.0,Resampling,100,20,15.25,14.0,16.0,9.75,16.0,9.0,0.61,1.0,44.0,0.44,6.0,0.06,0.2489,0.78,0.08,,0.15,1.0
resampling_p0.15_phi1,0.05,Tax,TaxMES,4.0,Resampling,100,20,15.25,14.0,16.0,9.75,16.0,9.0,0.61,1.0,44.0,0.44,6.0,0.06,0.2489,0.78,0.08,,0.15,1.0
resampling_p0.15_phi1,0.05,Hamming_Traditional,PAV_vs_SeqPhragmen,,Resampling,100,20,,,,,,,,,,,,,,,,2.0,0.15,1.0
resampling_p0.15_phi1,0.05,Hamming_Traditional,PAV_vs_MES,,Resampling,100,20,,,,,,,,,,,,,,,,0.0,0.15,1.0
resampling_p0.15_phi1,0.05,Hamming_Traditional,SeqPhragmen_vs_MES,,Resampling,100,20,,,,,,,,,,,,,,,,2.0,0.15,1.0
resampling_p0.15_phi1,0.05,Hamming_Traditional,AV_vs_PAV,,Resampling,100,20,,,,,,,,,,,,,,,,2.0,0.15,1.0
resampling_p0.15_phi1,0.05,Hamming_Traditional,AV_vs_SeqPhragmen,,Resampling,100,20,,,,,,,,,,,,,,,,0.0,0.15,1.0
resampling_p0.15_phi1,0.05,Hamming_Traditional,AV_vs_MES,,Resampling,100,20,,,,,,,,,,,,,,,,2.0,0.15,1.0
resampling_p0.15_phi1,0.05,Cross_Hamming,PAV_vs_TaxMES,,Resampling,100,20,,,,,,,,,,,,,,,,6.0,0.15,1.0
resampling_p0.15_phi1,0.05,Cross_Hamming,PAV_vs_TaxPhragmen,,Resampling,100,20,,,,,,,,,,,,,,,,6.0,0.15,1.0
resampling_p0.15_phi1,0.05,Cross_Hamming,SeqPhragmen_vs_TaxPhragmen,,Resampling,100,20,,,,,,,,,,,,,,,,6.0,0.15,1.0
resampling_p0.15_phi1,0.05,Cross_Hamming,SeqPhragmen_vs_TaxMES,,Resampling,100,20,,,,,,,,,,,,,,,,6.0,0.15,1.0
resampling_p0.15_phi1,0.05,Cross_Hamming,MES_vs_TaxMES,,Resampling,100,20,,,,,,,,,,,,,,,,6.0,0.15,1.0
resampling_p0.15_phi1,0.05,Cross_Hamming,MES_vs_TaxPhragmen,,Resampling,100,20,,,,,,,,,,,,,,,,6.0,0.15,1.0
resampling_p0.15_phi1,0.05,Cross_Hamming,TaxPhragmen_vs_TaxMES,,Resampling,100,20,,,,,,,,,,,,,,,,0.0,0.15,1.0
resampling_p0.15_phi1,0.05,Cross_Hamming,AV_vs_TaxMES,,Resampling,100,20,,,,,,,,,,,,,,,,6.0,0.15,1.0
resampling_p0.15_phi1,0.05,Cross_Hamming,AV_vs_TaxPhragmen,,Resampling,100,20,,,,,,,,,,,,,,,,6.0,0.15,1.0
resampling_p0.1_phi0.25,0.05,Traditional,PAV,10.0,Resampling,100,20,13.7,-5.0,80.0,-1.9,2.0,6.0,1.37,2.0,18.0,0.18,6.0,0.06,0.1752,0.81,0.47,,0.1,0.25
resampling_p0.1_phi0.25,0.05,Traditional,SeqPhragmen,10.0,Resampling,100,20,14.0,-5.0,80.0,-2.2,2.0,6.0,1.4,2.0,19.0,0.19,7.0,0.07,0.1794,0.81,0.46,,0.1,0.25
resampling_p0.1_phi0.25,0.05,Traditional,MES,10.0,Resampling,100,20,14.0,-5.0,80.0,-2.2,2.0,6.0,1.4,2.0,19.0,0.19,7.0,0.07,0.1794,0.81,0.46,,0.1,0.25
resampling_p0.1_phi0.25,0.05,AV,AV,10.0,Resampling,100,20,14.0,-5.0,80.0,-2.2,2.0,6.0,1.4,2.0,19.0,0.19,7.0,0.07,0.1794,0.81,0.46,,0.1,0.25
resampling_p0.1_phi0.25,0.05,Tax,TaxPhragmen,2.0,Resampling,100,20,76.0,72.0,80.0,-1.8889,5.0,9.0,1.52,2.0,9.0,0.09,1.0,0.01,0.1299,0.81,0.03,,0.1,0.25
resampling_p0.1_phi0.25,0.05,Tax,TaxMES,2.0,Resampling,100,20,76.0,72.0,80.0,-1.8889,5.0,9.0,1.52,2.0,9.0,0.09,1.0,0.01,0.1299,0.81,0.03,,0.1,0.25
resampling_p0.1_phi0.25,0.05,Hamming_Traditional,PAV_vs_SeqPhragmen,,Resampling,100,20,,,,,,,,,,,,,,,,2.0,0.1,0.25
resampling_p0.1_phi0.25,0.05,Hamming_Traditional,PAV_vs_MES,,Resampling,100,20,,,,,,,,,,,,,,,,2.0,0.1,0.25
resampling_p0.1_phi0.25,0.05,Hamming_Traditional,SeqPhragmen_vs_MES,,Resampling,100,20,,,,,,,,,,,,,,,,0.0,0.1,0.25
resampling_p0.1_phi0.25,0.05,Hamming_Traditional,AV_vs_PAV,,Resampling,100,20,,,,,,,,,,,,,,,,2.0,0.1,0.25
resampling_p0.1_phi0.25,0.05,Hamming_Traditional,AV_vs_SeqPhragmen,,Resampling,100,20,,,,,,,,,,,,,,,,0.0,0.1,0.25
resampling_p0.1_phi0.25,0.05,Hamming_Traditional,AV_vs_MES,,Resampling,100,20,,,,,,,,,,,,,,,,0.0,0.1,0.25
resampling_p0.1_phi0.25,0.05,Cross_Hamming,PAV_vs_TaxMES,,Resampling,100,20,,,,,,,,,,,,,,,,8.0,0.1,0.25
resampling_p0.1_phi0.25,0.05,Cross_Hamming,PAV_vs_TaxPhragmen,,Resampling,100,20,,,,,,,,,,,,,,,,8.0,0.1,0.25
resampling_p0.1_phi0.25,0.05,Cross_Hamming,SeqPhragmen_vs_TaxPhragmen,,Resampling,100,20,,,,,,,,,,,,,,,,8.0,0.1,0.25
resampling_p0.1_phi0.25,0.05,Cross_Hamming,SeqPhragmen_vs_TaxMES,,Resampling,100,20,,,,,,,,,,,,,,,,8.0,0.1,0.25
resampling_p0.1_phi0.25,0.05,Cross_Hamming,MES_vs_TaxMES,,Resampling,100,20,,,,,,,,,,,,,,,,8.0,0.1,0.25
resampling_p0.1_phi0.25,0.05,Cross_Hamming,MES_vs_TaxPhragmen,,Resampling,100,20,,,,,,,,,,,,,,,,8.0,0.1,0.25
resampling_p0.1_phi0.25,0.05,Cross_Hamming,TaxPhragmen_vs_TaxMES,,Resampling,100,20,,,,,,,,,,,,,,,,0.0,0.1,0.25
resampling_p0.1_phi0.25,0.05,Cross_Hamming,AV_vs_TaxMES,,Resampling,100,20,,,,,,,,,,,,,,,,8.0,0.1,0.25
resampling_p0.1_phi0.25,0.05,Cross_Hamming,AV_vs_TaxPhragmen,,Resampling,100,20,,,,,,,,,,,,,,,,8.0,0.1,0.25
resampling_p0.1_phi0.5,0.05,Traditional,PAV,10.0,Resampling,100,20,12.2,0.0,50.0,-1.3,1.0,2.0,1.22,1.0,26.0,0.26,8.0,0.08,0.2237,0.81,0.39,,0.1,0.5
resampling_p0.1_phi0.5,0.05,Traditional,SeqPhragmen,10.0,Resampling,100,20,12.2,0.0,50.0,-1.3,1.0,2.0,1.22,1.0,26.0,0.26,8.0,0.08,0.2237,0.81,0.39,,0.1,0.5
resampling_p0.1_phi0.5,0.05,Traditional,MES,10.0,Resampling,100,20,12.2,0.0,50.0,-1.3,1.0,2.0,1.22,1.0,26.0,0.26,8.0,0.08,0.2237,0.81,0.39,,0.1,0.5
resampling_p0.1_phi0.5,0.05,AV,AV,10.0,Resampling,100,20,12.2,0.0,50.0,-1.3,1.0,2.0,1.22,1.0,26.0,0.26,8.0,0.08,0.2237,0.81,0.39,,0.1,0.5
resampling_p0.1_phi0.5,0.05,Tax,TaxPhragmen,2.0,Resampling,100,20,45.5,41.0,50.0,1.0,8.0,14.0,0.91,1.0,34.0,0.34,3.0,0.03,0.2383,0.81,0.07,,0.1,0.5
resampling_p0.1_phi0.5,0.05,Tax,TaxMES,2.0,Resampling,100,20,45.5,41.0,50.0,1.0,8.0,14.0,0.91,1.0,34.0,0.34,3.0,0.03,0.2383,0.81,0.07,,0.1,0.5
resampling_p0.1_phi0.5,0.05,Hamming_Traditional,PAV_vs_SeqPhragmen,,Resampling,100,20,,,,,,,,,,,,,,,,0.0,0.1,0.5
resampling_p0.1_phi0.5,0.05,Hamming_Traditional,PAV_vs_MES,,Resampling,100,20,,,,,,,,,,,,,,,,0.0,0.1,0.5
resampling_p0.1_phi0.5,0.05,Hamming_Traditional,SeqPhragmen_vs_MES,,Resampling,100,20,,,,,,,,,,,,,,,,0.0,0.1,0.5
resampling_p0.1_phi0.5,0.05,Hamming_Traditional,AV_vs_PAV,,Resampling,100,20,,,,,,,,,,,,,,,,0.0,0.1,0.5
resampling_p0.1_phi0.5,0.05,Hamming_Traditional,AV_vs_SeqPhragmen,,Resampling,100,20,,,,,,,,,,,,,,,,0.0,0.1,0.5
resampling_p0.1_phi0.5,0.05,Hamming_Traditional,AV_vs_MES,,Resampling,100,20,,,,,,,,,,,,,,,,0.0,0.1,0.5
resampling_p0.1_phi0.5,0.05,Cross_Hamming,PAV_vs_TaxMES,,Resampling,100,20,,,,,,,,,,,,,,,,8.0,0.1,0.5
resampling_p0.1_phi0.5,0.05,Cross_Hamming,PAV_vs_TaxPhragmen,,Resampling,100,20,,,,,,,,,,,,,,,,8.0,0.1,0.5
resampling_p0.1_phi0.5,0.05,Cross_Hamming,SeqPhragmen_vs_TaxPhragmen,,Resampling,100,20,,,,,,,,,,,,,,,,8.0,0.1,0.5
resampling_p0.1_phi0.5,0.05,Cross_Hamming,SeqPhragmen_vs_TaxMES,,Resampling,100,20,,,,,,,,,,,,,,,,8.0,0.1,0.5
resampling_p0.1_phi0.5,0.05,Cross_Hamming,MES_vs_TaxMES,,Resampling,100,20,,,,,,,,,,,,,,,,8.0,0.1,0.5
resampling_p0.1_phi0.5,0.05,Cross_Hamming,MES_vs_TaxPhragmen,,Resampling,100,20,,,,,,,,,,,,,,,,8.0,0.1,0.5
resampling_p0.1_phi0.5,0.05,Cross_Hamming,TaxPhragmen_vs_TaxMES,,Resampling,100,20,,,,,,,,,,,,,,,,0.0,0.1,0.5
resampling_p0.1_phi0.5,0.05,Cross_Hamming,AV_vs_TaxMES,,Resampling,100,20,,,,,,,,,,,,,,,,8.0,0.1,0.5
resampling_p0.1_phi0.5,0.05,Cross_Hamming,AV_vs_TaxPhragmen,,Resampling,100,20,,,,,,,,,,,,,,,,8.0,0.1,0.5
resampling_p0.1_phi0.75,0.05,Traditional,PAV,10.0,Resampling,100,20,11.0,3.0,37.0,1.1,4.0,6.0,1.1,1.0,29.0,0.29,8.0,0.08,0.2061,0.81,0.35,,0.1,0.75
resampling_p0.1_phi0.75,0.05,Traditional,SeqPhragmen,10.0,Resampling,100,20,11.0,3.0,37.0,1.1,4.0,6.0,1.1,1.0,29.0,0.29,8.0,0.08,0.2061,0.81,0.35,,0.1,0.75
resampling_p0.1_phi0.75,0.05,Traditional,MES,10.0,Resampling,100,20,11.0,3.0,37.0,1.1,4.0,6.0,1.1,1.0,29.0,0.29,8.0,0.08,0.2061,0.81,0.35,,0.1,0.75
resampling_p0.1_phi0.75,0.05,AV,AV,10.0,Resampling,100,20,11.0,3.0,37.0,1.1,4.0,6.0,1.1,1.0,29.0,0.29,8.0,0.08,0.2061,0.81,0.35,,0.1,0.75
resampling_p0.1_phi0.75,0.05,Tax,TaxPhragmen,2.0,Resampling,100,20,31.5,26.0,37.0,3.2222,10.0,2.0,0.63,1.0,45.0,0.45,5.0,0.05,0.1617,0.81,0.08,,0.1,0.75
resampling_p0.1_phi0.75,0.05,Tax,TaxMES,2.0,Resampling,100,20,31.5,26.0,37.0,3.2222,10.0,2.0,0.63,1.0,45.0,0.45,5.0,0.05,0.1617,0.81,0.08,,0.1,0.75
resampling_p0.1_phi0.75,0.05,Hamming_Traditional,PAV_vs_SeqPhragmen,,Resampling,100,20,,,,,,,,,,,,,,,,0.0,0.1,0.75
resampling_p0.1_phi0.75,0.05,Hamming_Traditional,PAV_vs_MES,,Resampling,100,20,,,,,,,,,,,,,,,,0.0,0.1,0.75
resampling_p0.1_phi0.75,0.05,Hamming_Traditional,SeqPhragmen_vs_MES,,Resampling,100,20,,,,,,,,,,,,,,,,0.0,0.1,0.75
resampling_p0.1_phi0.75,0.05,Hamming_Traditional,AV_vs_PAV,,Resampling,100,20,,,,,,,,,,,,,,,,0.0,0.1,0.75
resampling_p0.1_phi0.75,0.05,Hamming_Traditional,AV_vs_SeqPhragmen,,Resampling,100,20,,,,,,,,,,,,,,,,0.0,0.1,0.75
resampling_p0.1_phi0.75,0.05,Hamming_Traditional,AV_vs_MES,,Resampling,100,20,,,,,,,,,,,,,,,,0.0,0.1,0.75
resampling_p0.1_phi0.75,0.05,Cross_Hamming,PAV_vs_TaxMES,,Resampling,100,20,,,,,,,,,,,,,,,,8.0,0.1,0.75
resampling_p0.1_phi0.75,0.05,Cross_Hamming,PAV_vs_TaxPhragmen,,Resampling,100,20,,,,,,,,,,,,,,,,8.0,0.1,0.75
resampling_p0.1_phi0.75,0.05,Cross_Hamming,SeqPhragmen_vs_TaxPhragmen,,Resampling,100,20,,,,,,,,,,,,,,,,8.0,0.1,0.75
resampling_p0.1_phi0.75,0.05,Cross_Hamming,SeqPhragmen_vs_TaxMES,,Resampling,100,20,,,,,,,,,,,,,,,,8.0,0.1,0.75
resampling_p0.1_phi0.75,0.05,Cross_Hamming,MES_vs_TaxMES,,Resampling,100,20,,,,,,,,,,,,,,,,8.0,0.1,0.75
resampling_p0.1_phi0.75,0.05,Cross_Hamming,MES_vs_TaxPhragmen,,Resampling,100,20,,,,,,,,,,,,,,,,8.0,0.1,0.75
resampling_p0.1_phi0.75,0.05,Cross_Hamming,TaxPhragmen_vs_TaxMES,,Resampling,100,20,,,,,,,,,,,,,,,,0.0,0.1,0.75
resampling_p0.1_phi0.75,0.05,Cross_Hamming,AV_vs_TaxMES,,Resampling,100,20,,,,,,,,,,,,,,,,8.0,0.1,0.75
resampling_p0.1_phi0.75,0.05,Cross_Hamming,AV_vs_TaxPhragmen,,Resampling,100,20,,,,,,,,,,,,,,,,8.0,0.1,0.75
resampling_p0.1_phi1,0.05,Traditional,PAV,10.0,Resampling,100,20,7.5,3.0,12.0,4.8,11.0,0.0,0.75,1.0,46.0,0.46,12.0,0.12,0.2284,0.81,0.46,,0.1,1.0
resampling_p0.1_phi1,0.05,Traditional,SeqPhragmen,10.0,Resampling,100,20,7.6,3.0,12.0,4.7,11.0,0.0,0.76,1.0,46.0,0.46,10.0,0.1,0.223,0.81,0.45,,0.1,1.0
resampling_p0.1_phi1,0.05,Traditional,MES,10.0,Resampling,100,20,7.5,3.0,12.0,4.8,11.0,0.0,0.75,1.0,46.0,0.46,12.0,0.12,0.2284,0.81,0.46,,0.1,1.0
resampling_p0.1_phi1,0.05,AV,AV,10.0,Resampling,100,20,8.5,5.0,12.0,3.8,7.0,12.0,0.85,1.0,40.0,0.4,12.0,0.12,0.2318,0.81,0.39,,0.1,1.0
resampling_p0.1_phi1,0.05,Tax,TaxPhragmen,2.0,Resampling,100,20,11.5,11.0,12.0,5.5556,12.0,9.0,0.23,0.0,74.0,0.74,4.0,0.04,0.1957,0.81,0.04,,0.1,1.0
resampling_p0.1_phi1,0.05,Tax,TaxMES,2.0,Resampling,100,20,11.5,11.0,12.0,5.5556,12.0,9.0,0.23,0.0,74.0,0.74,4.0,0.04,0.1957,0.81,0.04,,0.1,1.0
resampling_p0.1_phi1,0.05,Hamming_Traditional,PAV_vs_SeqPhragmen,,Resampling,100,20,,,,,,,,,,,,,,,,2.0,0.1,1.0
resampling_p0.1_phi1,0.05,Hamming_Traditional,PAV_vs_MES,,Resampling,100,20,,,,,,,,,,,,,,,,0.0,0.1,1.0
resampling_p0.1_phi1,0.05,Hamming_Traditional,SeqPhragmen_vs_MES,,Resampling,100,20,,,,,,,,,,,,,,,,2.0,0.1,1.0
resampling_p0.1_phi1,0.05,Hamming_Traditional,AV_vs_PAV,,Resampling,100,20,,,,,,,,,,,,,,,,4.0,0.1,1.0
resampling_p0.1_phi1,0.05,Hamming_Traditional,AV_vs_SeqPhragmen,,Resampling,100,20,,,,,,,,,,,,,,,,4.0,0.1,1.0
resampling_p0.1_phi1,0.05,Hamming_Traditional,AV_vs_MES,,Resampling,100,20,,,,,,,,,,,,,,,,4.0,0.1,1.0
resampling_p0.1_phi1,0.05,Cross_Hamming,PAV_vs_TaxMES,,Resampling,100,20,,,,,,,,,,,,,,,,10.0,0.1,1.0
resampling_p0.1_phi1,0.05,Cross_Hamming,PAV_vs_TaxPhragmen,,Resampling,100,20,,,,,,,,,,,,,,,,10.0,0.1,1.0
resampling_p0.1_phi1,0.05,Cross_Hamming,SeqPhragmen_vs_TaxPhragmen,,Resampling,100,20,,,,,,,,,,,,,,,,10.0,0.1,1.0
resampling_p0.1_phi1,0.05,Cross_Hamming,SeqPhragmen_vs_TaxMES,,Resampling,100,20,,,,,,,,,,,,,,,,10.0,0.1,1.0
resampling_p0.1_phi1,0.05,Cross_Hamming,MES_vs_TaxMES,,Resampling,100,20,,,,,,,,,,,,,,,,10.0,0.1,1.0
resampling_p0.1_phi1,0.05,Cross_Hamming,MES_vs_TaxPhragmen,,Resampling,100,20,,,,,,,,,,,,,,,,10.0,0.1,1.0
resampling_p0.1_phi1,0.05,Cross_Hamming,TaxPhragmen_vs_TaxMES,,Resampling,100,20,,,,,,,,,,,,,,,,0.0,0.1,1.0
resampling_p0.1_phi1,0.05,Cross_Hamming,AV_vs_TaxMES,,Resampling,100,20,,,,,,,,,,,,,,,,8.0,0.1,1.0
resampling_p0.1_phi1,0.05,Cross_Hamming,AV_vs_TaxPhragmen,,Resampling,100,20,,,,,,,,,,,,,,,,8.0,0.1,1.0
resampling_p0.3_phi0.25,0.05,Traditional,PAV,10.0,Resampling,100,20,53.8,7.0,86.0,2.0,7.0,6.0,5.38,5.5,0.0,0.0,0.0,0.0,0.1242,0.69,0.2,,0.3,0.25
resampling_p0.3_phi0.25,0.05,Traditional,SeqPhragmen,10.0,Resampling,100,20,53.8,7.0,86.0,2.0,7.0,6.0,5.38,5.5,0.0,0.0,0.0,0.0,0.1242,0.69,0.2,,0.3,0.25
resampling_p0.3_phi0.25,0.05,Traditional,MES,10.0,Resampling,100,20,53.8,7.0,86.0,2.0,7.0,6.0,5.38,5.5,0.0,0.0,0.0,0.0,0.1242,0.69,0.2,,0.3,0.25
resampling_p0.3_phi0.25,0.05,AV,AV,10.0,Resampling,100,20,53.8,7.0,86.0,2.0,7.0,6.0,5.38,5.5,0.0,0.0,0.0,0.0,0.1242,0.69,0.2,,0.3,0.25
resampling_p0.3_phi0.25,0.05,Tax,TaxPhragmen,6.0,Resampling,100,20,84.1667,82.0,86.0,3.7857,10.0,7.0,5.05,5.0,0.0,0.0,0.0,0.0,0.099,0.69,0.03,,0.3,0.25
resampling_p0.3_phi0.25,0.05,Tax,TaxMES,6.0,Resampling,100,20,84.1667,82.0,86.0,3.7857,10.0,7.0,5.05,5.0,0.0,0.0,0.0,0.0,0.099,0.69,0.03,,0.3,0.25
resampling_p0.3_phi0.25,0.05,Hamming_Traditional,PAV_vs_SeqPhragmen,,Resampling,100,20,,,,,,,,,,,,,,,,0.0,0.3,0.25
resampling_p0.3_phi0.25,0.05,Hamming_Traditional,PAV_vs_MES,,Resampling,100,20,,,,,,,,,,,,,,,,0.0,0.3,0.25
resampling_p0.3_phi0.25,0.05,Hamming_Traditional,SeqPhragmen_vs_MES,,Resampling,100,20,,,,,,,,,,,,,,,,0.0,0.3,0.25
resampling_p0.3_phi0.25,0.05,Hamming_Traditional,AV_vs_PAV,,Resampling,100,20,,,,,,,,,,,,,,,,0.0,0.3,0.25
resampling_p0.3_phi0.25,0.05,Hamming_Traditional,AV_vs_SeqPhragmen,,Resampling,100,20,,,,,,,,,,,,,,,,0.0,0.3,0.25
resampling_p0.3_phi0.25,0.05,Hamming_Traditional,AV_vs_MES,,Resampling,100,20,,,,,,,,,,,,,,,,0.0,0.3,0.25
resampling_p0.3_phi0.25,0.05,Cross_Hamming,PAV_vs_TaxMES,,Resampling,100,20,,,,,,,,,,,,,,,,4.0,0.3,0.25
resampling_p0.3_phi0.25,0.05,Cross_Hamming,PAV_vs_TaxPhragmen,,Resampling,100,20,,,,,,,,,,,,,,,,4.0,0.3,0.25
resampling_p0.3_phi0.25,0.05,Cross_Hamming,SeqPhragmen_vs_TaxPhragmen,,Resampling,100,20,,,,,,,,,,,,,,,,4.0,0.3,0.25
resampling_p0.3_phi0.25,0.05,Cross_Hamming,SeqPhragmen_vs_TaxMES,,Resampling,100,20,,,,,,,,,,,,,,,,4.0,0.3,0.25
resampling_p0.3_phi0.25,0.05,Cross_Hamming,MES_vs_TaxMES,,Resampling,100,20,,,,,,,,,,,,,,,,4.0,0.3,0.25
resampling_p0.3_phi0.25,0.05,Cross_Hamming,MES_vs_TaxPhragmen,,Resampling,100,20,,,,,,,,,,,,,,,,4.0,0.3,0.25
resampling_p0.3_phi0.25,0.05,Cross_Hamming,TaxPhragmen_vs_TaxMES,,Resampling,100,20,,,,,,,,,,,,,,,,0.0,0.3,0.25
resampling_p0.3_phi0.25,0.05,Cross_Hamming,AV_vs_TaxMES,,Resampling,100,20,,,,,,,,,,,,,,,,4.0,0.3,0.25
resampling_p0.3_phi0.25,0.05,Cross_Hamming,AV_vs_TaxPhragmen,,Resampling,100,20,,,,,,,,,,,,,,,,4.0,0.3,0.25
resampling_p0.3_phi0.5,0.05,Traditional,PAV,10.0,Resampling,100,20,40.9,10.0,66.0,9.9,13.0,13.0,4.09,4.0,0.0,0.0,0.0,0.0,0.2054,0.72,0.3,,0.3,0.5
resampling_p0.3_phi0.5,0.05,Traditional,SeqPhragmen,10.0,Resampling,100,20,40.1,7.0,66.0,10.7,15.0,15.0,4.01,4.0,3.0,0.03,0.0,0.0,0.2438,0.72,0.38,,0.3,0.5
resampling_p0.3_phi0.5,0.05,Traditional,MES,10.0,Resampling,100,20,40.1,7.0,66.0,10.7,15.0,15.0,4.01,4.0,2.0,0.02,1.0,0.01,0.1852,0.72,0.36,,0.3,0.5
resampling_p0.3_phi0.5,0.05,AV,AV,10.0,Resampling,100,20,40.9,10.0,66.0,9.9,13.0,13.0,4.09,4.0,1.0,0.01,0.0,0.0,0.2252,0.72,0.31,,0.3,0.5
resampling_p0.3_phi0.5,0.05,Tax,TaxPhragmen,6.0,Resampling,100,20,59.0,49.0,66.0,11.0,16.0,19.0,3.54,4.0,1.0,0.01,0.0,0.0,0.2073,0.72,0.15,,0.3,0.5
resampling_p0.3_phi0.5,0.05,Tax,TaxMES,6.0,Resampling,100,20,59.0,49.0,66.0,11.0,16.0,19.0,3.54,4.0,1.0,0.01,0.0,0.0,0.2073,0.72,0.15,,0.3,0.5
resampling_p0.3_phi0.5,0.05,Hamming_Traditional,PAV_vs_SeqPhragmen,,Resampling,100,20,,,,,,,,,,,,,,,,4.0,0.3,0.5
resampling_p0.3_phi0.5,0.05,Hamming_Traditional,PAV_vs_MES,,Resampling,100,20,,,,,,,,,,,,,,,,4.0,0.3,0.5
resampling_p0.3_phi0.5,0.05,Hamming_Traditional,SeqPhragmen_vs_MES,,Resampling,100,20,,,,,,,,,,,,,,,,2.0,0.3,0.5
resampling_p0.3_phi0.5,0.05,Hamming_Traditional,AV_vs_PAV,,Resampling,100,20,,,,,,,,,,,,,,,,2.0,0.3,0.5
resampling_p0.3_phi0.5,0.05,Hamming_Traditional,AV_vs_SeqPhragmen,,Resampling,100,20,,,,,,,,,,,,,,,,2.0,0.3,0.5
resampling_p0.3_phi0.5,0.05,Hamming_Traditional,AV_vs_MES,,Resampling,100,20,,,,,,,,,,,,,,,,2.0,0.3,0.5
resampling_p0.3_phi0.5,0.05,Cross_Hamming,PAV_vs_TaxMES,,Resampling,100,20,,,,,,,,,,,,,,,,4.0,0.3,0.5
resampling_p0.3_phi0.5,0.05,Cross_Hamming,PAV_vs_TaxPhragmen,,Resampling,100,20,,,,,,,,,,,,,,,,4.0,0.3,0.5
resampling_p0.3_phi0.5,0.05,Cross_Hamming,SeqPhragmen_vs_TaxPhragmen,,Resampling,100,20,,,,,,,,,,,,,,,,4.0,0.3,0.5
resampling_p0.3_phi0.5,0.05,Cross_Hamming,SeqPhragmen_vs_TaxMES,,Resampling,100,20,,,,,,,,,,,,,,,,4.0,0.3,0.5
resampling_p0.3_phi0.5,0.05,Cross_Hamming,MES_vs_TaxMES,,Resampling,100,20,,,,,,,,,,,,,,,,4.0,0.3,0.5
resampling_p0.3_phi0.5,0.05,Cross_Hamming,MES_vs_TaxPhragmen,,Resampling,100,20,,,,,,,,,,,,,,,,4.0,0.3,0.5
resampling_p0.3_phi0.5,0.05,Cross_Hamming,TaxPhragmen_vs_TaxMES,,Resampling,100,20,,,,,,,,,,,,,,,,0.0,0.3,0.5
resampling_p0.3_phi0.5,0.05,Cross_Hamming,AV_vs_TaxMES,,Resampling,100,20,,,,,,,,,,,,,,,,4.0,0.3,0.5
resampling_p0.3_phi0.5,0.05,Cross_Hamming,AV_vs_TaxPhragmen,,Resampling,100,20,,,,,,,,,,,,,,,,4.0,0.3,0.5
resampling_p0.3_phi0.75,0.05,Traditional,PAV,10.0,Resampling,100,20,37.4,23.0,49.0,16.4,23.0,16.0,3.74,4.0,4.0,0.04,1.0,0.01,0.2007,0.72,0.28,,0.3,0.75
resampling_p0.3_phi0.75,0.05,Traditional,SeqPhragmen,10.0,Resampling,100,20,37.4,23.0,49.0,16.4,23.0,16.0,3.74,4.0,4.0,0.04,1.0,0.01,0.2007,0.72,0.28,,0.3,0.75
resampling_p0.3_phi0.75,0.05,Traditional,MES,10.0,Resampling,100,20,37.4,23.0,49.0,16.4,23.0,16.0,3.74,4.0,4.0,0.04,1.0,0.01,0.2007,0.72,0.28,,0.3,0.75
resampling_p0.3_phi0.75,0.05,AV,AV,10.0,Resampling,100,20,37.4,23.0,49.0,16.4,23.0,10.0,3.74,4.0,4.0,0.04,1.0,0.01,0.2151,0.72,0.29,,0.3,0.75
resampling_p0.3_phi0.75,0.05,Tax,TaxPhragmen,6.0,Resampling,100,20,45.6667,43.0,49.0,18.8571,27.0,14.0,2.74,3.0,6.0,0.06,1.0,0.01,0.2055,0.72,0.2,,0.3,0.75
resampling_p0.3_phi0.75,0.05,Tax,TaxMES,6.0,Resampling,100,20,45.6667,43.0,49.0,18.8571,27.0,14.0,2.74,3.0,6.0,0.06,1.0,0.01,0.2055,0.72,0.2,,0.3,0.75
resampling_p0.3_phi0.75,0.05,Hamming_Traditional,PAV_vs_SeqPhragmen,,Resampling,100,20,,,,,,,,,,,,,,,,0.0,0.3,0.75
resampling_p0.3_phi0.75,0.05,Hamming_Traditional,PAV_vs_MES,,Resampling,100,20,,,,,,,,,,,,,,,,0.0,0.3,0.75
resampling_p0.3_phi0.75,0.05,Hamming_Traditional,SeqPhragmen_vs_MES,,Resampling,100,20,,,,,,,,,,,,,,,,0.0,0.3,0.75
resampling_p0.3_phi0.75,0.05,Hamming_Traditional,AV_vs_PAV,,Resampling,100,20,,,,,,,,,,,,,,,,2.0,0.3,0.75
resampling_p0.3_phi0.75,0.05,Hamming_Traditional,AV_vs_SeqPhragmen,,Resampling,100,20,,,,,,,,,,,,,,,,2.0,0.3,0.75
resampling_p0.3_phi0.75,0.05,Hamming_Traditional,AV_vs_MES,,Resampling,100,20,,,,,,,,,,,,,,,,2.0,0.3,0.75
resampling_p0.3_phi0.75,0.05,Cross_Hamming,PAV_vs_TaxMES,,Resampling,100,20,,,,,,,,,,,,,,,,4.0,0.3,0.75
resampling_p0.3_phi0.75,0.05,Cross_Hamming,PAV_vs_TaxPhragmen,,Resampling,100,20,,,,,,,,,,,,,,,,4.0,0.3,0.75
resampling_p0.3_phi0.75,0.05,Cross_Hamming,SeqPhragmen_vs_TaxPhragmen,,Resampling,100,20,,,,,,,,,,,,,,,,4.0,0.3,0.75
resampling_p0.3_phi0.75,0.05,Cross_Hamming,SeqPhragmen_vs_TaxMES,,Resampling,100,20,,,,,,,,,,,,,,,,4.0,0.3,0.75
resampling_p0.3_phi0.75,0.05,Cross_Hamming,MES_vs_TaxMES,,Resampling,100,20,,,,,,,,,,,,,,,,4.0,0.3,0.75
resampling_p0.3_phi0.75,0.05,Cross_Hamming,MES_vs_TaxPhragmen,,Resampling,100,20,,,,,,,,,,,,,,,,4.0,0.3,0.75
resampling_p0.3_phi0.75,0.05,Cross_Hamming,TaxPhragmen_vs_TaxMES,,Resampling,100,20,,,,,,,,,,,,,,,,0.0,0.3,0.75
resampling_p0.3_phi0.75,0.05,Cross_Hamming,AV_vs_TaxMES,,Resampling,100,20,,,,,,,,,,,,,,,,4.0,0.3,0.75
resampling_p0.3_phi0.75,0.05,Cross_Hamming,AV_vs_TaxPhragmen,,Resampling,100,20,,,,,,,,,,,,,,,,4.0,0.3,0.75
resampling_p0.3_phi1,0.05,Traditional,PAV,10.0,Resampling,100,20,30.7,26.0,37.0,22.8,29.0,2.0,3.07,3.0,3.0,0.03,2.0,0.02,0.2137,0.72,0.29,,0.3,1.0
resampling_p0.3_phi1,0.05,Traditional,SeqPhragmen,10.0,Resampling,100,20,30.0,23.0,37.0,23.5,30.0,18.0,3.0,3.0,4.0,0.04,2.0,0.02,0.1935,0.72,0.31,,0.3,1.0
resampling_p0.3_phi1,0.05,Traditional,MES,10.0,Resampling,100,20,30.4,23.0,37.0,23.1,29.0,2.0,3.04,3.0,2.0,0.02,2.0,0.02,0.1672,0.72,0.31,,0.3,1.0
resampling_p0.3_phi1,0.05,AV,AV,10.0,Resampling,100,20,31.0,28.0,37.0,22.5,26.0,6.0,3.1,3.0,4.0,0.04,1.0,0.01,0.1785,0.72,0.29,,0.3,1.0
resampling_p0.3_phi1,0.05,Tax,TaxPhragmen,7.0,Resampling,100,20,31.8571,30.0,37.0,24.0,30.0,18.0,2.23,2.0,6.0,0.06,2.0,0.02,0.1691,0.72,0.18,,0.3,1.0
resampling_p0.3_phi1,0.05,Tax,TaxMES,7.0,Resampling,100,20,31.8571,30.0,37.0,24.0,30.0,18.0,2.23,2.0,6.0,0.06,2.0,0.02,0.1691,0.72,0.18,,0.3,1.0
resampling_p0.3_phi1,0.05,Hamming_Traditional,PAV_vs_SeqPhragmen,,Resampling,100,20,,,,,,,,,,,,,,,,2.0,0.3,1.0
resampling_p0.3_phi1,0.05,Hamming_Traditional,PAV_vs_MES,,Resampling,100,20,,,,,,,,,,,,,,,,2.0,0.3,1.0
resampling_p0.3_phi1,0.05,Hamming_Traditional,SeqPhragmen_vs_MES,,Resampling,100,20,,,,,,,,,,,,,,,,2.0,0.3,1.0
resampling_p0.3_phi1,0.05,Hamming_Traditional,AV_vs_PAV,,Resampling,100,20,,,,,,,,,,,,,,,,2.0,0.3,1.0
resampling_p0.3_phi1,0.05,Hamming_Traditional,AV_vs_SeqPhragmen,,Resampling,100,20,,,,,,,,,,,,,,,,4.0,0.3,1.0
resampling_p0.3_phi1,0.05,Hamming_Traditional,AV_vs_MES,,Resampling,100,20,,,,,,,,,,,,,,,,2.0,0.3,1.0
resampling_p0.3_phi1,0.05,Cross_Hamming,PAV_vs_TaxMES,,Resampling,100,20,,,,,,,,,,,,,,,,3.0,0.3,1.0
resampling_p0.3_phi1,0.05,Cross_Hamming,PAV_vs_TaxPhragmen,,Resampling,100,20,,,,,,,,,,,,,,,,3.0,0.3,1.0
resampling_p0.3_phi1,0.05,Cross_Hamming,SeqPhragmen_vs_TaxPhragmen,,Resampling,100,20,,,,,,,,,,,,,,,,3.0,0.3,1.0
resampling_p0.3_phi1,0.05,Cross_Hamming,SeqPhragmen_vs_TaxMES,,Resampling,100,20,,,,,,,,,,,,,,,,3.0,0.3,1.0
resampling_p0.3_phi1,0.05,Cross_Hamming,MES_vs_TaxMES,,Resampling,100,20,,,,,,,,,,,,,,,,3.0,0.3,1.0
resampling_p0.3_phi1,0.05,Cross_Hamming,MES_vs_TaxPhragmen,,Resampling,100,20,,,,,,,,,,,,,,,,3.0,0.3,1.0
resampling_p0.3_phi1,0.05,Cross_Hamming,TaxPhragmen_vs_TaxMES,,Resampling,100,20,,,,,,,,,,,,,,,,0.0,0.3,1.0
resampling_p0.3_phi1,0.05,Cross_Hamming,AV_vs_TaxMES,,Resampling,100,20,,,,,,,,,,,,,,,,3.0,0.3,1.0
resampling_p0.3_phi1,0.05,Cross_Hamming,AV_vs_TaxPhragmen,,Resampling,100,20,,,,,,,,,,,,,,,,3.0,0.3,1.0
resampling_p0.5_phi0.25,0.05,Traditional,PAV,10.0,Resampling,100,20,88.1,85.0,94.0,9.0,17.0,18.0,8.81,9.0,0.0,0.0,0.0,0.0,0.0683,0.52,0.06,,0.5,0.25
resampling_p0.5_phi0.25,0.05,Traditional,SeqPhragmen,10.0,Resampling,100,20,88.1,85.0,94.0,9.0,17.0,18.0,8.81,9.0,0.0,0.0,0.0,0.0,0.0683,0.52,0.06,,0.5,0.25
resampling_p0.5_phi0.25,0.05,Traditional,MES,10.0,Resampling,100,20,88.1,85.0,94.0,9.0,17.0,18.0,8.81,9.0,0.0,0.0,0.0,0.0,0.0683,0.52,0.06,,0.5,0.25
resampling_p0.5_phi0.25,0.05,AV,AV,10.0,Resampling,100,20,88.1,85.0,94.0,9.0,17.0,18.0,8.81,9.0,0.0,0.0,0.0,0.0,0.0683,0.52,0.06,,0.5,0.25
resampling_p0.5_phi0.25,0.05,Tax,TaxPhragmen,9.0,Resampling,100,20,88.4444,86.0,94.0,15.9091,85.0,5.0,7.96,8.0,0.0,0.0,0.0,0.0,0.067,0.52,0.02,,0.5,0.25
resampling_p0.5_phi0.25,0.05,Tax,TaxMES,9.0,Resampling,100,20,88.4444,86.0,94.0,15.9091,85.0,5.0,7.96,8.0,0.0,0.0,0.0,0.0,0.067,0.52,0.02,,0.5,0.25
resampling_p0.5_phi0.25,0.05,Hamming_Traditional,PAV_vs_SeqPhragmen,,Resampling,100,20,,,,,,,,,,,,,,,,0.0,0.5,0.25
resampling_p0.5_phi0.25,0.05,Hamming_Traditional,PAV_vs_MES,,Resampling,100,20,,,,,,,,,,,,,,,,0.0,0.5,0.25
resampling_p0.5_phi0.25,0.05,Hamming_Traditional,SeqPhragmen_vs_MES,,Resampling,100,20,,,,,,,,,,,,,,,,0.0,0.5,0.25
resampling_p0.5_phi0.25,0.05,Hamming_Traditional,AV_vs_PAV,,Resampling,100,20,,,,,,,,,,,,,,,,0.0,0.5,0.25
resampling_p0.5_phi0.25,0.05,Hamming_Traditional,AV_vs_SeqPhragmen,,Resampling,100,20,,,,,,,,,,,,,,,,0.0,0.5,0.25
resampling_p0.5_phi0.25,0.05,Hamming_Traditional,AV_vs_MES,,Resampling,100,20,,,,,,,,,,,,,,,,0.0,0.5,0.25
resampling_p0.5_phi0.25,0.05,Cross_Hamming,PAV_vs_TaxMES,,Resampling,100,20,,,,,,,,,,,,,,,,1.0,0.5,0.25
resampling_p0.5_phi0.25,0.05,Cross_Hamming,PAV_vs_TaxPhragmen,,Resampling,100,20,,,,,,,,,,,,,,,,1.0,0.5,0.25
resampling_p0.5_phi0.25,0.05,Cross_Hamming,SeqPhragmen_vs_TaxPhragmen,,Resampling,100,20,,,,,,,,,,,,,,,,1.0,0.5,0.25
resampling_p0.5_phi0.25,0.05,Cross_Hamming,SeqPhragmen_vs_TaxMES,,Resampling,100,20,,,,,,,,,,,,,,,,1.0,0.5,0.25
resampling_p0.5_phi0.25,0.05,Cross_Hamming,MES_vs_TaxMES,,Resampling,100,20,,,,,,,,,,,,,,,,1.0,0.5,0.25
resampling_p0.5_phi0.25,0.05,Cross_Hamming,MES_vs_TaxPhragmen,,Resampling,100,20,,,,,,,,,,,,,,,,1.0,0.5,0.25
resampling_p0.5_phi0.25,0.05,Cross_Hamming,TaxPhragmen_vs_TaxMES,,Resampling,100,20,,,,,,,,,,,,,,,,0.0,0.5,0.25
resampling_p0.5_phi0.25,0.05,Cross_Hamming,AV_vs_TaxMES,,Resampling,100,20,,,,,,,,,,,,,,,,1.0,0.5,0.25
resampling_p0.5_phi0.25,0.05,Cross_Hamming,AV_vs_TaxPhragmen,,Resampling,100,20,,,,,,,,,,,,,,,,1.0,0.5,0.25
resampling_p0.5_phi0.5,0.05,Traditional,PAV,10.0,Resampling,100,20,70.9,68.0,77.0,20.3,29.0,18.0,7.09,7.0,0.0,0.0,0.0,0.0,0.116,0.54,0.13,,0.5,0.5
resampling_p0.5_phi0.5,0.05,Traditional,SeqPhragmen,10.0,Resampling,100,20,70.9,68.0,77.0,20.3,29.0,18.0,7.09,7.0,0.0,0.0,0.0,0.0,0.116,0.54,0.13,,0.5,0.5
resampling_p0.5_phi0.5,0.05,Traditional,MES,10.0,Resampling,100,20,70.9,68.0,77.0,20.3,29.0,18.0,7.09,7.0,0.0,0.0,0.0,0.0,0.116,0.54,0.13,,0.5,0.5
resampling_p0.5_phi0.5,0.05,AV,AV,10.0,Resampling,100,20,70.9,68.0,77.0,20.3,29.0,18.0,7.09,7.0,0.0,0.0,0.0,0.0,0.116,0.54,0.13,,0.5,0.5
resampling_p0.5_phi0.5,0.05,Tax,TaxPhragmen,9.0,Resampling,100,20,71.2222,69.0,77.0,24.6364,68.0,9.0,6.41,7.0,0.0,0.0,0.0,0.0,0.1212,0.54,0.1,,0.5,0.5
resampling_p0.5_phi0.5,0.05,Tax,TaxMES,9.0,Resampling,100,20,71.1111,68.0,77.0,24.7273,69.0,4.0,6.4,7.0,0.0,0.0,0.0,0.0,0.1224,0.54,0.13,,0.5,0.5
resampling_p0.5_phi0.5,0.05,Hamming_Traditional,PAV_vs_SeqPhragmen,,Resampling,100,20,,,,,,,,,,,,,,,,0.0,0.5,0.5
resampling_p0.5_phi0.5,0.05,Hamming_Traditional,PAV_vs_MES,,Resampling,100,20,,,,,,,,,,,,,,,,0.0,0.5,0.5
resampling_p0.5_phi0.5,0.05,Hamming_Traditional,SeqPhragmen_vs_MES,,Resampling,100,20,,,,,,,,,,,,,,,,0.0,0.5,0.5
resampling_p0.5_phi0.5,0.05,Hamming_Traditional,AV_vs_PAV,,Resampling,100,20,,,,,,,,,,,,,,,,0.0,0.5,0.5
resampling_p0.5_phi0.5,0.05,Hamming_Traditional,AV_vs_SeqPhragmen,,Resampling,100,20,,,,,,,,,,,,,,,,0.0,0.5,0.5
resampling_p0.5_phi0.5,0.05,Hamming_Traditional,AV_vs_MES,,Resampling,100,20,,,,,,,,,,,,,,,,0.0,0.5,0.5
resampling_p0.5_phi0.5,0.05,Cross_Hamming,PAV_vs_TaxMES,,Resampling,100,20,,,,,,,,,,,,,,,,1.0,0.5,0.5
resampling_p0.5_phi0.5,0.05,Cross_Hamming,PAV_vs_TaxPhragmen,,Resampling,100,20,,,,,,,,,,,,,,,,1.0,0.5,0.5
resampling_p0.5_phi0.5,0.05,Cross_Hamming,SeqPhragmen_vs_TaxPhragmen,,Resampling,100,20,,,,,,,,,,,,,,,,1.0,0.5,0.5
resampling_p0.5_phi0.5,0.05,Cross_Hamming,SeqPhragmen_vs_TaxMES,,Resampling,100,20,,,,,,,,,,,,,,,,1.0,0.5,0.5
resampling_p0.5_phi0.5,0.05,Cross_Hamming,MES_vs_TaxMES,,Resampling,100,20,,,,,,,,,,,,,,,,1.0,0.5,0.5
resampling_p0.5_phi0.5,0.05,Cross_Hamming,MES_vs_TaxPhragmen,,Resampling,100,20,,,,,,,,,,,,,,,,1.0,0.5,0.5
resampling_p0.5_phi0.5,0.05,Cross_Hamming,TaxPhragmen_vs_TaxMES,,Resampling,100,20,,,,,,,,,,,,,,,,2.0,0.5,0.5
resampling_p0.5_phi0.5,0.05,Cross_Hamming,AV_vs_TaxMES,,Resampling,100,20,,,,,,,,,,,,,,,,1.0,0.5,0.5
resampling_p0.5_phi0.5,0.05,Cross_Hamming,AV_vs_TaxPhragmen,,Resampling,100,20,,,,,,,,,,,,,,,,1.0,0.5,0.5
resampling_p0.5_phi0.75,0.05,Traditional,PAV,10.0,Resampling,100,20,60.4,55.0,67.0,36.3,44.0,18.0,6.04,6.0,0.0,0.0,0.0,0.0,0.14,0.52,0.22,,0.5,0.75
resampling_p0.5_phi0.75,0.05,Traditional,SeqPhragmen,10.0,Resampling,100,20,60.4,55.0,67.0,36.3,44.0,18.0,6.04,6.0,0.0,0.0,0.0,0.0,0.14,0.52,0.22,,0.5,0.75
resampling_p0.5_phi0.75,0.05,Traditional,MES,10.0,Resampling,100,20,60.4,55.0,67.0,36.3,44.0,18.0,6.04,6.0,0.0,0.0,0.0,0.0,0.14,0.52,0.22,,0.5,0.75
resampling_p0.5_phi0.75,0.05,AV,AV,10.0,Resampling,100,20,60.4,55.0,67.0,36.3,44.0,18.0,6.04,6.0,0.0,0.0,0.0,0.0,0.14,0.52,0.22,,0.5,0.75
resampling_p0.5_phi0.75,0.05,Tax,TaxPhragmen,8.0,Resampling,100,20,61.625,58.0,67.0,39.5,56.0,9.0,4.93,5.0,0.0,0.0,0.0,0.0,0.1573,0.52,0.18,,0.5,0.75
resampling_p0.5_phi0.75,0.05,Tax,TaxMES,9.0,Resampling,100,20,60.8889,55.0,67.0,38.0909,56.0,9.0,5.48,6.0,0.0,0.0,0.0,0.0,0.1437,0.52,0.21,,0.5,0.75
resampling_p0.5_phi0.75,0.05,Hamming_Traditional,PAV_vs_SeqPhragmen,,Resampling,100,20,,,,,,,,,,,,,,,,0.0,0.5,0.75
resampling_p0.5_phi0.75,0.05,Hamming_Traditional,PAV_vs_MES,,Resampling,100,20,,,,,,,,,,,,,,,,0.0,0.5,0.75
resampling_p0.5_phi0.75,0.05,Hamming_Traditional,SeqPhragmen_vs_MES,,Resampling,100,20,,,,,,,,,,,,,,,,0.0,0.5,0.75
resampling_p0.5_phi0.75,0.05,Hamming_Traditional,AV_vs_PAV,,Resampling,100,20,,,,,,,,,,,,,,,,0.0,0.5,0.75
resampling_p0.5_phi0.75,0.05,Hamming_Traditional,AV_vs_SeqPhragmen,,Resampling,100,20,,,,,,,,,,,,,,,,0.0,0.5,0.75
resampling_p0.5_phi0.75,0.05,Hamming_Traditional,AV_vs_MES,,Resampling,100,20,,,,,,,,,,,,,,,,0.0,0.5,0.75
resampling_p0.5_phi0.75,0.05,Cross_Hamming,PAV_vs_TaxMES,,Resampling,100,20,,,,,,,,,,,,,,,,1.0,0.5,0.75
resampling_p0.5_phi0.75,0.05,Cross_Hamming,PAV_vs_TaxPhragmen,,Resampling,100,20,,,,,,,,,,,,,,,,2.0,0.5,0.75
resampling_p0.5_phi0.75,0.05,Cross_Hamming,SeqPhragmen_vs_TaxPhragmen,,Resampling,100,20,,,,,,,,,,,,,,,,2.0,0.5,0.75
resampling_p0.5_phi0.75,0.05,Cross_Hamming,SeqPhragmen_vs_TaxMES,,Resampling,100,20,,,,,,,,,,,,,,,,1.0,0.5,0.75
resampling_p0.5_phi0.75,0.05,Cross_Hamming,MES_vs_TaxMES,,Resampling,100,20,,,,,,,,,,,,,,,,1.0,0.5,0.75
resampling_p0.5_phi0.75,0.05,Cross_Hamming,MES_vs_TaxPhragmen,,Resampling,100,20,,,,,,,,,,,,,,,,2.0,0.5,0.75
resampling_p0.5_phi0.75,0.05,Cross_Hamming,TaxPhragmen_vs_TaxMES,,Resampling,100,20,,,,,,,,,,,,,,,,1.0,0.5,0.75
resampling_p0.5_phi0.75,0.05,Cross_Hamming,AV_vs_TaxMES,,Resampling,100,20,,,,,,,,,,,,,,,,1.0,0.5,0.75
resampling_p0.5_phi0.75,0.05,Cross_Hamming,AV_vs_TaxPhragmen,,Resampling,100,20,,,,,,,,,,,,,,,,2.0,0.5,0.75
resampling_p0.5_phi1,0.05,Traditional,PAV,10.0,Resampling,100,20,51.5,48.0,60.0,44.8,53.0,3.0,5.15,5.0,1.0,0.01,0.0,0.0,0.1774,0.52,0.27,,0.5,1.0
resampling_p0.5_phi1,0.05,Traditional,SeqPhragmen,10.0,Resampling,100,20,52.0,48.0,60.0,44.3,50.0,17.0,5.2,5.0,1.0,0.01,0.0,0.0,0.1873,0.52,0.25,,0.5,1.0
resampling_p0.5_phi1,0.05,Traditional,MES,10.0,Resampling,100,20,51.9,48.0,60.0,44.4,50.0,17.0,5.19,5.0,0.0,0.0,0.0,0.0,0.1811,0.52,0.24,,0.5,1.0
resampling_p0.5_phi1,0.05,AV,AV,10.0,Resampling,100,20,52.2,49.0,60.0,44.1,48.0,11.0,5.22,5.0,1.0,0.01,0.0,0.0,0.1989,0.52,0.23,,0.5,1.0
resampling_p0.5_phi1,0.05,Tax,TaxPhragmen,8.0,Resampling,100,20,52.625,49.0,60.0,45.1667,51.0,0.0,4.21,4.0,1.0,0.01,0.0,0.0,0.2087,0.52,0.18,,0.5,1.0
resampling_p0.5_phi1,0.05,Tax,TaxMES,8.0,Resampling,100,20,52.375,48.0,60.0,45.3333,51.0,0.0,4.19,4.0,1.0,0.01,0.0,0.0,0.1884,0.52,0.15,,0.5,1.0
resampling_p0.5_phi1,0.05,Hamming_Traditional,PAV_vs_SeqPhragmen,,Resampling,100,20,,,,,,,,,,,,,,,,4.0,0.5,1.0
resampling_p0.5_phi1,0.05,Hamming_Traditional,PAV_vs_MES,,Resampling,100,20,,,,,,,,,,,,,,,,2.0,0.5,1.0
resampling_p0.5_phi1,0.05,Hamming_Traditional,SeqPhragmen_vs_MES,,Resampling,100,20,,,,,,,,,,,,,,,,4.0,0.5,1.0
resampling_p0.5_phi1,0.05,Hamming_Traditional,AV_vs_PAV,,Resampling,100,20,,,,,,,,,,,,,,,,4.0,0.5,1.0
resampling_p0.5_phi1,0.05,Hamming_Traditional,AV_vs_SeqPhragmen,,Resampling,100,20,,,,,,,,,,,,,,,,2.0,0.5,1.0
resampling_p0.5_phi1,0.05,Hamming_Traditional,AV_vs_MES,,Resampling,100,20,,,,,,,,,,,,,,,,4.0,0.5,1.0
resampling_p0.5_phi1,0.05,Cross_Hamming,PAV_vs_TaxMES,,Resampling,100,20,,,,,,,,,,,,,,,,6.0,0.5,1.0
resampling_p0.5_phi1,0.05,Cross_Hamming,PAV_vs_TaxPhragmen,,Resampling,100,20,,,,,,,,,,,,,,,,4.0,0.5,1.0
resampling_p0.5_phi1,0.05,Cross_Hamming,SeqPhragmen_vs_TaxPhragmen,,Resampling,100,20,,,,,,,,,,,,,,,,2.0,0.5,1.0
resampling_p0.5_phi1,0.05,Cross_Hamming,SeqPhragmen_vs_TaxMES,,Resampling,100,20,,,,,,,,,,,,,,,,4.0,0.5,1.0
resampling_p0.5_phi1,0.05,Cross_Hamming,MES_vs_TaxMES,,Resampling,100,20,,,,,,,,,,,,,,,,4.0,0.5,1.0
resampling_p0.5_phi1,0.05,Cross_Hamming,MES_vs_TaxPhragmen,,Resampling,100,20,,,,,,,,,,,,,,,,4.0,0.5,1.0
resampling_p0.5_phi1,0.05,Cross_Hamming,TaxPhragmen_vs_TaxMES,,Resampling,100,20,,,,,,,,,,,,,,,,4.0,0.5,1.0
resampling_p0.5_phi1,0.05,Cross_Hamming,AV_vs_TaxMES,,Resampling,100,20,,,,,,,,,,,,,,,,6.0,0.5,1.0
resampling_p0.5_phi1,0.05,Cross_Hamming,AV_vs_TaxPhragmen,,Resampling,100,20,,,,,,,,,,,,,,,,2.0,0.5,1.0
resampling_p0.7_phi0.25,0.05,Traditional,PAV,10.0,Resampling,100,20,92.9,91.0,98.0,45.3,91.0,6.0,9.29,9.0,0.0,0.0,0.0,0.0,0.0442,0.26,0.05,,0.7,0.25
resampling_p0.7_phi0.25,0.05,Traditional,SeqPhragmen,10.0,Resampling,100,20,92.8,91.0,98.0,45.4,92.0,3.0,9.28,9.0,0.0,0.0,0.0,0.0,0.0445,0.26,0.05,,0.7,0.25
resampling_p0.7_phi0.25,0.05,Traditional,MES,10.0,Resampling,100,20,92.9,91.0,98.0,45.3,91.0,2.0,9.29,9.0,0.0,0.0,0.0,0.0,0.0437,0.26,0.05,,0.7,0.25
resampling_p0.7_phi0.25,0.05,AV,AV,10.0,Resampling,100,20,92.9,91.0,98.0,45.3,91.0,2.0,9.29,9.5,0.0,0.0,0.0,0.0,0.0459,0.26,0.05,,0.7,0.25
resampling_p0.7_phi0.25,0.05,Tax,TaxPhragmen,9.0,Resampling,100,20,93.0,91.0,98.0,49.5455,92.0,1.0,8.37,8.5,0.0,0.0,0.0,0.0,0.0437,0.26,0.02,,0.7,0.25
resampling_p0.7_phi0.25,0.05,Tax,TaxMES,9.0,Resampling,100,20,93.1111,91.0,98.0,49.4545,91.0,2.0,8.38,9.0,0.0,0.0,0.0,0.0,0.0447,0.26,0.05,,0.7,0.25
resampling_p0.7_phi0.25,0.05,Hamming_Traditional,PAV_vs_SeqPhragmen,,Resampling,100,20,,,,,,,,,,,,,,,,2.0,0.7,0.25
resampling_p0.7_phi0.25,0.05,Hamming_Traditional,PAV_vs_MES,,Resampling,100,20,,,,,,,,,,,,,,,,2.0,0.7,0.25
resampling_p0.7_phi0.25,0.05,Hamming_Traditional,SeqPhragmen_vs_MES,,Resampling,100,20,,,,,,,,,,,,,,,,2.0,0.7,0.25
resampling_p0.7_phi0.25,0.05,Hamming_Traditional,AV_vs_PAV,,Resampling,100,20,,,,,,,,,,,,,,,,2.0,0.7,0.25
resampling_p0.7_phi0.25,0.05,Hamming_Traditional,AV_vs_SeqPhragmen,,Resampling,100,20,,,,,,,,,,,,,,,,4.0,0.7,0.25
resampling_p0.7_phi0.25,0.05,Hamming_Traditional,AV_vs_MES,,Resampling,100,20,,,,,,,,,,,,,,,,2.0,0.7,0.25
resampling_p0.7_phi0.25,0.05,Cross_Hamming,PAV_vs_TaxMES,,Resampling,100,20,,,,,,,,,,,,,,,,1.0,0.7,0.25
resampling_p0.7_phi0.25,0.05,Cross_Hamming,PAV_vs_TaxPhragmen,,Resampling,100,20,,,,,,,,,,,,,,,,3.0,0.7,0.25
resampling_p0.7_phi0.25,0.05,Cross_Hamming,SeqPhragmen_vs_TaxPhragmen,,Resampling,100,20,,,,,,,,,,,,,,,,3.0,0.7,0.25
resampling_p0.7_phi0.25,0.05,Cross_Hamming,SeqPhragmen_vs_TaxMES,,Resampling,100,20,,,,,,,,,,,,,,,,3.0,0.7,0.25
resampling_p0.7_phi0.25,0.05,Cross_Hamming,MES_vs_TaxMES,,Resampling,100,20,,,,,,,,,,,,,,,,1.0,0.7,0.25
resampling_p0.7_phi0.25,0.05,Cross_Hamming,MES_vs_TaxPhragmen,,Resampling,100,20,,,,,,,,,,,,,,,,3.0,0.7,0.25
resampling_p0.7_phi0.25,0.05,Cross_Hamming,TaxPhragmen_vs_TaxMES,,Resampling,100,20,,,,,,,,,,,,,,,,4.0,0.7,0.25
resampling_p0.7_phi0.25,0.05,Cross_Hamming,AV_vs_TaxMES,,Resampling,100,20,,,,,,,,,,,,,,,,1.0,0.7,0.25
resampling_p0.7_phi0.25,0.05,Cross_Hamming,AV_vs_TaxPhragmen,,Resampling,100,20,,,,,,,,,,,,,,,,5.0,0.7,0.25
resampling_p0.7_phi0.5,0.05,Traditional,PAV,10.0,Resampling,100,20,85.2,83.0,87.0,52.4,82.0,7.0,8.52,9.0,0.0,0.0,0.0,0.0,0.0715,0.27,0.05,,0.7,0.5
resampling_p0.7_phi0.5,0.05,Traditional,SeqPhragmen,10.0,Resampling,100,20,84.9,82.0,87.0,52.7,85.0,3.0,8.49,9.0,0.0,0.0,0.0,0.0,0.0695,0.27,0.06,,0.7,0.5
resampling_p0.7_phi0.5,0.05,Traditional,MES,10.0,Resampling,100,20,85.1,82.0,87.0,52.5,83.0,1.0,8.51,9.0,0.0,0.0,0.0,0.0,0.0705,0.27,0.05,,0.7,0.5
resampling_p0.7_phi0.5,0.05,AV,AV,10.0,Resampling,100,20,85.2,83.0,87.0,52.4,82.0,7.0,8.52,9.0,0.0,0.0,0.0,0.0,0.0715,0.27,0.05,,0.7,0.5
resampling_p0.7_phi0.5,0.05,Tax,TaxPhragmen,9.0,Resampling,100,20,85.4444,85.0,87.0,55.1818,83.0,1.0,7.69,8.0,0.0,0.0,0.0,0.0,0.0765,0.27,0.04,,0.7,0.5
resampling_p0.7_phi0.5,0.05,Tax,TaxMES,9.0,Resampling,100,20,85.4444,85.0,87.0,55.1818,83.0,1.0,7.69,8.0,0.0,0.0,0.0,0.0,0.0765,0.27,0.04,,0.7,0.5
resampling_p0.7_phi0.5,0.05,Hamming_Traditional,PAV_vs_SeqPhragmen,,Resampling,100,20,,,,,,,,,,,,,,,,2.0,0.7,0.5
resampling_p0.7_phi0.5,0.05,Hamming_Traditional,PAV_vs_MES,,Resampling,100,20,,,,,,,,,,,,,,,,2.0,0.7,0.5
resampling_p0.7_phi0.5,0.05,Hamming_Traditional,SeqPhragmen_vs_MES,,Resampling,100,20,,,,,,,,,,,,,,,,2.0,0.7,0.5
resampling_p0.7_phi0.5,0.05,Hamming_Traditional,AV_vs_PAV,,Resampling,100,20,,,,,,,,,,,,,,,,0.0,0.7,0.5
resampling_p0.7_phi0.5,0.05,Hamming_Traditional,AV_vs_SeqPhragmen,,Resampling,100,20,,,,,,,,,,,,,,,,2.0,0.7,0.5
resampling_p0.7_phi0.5,0.05,Hamming_Traditional,AV_vs_MES,,Resampling,100,20,,,,,,,,,,,,,,,,2.0,0.7,0.5
resampling_p0.7_phi0.5,0.05,Cross_Hamming,PAV_vs_TaxMES,,Resampling,100,20,,,,,,,,,,,,,,,,1.0,0.7,0.5
resampling_p0.7_phi0.5,0.05,Cross_Hamming,PAV_vs_TaxPhragmen,,Resampling,100,20,,,,,,,,,,,,,,,,1.0,0.7,0.5
resampling_p0.7_phi0.5,0.05,Cross_Hamming,SeqPhragmen_vs_TaxPhragmen,,Resampling,100,20,,,,,,,,,,,,,,,,3.0,0.7,0.5
resampling_p0.7_phi0.5,0.05,Cross_Hamming,SeqPhragmen_vs_TaxMES,,Resampling,100,20,,,,,,,,,,,,,,,,3.0,0.7,0.5
resampling_p0.7_phi0.5,0.05,Cross_Hamming,MES_vs_TaxMES,,Resampling,100,20,,,,,,,,,,,,,,,,1.0,0.7,0.5
resampling_p0.7_phi0.5,0.05,Cross_Hamming,MES_vs_TaxPhragmen,,Resampling,100,20,,,,,,,,,,,,,,,,1.0,0.7,0.5
resampling_p0.7_phi0.5,0.05,Cross_Hamming,TaxPhragmen_vs_TaxMES,,Resampling,100,20,,,,,,,,,,,,,,,,0.0,0.7,0.5
resampling_p0.7_phi0.5,0.05,Cross_Hamming,AV_vs_TaxMES,,Resampling,100,20,,,,,,,,,,,,,,,,1.0,0.7,0.5
resampling_p0.7_phi0.5,0.05,Cross_Hamming,AV_vs_TaxPhragmen,,Resampling,100,20,,,,,,,,,,,,,,,,1.0,0.7,0.5
resampling_p0.7_phi0.75,0.05,Traditional,PAV,10.0,Resampling,100,20,79.8,76.0,84.0,60.6,74.0,8.0,7.98,8.0,0.0,0.0,0.0,0.0,0.0953,0.25,0.11,,0.7,0.75
resampling_p0.7_phi0.75,0.05,Traditional,SeqPhragmen,10.0,Resampling,100,20,79.8,76.0,84.0,60.6,74.0,8.0,7.98,8.0,0.0,0.0,0.0,0.0,0.0953,0.25,0.11,,0.7,0.75
resampling_p0.7_phi0.75,0.05,Traditional,MES,10.0,Resampling,100,20,79.2,70.0,84.0,61.2,76.0,9.0,7.92,8.0,0.0,0.0,0.0,0.0,0.0888,0.25,0.11,,0.7,0.75
resampling_p0.7_phi0.75,0.05,AV,AV,10.0,Resampling,100,20,79.8,76.0,84.0,60.6,74.0,8.0,7.98,8.0,0.0,0.0,0.0,0.0,0.0953,0.25,0.11,,0.7,0.75
resampling_p0.7_phi0.75,0.05,Tax,TaxPhragmen,9.0,Resampling,100,20,80.1111,76.0,84.0,62.0909,77.0,7.0,7.21,7.0,0.0,0.0,0.0,0.0,0.0993,0.25,0.09,,0.7,0.75
resampling_p0.7_phi0.75,0.05,Tax,TaxMES,9.0,Resampling,100,20,80.2222,77.0,84.0,62.0,76.0,9.0,7.22,7.0,0.0,0.0,0.0,0.0,0.0998,0.25,0.11,,0.7,0.75
resampling_p0.7_phi0.75,0.05,Hamming_Traditional,PAV_vs_SeqPhragmen,,Resampling,100,20,,,,,,,,,,,,,,,,0.0,0.7,0.75
resampling_p0.7_phi0.75,0.05,Hamming_Traditional,PAV_vs_MES,,Resampling,100,20,,,,,,,,,,,,,,,,2.0,0.7,0.75
resampling_p0.7_phi0.75,0.05,Hamming_Traditional,SeqPhragmen_vs_MES,,Resampling,100,20,,,,,,,,,,,,,,,,2.0,0.7,0.75
resampling_p0.7_phi0.75,0.05,Hamming_Traditional,AV_vs_PAV,,Resampling,100,20,,,,,,,,,,,,,,,,0.0,0.7,0.75
resampling_p0.7_phi0.75,0.05,Hamming_Traditional,AV_vs_SeqPhragmen,,Resampling,100,20,,,,,,,,,,,,,,,,0.0,0.7,0.75
resampling_p0.7_phi0.75,0.05,Hamming_Traditional,AV_vs_MES,,Resampling,100,20,,,,,,,,,,,,,,,,2.0,0.7,0.75
resampling_p0.7_phi0.75,0.05,Cross_Hamming,PAV_vs_TaxMES,,Resampling,100,20,,,,,,,,,,,,,,,,1.0,0.7,0.75
resampling_p0.7_phi0.75,0.05,Cross_Hamming,PAV_vs_TaxPhragmen,,Resampling,100,20,,,,,,,,,,,,,,,,1.0,0.7,0.75
resampling_p0.7_phi0.75,0.05,Cross_Hamming,SeqPhragmen_vs_TaxPhragmen,,Resampling,100,20,,,,,,,,,,,,,,,,1.0,0.7,0.75
resampling_p0.7_phi0.75,0.05,Cross_Hamming,SeqPhragmen_vs_TaxMES,,Resampling,100,20,,,,,,,,,,,,,,,,1.0,0.7,0.75
resampling_p0.7_phi0.75,0.05,Cross_Hamming,MES_vs_TaxMES,,Resampling,100,20,,,,,,,,,,,,,,,,1.0,0.7,0.75
resampling_p0.7_phi0.75,0.05,Cross_Hamming,MES_vs_TaxPhragmen,,Resampling,100,20,,,,,,,,,,,,,,,,3.0,0.7,0.75
resampling_p0.7_phi0.75,0.05,Cross_Hamming,TaxPhragmen_vs_TaxMES,,Resampling,100,20,,,,,,,,,,,,,,,,2.0,0.7,0.75
resampling_p0.7_phi0.75,0.05,Cross_Hamming,AV_vs_TaxMES,,Resampling,100,20,,,,,,,,,,,,,,,,1.0,0.7,0.75
resampling_p0.7_phi0.75,0.05,Cross_Hamming,AV_vs_TaxPhragmen,,Resampling,100,20,,,,,,,,,,,,,,,,1.0,0.7,0.75
resampling_p0.7_phi1,0.05,Traditional,PAV,10.0,Resampling,100,20,73.2,70.0,77.0,66.3,71.0,0.0,7.32,8.0,0.0,0.0,0.0,0.0,0.1063,0.25,0.11,,0.7,1.0
resampling_p0.7_phi1,0.05,Traditional,SeqPhragmen,10.0,Resampling,100,20,73.1,70.0,77.0,66.4,71.0,0.0,7.31,8.0,0.0,0.0,0.0,0.0,0.1094,0.25,0.11,,0.7,1.0
resampling_p0.7_phi1,0.05,Traditional,MES,10.0,Resampling,100,20,73.2,70.0,77.0,66.3,71.0,0.0,7.32,8.0,0.0,0.0,0.0,0.0,0.1063,0.25,0.11,,0.7,1.0
resampling_p0.7_phi1,0.05,AV,AV,10.0,Resampling,100,20,73.2,70.0,77.0,66.3,71.0,15.0,7.32,8.0,0.0,0.0,0.0,0.0,0.1166,0.25,0.12,,0.7,1.0
resampling_p0.7_phi1,0.05,Tax,TaxPhragmen,9.0,Resampling,100,20,73.3333,70.0,77.0,66.8182,72.0,4.0,6.6,7.0,0.0,0.0,0.0,0.0,0.1019,0.25,0.05,,0.7,1.0
resampling_p0.7_phi1,0.05,Tax,TaxMES,9.0,Resampling,100,20,73.4444,70.0,77.0,66.7273,71.0,0.0,6.61,7.0,0.0,0.0,0.0,0.0,0.1096,0.25,0.07,,0.7,1.0
resampling_p0.7_phi1,0.05,Hamming_Traditional,PAV_vs_SeqPhragmen,,Resampling,100,20,,,,,,,,,,,,,,,,2.0,0.7,1.0
resampling_p0.7_phi1,0.05,Hamming_Traditional,PAV_vs_MES,,Resampling,100,20,,,,,,,,,,,,,,,,0.0,0.7,1.0
resampling_p0.7_phi1,0.05,Hamming_Traditional,SeqPhragmen_vs_MES,,Resampling,100,20,,,,,,,,,,,,,,,,2.0,0.7,1.0
resampling_p0.7_phi1,0.05,Hamming_Traditional,AV_vs_PAV,,Resampling,100,20,,,,,,,,,,,,,,,,2.0,0.7,1.0
resampling_p0.7_phi1,0.05,Hamming_Traditional,AV_vs_SeqPhragmen,,Resampling,100,20,,,,,,,,,,,,,,,,2.0,0.7,1.0
resampling_p0.7_phi1,0.05,Hamming_Traditional,AV_vs_MES,,Resampling,100,20,,,,,,,,,,,,,,,,2.0,0.7,1.0
resampling_p0.7_phi1,0.05,Cross_Hamming,PAV_vs_TaxMES,,Resampling,100,20,,,,,,,,,,,,,,,,3.0,0.7,1.0
resampling_p0.7_phi1,0.05,Cross_Hamming,PAV_vs_TaxPhragmen,,Resampling,100,20,,,,,,,,,,,,,,,,3.0,0.7,1.0
resampling_p0.7_phi1,0.05,Cross_Hamming,SeqPhragmen_vs_TaxPhragmen,,Resampling,100,20,,,,,,,,,,,,,,,,3.0,0.7,1.0
resampling_p0.7_phi1,0.05,Cross_Hamming,SeqPhragmen_vs_TaxMES,,Resampling,100,20,,,,,,,,,,,,,,,,1.0,0.7,1.0
resampling_p0.7_phi1,0.05,Cross_Hamming,MES_vs_TaxMES,,Resampling,100,20,,,,,,,,,,,,,,,,3.0,0.7,1.0
resampling_p0.7_phi1,0.05,Cross_Hamming,MES_vs_TaxPhragmen,,Resampling,100,20,,,,,,,,,,,,,,,,3.0,0.7,1.0
resampling_p0.7_phi1,0.05,Cross_Hamming,TaxPhragmen_vs_TaxMES,,Resampling,100,20,,,,,,,,,,,,,,,,2.0,0.7,1.0
resampling_p0.7_phi1,0.05,Cross_Hamming,AV_vs_TaxMES,,Resampling,100,20,,,,,,,,,,,,,,,,3.0,0.7,1.0
resampling_p0.7_phi1,0.05,Cross_Hamming,AV_vs_TaxPhragmen,,Resampling,100,20,,,,,,,,,,,,,,,,5.0,0.7,1.0
euclidean_r1.5,0.1,Traditional,PAV,10.0,Euclidean2D,100,20,5.5,-5.0,15.0,-0.8,3.0,14.0,0.55,0.5,50.0,0.5,15.0,0.15,0.1778,1.64,0.76,,,
euclidean_r1.5,0.1,Traditional,SeqPhragmen,10.0,Euclidean2D,100,20,4.7,-5.0,15.0,0.0,8.0,3.0,0.47,0.0,53.0,0.53,18.0,0.18,0.188,1.64,0.83,,,
euclidean_r1.5,0.1,Traditional,MES,10.0,Euclidean2D,100,20,4.7,-5.0,15.0,0.0,8.0,3.0,0.47,0.0,53.0,0.53,18.0,0.18,0.188,1.64,0.83,,,
euclidean_r1.5,0.1,AV,AV,10.0,Euclidean2D,100,20,6.4,0.0,15.0,-1.7,1.0,0.0,0.64,1.0,44.0,0.44,17.0,0.17,0.1999,1.64,0.7,,,
euclidean_r1.5,0.1,Tax,TaxPhragmen,1.0,Euclidean2D,100,20,15.0,15.0,15.0,1.6842,12.0,12.0,0.15,0.0,84.0,0.84,1.0,0.01,0.1255,1.64,0.01,,,
euclidean_r1.5,0.1,Tax,TaxMES,1.0,Euclidean2D,100,20,15.0,15.0,15.0,1.6842,12.0,12.0,0.15,0.0,84.0,0.84,1.0,0.01,0.1255,1.64,0.01,,,
euclidean_r1.5,0.1,Hamming_Traditional,PAV_vs_SeqPhragmen,,Euclidean2D,100,20,,,,,,,,,,,,,,,,2.0,,
euclidean_r1.5,0.1,Hamming_Traditional,PAV_vs_MES,,Euclidean2D,100,20,,,,,,,,,,,,,,,,2.0,,
euclidean_r1.5,0.1,Hamming_Traditional,SeqPhragmen_vs_MES,,Euclidean2D,100,20,,,,,,,,,,,,,,,,0.0,,
euclidean_r1.5,0.1,Hamming_Traditional,AV_vs_PAV,,Euclidean2D,100,20,,,,,,,,,,,,,,,,4.0,,
euclidean_r1.5,0.1,Hamming_Traditional,AV_vs_SeqPhragmen,,Euclidean2D,100,20,,,,,,,,,,,,,,,,6.0,,
euclidean_r1.5,0.1,Hamming_Traditional,AV_vs_MES,,Euclidean2D,100,20,,,,,,,,,,,,,,,,6.0,,
euclidean_r1.5,0.1,Cross_Hamming,PAV_vs_TaxMES,,Euclidean2D,100,20,,,,,,,,,,,,,,,,9.0,,
euclidean_r1.5,0.1,Cross_Hamming,PAV_vs_TaxPhragmen,,Euclidean2D,100,20,,,,,,,,,,,,,,,,9.0,,
euclidean_r1.5,0.1,Cross_Hamming,SeqPhragmen_vs_TaxPhragmen,,Euclidean2D,100,20,,,,,,,,,,,,,,,,9.0,,
euclidean_r1.5,0.1,Cross_Hamming,SeqPhragmen_vs_TaxMES,,Euclidean2D,100,20,,,,,,,,,,,,,,,,9.0,,
euclidean_r1.5,0.1,Cross_Hamming,MES_vs_TaxMES,,Euclidean2D,100,20,,,,,,,,,,,,,,,,9.0,,
euclidean_r1.5,0.1,Cross_Hamming,MES_vs_TaxPhragmen,,Euclidean2D,100,20,,,,,,,,,,,,,,,,9.0,,
euclidean_r1.5,0.1,Cross_Hamming,TaxPhragmen_vs_TaxMES,,Euclidean2D,100,20,,,,,,,,,,,,,,,,0.0,,
euclidean_r1.5,0.1,Cross_Hamming,AV_vs_TaxMES,,Euclidean2D,100,20,,,,,,,,,,,,,,,,9.0,,
euclidean_r1.5,0.1,Cross_Hamming,AV_vs_TaxPhragmen,,Euclidean2D,100,20,,,,,,,,,,,,,,,,9.0,,
euclidean_r2,0.1,Traditional,PAV,10.0,Euclidean2D,100,20,12.6,4.0,20.0,6.2,9.0,3.0,1.26,1.0,35.0,0.35,13.0,0.13,0.1983,1.53,0.81,,,
euclidean_r2,0.1,Traditional,SeqPhragmen,10.0,Euclidean2D,100,20,12.6,4.0,20.0,6.2,9.0,3.0,1.26,1.0,35.0,0.35,13.0,0.13,0.1983,1.53,0.81,,,
euclidean_r2,0.1,Traditional,MES,10.0,Euclidean2D,100,20,12.6,4.0,20.0,6.2,9.0,3.0,1.26,1.0,35.0,0.35,13.0,0.13,0.1983,1.53,0.81,,,
euclidean_r2,0.1,AV,AV,10.0,Euclidean2D,100,20,12.9,7.0,20.0,5.9,9.0,3.0,1.29,1.0,34.0,0.34,11.0,0.11,0.2485,1.53,0.79,,,
euclidean_r2,0.1,Tax,TaxPhragmen,3.0,Euclidean2D,100,20,17.0,13.0,20.0,8.0588,15.0,1.0,0.51,0.0,51.0,0.51,7.0,0.07,0.2628,1.53,0.15,,,
euclidean_r2,0.1,Tax,TaxMES,3.0,Euclidean2D,100,20,17.0,13.0,20.0,8.0588,15.0,1.0,0.51,0.0,51.0,0.51,7.0,0.07,0.2628,1.53,0.15,,,
euclidean_r2,0.1,Hamming_Traditional,PAV_vs_SeqPhragmen,,Euclidean2D,100,20,,,,,,,,,,,,,,,,0.0,,
euclidean_r2,0.1,Hamming_Traditional,PAV_vs_MES,,Euclidean2D,100,20,,,,,,,,,,,,,,,,0.0,,
euclidean_r2,0.1,Hamming_Traditional,SeqPhragmen_vs_MES,,Euclidean2D,100,20,,,,,,,,,,,,,,,,0.0,,
euclidean_r2,0.1,Hamming_Traditional,AV_vs_PAV,,Euclidean2D,100,20,,,,,,,,,,,,,,,,2.0,,
euclidean_r2,0.1,Hamming_Traditional,AV_vs_SeqPhragmen,,Euclidean2D,100,20,,,,,,,,,,,,,,,,2.0,,
euclidean_r2,0.1,Hamming_Traditional,AV_vs_MES,,Euclidean2D,100,20,,,,,,,,,,,,,,,,2.0,,
euclidean_r2,0.1,Cross_Hamming,PAV_vs_TaxMES,,Euclidean2D,100,20,,,,,,,,,,,,,,,,7.0,,
euclidean_r2,0.1,Cross_Hamming,PAV_vs_TaxPhragmen,,Euclidean2D,100,20,,,,,,,,,,,,,,,,7.0,,
euclidean_r2,0.1,Cross_Hamming,SeqPhragmen_vs_TaxPhragmen,,Euclidean2D,100,20,,,,,,,,,,,,,,,,7.0,,
euclidean_r2,0.1,Cross_Hamming,SeqPhragmen_vs_TaxMES,,Euclidean2D,100,20,,,,,,,,,,,,,,,,7.0,,
euclidean_r2,0.1,Cross_Hamming,MES_vs_TaxMES,,Euclidean2D,100,20,,,,,,,,,,,,,,,,7.0,,
euclidean_r2,0.1,Cross_Hamming,MES_vs_TaxPhragmen,,Euclidean2D,100,20,,,,,,,,,,,,,,,,7.0,,
euclidean_r2,0.1,Cross_Hamming,TaxPhragmen_vs_TaxMES,,Euclidean2D,100,20,,,,,,,,,,,,,,,,0.0,,
euclidean_r2,0.1,Cross_Hamming,AV_vs_TaxMES,,Euclidean2D,100,20,,,,,,,,,,,,,,,,7.0,,
euclidean_r2,0.1,Cross_Hamming,AV_vs_TaxPhragmen,,Euclidean2D,100,20,,,,,,,,,,,,,,,,7.0,,
euclidean_r2.5,0.1,Traditional,PAV,10.0,Euclidean2D,100,20,21.7,13.0,31.0,12.2,19.0,9.0,2.17,2.0,33.0,0.33,8.0,0.08,0.3352,1.45,0.74,,,
euclidean_r2.5,0.1,Traditional,SeqPhragmen,10.0,Euclidean2D,100,20,22.1,13.0,31.0,11.8,19.0,9.0,2.21,2.0,27.0,0.27,6.0,0.06,0.3133,1.45,0.65,,,
euclidean_r2.5,0.1,Traditional,MES,10.0,Euclidean2D,100,20,22.2,13.0,31.0,11.7,18.0,12.0,2.22,2.0,33.0,0.33,9.0,0.09,0.3394,1.45,0.71,,,
euclidean_r2.5,0.1,AV,AV,10.0,Euclidean2D,100,20,22.2,13.0,31.0,11.7,18.0,12.0,2.22,1.0,36.0,0.36,11.0,0.11,0.3604,1.45,0.72,,,
euclidean_r2.5,0.1,Tax,TaxPhragmen,5.0,Euclidean2D,100,20,27.8,22.0,31.0,13.3333,20.0,6.0,1.39,1.0,36.0,0.36,9.0,0.09,0.3806,1.45,0.28,,,
euclidean_r2.5,0.1,Tax,TaxMES,5.0,Euclidean2D,100,20,27.8,22.0,31.0,13.3333,20.0,6.0,1.39,1.0,36.0,0.36,9.0,0.09,0.3806,1.45,0.28,,,
euclidean_r2.5,0.1,Hamming_Traditional,PAV_vs_SeqPhragmen,,Euclidean2D,100,20,,,,,,,,,,,,,,,,2.0,,
euclidean_r2.5,0.1,Hamming_Traditional,PAV_vs_MES,,Euclidean2D,100,20,,,,,,,,,,,,,,,,2.0,,
euclidean_r2.5,0.1,Hamming_Traditional,SeqPhragmen_vs_MES,,Euclidean2D,100,20,,,,,,,,,,,,,,,,2.0,,
euclidean_r2.5,0.1,Hamming_Traditional,AV_vs_PAV,,Euclidean2D,100,20,,,,,,,,,,,,,,,,2.0,,
euclidean_r2.5,0.1,Hamming_Traditional,AV_vs_SeqPhragmen,,Euclidean2D,100,20,,,,,,,,,,,,,,,,4.0,,
euclidean_r2.5,0.1,Hamming_Traditional,AV_vs_MES,,Euclidean2D,100,20,,,,,,,,,,,,,,,,2.0,,
euclidean_r2.5,0.1,Cross_Hamming,PAV_vs_TaxMES,,Euclidean2D,100,20,,,,,,,,,,,,,,,,5.0,,
euclidean_r2.5,0.1,Cross_Hamming,PAV_vs_TaxPhragmen,,Euclidean2D,100,20,,,,,,,,,,,,,,,,5.0,,
euclidean_r2.5,0.1,Cross_Hamming,SeqPhragmen_vs_TaxPhragmen,,Euclidean2D,100,20,,,,,,,,,,,,,,,,5.0,,
euclidean_r2.5,0.1,Cross_Hamming,SeqPhragmen_vs_TaxMES,,Euclidean2D,100,20,,,,,,,,,,,,,,,,5.0,,
euclidean_r2.5,0.1,Cross_Hamming,MES_vs_TaxMES,,Euclidean2D,100,20,,,,,,,,,,,,,,,,5.0,,
euclidean_r2.5,0.1,Cross_Hamming,MES_vs_TaxPhragmen,,Euclidean2D,100,20,,,,,,,,,,,,,,,,5.0,,
euclidean_r2.5,0.1,Cross_Hamming,TaxPhragmen_vs_TaxMES,,Euclidean2D,100,20,,,,,,,,,,,,,,,,0.0,,
euclidean_r2.5,0.1,Cross_Hamming,AV_vs_TaxMES,,Euclidean2D,100,20,,,,,,,,,,,,,,,,5.0,,
euclidean_r2.5,0.1,Cross_Hamming,AV_vs_TaxPhragmen,,Euclidean2D,100,20,,,,,,,,,,,,,,,,5.0,,
euclidean_r3,0.1,Traditional,PAV,10.0,Euclidean2D,100,20,32.6,25.0,50.0,16.3,29.0,3.0,3.26,3.0,20.0,0.2,6.0,0.06,0.3224,1.3,0.51,,,
euclidean_r3,0.1,Traditional,SeqPhragmen,10.0,Euclidean2D,100,20,32.6,25.0,50.0,16.3,29.0,3.0,3.26,3.0,20.0,0.2,6.0,0.06,0.3224,1.3,0.51,,,
euclidean_r3,0.1,Traditional,MES,10.0,Euclidean2D,100,20,32.8,25.0,50.0,16.1,27.0,0.0,3.28,3.0,21.0,0.21,8.0,0.08,0.2791,1.3,0.52,,,
euclidean_r3,0.1,AV,AV,10.0,Euclidean2D,100,20,32.9,25.0,50.0,16.0,26.0,1.0,3.29,3.0,23.0,0.23,8.0,0.08,0.2834,1.3,0.52,,,
euclidean_r3,0.1,Tax,TaxPhragmen,6.0,Euclidean2D,100,20,36.6667,26.0,50.0,19.2143,29.0,3.0,2.2,2.0,22.0,0.22,6.0,0.06,0.2737,1.3,0.25,,,
euclidean_r3,0.1,Tax,TaxMES,6.0,Euclidean2D,100,20,36.6667,26.0,50.0,19.2143,29.0,3.0,2.2,2.0,22.0,0.22,6.0,0.06,0.2737,1.3,0.25,,,
euclidean_r3,0.1,Hamming_Traditional,PAV_vs_SeqPhragmen,,Euclidean2D,100,20,,,,,,,,,,,,,,,,0.0,,
euclidean_r3,0.1,Hamming_Traditional,PAV_vs_MES,,Euclidean2D,100,20,,,,,,,,,,,,,,,,2.0,,
euclidean_r3,0.1,Hamming_Traditional,SeqPhragmen_vs_MES,,Euclidean2D,100,20,,,,,,,,,,,,,,,,2.0,,
euclidean_r3,0.1,Hamming_Traditional,AV_vs_PAV,,Euclidean2D,100,20,,,,,,,,,,,,,,,,2.0,,
euclidean_r3,0.1,Hamming_Traditional,AV_vs_SeqPhragmen,,Euclidean2D,100,20,,,,,,,,,,,,,,,,2.0,,
euclidean_r3,0.1,Hamming_Traditional,AV_vs_MES,,Euclidean2D,100,20,,,,,,,,,,,,,,,,2.0,,
euclidean_r3,0.1,Cross_Hamming,PAV_vs_TaxMES,,Euclidean2D,100,20,,,,,,,,,,,,,,,,4.0,,
euclidean_r3,0.1,Cross_Hamming,PAV_vs_TaxPhragmen,,Euclidean2D,100,20,,,,,,,,,,,,,,,,4.0,,
euclidean_r3,0.1,Cross_Hamming,SeqPhragmen_vs_TaxPhragmen,,Euclidean2D,100,20,,,,,,,,,,,,,,,,4.0,,
euclidean_r3,0.1,Cross_Hamming,SeqPhragmen_vs_TaxMES,,Euclidean2D,100,20,,,,,,,,,,,,,,,,4.0,,
euclidean_r3,0.1,Cross_Hamming,MES_vs_TaxMES,,Euclidean2D,100,20,,,,,,,,,,,,,,,,4.0,,
euclidean_r3,0.1,Cross_Hamming,MES_vs_TaxPhragmen,,Euclidean2D,100,20,,,,,,,,,,,,,,,,4.0,,
euclidean_r3,0.1,Cross_Hamming,TaxPhragmen_vs_TaxMES,,Euclidean2D,100,20,,,,,,,,,,,,,,,,0.0,,
euclidean_r3,0.1,Cross_Hamming,AV_vs_TaxMES,,Euclidean2D,100,20,,,,,,,,,,,,,,,,6.0,,
euclidean_r3,0.1,Cross_Hamming,AV_vs_TaxPhragmen,,Euclidean2D,100,20,,,,,,,,,,,,,,,,6.0,,
euclidean_r4,0.1,Traditional,PAV,10.0,Euclidean2D,100,20,49.5,39.0,61.0,29.7,41.0,3.0,4.95,6.0,12.0,0.12,5.0,0.05,0.3051,1.01,0.4,,,
euclidean_r4,0.1,Traditional,SeqPhragmen,10.0,Euclidean2D,100,20,49.5,39.0,61.0,29.7,41.0,3.0,4.95,6.0,12.0,0.12,5.0,0.05,0.3051,1.01,0.4,,,
euclidean_r4,0.1,Traditional,MES,10.0,Euclidean2D,100,20,49.5,39.0,61.0,29.7,41.0,3.0,4.95,6.0,12.0,0.12,5.0,0.05,0.3051,1.01,0.4,,,
euclidean_r4,0.1,AV,AV,10.0,Euclidean2D,100,20,49.5,39.0,61.0,29.7,41.0,1.0,4.95,6.0,19.0,0.19,6.0,0.06,0.3162,1.01,0.42,,,
euclidean_r4,0.1,Tax,TaxPhragmen,7.0,Euclidean2D,100,20,52.4286,41.0,61.0,32.6923,48.0,7.0,3.67,4.5,18.0,0.18,4.0,0.04,0.2717,1.01,0.28,,,
euclidean_r4,0.1,Tax,TaxMES,6.0,Euclidean2D,100,20,54.5,47.0,61.0,33.2143,47.0,6.0,3.27,4.0,20.0,0.2,8.0,0.08,0.273,1.01,0.28,,,
euclidean_r4,0.1,Hamming_Traditional,PAV_vs_SeqPhragmen,,Euclidean2D,100,20,,,,,,,,,,,,,,,,0.0,,
euclidean_r4,0.1,Hamming_Traditional,PAV_vs_MES,,Euclidean2D,100,20,,,,,,,,,,,,,,,,0.0,,
euclidean_r4,0.1,Hamming_Traditional,SeqPhragmen_vs_MES,,Euclidean2D,100,20,,,,,,,,,,,,,,,,0.0,,
euclidean_r4,0.1,Hamming_Traditional,AV_vs_PAV,,Euclidean2D,100,20,,,,,,,,,,,,,,,,2.0,,
euclidean_r4,0.1,Hamming_Traditional,AV_vs_SeqPhragmen,,Euclidean2D,100,20,,,,,,,,,,,,,,,,2.0,,
euclidean_r4,0.1,Hamming_Traditional,AV_vs_MES,,Euclidean2D,100,20,,,,,,,,,,,,,,,,2.0,,
euclidean_r4,0.1,Cross_Hamming,PAV_vs_TaxMES,,Euclidean2D,100,20,,,,,,,,,,,,,,,,4.0,,
euclidean_r4,0.1,Cross_Hamming,PAV_vs_TaxPhragmen,,Euclidean2D,100,20,,,,,,,,,,,,,,,,3.0,,
euclidean_r4,0.1,Cross_Hamming,SeqPhragmen_vs_TaxPhragmen,,Euclidean2D,100,20,,,,,,,,,,,,,,,,3.0,,
euclidean_r4,0.1,Cross_Hamming,SeqPhragmen_vs_TaxMES,,Euclidean2D,100,20,,,,,,,,,,,,,,,,4.0,,
euclidean_r4,0.1,Cross_Hamming,MES_vs_TaxMES,,Euclidean2D,100,20,,,,,,,,,,,,,,,,4.0,,
euclidean_r4,0.1,Cross_Hamming,MES_vs_TaxPhragmen,,Euclidean2D,100,20,,,,,,,,,,,,,,,,3.0,,
euclidean_r4,0.1,Cross_Hamming,TaxPhragmen_vs_TaxMES,,Euclidean2D,100,20,,,,,,,,,,,,,,,,3.0,,
euclidean_r4,0.1,Cross_Hamming,AV_vs_TaxMES,,Euclidean2D,100,20,,,,,,,,,,,,,,,,4.0,,
euclidean_r4,0.1,Cross_Hamming,AV_vs_TaxPhragmen,,Euclidean2D,100,20,,,,,,,,,,,,,,,,5.0,,
impartial_p0.1,0.1,Traditional,PAV,10.0,Impartial,100,20,2.8,-2.0,8.0,-0.9,4.0,1.0,0.28,0.0,57.0,0.57,25.0,0.25,0.2165,1.67,0.84,,0.1,
impartial_p0.1,0.1,Traditional,SeqPhragmen,10.0,Impartial,100,20,2.8,-2.0,8.0,-0.9,4.0,1.0,0.28,0.0,57.0,0.57,25.0,0.25,0.2165,1.67,0.84,,0.1,
impartial_p0.1,0.1,Traditional,MES,10.0,Impartial,100,20,2.8,-2.0,8.0,-0.9,4.0,1.0,0.28,0.0,57.0,0.57,25.0,0.25,0.2165,1.67,0.84,,0.1,
impartial_p0.1,0.1,AV,AV,10.0,Impartial,100,20,2.3,-3.0,8.0,-0.4,4.0,1.0,0.23,0.0,56.0,0.56,29.0,0.29,0.2405,1.67,0.9,,0.1,
impartial_p0.1,0.1,Tax,TaxPhragmen,0.0,Impartial,100,20,,,,0.95,8.0,8.0,0.0,0.0,100.0,1.0,0.0,0.0,0.0,1.67,0.0,,0.1,
impartial_p0.1,0.1,Tax,TaxMES,0.0,Impartial,100,20,,,,0.95,8.0,8.0,0.0,0.0,100.0,1.0,0.0,0.0,0.0,1.67,0.0,,0.1,
impartial_p0.1,0.1,Hamming_Traditional,PAV_vs_SeqPhragmen,,Impartial,100,20,,,,,,,,,,,,,,,,0.0,0.1,
impartial_p0.1,0.1,Hamming_Traditional,PAV_vs_MES,,Impartial,100,20,,,,,,,,,,,,,,,,0.0,0.1,
impartial_p0.1,0.1,Hamming_Traditional,SeqPhragmen_vs_MES,,Impartial,100,20,,,,,,,,,,,,,,,,0.0,0.1,
impartial_p0.1,0.1,Hamming_Traditional,AV_vs_PAV,,Impartial,100,20,,,,,,,,,,,,,,,,2.0,0.1,
impartial_p0.1,0.1,Hamming_Traditional,AV_vs_SeqPhragmen,,Impartial,100,20,,,,,,,,,,,,,,,,2.0,0.1,
impartial_p0.1,0.1,Hamming_Traditional,AV_vs_MES,,Impartial,100,20,,,,,,,,,,,,,,,,2.0,0.1,
impartial_p0.1,0.1,Cross_Hamming,PAV_vs_TaxMES,,Impartial,100,20,,,,,,,,,,,,,,,,10.0,0.1,
impartial_p0.1,0.1,Cross_Hamming,PAV_vs_TaxPhragmen,,Impartial,100,20,,,,,,,,,,,,,,,,10.0,0.1,
impartial_p0.1,0.1,Cross_Hamming,SeqPhragmen_vs_TaxPhragmen,,Impartial,100,20,,,,,,,,,,,,,,,,10.0,0.1,
impartial_p0.1,0.1,Cross_Hamming,SeqPhragmen_vs_TaxMES,,Impartial,100,20,,,,,,,,,,,,,,,,10.0,0.1,
impartial_p0.1,0.1,Cross_Hamming,MES_vs_TaxMES,,Impartial,100,20,,,,,,,,,,,,,,,,10.0,0.1,
impartial_p0.1,0.1,Cross_Hamming,MES_vs_TaxPhragmen,,Impartial,100,20,,,,,,,,,,,,,,,,10.0,0.1,
impartial_p0.1,0.1,Cross_Hamming,TaxPhragmen_vs_TaxMES,,Impartial,100,20,,,,,,,,,,,,,,,,0.0,0.1,
impartial_p0.1,0.1,Cross_Hamming,AV_vs_TaxMES,,Impartial,100,20,,,,,,,,,,,,,,,,10.0,0.1,
impartial_p0.1,0.1,Cross_Hamming,AV_vs_TaxPhragmen,,Impartial,100,20,,,,,,,,,,,,,,,,10.0,0.1,
impartial_p0.15,0.1,Traditional,PAV,10.0,Impartial,100,20,10.1,4.0,17.0,4.0,9.0,12.0,1.01,1.0,32.0,0.32,11.0,0.11,0.1812,1.55,0.7,,0.15,
impartial_p0.15,0.1,Traditional,SeqPhragmen,10.0,Impartial,100,20,9.7,4.0,17.0,4.4,9.0,12.0,0.97,1.0,37.0,0.37,14.0,0.14,0.2576,1.55,0.72,,0.15,
impartial_p0.15,0.1,Traditional,MES,10.0,Impartial,100,20,10.1,4.0,17.0,4.0,9.0,12.0,1.01,1.0,32.0,0.32,11.0,0.11,0.1812,1.55,0.7,,0.15,
impartial_p0.15,0.1,AV,AV,10.0,Impartial,100,20,10.2,4.0,17.0,3.9,8.0,1.0,1.02,1.0,37.0,0.37,12.0,0.12,0.1949,1.55,0.71,,0.15,
impartial_p0.15,0.1,Tax,TaxPhragmen,2.0,Impartial,100,20,15.0,13.0,17.0,6.1667,12.0,4.0,0.3,0.0,64.0,0.64,9.0,0.09,0.2626,1.55,0.11,,0.15,
impartial_p0.15,0.1,Tax,TaxMES,2.0,Impartial,100,20,15.0,13.0,17.0,6.1667,12.0,4.0,0.3,0.0,64.0,0.64,9.0,0.09,0.2626,1.55,0.11,,0.15,
impartial_p0.15,0.1,Hamming_Traditional,PAV_vs_SeqPhragmen,,Impartial,100,20,,,,,,,,,,,,,,,,4.0,0.15,
impartial_p0.15,0.1,Hamming_Traditional,PAV_vs_MES,,Impartial,100,20,,,,,,,,,,,,,,,,0.0,0.15,
impartial_p0.15,0.1,Hamming_Traditional,SeqPhragmen_vs_MES,,Impartial,100,20,,,,,,,,,,,,,,,,4.0,0.15,
impartial_p0.15,0.1,Hamming_Traditional,AV_vs_PAV,,Impartial,100,20,,,,,,,,,,,,,,,,4.0,0.15,
impartial_p0.15,0.1,Hamming_Traditional,AV_vs_SeqPhragmen,,Impartial,100,20,,,,,,,,,,,,,,,,4.0,0.15,
impartial_p0.15,0.1,Hamming_Traditional,AV_vs_MES,,Impartial,100,20,,,,,,,,,,,,,,,,4.0,0.15,
impartial_p0.15,0.1,Cross_Hamming,PAV_vs_TaxMES,,Impartial,100,20,,,,,,,,,,,,,,,,8.0,0.15,
impartial_p0.15,0.1,Cross_Hamming,PAV_vs_TaxPhragmen,,Impartial,100,20,,,,,,,,,,,,,,,,8.0,0.15,
impartial_p0.15,0.1,Cross_Hamming,SeqPhragmen_vs_TaxPhragmen,,Impartial,100,20,,,,,,,,,,,,,,,,8.0,0.15,
impartial_p0.15,0.1,Cross_Hamming,SeqPhragmen_vs_TaxMES,,Impartial,100,20,,,,,,,,,,,,,,,,8.0,0.15,
impartial_p0.15,0.1,Cross_Hamming,MES_vs_TaxMES,,Impartial,100,20,,,,,,,,,,,,,,,,8.0,0.15,
impartial_p0.15,0.1,Cross_Hamming,MES_vs_TaxPhragmen,,Impartial,100,20,,,,,,,,,,,,,,,,8.0,0.15,
impartial_p0.15,0.1,Cross_Hamming,TaxPhragmen_vs_TaxMES,,Impartial,100,20,,,,,,,,,,,,,,,,0.0,0.15,
impartial_p0.15,0.1,Cross_Hamming,AV_vs_TaxMES,,Impartial,100,20,,,,,,,,,,,,,,,,8.0,0.15,
impartial_p0.15,0.1,Cross_Hamming,AV_vs_TaxPhragmen,,Impartial,100,20,,,,,,,,,,,,,,,,8.0,0.15,
impartial_p0.3,0.1,Traditional,PAV,10.0,Impartial,100,20,27.4,25.0,31.0,19.2,26.0,12.0,2.74,3.0,10.0,0.1,5.0,0.05,0.2394,1.34,0.66,,0.3,
impartial_p0.3,0.1,Traditional,SeqPhragmen,10.0,Impartial,100,20,27.4,25.0,31.0,19.2,26.0,12.0,2.74,3.0,9.0,0.09,4.0,0.04,0.2478,1.34,0.64,,0.3,
impartial_p0.3,0.1,Traditional,MES,10.0,Impartial,100,20,27.4,25.0,31.0,19.2,26.0,12.0,2.74,3.0,10.0,0.1,5.0,0.05,0.2394,1.34,0.66,,0.3,
impartial_p0.3,0.1,AV,AV,10.0,Impartial,100,20,27.4,25.0,31.0,19.2,26.0,12.0,2.74,3.0,10.0,0.1,5.0,0.05,0.2394,1.34,0.66,,0.3,
impartial_p0.3,0.1,Tax,TaxPhragmen,6.0,Impartial,100,20,28.1667,25.0,31.0,21.2143,27.0,10.0,1.69,2.0,18.0,0.18,3.0,0.03,0.2467,1.34,0.36,,0.3,
impartial_p0.3,0.1,Tax,TaxMES,6.0,Impartial,100,20,28.0,25.0,31.0,21.2857,27.0,8.0,1.68,2.0,14.0,0.14,3.0,0.03,0.2263,1.34,0.33,,0.3,
impartial_p0.3,0.1,Hamming_Traditional,PAV_vs_SeqPhragmen,,Impartial,100,20,,,,,,,,,,,,,,,,2.0,0.3,
impartial_p0.3,0.1,Hamming_Traditional,PAV_vs_MES,,Impartial,100,20,,,,,,,,,,,,,,,,0.0,0.3,
impartial_p0.3,0.1,Hamming_Traditional,SeqPhragmen_vs_MES,,Impartial,100,20,,,,,,,,,,,,,,,,2.0,0.3,
impartial_p0.3,0.1,Hamming_Traditional,AV_vs_PAV,,Impartial,100,20,,,,,,,,,,,,,,,,0.0,0.3,
impartial_p0.3,0.1,Hamming_Traditional,AV_vs_SeqPhragmen,,Impartial,100,20,,,,,,,,,,,,,,,,2.0,0.3,
impartial_p0.3,0.1,Hamming_Traditional,AV_vs_MES,,Impartial,100,20,,,,,,,,,,,,,,,,0.0,0.3,
impartial_p0.3,0.1,Cross_Hamming,PAV_vs_TaxMES,,Impartial,100,20,,,,,,,,,,,,,,,,4.0,0.3,
impartial_p0.3,0.1,Cross_Hamming,PAV_vs_TaxPhragmen,,Impartial,100,20,,,,,,,,,,,,,,,,4.0,0.3,
impartial_p0.3,0.1,Cross_Hamming,SeqPhragmen_vs_TaxPhragmen,,Impartial,100,20,,,,,,,,,,,,,,,,4.0,0.3,
impartial_p0.3,0.1,Cross_Hamming,SeqPhragmen_vs_TaxMES,,Impartial,100,20,,,,,,,,,,,,,,,,4.0,0.3,
impartial_p0.3,0.1,Cross_Hamming,MES_vs_TaxMES,,Impartial,100,20,,,,,,,,,,,,,,,,4.0,0.3,
impartial_p0.3,0.1,Cross_Hamming,MES_vs_TaxPhragmen,,Impartial,100,20,,,,,,,,,,,,,,,,4.0,0.3,
impartial_p0.3,0.1,Cross_Hamming,TaxPhragmen_vs_TaxMES,,Impartial,100,20,,,,,,,,,,,,,,,,2.0,0.3,
impartial_p0.3,0.1,Cross_Hamming,AV_vs_TaxMES,,Impartial,100,20,,,,,,,,,,,,,,,,4.0,0.3,
impartial_p0.3,0.1,Cross_Hamming,AV_vs_TaxPhragmen,,Impartial,100,20,,,,,,,,,,,,,,,,4.0,0.3,
impartial_p0.5,0.1,Traditional,PAV,10.0,Impartial,100,20,49.9,44.0,56.0,41.5,47.0,15.0,4.99,5.0,0.0,0.0,0.0,0.0,0.1703,0.94,0.43,,0.5,
impartial_p0.5,0.1,Traditional,SeqPhragmen,10.0,Impartial,100,20,49.8,43.0,56.0,41.6,47.0,15.0,4.98,5.0,0.0,0.0,0.0,0.0,0.1586,0.94,0.39,,0.5,
impartial_p0.5,0.1,Traditional,MES,10.0,Impartial,100,20,49.8,43.0,56.0,41.6,47.0,15.0,4.98,5.0,0.0,0.0,0.0,0.0,0.17,0.94,0.44,,0.5,
impartial_p0.5,0.1,AV,AV,10.0,Impartial,100,20,50.2,44.0,56.0,41.2,46.0,12.0,5.02,5.0,0.0,0.0,0.0,0.0,0.187,0.94,0.44,,0.5,
impartial_p0.5,0.1,Tax,TaxPhragmen,8.0,Impartial,100,20,50.625,44.0,56.0,42.4167,50.0,10.0,4.05,4.0,0.0,0.0,0.0,0.0,0.1741,0.94,0.29,,0.5,
impartial_p0.5,0.1,Tax,TaxMES,8.0,Impartial,100,20,51.375,48.0,56.0,41.9167,47.0,15.0,4.11,4.0,0.0,0.0,0.0,0.0,0.1832,0.94,0.29,,0.5,
impartial_p0.5,0.1,Hamming_Traditional,PAV_vs_SeqPhragmen,,Impartial,100,20,,,,,,,,,,,,,,,,2.0,0.5,
impartial_p0.5,0.1,Hamming_Traditional,PAV_vs_MES,,Impartial,100,20,,,,,,,,,,,,,,,,2.0,0.5,
impartial_p0.5,0.1,Hamming_Traditional,SeqPhragmen_vs_MES,,Impartial,100,20,,,,,,,,,,,,,,,,4.0,0.5,
impartial_p0.5,0.1,Hamming_Traditional,AV_vs_PAV,,Impartial,100,20,,,,,,,,,,,,,,,,2.0,0.5,
impartial_p0.5,0.1,Hamming_Traditional,AV_vs_SeqPhragmen,,Impartial,100,20,,,,,,,,,,,,,,,,4.0,0.5,
impartial_p0.5,0.1,Hamming_Traditional,AV_vs_MES,,Impartial,100,20,,,,,,,,,,,,,,,,2.0,0.5,
impartial_p0.5,0.1,Cross_Hamming,PAV_vs_TaxMES,,Impartial,100,20,,,,,,,,,,,,,,,,2.0,0.5,
impartial_p0.5,0.1,Cross_Hamming,PAV_vs_TaxPhragmen,,Impartial,100,20,,,,,,,,,,,,,,,,2.0,0.5,
impartial_p0.5,0.1,Cross_Hamming,SeqPhragmen_vs_TaxPhragmen,,Impartial,100,20,,,,,,,,,,,,,,,,2.0,0.5,
impartial_p0.5,0.1,Cross_Hamming,SeqPhragmen_vs_TaxMES,,Impartial,100,20,,,,,,,,,,,,,,,,2.0,0.5,
impartial_p0.5,0.1,Cross_Hamming,MES_vs_TaxMES,,Impartial,100,20,,,,,,,,,,,,,,,,2.0,0.5,
impartial_p0.5,0.1,Cross_Hamming,MES_vs_TaxPhragmen,,Impartial,100,20,,,,,,,,,,,,,,,,4.0,0.5,
impartial_p0.5,0.1,Cross_Hamming,TaxPhragmen_vs_TaxMES,,Impartial,100,20,,,,,,,,,,,,,,,,2.0,0.5,
impartial_p0.5,0.1,Cross_Hamming,AV_vs_TaxMES,,Impartial,100,20,,,,,,,,,,,,,,,,2.0,0.5,
impartial_p0.5,0.1,Cross_Hamming,AV_vs_TaxPhragmen,,Impartial,100,20,,,,,,,,,,,,,,,,4.0,0.5,
impartial_p0.7,0.1,Traditional,PAV,10.0,Impartial,100,20,70.3,65.0,78.0,62.4,69.0,4.0,7.03,7.0,0.0,0.0,0.0,0.0,0.125,0.55,0.29,,0.7,
impartial_p0.7,0.1,Traditional,SeqPhragmen,10.0,Impartial,100,20,70.3,65.0,78.0,62.4,69.0,4.0,7.03,7.0,0.0,0.0,0.0,0.0,0.125,0.55,0.29,,0.7,
impartial_p0.7,0.1,Traditional,MES,10.0,Impartial,100,20,70.5,64.0,78.0,62.2,66.0,17.0,7.05,7.0,0.0,0.0,0.0,0.0,0.1097,0.55,0.21,,0.7,
impartial_p0.7,0.1,AV,AV,10.0,Impartial,100,20,70.3,65.0,78.0,62.4,69.0,4.0,7.03,7.0,0.0,0.0,0.0,0.0,0.125,0.55,0.29,,0.7,
impartial_p0.7,0.1,Tax,TaxPhragmen,9.0,Impartial,100,20,70.8889,66.0,78.0,62.6364,69.0,1.0,6.38,7.0,0.0,0.0,0.0,0.0,0.1225,0.55,0.21,,0.7,
impartial_p0.7,0.1,Tax,TaxMES,9.0,Impartial,100,20,71.2222,68.0,78.0,62.3636,66.0,17.0,6.41,7.0,0.0,0.0,0.0,0.0,0.1184,0.55,0.19,,0.7,
impartial_p0.7,0.1,Hamming_Traditional,PAV_vs_SeqPhragmen,,Impartial,100,20,,,,,,,,,,,,,,,,0.0,0.7,
impartial_p0.7,0.1,Hamming_Traditional,PAV_vs_MES,,Impartial,100,20,,,,,,,,,,,,,,,,4.0,0.7,
impartial_p0.7,0.1,Hamming_Traditional,SeqPhragmen_vs_MES,,Impartial,100,20,,,,,,,,,,,,,,,,4.0,0.7,
impartial_p0.7,0.1,Hamming_Traditional,AV_vs_PAV,,Impartial,100,20,,,,,,,,,,,,,,,,0.0,0.7,
impartial_p0.7,0.1,Hamming_Traditional,AV_vs_SeqPhragmen,,Impartial,100,20,,,,,,,,,,,,,,,,0.0,0.7,
impartial_p0.7,0.1,Hamming_Traditional,AV_vs_MES,,Impartial,100,20,,,,,,,,,,,,,,,,4.0,0.7,
impartial_p0.7,0.1,Cross_Hamming,PAV_vs_TaxMES,,Impartial,100,20,,,,,,,,,,,,,,,,3.0,0.7,
impartial_p0.7,0.1,Cross_Hamming,PAV_vs_TaxPhragmen,,Impartial,100,20,,,,,,,,,,,,,,,,3.0,0.7,
impartial_p0.7,0.1,Cross_Hamming,SeqPhragmen_vs_TaxPhragmen,,Impartial,100,20,,,,,,,,,,,,,,,,3.0,0.7,
impartial_p0.7,0.1,Cross_Hamming,SeqPhragmen_vs_TaxMES,,Impartial,100,20,,,,,,,,,,,,,,,,3.0,0.7,
impartial_p0.7,0.1,Cross_Hamming,MES_vs_TaxMES,,Impartial,100,20,,,,,,,,,,,,,,,,1.0,0.7,
impartial_p0.7,0.1,Cross_Hamming,MES_vs_TaxPhragmen,,Impartial,100,20,,,,,,,,,,,,,,,,3.0,0.7,
impartial_p0.7,0.1,Cross_Hamming,TaxPhragmen_vs_TaxMES,,Impartial,100,20,,,,,,,,,,,,,,,,2.0,0.7,
impartial_p0.7,0.1,Cross_Hamming,AV_vs_TaxMES,,Impartial,100,20,,,,,,,,,,,,,,,,3.0,0.7,
impartial_p0.7,0.1,Cross_Hamming,AV_vs_TaxPhragmen,,Impartial,100,20,,,,,,,,,,,,,,,,3.0,0.7,
resampling_p0.15_phi0.25,0.1,Traditional,PAV,10.0,Resampling,100,20,21.0,-5.0,79.0,-5.8,1.0,8.0,2.1,2.0,14.0,0.14,3.0,0.03,0.2299,1.55,0.64,,0.15,0.25
resampling_p0.15_phi0.25,0.1,Traditional,SeqPhragmen,10.0,Resampling,100,20,21.4,-5.0,79.0,-6.2,1.0,8.0,2.14,2.0,12.0,0.12,4.0,0.04,0.23,1.55,0.61,,0.15,0.25
resampling_p0.15_phi0.25,0.1,Traditional,MES,10.0,Resampling,100,20,21.4,-5.0,79.0,-6.2,1.0,8.0,2.14,2.0,12.0,0.12,2.0,0.02,0.211,1.55,0.59,,0.15,0.25
resampling_p0.15_phi0.25,0.1,AV,AV,10.0,Resampling,100,20,21.3,-5.0,79.0,-6.1,1.0,8.0,2.13,2.0,11.0,0.11,5.0,0.05,0.2369,1.55,0.62,,0.15,0.25
resampling_p0.15_phi0.25,0.1,Tax,TaxPhragmen,3.0,Resampling,100,20,75.0,71.0,79.0,-4.2941,7.0,16.0,2.25,2.0,5.0,0.05,0.0,0.0,0.2006,1.55,0.07,,0.15,0.25
resampling_p0.15_phi0.25,0.1,Tax,TaxMES,3.0,Resampling,100,20,75.0,71.0,79.0,-4.2941,7.0,16.0,2.25,2.0,5.0,0.05,0.0,0.0,0.2006,1.55,0.07,,0.15,0.25
resampling_p0.15_phi0.25,0.1,Hamming_Traditional,PAV_vs_SeqPhragmen,,Resampling,100,20,,,,,,,,,,,,,,,,2.0,0.15,0.25
resampling_p0.15_phi0.25,0.1,Hamming_Traditional,PAV_vs_MES,,Resampling,100,20,,,,,,,,,,,,,,,,2.0,0.15,0.25
resampling_p0.15_phi0.25,0.1,Hamming_Traditional,SeqPhragmen_vs_MES,,Resampling,100,20,,,,,,,,,,,,,,,,2.0,0.15,0.25
resampling_p0.15_phi0.25,0.1,Hamming_Traditional,AV_vs_PAV,,Resampling,100,20,,,,,,,,,,,,,,,,4.0,0.15,0.25
resampling_p0.15_phi0.25,0.1,Hamming_Traditional,AV_vs_SeqPhragmen,,Resampling,100,20,,,,,,,,,,,,,,,,2.0,0.15,0.25
resampling_p0.15_phi0.25,0.1,Hamming_Traditional,AV_vs_MES,,Resampling,100,20,,,,,,,,,,,,,,,,4.0,0.15,0.25
resampling_p0.15_phi0.25,0.1,Cross_Hamming,PAV_vs_TaxMES,,Resampling,100,20,,,,,,,,,,,,,,,,7.0,0.15,0.25
resampling_p0.15_phi0.25,0.1,Cross_Hamming,PAV_vs_TaxPhragmen,,Resampling,100,20,,,,,,,,,,,,,,,,7.0,0.15,0.25
resampling_p0.15_phi0.25,0.1,Cross_Hamming,SeqPhragmen_vs_TaxPhragmen,,Resampling,100,20,,,,,,,,,,,,,,,,7.0,0.15,0.25
resampling_p0.15_phi0.25,0.1,Cross_Hamming,SeqPhragmen_vs_TaxMES,,Resampling,100,20,,,,,,,,,,,,,,,,7.0,0.15,0.25
resampling_p0.15_phi0.25,0.1,Cross_Hamming,MES_vs_TaxMES,,Resampling,100,20,,,,,,,,,,,,,,,,7.0,0.15,0.25
resampling_p0.15_phi0.25,0.1,Cross_Hamming,MES_vs_TaxPhragmen,,Resampling,100,20,,,,,,,,,,,,,,,,7.0,0.15,0.25
resampling_p0.15_phi0.25,0.1,Cross_Hamming,TaxPhragmen_vs_TaxMES,,Resampling,100,20,,,,,,,,,,,,,,,,0.0,0.15,0.25
resampling_p0.15_phi0.25,0.1,Cross_Hamming,AV_vs_TaxMES,,Resampling,100,20,,,,,,,,,,,,,,,,7.0,0.15,0.25
resampling_p0.15_phi0.25,0.1,Cross_Hamming,AV_vs_TaxPhragmen,,Resampling,100,20,,,,,,,,,,,,,,,,7.0,0.15,0.25
resampling_p0.15_phi0.5,0.1,Traditional,PAV,10.0,Resampling,100,20,16.5,-2.0,56.0,-2.3,4.0,16.0,1.65,2.0,25.0,0.25,7.0,0.07,0.2247,1.55,0.74,,0.15,0.5
resampling_p0.15_phi0.5,0.1,Traditional,SeqPhragmen,10.0,Resampling,100,20,16.8,-2.0,56.0,-2.6,2.0,6.0,1.68,2.0,26.0,0.26,5.0,0.05,0.2309,1.55,0.7,,0.15,0.5
resampling_p0.15_phi0.5,0.1,Traditional,MES,10.0,Resampling,100,20,16.8,-2.0,56.0,-2.6,2.0,6.0,1.68,2.0,26.0,0.26,5.0,0.05,0.2309,1.55,0.7,,0.15,0.5
resampling_p0.15_phi0.5,0.1,AV,AV,10.0,Resampling,100,20,16.1,-3.0,56.0,-1.9,4.0,16.0,1.61,2.0,28.0,0.28,10.0,0.1,0.2557,1.55,0.79,,0.15,0.5
resampling_p0.15_phi0.5,0.1,Tax,TaxPhragmen,3.0,Resampling,100,20,50.3333,41.0,56.0,-0.5294,6.0,14.0,1.51,2.0,17.0,0.17,4.0,0.04,0.2263,1.55,0.15,,0.15,0.5
resampling_p0.15_phi0.5,0.1,Tax,TaxMES,3.0,Resampling,100,20,50.3333,41.0,56.0,-0.5294,6.0,14.0,1.51,2.0,17.0,0.17,4.0,0.04,0.2263,1.55,0.15,,0.15,0.5
resampling_p0.15_phi0.5,0.1,Hamming_Traditional,PAV_vs_SeqPhragmen,,Resampling,100,20,,,,,,,,,,,,,,,,2.0,0.15,0.5
resampling_p0.15_phi0.5,0.1,Hamming_Traditional,PAV_vs_MES,,Resampling,100,20,,,,,,,,,,,,,,,,2.0,0.15,0.5
resampling_p0.15_phi0.5,0.1,Hamming_Traditional,SeqPhragmen_vs_MES,,Resampling,100,20,,,,,,,,,,,,,,,,0.0,0.15,0.5
resampling_p0.15_phi0.5,0.1,Hamming_Traditional,AV_vs_PAV,,Resampling,100,20,,,,,,,,,,,,,,,,2.0,0.15,0.5
resampling_p0.15_phi0.5,0.1,Hamming_Traditional,AV_vs_SeqPhragmen,,Resampling,100,20,,,,,,,,,,,,,,,,2.0,0.15,0.5
resampling_p0.15_phi0.5,0.1,Hamming_Traditional,AV_vs_MES,,Resampling,100,20,,,,,,,,,,,,,,,,2.0,0.15,0.5
resampling_p0.15_phi0.5,0.1,Cross_Hamming,PAV_vs_TaxMES,,Resampling,100,20,,,,,,,,,,,,,,,,7.0,0.15,0.5
resampling_p0.15_phi0.5,0.1,Cross_Hamming,PAV_vs_TaxPhragmen,,Resampling,100,20,,,,,,,,,,,,,,,,7.0,0.15,0.5
resampling_p0.15_phi0.5,0.1,Cross_Hamming,SeqPhragmen_vs_TaxPhragmen,,Resampling,100,20,,,,,,,,,,,,,,,,7.0,0.15,0.5
resampling_p0.15_phi0.5,0.1,Cross_Hamming,SeqPhragmen_vs_TaxMES,,Resampling,100,20,,,,,,,,,,,,,,,,7.0,0.15,0.5
resampling_p0.15_phi0.5,0.1,Cross_Hamming,MES_vs_TaxMES,,Resampling,100,20,,,,,,,,,,,,,,,,7.0,0.15,0.5
resampling_p0.15_phi0.5,0.1,Cross_Hamming,MES_vs_TaxPhragmen,,Resampling,100,20,,,,,,,,,,,,,,,,7.0,0.15,0.5
resampling_p0.15_phi0.5,0.1,Cross_Hamming,TaxPhragmen_vs_TaxMES,,Resampling,100,20,,,,,,,,,,,,,,,,0.0,0.15,0.5
resampling_p0.15_phi0.5,0.1,Cross_Hamming,AV_vs_TaxMES,,Resampling,100,20,,,,,,,,,,,,,,,,7.0,0.15,0.5
resampling_p0.15_phi0.5,0.1,Cross_Hamming,AV_vs_TaxPhragmen,,Resampling,100,20,,,,,,,,,,,,,,,,7.0,0.15,0.5
resampling_p0.15_phi0.75,0.1,Traditional,PAV,10.0,Resampling,100,20,14.7,4.0,40.0,0.8,7.0,7.0,1.47,1.0,19.0,0.19,6.0,0.06,0.162,1.55,0.66,,0.15,0.75
resampling_p0.15_phi0.75,0.1,Traditional,SeqPhragmen,10.0,Resampling,100,20,14.8,4.0,40.0,0.7,7.0,7.0,1.48,1.5,23.0,0.23,5.0,0.05,0.2176,1.55,0.66,,0.15,0.75
resampling_p0.15_phi0.75,0.1,Traditional,MES,10.0,Resampling,100,20,14.8,4.0,40.0,0.7,7.0,7.0,1.48,1.5,23.0,0.23,5.0,0.05,0.2176,1.55,0.66,,0.15,0.75
resampling_p0.15_phi0.75,0.1,AV,AV,10.0,Resampling,100,20,14.2,3.0,40.0,1.3,7.0,7.0,1.42,2.0,25.0,0.25,12.0,0.12,0.1967,1.55,0.73,,0.15,0.75
resampling_p0.15_phi0.75,0.1,Tax,TaxPhragmen,3.0,Resampling,100,20,34.3333,28.0,40.0,3.0588,9.0,16.0,1.03,1.0,27.0,0.27,6.0,0.06,0.1777,1.55,0.17,,0.15,0.75
resampling_p0.15_phi0.75,0.1,Tax,TaxMES,3.0,Resampling,100,20,34.3333,28.0,40.0,3.0588,9.0,16.0,1.03,1.0,27.0,0.27,6.0,0.06,0.1777,1.55,0.17,,0.15,0.75
resampling_p0.15_phi0.75,0.1,Hamming_Traditional,PAV_vs_SeqPhragmen,,Resampling,100,20,,,,,,,,,,,,,,,,2.0,0.15,0.75
resampling_p0.15_phi0.75,0.1,Hamming_Traditional,PAV_vs_MES,,Resampling,100,20,,,,,,,,,,,,,,,,2.0,0.15,0.75
resampling_p0.15_phi0.75,0.1,Hamming_Traditional,SeqPhragmen_vs_MES,,Resampling,100,20,,,,,,,,,,,,,,,,0.0,0.15,0.75
resampling_p0.15_phi0.75,0.1,Hamming_Traditional,AV_vs_PAV,,Resampling,100,20,,,,,,,,,,,,,,,,4.0,0.15,0.75
resampling_p0.15_phi0.75,0.1,Hamming_Traditional,AV_vs_SeqPhragmen,,Resampling,100,20,,,,,,,,,,,,,,,,4.0,0.15,0.75
resampling_p0.15_phi0.75,0.1,Hamming_Traditional,AV_vs_MES,,Resampling,100,20,,,,,,,,,,,,,,,,4.0,0.15,0.75
resampling_p0.15_phi0.75,0.1,Cross_Hamming,PAV_vs_TaxMES,,Resampling,100,20,,,,,,,,,,,,,,,,7.0,0.15,0.75
resampling_p0.15_phi0.75,0.1,Cross_Hamming,PAV_vs_TaxPhragmen,,Resampling,100,20,,,,,,,,,,,,,,,,7.0,0.15,0.75
resampling_p0.15_phi0.75,0.1,Cross_Hamming,SeqPhragmen_vs_TaxPhragmen,,Resampling,100,20,,,,,,,,,,,,,,,,7.0,0.15,0.75
resampling_p0.15_phi0.75,0.1,Cross_Hamming,SeqPhragmen_vs_TaxMES,,Resampling,100,20,,,,,,,,,,,,,,,,7.0,0.15,0.75
resampling_p0.15_phi0.75,0.1,Cross_Hamming,MES_vs_TaxMES,,Resampling,100,20,,,,,,,,,,,,,,,,7.0,0.15,0.75
resampling_p0.15_phi0.75,0.1,Cross_Hamming,MES_vs_TaxPhragmen,,Resampling,100,20,,,,,,,,,,,,,,,,7.0,0.15,0.75
resampling_p0.15_phi0.75,0.1,Cross_Hamming,TaxPhragmen_vs_TaxMES,,Resampling,100,20,,,,,,,,,,,,,,,,0.0,0.15,0.75
resampling_p0.15_phi0.75,0.1,Cross_Hamming,AV_vs_TaxMES,,Resampling,100,20,,,,,,,,,,,,,,,,7.0,0.15,0.75
resampling_p0.15_phi0.75,0.1,Cross_Hamming,AV_vs_TaxPhragmen,,Resampling,100,20,,,,,,,,,,,,,,,,7.0,0.15,0.75
resampling_p0.15_phi1,0.1,Traditional,PAV,10.0,Resampling,100,20,9.3,4.0,15.0,4.7,13.0,3.0,0.93,1.0,37.0,0.37,13.0,0.13,0.1865,1.55,0.76,,0.15,1.0
resampling_p0.15_phi1,0.1,Traditional,SeqPhragmen,10.0,Resampling,100,20,10.0,4.0,15.0,4.0,6.0,11.0,1.0,1.0,36.0,0.36,13.0,0.13,0.2477,1.55,0.72,,0.15,1.0
resampling_p0.15_phi1,0.1,Traditional,MES,10.0,Resampling,100,20,9.3,4.0,15.0,4.7,13.0,3.0,0.93,1.0,37.0,0.37,13.0,0.13,0.1865,1.55,0.76,,0.15,1.0
resampling_p0.15_phi1,0.1,AV,AV,10.0,Resampling,100,20,10.0,4.0,15.0,4.0,6.0,11.0,1.0,1.0,36.0,0.36,13.0,0.13,0.2477,1.55,0.72,,0.15,1.0
resampling_p0.15_phi1,0.1,Tax,TaxPhragmen,2.0,Resampling,100,20,14.0,13.0,15.0,6.2222,14.0,14.0,0.28,0.0,67.0,0.67,7.0,0.07,0.2389,1.55,0.08,,0.15,1.0
resampling_p0.15_phi1,0.1,Tax,TaxMES,2.0,Resampling,100,20,14.0,13.0,15.0,6.2222,14.0,14.0,0.28,0.0,67.0,0.67,7.0,0.07,0.2389,1.55,0.08,,0.15,1.0
resampling_p0.15_phi1,0.1,Hamming_Traditional,PAV_vs_SeqPhragmen,,Resampling,100,20,,,,,,,,,,,,,,,,2.0,0.15,1.0
resampling_p0.15_phi1,0.1,Hamming_Traditional,PAV_vs_MES,,Resampling,100,20,,,,,,,,,,,,,,,,0.0,0.15,1.0
resampling_p0.15_phi1,0.1,Hamming_Traditional,SeqPhragmen_vs_MES,,Resampling,100,20,,,,,,,,,,,,,,,,2.0,0.15,1.0
resampling_p0.15_phi1,0.1,Hamming_Traditional,AV_vs_PAV,,Resampling,100,20,,,,,,,,,,,,,,,,2.0,0.15,1.0
resampling_p0.15_phi1,0.1,Hamming_Traditional,AV_vs_SeqPhragmen,,Resampling,100,20,,,,,,,,,,,,,,,,0.0,0.15,1.0
resampling_p0.15_phi1,0.1,Hamming_Traditional,AV_vs_MES,,Resampling,100,20,,,,,,,,,,,,,,,,2.0,0.15,1.0
resampling_p0.15_phi1,0.1,Cross_Hamming,PAV_vs_TaxMES,,Resampling,100,20,,,,,,,,,,,,,,,,10.0,0.15,1.0
resampling_p0.15_phi1,0.1,Cross_Hamming,PAV_vs_TaxPhragmen,,Resampling,100,20,,,,,,,,,,,,,,,,10.0,0.15,1.0
resampling_p0.15_phi1,0.1,Cross_Hamming,SeqPhragmen_vs_TaxPhragmen,,Resampling,100,20,,,,,,,,,,,,,,,,8.0,0.15,1.0
resampling_p0.15_phi1,0.1,Cross_Hamming,SeqPhragmen_vs_TaxMES,,Resampling,100,20,,,,,,,,,,,,,,,,8.0,0.15,1.0
resampling_p0.15_phi1,0.1,Cross_Hamming,MES_vs_TaxMES,,Resampling,100,20,,,,,,,,,,,,,,,,10.0,0.15,1.0
resampling_p0.15_phi1,0.1,Cross_Hamming,MES_vs_TaxPhragmen,,Resampling,100,20,,,,,,,,,,,,,,,,10.0,0.15,1.0
resampling_p0.15_phi1,0.1,Cross_Hamming,TaxPhragmen_vs_TaxMES,,Resampling,100,20,,,,,,,,,,,,,,,,0.0,0.15,1.0
resampling_p0.15_phi1,0.1,Cross_Hamming,AV_vs_TaxMES,,Resampling,100,20,,,,,,,,,,,,,,,,8.0,0.15,1.0
resampling_p0.15_phi1,0.1,Cross_Hamming,AV_vs_TaxPhragmen,,Resampling,100,20,,,,,,,,,,,,,,,,8.0,0.15,1.0
resampling_p0.1_phi0.25,0.1,Traditional,PAV,10.0,Resampling,100,20,10.6,-10.0,78.0,-7.2,-3.0,4.0,1.06,1.0,25.0,0.25,11.0,0.11,0.1349,1.65,0.78,,0.1,0.25
resampling_p0.1_phi0.25,0.1,Traditional,SeqPhragmen,10.0,Resampling,100,20,10.6,-10.0,78.0,-7.2,-3.0,7.0,1.06,1.0,27.0,0.27,12.0,0.12,0.1697,1.65,0.8,,0.1,0.25
resampling_p0.1_phi0.25,0.1,Traditional,MES,10.0,Resampling,100,20,10.6,-10.0,78.0,-7.2,-3.0,7.0,1.06,1.0,27.0,0.27,12.0,0.12,0.1697,1.65,0.8,,0.1,0.25
resampling_p0.1_phi0.25,0.1,AV,AV,10.0,Resampling,100,20,10.6,-10.0,78.0,-7.2,-3.0,7.0,1.06,1.0,27.0,0.27,12.0,0.12,0.1697,1.65,0.8,,0.1,0.25
resampling_p0.1_phi0.25,0.1,Tax,TaxPhragmen,2.0,Resampling,100,20,74.5,71.0,78.0,-6.3889,2.0,9.0,1.49,2.0,12.0,0.12,1.0,0.01,0.141,1.65,0.06,,0.1,0.25
resampling_p0.1_phi0.25,0.1,Tax,TaxMES,2.0,Resampling,100,20,74.5,71.0,78.0,-6.3889,2.0,9.0,1.49,2.0,12.0,0.12,1.0,0.01,0.141,1.65,0.06,,0.1,0.25
resampling_p0.1_phi0.25,0.1,Hamming_Traditional,PAV_vs_SeqPhragmen,,Resampling,100,20,,,,,,,,,,,,,,,,2.0,0.1,0.25
resampling_p0.1_phi0.25,0.1,Hamming_Traditional,PAV_vs_MES,,Resampling,100,20,,,,,,,,,,,,,,,,2.0,0.1,0.25
resampling_p0.1_phi0.25,0.1,Hamming_Traditional,SeqPhragmen_vs_MES,,Resampling,100,20,,,,,,,,,,,,,,,,0.0,0.1,0.25
resampling_p0.1_phi0.25,0.1,Hamming_Traditional,AV_vs_PAV,,Resampling,100,20,,,,,,,,,,,,,,,,2.0,0.1,0.25
resampling_p0.1_phi0.25,0.1,Hamming_Traditional,AV_vs_SeqPhragmen,,Resampling,100,20,,,,,,,,,,,,,,,,0.0,0.1,0.25
resampling_p0.1_phi0.25,0.1,Hamming_Traditional,AV_vs_MES,,Resampling,100,20,,,,,,,,,,,,,,,,0.0,0.1,0.25
resampling_p0.1_phi0.25,0.1,Cross_Hamming,PAV_vs_TaxMES,,Resampling,100,20,,,,,,,,,,,,,,,,8.0,0.1,0.25
resampling_p0.1_phi0.25,0.1,Cross_Hamming,PAV_vs_TaxPhragmen,,Resampling,100,20,,,,,,,,,,,,,,,,8.0,0.1,0.25
resampling_p0.1_phi0.25,0.1,Cross_Hamming,SeqPhragmen_vs_TaxPhragmen,,Resampling,100,20,,,,,,,,,,,,,,,,8.0,0.1,0.25
resampling_p0.1_phi0.25,0.1,Cross_Hamming,SeqPhragmen_vs_TaxMES,,Resampling,100,20,,,,,,,,,,,,,,,,8.0,0.1,0.25
resampling_p0.1_phi0.25,0.1,Cross_Hamming,MES_vs_TaxMES,,Resampling,100,20,,,,,,,,,,,,,,,,8.0,0.1,0.25
resampling_p0.1_phi0.25,0.1,Cross_Hamming,MES_vs_TaxPhragmen,,Resampling,100,20,,,,,,,,,,,,,,,,8.0,0.1,0.25
resampling_p0.1_phi0.25,0.1,Cross_Hamming,TaxPhragmen_vs_TaxMES,,Resampling,100,20,,,,,,,,,,,,,,,,0.0,0.1,0.25
resampling_p0.1_phi0.25,0.1,Cross_Hamming,AV_vs_TaxMES,,Resampling,100,20,,,,,,,,,,,,,,,,8.0,0.1,0.25
resampling_p0.1_phi0.25,0.1,Cross_Hamming,AV_vs_TaxPhragmen,,Resampling,100,20,,,,,,,,,,,,,,,,8.0,0.1,0.25
resampling_p0.1_phi0.5,0.1,Traditional,PAV,10.0,Resampling,100,20,8.7,-5.0,49.0,-6.4,-3.0,2.0,0.87,1.0,39.0,0.39,14.0,0.14,0.2097,1.67,0.74,,0.1,0.5
resampling_p0.1_phi0.5,0.1,Traditional,SeqPhragmen,10.0,Resampling,100,20,8.7,-5.0,49.0,-6.4,-3.0,2.0,0.87,1.0,39.0,0.39,14.0,0.14,0.2097,1.67,0.74,,0.1,0.5
resampling_p0.1_phi0.5,0.1,Traditional,MES,10.0,Resampling,100,20,8.7,-5.0,49.0,-6.4,-3.0,2.0,0.87,1.0,39.0,0.39,14.0,0.14,0.2097,1.67,0.74,,0.1,0.5
resampling_p0.1_phi0.5,0.1,AV,AV,10.0,Resampling,100,20,8.7,-5.0,49.0,-6.4,-3.0,2.0,0.87,1.0,39.0,0.39,14.0,0.14,0.2097,1.67,0.74,,0.1,0.5
resampling_p0.1_phi0.5,0.1,Tax,TaxPhragmen,2.0,Resampling,100,20,44.0,39.0,49.0,-3.6111,4.0,3.0,0.88,1.0,36.0,0.36,4.0,0.04,0.2502,1.67,0.1,,0.1,0.5
resampling_p0.1_phi0.5,0.1,Tax,TaxMES,2.0,Resampling,100,20,44.0,39.0,49.0,-3.6111,4.0,3.0,0.88,1.0,36.0,0.36,4.0,0.04,0.2502,1.67,0.1,,0.1,0.5
resampling_p0.1_phi0.5,0.1,Hamming_Traditional,PAV_vs_SeqPhragmen,,Resampling,100,20,,,,,,,,,,,,,,,,0.0,0.1,0.5
resampling_p0.1_phi0.5,0.1,Hamming_Traditional,PAV_vs_MES,,Resampling,100,20,,,,,,,,,,,,,,,,0.0,0.1,0.5
resampling_p0.1_phi0.5,0.1,Hamming_Traditional,SeqPhragmen_vs_MES,,Resampling,100,20,,,,,,,,,,,,,,,,0.0,0.1,0.5
resampling_p0.1_phi0.5,0.1,Hamming_Traditional,AV_vs_PAV,,Resampling,100,20,,,,,,,,,,,,,,,,0.0,0.1,0.5
resampling_p0.1_phi0.5,0.1,Hamming_Traditional,AV_vs_SeqPhragmen,,Resampling,100,20,,,,,,,,,,,,,,,,0.0,0.1,0.5
resampling_p0.1_phi0.5,0.1,Hamming_Traditional,AV_vs_MES,,Resampling,100,20,,,,,,,,,,,,,,,,0.0,0.1,0.5
resampling_p0.1_phi0.5,0.1,Cross_Hamming,PAV_vs_TaxMES,,Resampling,100,20,,,,,,,,,,,,,,,,8.0,0.1,0.5
resampling_p0.1_phi0.5,0.1,Cross_Hamming,PAV_vs_TaxPhragmen,,Resampling,100,20,,,,,,,,,,,,,,,,8.0,0.1,0.5
resampling_p0.1_phi0.5,0.1,Cross_Hamming,SeqPhragmen_vs_TaxPhragmen,,Resampling,100,20,,,,,,,,,,,,,,,,8.0,0.1,0.5
resampling_p0.1_phi0.5,0.1,Cross_Hamming,SeqPhragmen_vs_TaxMES,,Resampling,100,20,,,,,,,,,,,,,,,,8.0,0.1,0.5
resampling_p0.1_phi0.5,0.1,Cross_Hamming,MES_vs_TaxMES,,Resampling,100,20,,,,,,,,,,,,,,,,8.0,0.1,0.5
resampling_p0.1_phi0.5,0.1,Cross_Hamming,MES_vs_TaxPhragmen,,Resampling,100,20,,,,,,,,,,,,,,,,8.0,0.1,0.5
resampling_p0.1_phi0.5,0.1,Cross_Hamming,TaxPhragmen_vs_TaxMES,,Resampling,100,20,,,,,,,,,,,,,,,,0.0,0.1,0.5
resampling_p0.1_phi0.5,0.1,Cross_Hamming,AV_vs_TaxMES,,Resampling,100,20,,,,,,,,,,,,,,,,8.0,0.1,0.5
resampling_p0.1_phi0.5,0.1,Cross_Hamming,AV_vs_TaxPhragmen,,Resampling,100,20,,,,,,,,,,,,,,,,8.0,0.1,0.5
resampling_p0.1_phi0.75,0.1,Traditional,PAV,10.0,Resampling,100,20,7.1,-2.0,35.0,-3.4,2.0,7.0,0.71,1.0,43.0,0.43,18.0,0.18,0.2119,1.65,0.74,,0.1,0.75
resampling_p0.1_phi0.75,0.1,Traditional,SeqPhragmen,10.0,Resampling,100,20,7.1,-2.0,35.0,-3.4,2.0,7.0,0.71,1.0,43.0,0.43,18.0,0.18,0.2119,1.65,0.74,,0.1,0.75
resampling_p0.1_phi0.75,0.1,Traditional,MES,10.0,Resampling,100,20,7.1,-2.0,35.0,-3.4,2.0,7.0,0.71,1.0,43.0,0.43,18.0,0.18,0.2119,1.65,0.74,,0.1,0.75
resampling_p0.1_phi0.75,0.1,AV,AV,10.0,Resampling,100,20,7.1,-2.0,35.0,-3.4,2.0,7.0,0.71,1.0,43.0,0.43,18.0,0.18,0.2119,1.65,0.74,,0.1,0.75
resampling_p0.1_phi0.75,0.1,Tax,TaxPhragmen,2.0,Resampling,100,20,28.0,21.0,35.0,-1.0556,6.0,14.0,0.56,1.0,49.0,0.49,8.0,0.08,0.1773,1.65,0.15,,0.1,0.75
resampling_p0.1_phi0.75,0.1,Tax,TaxMES,2.0,Resampling,100,20,28.0,21.0,35.0,-1.0556,6.0,14.0,0.56,1.0,49.0,0.49,8.0,0.08,0.1773,1.65,0.15,,0.1,0.75
resampling_p0.1_phi0.75,0.1,Hamming_Traditional,PAV_vs_SeqPhragmen,,Resampling,100,20,,,,,,,,,,,,,,,,0.0,0.1,0.75
resampling_p0.1_phi0.75,0.1,Hamming_Traditional,PAV_vs_MES,,Resampling,100,20,,,,,,,,,,,,,,,,0.0,0.1,0.75
resampling_p0.1_phi0.75,0.1,Hamming_Traditional,SeqPhragmen_vs_MES,,Resampling,100,20,,,,,,,,,,,,,,,,0.0,0.1,0.75
resampling_p0.1_phi0.75,0.1,Hamming_Traditional,AV_vs_PAV,,Resampling,100,20,,,,,,,,,,,,,,,,0.0,0.1,0.75
resampling_p0.1_phi0.75,0.1,Hamming_Traditional,AV_vs_SeqPhragmen,,Resampling,100,20,,,,,,,,,,,,,,,,0.0,0.1,0.75
resampling_p0.1_phi0.75,0.1,Hamming_Traditional,AV_vs_MES,,Resampling,100,20,,,,,,,,,,,,,,,,0.0,0.1,0.75
resampling_p0.1_phi0.75,0.1,Cross_Hamming,PAV_vs_TaxMES,,Resampling,100,20,,,,,,,,,,,,,,,,8.0,0.1,0.75
resampling_p0.1_phi0.75,0.1,Cross_Hamming,PAV_vs_TaxPhragmen,,Resampling,100,20,,,,,,,,,,,,,,,,8.0,0.1,0.75
resampling_p0.1_phi0.75,0.1,Cross_Hamming,SeqPhragmen_vs_TaxPhragmen,,Resampling,100,20,,,,,,,,,,,,,,,,8.0,0.1,0.75
resampling_p0.1_phi0.75,0.1,Cross_Hamming,SeqPhragmen_vs_TaxMES,,Resampling,100,20,,,,,,,,,,,,,,,,8.0,0.1,0.75
resampling_p0.1_phi0.75,0.1,Cross_Hamming,MES_vs_TaxMES,,Resampling,100,20,,,,,,,,,,,,,,,,8.0,0.1,0.75
resampling_p0.1_phi0.75,0.1,Cross_Hamming,MES_vs_TaxPhragmen,,Resampling,100,20,,,,,,,,,,,,,,,,8.0,0.1,0.75
resampling_p0.1_phi0.75,0.1,Cross_Hamming,TaxPhragmen_vs_TaxMES,,Resampling,100,20,,,,,,,,,,,,,,,,0.0,0.1,0.75
resampling_p0.1_phi0.75,0.1,Cross_Hamming,AV_vs_TaxMES,,Resampling,100,20,,,,,,,,,,,,,,,,8.0,0.1,0.75
resampling_p0.1_phi0.75,0.1,Cross_Hamming,AV_vs_TaxPhragmen,,Resampling,100,20,,,,,,,,,,,,,,,,8.0,0.1,0.75
resampling_p0.1_phi1,0.1,Traditional,PAV,10.0,Resampling,100,20,3.5,0.0,9.0,0.4,7.0,0.0,0.35,0.0,60.0,0.6,25.0,0.25,0.1618,1.65,0.86,,0.1,1.0
resampling_p0.1_phi1,0.1,Traditional,SeqPhragmen,10.0,Resampling,100,20,3.6,0.0,9.0,0.3,7.0,0.0,0.36,0.0,60.0,0.6,26.0,0.26,0.2068,1.65,0.85,,0.1,1.0
resampling_p0.1_phi1,0.1,Traditional,MES,10.0,Resampling,100,20,3.5,0.0,9.0,0.4,7.0,0.0,0.35,0.0,60.0,0.6,25.0,0.25,0.1618,1.65,0.86,,0.1,1.0
resampling_p0.1_phi1,0.1,AV,AV,10.0,Resampling,100,20,4.2,0.0,9.0,-0.3,4.0,15.0,0.42,0.0,55.0,0.55,21.0,0.21,0.2234,1.65,0.82,,0.1,1.0
resampling_p0.1_phi1,0.1,Tax,TaxPhragmen,0.0,Resampling,100,20,,,,1.95,9.0,9.0,0.0,0.0,100.0,1.0,0.0,0.0,0.0,1.65,0.0,,0.1,1.0
resampling_p0.1_phi1,0.1,Tax,TaxMES,0.0,Resampling,100,20,,,,1.95,9.0,9.0,0.0,0.0,100.0,1.0,0.0,0.0,0.0,1.65,0.0,,0.1,1.0
resampling_p0.1_phi1,0.1,Hamming_Traditional,PAV_vs_SeqPhragmen,,Resampling,100,20,,,,,,,,,,,,,,,,2.0,0.1,1.0
resampling_p0.1_phi1,0.1,Hamming_Traditional,PAV_vs_MES,,Resampling,100,20,,,,,,,,,,,,,,,,0.0,0.1,1.0
resampling_p0.1_phi1,0.1,Hamming_Traditional,SeqPhragmen_vs_MES,,Resampling,100,20,,,,,,,,,,,,,,,,2.0,0.1,1.0
resampling_p0.1_phi1,0.1,Hamming_Traditional,AV_vs_PAV,,Resampling,100,20,,,,,,,,,,,,,,,,4.0,0.1,1.0
resampling_p0.1_phi1,0.1,Hamming_Traditional,AV_vs_SeqPhragmen,,Resampling,100,20,,,,,,,,,,,,,,,,4.0,0.1,1.0
resampling_p0.1_phi1,0.1,Hamming_Traditional,AV_vs_MES,,Resampling,100,20,,,,,,,,,,,,,,,,4.0,0.1,1.0
resampling_p0.1_phi1,0.1,Cross_Hamming,PAV_vs_TaxMES,,Resampling,100,20,,,,,,,,,,,,,,,,10.0,0.1,1.0
resampling_p0.1_phi1,0.1,Cross_Hamming,PAV_vs_TaxPhragmen,,Resampling,100,20,,,,,,,,,,,,,,,,10.0,0.1,1.0
resampling_p0.1_phi1,0.1,Cross_Hamming,SeqPhragmen_vs_TaxPhragmen,,Resampling,100,20,,,,,,,,,,,,,,,,10.0,0.1,1.0
resampling_p0.1_phi1,0.1,Cross_Hamming,SeqPhragmen_vs_TaxMES,,Resampling,100,20,,,,,,,,,,,,,,,,10.0,0.1,1.0
resampling_p0.1_phi1,0.1,Cross_Hamming,MES_vs_TaxMES,,Resampling,100,20,,,,,,,,,,,,,,,,10.0,0.1,1.0
resampling_p0.1_phi1,0.1,Cross_Hamming,MES_vs_TaxPhragmen,,Resampling,100,20,,,,,,,,,,,,,,,,10.0,0.1,1.0
resampling_p0.1_phi1,0.1,Cross_Hamming,TaxPhragmen_vs_TaxMES,,Resampling,100,20,,,,,,,,,,,,,,,,0.0,0.1,1.0
resampling_p0.1_phi1,0.1,Cross_Hamming,AV_vs_TaxMES,,Resampling,100,20,,,,,,,,,,,,,,,,10.0,0.1,1.0
resampling_p0.1_phi1,0.1,Cross_Hamming,AV_vs_TaxPhragmen,,Resampling,100,20,,,,,,,,,,,,,,,,10.0,0.1,1.0
resampling_p0.3_phi0.25,0.1,Traditional,PAV,10.0,Resampling,100,20,51.6,1.0,86.0,-1.8,6.0,6.0,5.16,5.0,0.0,0.0,0.0,0.0,0.1519,1.29,0.42,,0.3,0.25
resampling_p0.3_phi0.25,0.1,Traditional,SeqPhragmen,10.0,Resampling,100,20,51.6,1.0,86.0,-1.8,6.0,6.0,5.16,5.0,0.0,0.0,0.0,0.0,0.1519,1.29,0.42,,0.3,0.25
resampling_p0.3_phi0.25,0.1,Traditional,MES,10.0,Resampling,100,20,51.6,1.0,86.0,-1.8,6.0,6.0,5.16,5.0,0.0,0.0,0.0,0.0,0.1519,1.29,0.42,,0.3,0.25
resampling_p0.3_phi0.25,0.1,AV,AV,10.0,Resampling,100,20,51.6,1.0,86.0,-1.8,6.0,6.0,5.16,5.0,0.0,0.0,0.0,0.0,0.1519,1.29,0.42,,0.3,0.25
resampling_p0.3_phi0.25,0.1,Tax,TaxPhragmen,6.0,Resampling,100,20,83.8333,81.0,86.0,-0.3571,6.0,6.0,5.03,5.0,0.0,0.0,0.0,0.0,0.1028,1.29,0.05,,0.3,0.25
resampling_p0.3_phi0.25,0.1,Tax,TaxMES,6.0,Resampling,100,20,83.8333,81.0,86.0,-0.3571,6.0,6.0,5.03,5.0,0.0,0.0,0.0,0.0,0.1028,1.29,0.05,,0.3,0.25
resampling_p0.3_phi0.25,0.1,Hamming_Traditional,PAV_vs_SeqPhragmen,,Resampling,100,20,,,,,,,,,,,,,,,,0.0,0.3,0.25
resampling_p0.3_phi0.25,0.1,Hamming_Traditional,PAV_vs_MES,,Resampling,100,20,,,,,,,,,,,,,,,,0.0,0.3,0.25
resampling_p0.3_phi0.25,0.1,Hamming_Traditional,SeqPhragmen_vs_MES,,Resampling,100,20,,,,,,,,,,,,,,,,0.0,0.3,0.25
resampling_p0.3_phi0.25,0.1,Hamming_Traditional,AV_vs_PAV,,Resampling,100,20,,,,,,,,,,,,,,,,0.0,0.3,0.25
resampling_p0.3_phi0.25,0.1,Hamming_Traditional,AV_vs_SeqPhragmen,,Resampling,100,20,,,,,,,,,,,,,,,,0.0,0.3,0.25
resampling_p0.3_phi0.25,0.1,Hamming_Traditional,AV_vs_MES,,Resampling,100,20,,,,,,,,,,,,,,,,0.0,0.3,0.25
resampling_p0.3_phi0.25,0.1,Cross_Hamming,PAV_vs_TaxMES,,Resampling,100,20,,,,,,,,,,,,,,,,4.0,0.3,0.25
resampling_p0.3_phi0.25,0.1,Cross_Hamming,PAV_vs_TaxPhragmen,,Resampling,100,20,,,,,,,,,,,,,,,,4.0,0.3,0.25
resampling_p0.3_phi0.25,0.1,Cross_Hamming,SeqPhragmen_vs_TaxPhragmen,,Resampling,100,20,,,,,,,,,,,,,,,,4.0,0.3,0.25
resampling_p0.3_phi0.25,0.1,Cross_Hamming,SeqPhragmen_vs_TaxMES,,Resampling,100,20,,,,,,,,,,,,,,,,4.0,0.3,0.25
resampling_p0.3_phi0.25,0.1,Cross_Hamming,MES_vs_TaxMES,,Resampling,100,20,,,,,,,,,,,,,,,,4.0,0.3,0.25
resampling_p0.3_phi0.25,0.1,Cross_Hamming,MES_vs_TaxPhragmen,,Resampling,100,20,,,,,,,,,,,,,,,,4.0,0.3,0.25
resampling_p0.3_phi0.25,0.1,Cross_Hamming,TaxPhragmen_vs_TaxMES,,Resampling,100,20,,,,,,,,,,,,,,,,0.0,0.3,0.25
resampling_p0.3_phi0.25,0.1,Cross_Hamming,AV_vs_TaxMES,,Resampling,100,20,,,,,,,,,,,,,,,,4.0,0.3,0.25
resampling_p0.3_phi0.25,0.1,Cross_Hamming,AV_vs_TaxPhragmen,,Resampling,100,20,,,,,,,,,,,,,,,,4.0,0.3,0.25
resampling_p0.3_phi0.5,0.1,Traditional,PAV,10.0,Resampling,100,20,37.9,0.0,65.0,6.5,12.0,12.0,3.79,4.0,1.0,0.01,0.0,0.0,0.2255,1.36,0.6,,0.3,0.5
resampling_p0.3_phi0.5,0.1,Traditional,SeqPhragmen,10.0,Resampling,100,20,37.7,5.0,65.0,6.7,12.0,12.0,3.77,4.0,5.0,0.05,1.0,0.01,0.218,1.36,0.62,,0.3,0.5
resampling_p0.3_phi0.5,0.1,Traditional,MES,10.0,Resampling,100,20,37.2,0.0,65.0,7.2,12.0,12.0,3.72,4.0,4.0,0.04,1.0,0.01,0.2122,1.36,0.65,,0.3,0.5
resampling_p0.3_phi0.5,0.1,AV,AV,10.0,Resampling,100,20,38.4,5.0,65.0,6.0,12.0,12.0,3.84,4.0,2.0,0.02,1.0,0.01,0.2023,1.36,0.56,,0.3,0.5
resampling_p0.3_phi0.5,0.1,Tax,TaxPhragmen,6.0,Resampling,100,20,57.6667,47.0,65.0,7.0,12.0,12.0,3.46,4.0,1.0,0.01,0.0,0.0,0.2179,1.36,0.23,,0.3,0.5
resampling_p0.3_phi0.5,0.1,Tax,TaxMES,6.0,Resampling,100,20,57.6667,47.0,65.0,7.0,12.0,12.0,3.46,4.0,1.0,0.01,0.0,0.0,0.2179,1.36,0.23,,0.3,0.5
resampling_p0.3_phi0.5,0.1,Hamming_Traditional,PAV_vs_SeqPhragmen,,Resampling,100,20,,,,,,,,,,,,,,,,4.0,0.3,0.5
resampling_p0.3_phi0.5,0.1,Hamming_Traditional,PAV_vs_MES,,Resampling,100,20,,,,,,,,,,,,,,,,4.0,0.3,0.5
resampling_p0.3_phi0.5,0.1,Hamming_Traditional,SeqPhragmen_vs_MES,,Resampling,100,20,,,,,,,,,,,,,,,,2.0,0.3,0.5
resampling_p0.3_phi0.5,0.1,Hamming_Traditional,AV_vs_PAV,,Resampling,100,20,,,,,,,,,,,,,,,,2.0,0.3,0.5
resampling_p0.3_phi0.5,0.1,Hamming_Traditional,AV_vs_SeqPhragmen,,Resampling,100,20,,,,,,,,,,,,,,,,2.0,0.3,0.5
resampling_p0.3_phi0.5,0.1,Hamming_Traditional,AV_vs_MES,,Resampling,100,20,,,,,,,,,,,,,,,,2.0,0.3,0.5
resampling_p0.3_phi0.5,0.1,Cross_Hamming,PAV_vs_TaxMES,,Resampling,100,20,,,,,,,,,,,,,,,,4.0,0.3,0.5
resampling_p0.3_phi0.5,0.1,Cross_Hamming,PAV_vs_TaxPhragmen,,Resampling,100,20,,,,,,,,,,,,,,,,4.0,0.3,0.5
resampling_p0.3_phi0.5,0.1,Cross_Hamming,SeqPhragmen_vs_TaxPhragmen,,Resampling,100,20,,,,,,,,,,,,,,,,4.0,0.3,0.5
resampling_p0.3_phi0.5,0.1,Cross_Hamming,SeqPhragmen_vs_TaxMES,,Resampling,100,20,,,,,,,,,,,,,,,,4.0,0.3,0.5
resampling_p0.3_phi0.5,0.1,Cross_Hamming,MES_vs_TaxMES,,Resampling,100,20,,,,,,,,,,,,,,,,4.0,0.3,0.5
resampling_p0.3_phi0.5,0.1,Cross_Hamming,MES_vs_TaxPhragmen,,Resampling,100,20,,,,,,,,,,,,,,,,4.0,0.3,0.5
resampling_p0.3_phi0.5,0.1,Cross_Hamming,TaxPhragmen_vs_TaxMES,,Resampling,100,20,,,,,,,,,,,,,,,,0.0,0.3,0.5
resampling_p0.3_phi0.5,0.1,Cross_Hamming,AV_vs_TaxMES,,Resampling,100,20,,,,,,,,,,,,,,,,4.0,0.3,0.5
resampling_p0.3_phi0.5,0.1,Cross_Hamming,AV_vs_TaxPhragmen,,Resampling,100,20,,,,,,,,,,,,,,,,4.0,0.3,0.5
resampling_p0.3_phi0.75,0.1,Traditional,PAV,10.0,Resampling,100,20,35.1,19.0,47.0,12.6,22.0,16.0,3.51,4.0,7.0,0.07,1.0,0.01,0.2268,1.33,0.51,,0.3,0.75
resampling_p0.3_phi0.75,0.1,Traditional,SeqPhragmen,10.0,Resampling,100,20,35.1,19.0,47.0,12.6,22.0,16.0,3.51,4.0,7.0,0.07,1.0,0.01,0.2268,1.33,0.51,,0.3,0.75
resampling_p0.3_phi0.75,0.1,Traditional,MES,10.0,Resampling,100,20,35.1,19.0,47.0,12.6,22.0,16.0,3.51,4.0,7.0,0.07,1.0,0.01,0.2268,1.33,0.51,,0.3,0.75
resampling_p0.3_phi0.75,0.1,AV,AV,10.0,Resampling,100,20,35.2,19.0,47.0,12.5,21.0,10.0,3.52,4.0,4.0,0.04,1.0,0.01,0.2386,1.33,0.51,,0.3,0.75
resampling_p0.3_phi0.75,0.1,Tax,TaxPhragmen,6.0,Resampling,100,20,43.8333,42.0,47.0,15.2857,25.0,14.0,2.63,3.0,8.0,0.08,1.0,0.01,0.2206,1.33,0.31,,0.3,0.75
resampling_p0.3_phi0.75,0.1,Tax,TaxMES,6.0,Resampling,100,20,43.8333,42.0,47.0,15.2857,25.0,14.0,2.63,3.0,8.0,0.08,1.0,0.01,0.2206,1.33,0.31,,0.3,0.75
resampling_p0.3_phi0.75,0.1,Hamming_Traditional,PAV_vs_SeqPhragmen,,Resampling,100,20,,,,,,,,,,,,,,,,0.0,0.3,0.75
resampling_p0.3_phi0.75,0.1,Hamming_Traditional,PAV_vs_MES,,Resampling,100,20,,,,,,,,,,,,,,,,0.0,0.3,0.75
resampling_p0.3_phi0.75,0.1,Hamming_Traditional,SeqPhragmen_vs_MES,,Resampling,100,20,,,,,,,,,,,,,,,,0.0,0.3,0.75
resampling_p0.3_phi0.75,0.1,Hamming_Traditional,AV_vs_PAV,,Resampling,100,20,,,,,,,,,,,,,,,,2.0,0.3,0.75
resampling_p0.3_phi0.75,0.1,Hamming_Traditional,AV_vs_SeqPhragmen,,Resampling,100,20,,,,,,,,,,,,,,,,2.0,0.3,0.75
resampling_p0.3_phi0.75,0.1,Hamming_Traditional,AV_vs_MES,,Resampling,100,20,,,,,,,,,,,,,,,,2.0,0.3,0.75
resampling_p0.3_phi0.75,0.1,Cross_Hamming,PAV_vs_TaxMES,,Resampling,100,20,,,,,,,,,,,,,,,,4.0,0.3,0.75
resampling_p0.3_phi0.75,0.1,Cross_Hamming,PAV_vs_TaxPhragmen,,Resampling,100,20,,,,,,,,,,,,,,,,4.0,0.3,0.75
resampling_p0.3_phi0.75,0.1,Cross_Hamming,SeqPhragmen_vs_TaxPhragmen,,Resampling,100,20,,,,,,,,,,,,,,,,4.0,0.3,0.75
resampling_p0.3_phi0.75,0.1,Cross_Hamming,SeqPhragmen_vs_TaxMES,,Resampling,100,20,,,,,,,,,,,,,,,,4.0,0.3,0.75
resampling_p0.3_phi0.75,0.1,Cross_Hamming,MES_vs_TaxMES,,Resampling,100,20,,,,,,,,,,,,,,,,4.0,0.3,0.75
resampling_p0.3_phi0.75,0.1,Cross_Hamming,MES_vs_TaxPhragmen,,Resampling,100,20,,,,,,,,,,,,,,,,4.0,0.3,0.75
resampling_p0.3_phi0.75,0.1,Cross_Hamming,TaxPhragmen_vs_TaxMES,,Resampling,100,20,,,,,,,,,,,,,,,,0.0,0.3,0.75
resampling_p0.3_phi0.75,0.1,Cross_Hamming,AV_vs_TaxMES,,Resampling,100,20,,,,,,,,,,,,,,,,4.0,0.3,0.75
resampling_p0.3_phi0.75,0.1,Cross_Hamming,AV_vs_TaxPhragmen,,Resampling,100,20,,,,,,,,,,,,,,,,4.0,0.3,0.75
resampling_p0.3_phi1,0.1,Traditional,PAV,10.0,Resampling,100,20,27.8,24.0,35.0,19.6,24.0,2.0,2.78,3.0,7.0,0.07,3.0,0.03,0.1982,1.33,0.58,,0.3,1.0
resampling_p0.3_phi1,0.1,Traditional,SeqPhragmen,10.0,Resampling,100,20,26.9,19.0,35.0,20.5,28.0,18.0,2.69,3.0,11.0,0.11,3.0,0.03,0.2336,1.33,0.62,,0.3,1.0
resampling_p0.3_phi1,0.1,Traditional,MES,10.0,Resampling,100,20,27.3,19.0,35.0,20.1,24.0,2.0,2.73,3.0,6.0,0.06,2.0,0.02,0.1924,1.33,0.62,,0.3,1.0
resampling_p0.3_phi1,0.1,AV,AV,10.0,Resampling,100,20,27.8,24.0,35.0,19.6,24.0,6.0,2.78,3.0,6.0,0.06,3.0,0.03,0.1999,1.33,0.61,,0.3,1.0
resampling_p0.3_phi1,0.1,Tax,TaxPhragmen,6.0,Resampling,100,20,29.1667,26.0,35.0,21.3571,29.0,1.0,1.75,2.0,14.0,0.14,2.0,0.02,0.1834,1.33,0.31,,0.3,1.0
resampling_p0.3_phi1,0.1,Tax,TaxMES,6.0,Resampling,100,20,29.3333,26.0,35.0,21.2857,28.0,0.0,1.76,2.0,15.0,0.15,5.0,0.05,0.2604,1.33,0.31,,0.3,1.0
resampling_p0.3_phi1,0.1,Hamming_Traditional,PAV_vs_SeqPhragmen,,Resampling,100,20,,,,,,,,,,,,,,,,2.0,0.3,1.0
resampling_p0.3_phi1,0.1,Hamming_Traditional,PAV_vs_MES,,Resampling,100,20,,,,,,,,,,,,,,,,2.0,0.3,1.0
resampling_p0.3_phi1,0.1,Hamming_Traditional,SeqPhragmen_vs_MES,,Resampling,100,20,,,,,,,,,,,,,,,,2.0,0.3,1.0
resampling_p0.3_phi1,0.1,Hamming_Traditional,AV_vs_PAV,,Resampling,100,20,,,,,,,,,,,,,,,,2.0,0.3,1.0
resampling_p0.3_phi1,0.1,Hamming_Traditional,AV_vs_SeqPhragmen,,Resampling,100,20,,,,,,,,,,,,,,,,4.0,0.3,1.0
resampling_p0.3_phi1,0.1,Hamming_Traditional,AV_vs_MES,,Resampling,100,20,,,,,,,,,,,,,,,,2.0,0.3,1.0
resampling_p0.3_phi1,0.1,Cross_Hamming,PAV_vs_TaxMES,,Resampling,100,20,,,,,,,,,,,,,,,,4.0,0.3,1.0
resampling_p0.3_phi1,0.1,Cross_Hamming,PAV_vs_TaxPhragmen,,Resampling,100,20,,,,,,,,,,,,,,,,4.0,0.3,1.0
resampling_p0.3_phi1,0.1,Cross_Hamming,SeqPhragmen_vs_TaxPhragmen,,Resampling,100,20,,,,,,,,,,,,,,,,6.0,0.3,1.0
resampling_p0.3_phi1,0.1,Cross_Hamming,SeqPhragmen_vs_TaxMES,,Resampling,100,20,,,,,,,,,,,,,,,,6.0,0.3,1.0
resampling_p0.3_phi1,0.1,Cross_Hamming,MES_vs_TaxMES,,Resampling,100,20,,,,,,,,,,,,,,,,4.0,0.3,1.0
resampling_p0.3_phi1,0.1,Cross_Hamming,MES_vs_TaxPhragmen,,Resampling,100,20,,,,,,,,,,,,,,,,4.0,0.3,1.0
resampling_p0.3_phi1,0.1,Cross_Hamming,TaxPhragmen_vs_TaxMES,,Resampling,100,20,,,,,,,,,,,,,,,,2.0,0.3,1.0
resampling_p0.3_phi1,0.1,Cross_Hamming,AV_vs_TaxMES,,Resampling,100,20,,,,,,,,,,,,,,,,4.0,0.3,1.0
resampling_p0.3_phi1,0.1,Cross_Hamming,AV_vs_TaxPhragmen,,Resampling,100,20,,,,,,,,,,,,,,,,4.0,0.3,1.0
resampling_p0.5_phi0.25,0.1,Traditional,PAV,10.0,Resampling,100,20,87.9,84.0,94.0,5.1,14.0,18.0,8.79,9.0,0.0,0.0,0.0,0.0,0.0705,0.93,0.08,,0.5,0.25
resampling_p0.5_phi0.25,0.1,Traditional,SeqPhragmen,10.0,Resampling,100,20,87.9,84.0,94.0,5.1,14.0,18.0,8.79,9.0,0.0,0.0,0.0,0.0,0.0705,0.93,0.08,,0.5,0.25
resampling_p0.5_phi0.25,0.1,Traditional,MES,10.0,Resampling,100,20,87.9,84.0,94.0,5.1,14.0,18.0,8.79,9.0,0.0,0.0,0.0,0.0,0.0705,0.93,0.08,,0.5,0.25
resampling_p0.5_phi0.25,0.1,AV,AV,10.0,Resampling,100,20,87.9,84.0,94.0,5.1,14.0,18.0,8.79,9.0,0.0,0.0,0.0,0.0,0.0705,0.93,0.08,,0.5,0.25
resampling_p0.5_phi0.25,0.1,Tax,TaxPhragmen,9.0,Resampling,100,20,88.3333,86.0,94.0,12.2727,84.0,5.0,7.95,8.0,0.0,0.0,0.0,0.0,0.0681,0.93,0.03,,0.5,0.25
resampling_p0.5_phi0.25,0.1,Tax,TaxMES,9.0,Resampling,100,20,88.3333,86.0,94.0,12.2727,84.0,5.0,7.95,8.0,0.0,0.0,0.0,0.0,0.0681,0.93,0.03,,0.5,0.25
resampling_p0.5_phi0.25,0.1,Hamming_Traditional,PAV_vs_SeqPhragmen,,Resampling,100,20,,,,,,,,,,,,,,,,0.0,0.5,0.25
resampling_p0.5_phi0.25,0.1,Hamming_Traditional,PAV_vs_MES,,Resampling,100,20,,,,,,,,,,,,,,,,0.0,0.5,0.25
resampling_p0.5_phi0.25,0.1,Hamming_Traditional,SeqPhragmen_vs_MES,,Resampling,100,20,,,,,,,,,,,,,,,,0.0,0.5,0.25
resampling_p0.5_phi0.25,0.1,Hamming_Traditional,AV_vs_PAV,,Resampling,100,20,,,,,,,,,,,,,,,,0.0,0.5,0.25
resampling_p0.5_phi0.25,0.1,Hamming_Traditional,AV_vs_SeqPhragmen,,Resampling,100,20,,,,,,,,,,,,,,,,0.0,0.5,0.25
resampling_p0.5_phi0.25,0.1,Hamming_Traditional,AV_vs_MES,,Resampling,100,20,,,,,,,,,,,,,,,,0.0,0.5,0.25
resampling_p0.5_phi0.25,0.1,Cross_Hamming,PAV_vs_TaxMES,,Resampling,100,20,,,,,,,,,,,,,,,,1.0,0.5,0.25
resampling_p0.5_phi0.25,0.1,Cross_Hamming,PAV_vs_TaxPhragmen,,Resampling,100,20,,,,,,,,,,,,,,,,1.0,0.5,0.25
resampling_p0.5_phi0.25,0.1,Cross_Hamming,SeqPhragmen_vs_TaxPhragmen,,Resampling,100,20,,,,,,,,,,,,,,,,1.0,0.5,0.25
resampling_p0.5_phi0.25,0.1,Cross_Hamming,SeqPhragmen_vs_TaxMES,,Resampling,100,20,,,,,,,,,,,,,,,,1.0,0.5,0.25
resampling_p0.5_phi0.25,0.1,Cross_Hamming,MES_vs_TaxMES,,Resampling,100,20,,,,,,,,,,,,,,,,1.0,0.5,0.25
resampling_p0.5_phi0.25,0.1,Cross_Hamming,MES_vs_TaxPhragmen,,Resampling,100,20,,,,,,,,,,,,,,,,1.0,0.5,0.25
resampling_p0.5_phi0.25,0.1,Cross_Hamming,TaxPhragmen_vs_TaxMES,,Resampling,100,20,,,,,,,,,,,,,,,,0.0,0.5,0.25
resampling_p0.5_phi0.25,0.1,Cross_Hamming,AV_vs_TaxMES,,Resampling,100,20,,,,,,,,,,,,,,,,1.0,0.5,0.25
resampling_p0.5_phi0.25,0.1,Cross_Hamming,AV_vs_TaxPhragmen,,Resampling,100,20,,,,,,,,,,,,,,,,1.0,0.5,0.25
resampling_p0.5_phi0.5,0.1,Traditional,PAV,10.0,Resampling,100,20,69.5,67.0,76.0,17.4,25.0,18.0,6.95,7.0,0.0,0.0,0.0,0.0,0.1234,0.97,0.27,,0.5,0.5
resampling_p0.5_phi0.5,0.1,Traditional,SeqPhragmen,10.0,Resampling,100,20,69.5,67.0,76.0,17.4,25.0,18.0,6.95,7.0,0.0,0.0,0.0,0.0,0.1234,0.97,0.27,,0.5,0.5
resampling_p0.5_phi0.5,0.1,Traditional,MES,10.0,Resampling,100,20,69.5,67.0,76.0,17.4,25.0,18.0,6.95,7.0,0.0,0.0,0.0,0.0,0.1234,0.97,0.27,,0.5,0.5
resampling_p0.5_phi0.5,0.1,AV,AV,10.0,Resampling,100,20,69.5,67.0,76.0,17.4,25.0,18.0,6.95,7.0,0.0,0.0,0.0,0.0,0.1234,0.97,0.27,,0.5,0.5
resampling_p0.5_phi0.5,0.1,Tax,TaxPhragmen,9.0,Resampling,100,20,69.7778,67.0,76.0,21.9091,67.0,1.0,6.28,6.0,0.0,0.0,0.0,0.0,0.1299,0.97,0.23,,0.5,0.5
resampling_p0.5_phi0.5,0.1,Tax,TaxMES,9.0,Resampling,100,20,69.7778,67.0,76.0,21.9091,67.0,4.0,6.28,6.5,1.0,0.01,0.0,0.0,0.1322,0.97,0.25,,0.5,0.5
resampling_p0.5_phi0.5,0.1,Hamming_Traditional,PAV_vs_SeqPhragmen,,Resampling,100,20,,,,,,,,,,,,,,,,0.0,0.5,0.5
resampling_p0.5_phi0.5,0.1,Hamming_Traditional,PAV_vs_MES,,Resampling,100,20,,,,,,,,,,,,,,,,0.0,0.5,0.5
resampling_p0.5_phi0.5,0.1,Hamming_Traditional,SeqPhragmen_vs_MES,,Resampling,100,20,,,,,,,,,,,,,,,,0.0,0.5,0.5
resampling_p0.5_phi0.5,0.1,Hamming_Traditional,AV_vs_PAV,,Resampling,100,20,,,,,,,,,,,,,,,,0.0,0.5,0.5
resampling_p0.5_phi0.5,0.1,Hamming_Traditional,AV_vs_SeqPhragmen,,Resampling,100,20,,,,,,,,,,,,,,,,0.0,0.5,0.5
resampling_p0.5_phi0.5,0.1,Hamming_Traditional,AV_vs_MES,,Resampling,100,20,,,,,,,,,,,,,,,,0.0,0.5,0.5
resampling_p0.5_phi0.5,0.1,Cross_Hamming,PAV_vs_TaxMES,,Resampling,100,20,,,,,,,,,,,,,,,,1.0,0.5,0.5
resampling_p0.5_phi0.5,0.1,Cross_Hamming,PAV_vs_TaxPhragmen,,Resampling,100,20,,,,,,,,,,,,,,,,1.0,0.5,0.5
resampling_p0.5_phi0.5,0.1,Cross_Hamming,SeqPhragmen_vs_TaxPhragmen,,Resampling,100,20,,,,,,,,,,,,,,,,1.0,0.5,0.5
resampling_p0.5_phi0.5,0.1,Cross_Hamming,SeqPhragmen_vs_TaxMES,,Resampling,100,20,,,,,,,,,,,,,,,,1.0,0.5,0.5
resampling_p0.5_phi0.5,0.1,Cross_Hamming,MES_vs_TaxMES,,Resampling,100,20,,,,,,,,,,,,,,,,1.0,0.5,0.5
resampling_p0.5_phi0.5,0.1,Cross_Hamming,MES_vs_TaxPhragmen,,Resampling,100,20,,,,,,,,,,,,,,,,1.0,0.5,0.5
resampling_p0.5_phi0.5,0.1,Cross_Hamming,TaxPhragmen_vs_TaxMES,,Resampling,100,20,,,,,,,,,,,,,,,,2.0,0.5,0.5
resampling_p0.5_phi0.5,0.1,Cross_Hamming,AV_vs_TaxMES,,Resampling,100,20,,,,,,,,,,,,,,,,1.0,0.5,0.5
resampling_p0.5_phi0.5,0.1,Cross_Hamming,AV_vs_TaxPhragmen,,Resampling,100,20,,,,,,,,,,,,,,,,1.0,0.5,0.5
resampling_p0.5_phi0.75,0.1,Traditional,PAV,10.0,Resampling,100,20,59.2,54.0,67.0,33.4,40.0,16.0,5.92,6.0,0.0,0.0,0.0,0.0,0.1486,0.93,0.34,,0.5,0.75
resampling_p0.5_phi0.75,0.1,Traditional,SeqPhragmen,10.0,Resampling,100,20,59.2,54.0,67.0,33.4,40.0,16.0,5.92,6.0,0.0,0.0,0.0,0.0,0.1486,0.93,0.34,,0.5,0.75
resampling_p0.5_phi0.75,0.1,Traditional,MES,10.0,Resampling,100,20,59.2,54.0,67.0,33.4,40.0,16.0,5.92,6.0,0.0,0.0,0.0,0.0,0.1486,0.93,0.34,,0.5,0.75
resampling_p0.5_phi0.75,0.1,AV,AV,10.0,Resampling,100,20,59.2,54.0,67.0,33.4,40.0,16.0,5.92,6.0,0.0,0.0,0.0,0.0,0.1486,0.93,0.34,,0.5,0.75
resampling_p0.5_phi0.75,0.1,Tax,TaxPhragmen,8.0,Resampling,100,20,60.125,54.0,67.0,37.0833,57.0,3.0,4.81,5.0,0.0,0.0,0.0,0.0,0.1652,0.93,0.26,,0.5,0.75
resampling_p0.5_phi0.75,0.1,Tax,TaxMES,8.0,Resampling,100,20,60.25,54.0,67.0,37.0,56.0,1.0,4.82,5.0,0.0,0.0,0.0,0.0,0.156,0.93,0.27,,0.5,0.75
resampling_p0.5_phi0.75,0.1,Hamming_Traditional,PAV_vs_SeqPhragmen,,Resampling,100,20,,,,,,,,,,,,,,,,0.0,0.5,0.75
resampling_p0.5_phi0.75,0.1,Hamming_Traditional,PAV_vs_MES,,Resampling,100,20,,,,,,,,,,,,,,,,0.0,0.5,0.75
resampling_p0.5_phi0.75,0.1,Hamming_Traditional,SeqPhragmen_vs_MES,,Resampling,100,20,,,,,,,,,,,,,,,,0.0,0.5,0.75
resampling_p0.5_phi0.75,0.1,Hamming_Traditional,AV_vs_PAV,,Resampling,100,20,,,,,,,,,,,,,,,,0.0,0.5,0.75
resampling_p0.5_phi0.75,0.1,Hamming_Traditional,AV_vs_SeqPhragmen,,Resampling,100,20,,,,,,,,,,,,,,,,0.0,0.5,0.75
resampling_p0.5_phi0.75,0.1,Hamming_Traditional,AV_vs_MES,,Resampling,100,20,,,,,,,,,,,,,,,,0.0,0.5,0.75
resampling_p0.5_phi0.75,0.1,Cross_Hamming,PAV_vs_TaxMES,,Resampling,100,20,,,,,,,,,,,,,,,,2.0,0.5,0.75
resampling_p0.5_phi0.75,0.1,Cross_Hamming,PAV_vs_TaxPhragmen,,Resampling,100,20,,,,,,,,,,,,,,,,2.0,0.5,0.75
resampling_p0.5_phi0.75,0.1,Cross_Hamming,SeqPhragmen_vs_TaxPhragmen,,Resampling,100,20,,,,,,,,,,,,,,,,2.0,0.5,0.75
resampling_p0.5_phi0.75,0.1,Cross_Hamming,SeqPhragmen_vs_TaxMES,,Resampling,100,20,,,,,,,,,,,,,,,,2.0,0.5,0.75
resampling_p0.5_phi0.75,0.1,Cross_Hamming,MES_vs_TaxMES,,Resampling,100,20,,,,,,,,,,,,,,,,2.0,0.5,0.75
resampling_p0.5_phi0.75,0.1,Cross_Hamming,MES_vs_TaxPhragmen,,Resampling,100,20,,,,,,,,,,,,,,,,2.0,0.5,0.75
resampling_p0.5_phi0.75,0.1,Cross_Hamming,TaxPhragmen_vs_TaxMES,,Resampling,100,20,,,,,,,,,,,,,,,,2.0,0.5,0.75
resampling_p0.5_phi0.75,0.1,Cross_Hamming,AV_vs_TaxMES,,Resampling,100,20,,,,,,,,,,,,,,,,2.0,0.5,0.75
resampling_p0.5_phi0.75,0.1,Cross_Hamming,AV_vs_TaxPhragmen,,Resampling,100,20,,,,,,,,,,,,,,,,2.0,0.5,0.75
resampling_p0.5_phi1,0.1,Traditional,PAV,10.0,Resampling,100,20,49.4,45.0,57.0,42.8,50.0,3.0,4.94,5.0,1.0,0.01,0.0,0.0,0.1866,0.93,0.48,,0.5,1.0
resampling_p0.5_phi1,0.1,Traditional,SeqPhragmen,10.0,Resampling,100,20,50.0,46.0,57.0,42.2,48.0,17.0,5.0,5.0,1.0,0.01,0.0,0.0,0.2064,0.93,0.45,,0.5,1.0
resampling_p0.5_phi1,0.1,Traditional,MES,10.0,Resampling,100,20,49.6,45.0,57.0,42.6,48.0,4.0,4.96,5.0,1.0,0.01,0.0,0.0,0.1958,0.93,0.47,,0.5,1.0
resampling_p0.5_phi1,0.1,AV,AV,10.0,Resampling,100,20,50.1,46.0,57.0,42.1,47.0,10.0,5.01,5.0,1.0,0.01,0.0,0.0,0.2192,0.93,0.44,,0.5,1.0
resampling_p0.5_phi1,0.1,Tax,TaxPhragmen,8.0,Resampling,100,20,50.125,46.0,57.0,43.4167,51.0,0.0,4.01,4.0,2.0,0.02,0.0,0.0,0.2075,0.93,0.33,,0.5,1.0
resampling_p0.5_phi1,0.1,Tax,TaxMES,8.0,Resampling,100,20,50.125,46.0,57.0,43.4167,49.0,1.0,4.01,4.0,2.0,0.02,0.0,0.0,0.2118,0.93,0.33,,0.5,1.0
resampling_p0.5_phi1,0.1,Hamming_Traditional,PAV_vs_SeqPhragmen,,Resampling,100,20,,,,,,,,,,,,,,,,4.0,0.5,1.0
resampling_p0.5_phi1,0.1,Hamming_Traditional,PAV_vs_MES,,Resampling,100,20,,,,,,,,,,,,,,,,2.0,0.5,1.0
resampling_p0.5_phi1,0.1,Hamming_Traditional,SeqPhragmen_vs_MES,,Resampling,100,20,,,,,,,,,,,,,,,,4.0,0.5,1.0
resampling_p0.5_phi1,0.1,Hamming_Traditional,AV_vs_PAV,,Resampling,100,20,,,,,,,,,,,,,,,,4.0,0.5,1.0
resampling_p0.5_phi1,0.1,Hamming_Traditional,AV_vs_SeqPhragmen,,Resampling,100,20,,,,,,,,,,,,,,,,2.0,0.5,1.0
resampling_p0.5_phi1,0.1,Hamming_Traditional,AV_vs_MES,,Resampling,100,20,,,,,,,,,,,,,,,,4.0,0.5,1.0
resampling_p0.5_phi1,0.1,Cross_Hamming,PAV_vs_TaxMES,,Resampling,100,20,,,,,,,,,,,,,,,,6.0,0.5,1.0
resampling_p0.5_phi1,0.1,Cross_Hamming,PAV_vs_TaxPhragmen,,Resampling,100,20,,,,,,,,,,,,,,,,6.0,0.5,1.0
resampling_p0.5_phi1,0.1,Cross_Hamming,SeqPhragmen_vs_TaxPhragmen,,Resampling,100,20,,,,,,,,,,,,,,,,4.0,0.5,1.0
resampling_p0.5_phi1,0.1,Cross_Hamming,SeqPhragmen_vs_TaxMES,,Resampling,100,20,,,,,,,,,,,,,,,,4.0,0.5,1.0
resampling_p0.5_phi1,0.1,Cross_Hamming,MES_vs_TaxMES,,Resampling,100,20,,,,,,,,,,,,,,,,4.0,0.5,1.0
resampling_p0.5_phi1,0.1,Cross_Hamming,MES_vs_TaxPhragmen,,Resampling,100,20,,,,,,,,,,,,,,,,4.0,0.5,1.0
resampling_p0.5_phi1,0.1,Cross_Hamming,TaxPhragmen_vs_TaxMES,,Resampling,100,20,,,,,,,,,,,,,,,,4.0,0.5,1.0
resampling_p0.5_phi1,0.1,Cross_Hamming,AV_vs_TaxMES,,Resampling,100,20,,,,,,,,,,,,,,,,6.0,0.5,1.0
resampling_p0.5_phi1,0.1,Cross_Hamming,AV_vs_TaxPhragmen,,Resampling,100,20,,,,,,,,,,,,,,,,6.0,0.5,1.0
resampling_p0.7_phi0.25,0.1,Traditional,PAV,10.0,Resampling,100,20,92.4,90.0,98.0,43.0,91.0,6.0,9.24,9.0,0.0,0.0,0.0,0.0,0.0492,0.54,0.1,,0.7,0.25
resampling_p0.7_phi0.25,0.1,Traditional,SeqPhragmen,10.0,Resampling,100,20,92.3,90.0,98.0,43.1,92.0,3.0,9.23,9.0,0.0,0.0,0.0,0.0,0.0492,0.54,0.1,,0.7,0.25
resampling_p0.7_phi0.25,0.1,Traditional,MES,10.0,Resampling,100,20,92.5,90.0,98.0,42.9,91.0,9.0,9.25,9.0,0.0,0.0,0.0,0.0,0.0474,0.54,0.09,,0.7,0.25
resampling_p0.7_phi0.25,0.1,AV,AV,10.0,Resampling,100,20,92.5,90.0,98.0,42.9,91.0,6.0,9.25,9.5,0.0,0.0,0.0,0.0,0.0499,0.54,0.09,,0.7,0.25
resampling_p0.7_phi0.25,0.1,Tax,TaxPhragmen,9.0,Resampling,100,20,92.7778,91.0,98.0,47.1818,91.0,9.0,8.35,9.0,0.0,0.0,0.0,0.0,0.0489,0.54,0.07,,0.7,0.25
resampling_p0.7_phi0.25,0.1,Tax,TaxMES,9.0,Resampling,100,20,92.7778,91.0,98.0,47.1818,91.0,9.0,8.35,9.0,0.0,0.0,0.0,0.0,0.0489,0.54,0.07,,0.7,0.25
resampling_p0.7_phi0.25,0.1,Hamming_Traditional,PAV_vs_SeqPhragmen,,Resampling,100,20,,,,,,,,,,,,,,,,2.0,0.7,0.25
resampling_p0.7_phi0.25,0.1,Hamming_Traditional,PAV_vs_MES,,Resampling,100,20,,,,,,,,,,,,,,,,2.0,0.7,0.25
resampling_p0.7_phi0.25,0.1,Hamming_Traditional,SeqPhragmen_vs_MES,,Resampling,100,20,,,,,,,,,,,,,,,,2.0,0.7,0.25
resampling_p0.7_phi0.25,0.1,Hamming_Traditional,AV_vs_PAV,,Resampling,100,20,,,,,,,,,,,,,,,,2.0,0.7,0.25
resampling_p0.7_phi0.25,0.1,Hamming_Traditional,AV_vs_SeqPhragmen,,Resampling,100,20,,,,,,,,,,,,,,,,4.0,0.7,0.25
resampling_p0.7_phi0.25,0.1,Hamming_Traditional,AV_vs_MES,,Resampling,100,20,,,,,,,,,,,,,,,,2.0,0.7,0.25
resampling_p0.7_phi0.25,0.1,Cross_Hamming,PAV_vs_TaxMES,,Resampling,100,20,,,,,,,,,,,,,,,,3.0,0.7,0.25
resampling_p0.7_phi0.25,0.1,Cross_Hamming,PAV_vs_TaxPhragmen,,Resampling,100,20,,,,,,,,,,,,,,,,3.0,0.7,0.25
resampling_p0.7_phi0.25,0.1,Cross_Hamming,SeqPhragmen_vs_TaxPhragmen,,Resampling,100,20,,,,,,,,,,,,,,,,3.0,0.7,0.25
resampling_p0.7_phi0.25,0.1,Cross_Hamming,SeqPhragmen_vs_TaxMES,,Resampling,100,20,,,,,,,,,,,,,,,,3.0,0.7,0.25
resampling_p0.7_phi0.25,0.1,Cross_Hamming,MES_vs_TaxMES,,Resampling,100,20,,,,,,,,,,,,,,,,1.0,0.7,0.25
resampling_p0.7_phi0.25,0.1,Cross_Hamming,MES_vs_TaxPhragmen,,Resampling,100,20,,,,,,,,,,,,,,,,1.0,0.7,0.25
resampling_p0.7_phi0.25,0.1,Cross_Hamming,TaxPhragmen_vs_TaxMES,,Resampling,100,20,,,,,,,,,,,,,,,,0.0,0.7,0.25
resampling_p0.7_phi0.25,0.1,Cross_Hamming,AV_vs_TaxMES,,Resampling,100,20,,,,,,,,,,,,,,,,3.0,0.7,0.25
resampling_p0.7_phi0.25,0.1,Cross_Hamming,AV_vs_TaxPhragmen,,Resampling,100,20,,,,,,,,,,,,,,,,3.0,0.7,0.25
resampling_p0.7_phi0.5,0.1,Traditional,PAV,10.0,Resampling,100,20,84.1,82.0,86.0,50.7,82.0,7.0,8.41,9.0,0.0,0.0,0.0,0.0,0.0807,0.55,0.16,,0.7,0.5
resampling_p0.7_phi0.5,0.1,Traditional,SeqPhragmen,10.0,Resampling,100,20,83.9,82.0,86.0,50.9,84.0,3.0,8.39,9.0,0.0,0.0,0.0,0.0,0.0775,0.55,0.16,,0.7,0.5
resampling_p0.7_phi0.5,0.1,Traditional,MES,10.0,Resampling,100,20,84.1,82.0,86.0,50.7,82.0,1.0,8.41,9.0,0.0,0.0,0.0,0.0,0.0792,0.55,0.15,,0.7,0.5
resampling_p0.7_phi0.5,0.1,AV,AV,10.0,Resampling,100,20,84.1,82.0,86.0,50.7,82.0,7.0,8.41,9.0,0.0,0.0,0.0,0.0,0.0807,0.55,0.16,,0.7,0.5
resampling_p0.7_phi0.5,0.1,Tax,TaxPhragmen,9.0,Resampling,100,20,84.2222,82.0,86.0,53.6364,83.0,6.0,7.58,8.0,0.0,0.0,0.0,0.0,0.0803,0.55,0.12,,0.7,0.5
resampling_p0.7_phi0.5,0.1,Tax,TaxMES,9.0,Resampling,100,20,84.3333,83.0,86.0,53.5455,82.0,1.0,7.59,8.0,0.0,0.0,0.0,0.0,0.086,0.55,0.14,,0.7,0.5
resampling_p0.7_phi0.5,0.1,Hamming_Traditional,PAV_vs_SeqPhragmen,,Resampling,100,20,,,,,,,,,,,,,,,,2.0,0.7,0.5
resampling_p0.7_phi0.5,0.1,Hamming_Traditional,PAV_vs_MES,,Resampling,100,20,,,,,,,,,,,,,,,,2.0,0.7,0.5
resampling_p0.7_phi0.5,0.1,Hamming_Traditional,SeqPhragmen_vs_MES,,Resampling,100,20,,,,,,,,,,,,,,,,2.0,0.7,0.5
resampling_p0.7_phi0.5,0.1,Hamming_Traditional,AV_vs_PAV,,Resampling,100,20,,,,,,,,,,,,,,,,0.0,0.7,0.5
resampling_p0.7_phi0.5,0.1,Hamming_Traditional,AV_vs_SeqPhragmen,,Resampling,100,20,,,,,,,,,,,,,,,,2.0,0.7,0.5
resampling_p0.7_phi0.5,0.1,Hamming_Traditional,AV_vs_MES,,Resampling,100,20,,,,,,,,,,,,,,,,2.0,0.7,0.5
resampling_p0.7_phi0.5,0.1,Cross_Hamming,PAV_vs_TaxMES,,Resampling,100,20,,,,,,,,,,,,,,,,1.0,0.7,0.5
resampling_p0.7_phi0.5,0.1,Cross_Hamming,PAV_vs_TaxPhragmen,,Resampling,100,20,,,,,,,,,,,,,,,,3.0,0.7,0.5
resampling_p0.7_phi0.5,0.1,Cross_Hamming,SeqPhragmen_vs_TaxPhragmen,,Resampling,100,20,,,,,,,,,,,,,,,,3.0,0.7,0.5
resampling_p0.7_phi0.5,0.1,Cross_Hamming,SeqPhragmen_vs_TaxMES,,Resampling,100,20,,,,,,,,,,,,,,,,3.0,0.7,0.5
resampling_p0.7_phi0.5,0.1,Cross_Hamming,MES_vs_TaxMES,,Resampling,100,20,,,,,,,,,,,,,,,,1.0,0.7,0.5
resampling_p0.7_phi0.5,0.1,Cross_Hamming,MES_vs_TaxPhragmen,,Resampling,100,20,,,,,,,,,,,,,,,,1.0,0.7,0.5
resampling_p0.7_phi0.5,0.1,Cross_Hamming,TaxPhragmen_vs_TaxMES,,Resampling,100,20,,,,,,,,,,,,,,,,2.0,0.7,0.5
resampling_p0.7_phi0.5,0.1,Cross_Hamming,AV_vs_TaxMES,,Resampling,100,20,,,,,,,,,,,,,,,,1.0,0.7,0.5
resampling_p0.7_phi0.5,0.1,Cross_Hamming,AV_vs_TaxPhragmen,,Resampling,100,20,,,,,,,,,,,,,,,,3.0,0.7,0.5
resampling_p0.7_phi0.75,0.1,Traditional,PAV,10.0,Resampling,100,20,78.8,75.0,82.0,58.8,73.0,4.0,7.88,8.0,0.0,0.0,0.0,0.0,0.1013,0.53,0.21,,0.7,0.75
resampling_p0.7_phi0.75,0.1,Traditional,SeqPhragmen,10.0,Resampling,100,20,78.8,75.0,82.0,58.8,73.0,4.0,7.88,8.0,0.0,0.0,0.0,0.0,0.1013,0.53,0.21,,0.7,0.75
resampling_p0.7_phi0.75,0.1,Traditional,MES,10.0,Resampling,100,20,78.2,69.0,82.0,59.4,75.0,9.0,7.82,8.0,0.0,0.0,0.0,0.0,0.0952,0.53,0.21,,0.7,0.75
resampling_p0.7_phi0.75,0.1,AV,AV,10.0,Resampling,100,20,78.8,75.0,82.0,58.8,73.0,4.0,7.88,8.0,0.0,0.0,0.0,0.0,0.1013,0.53,0.21,,0.7,0.75
resampling_p0.7_phi0.75,0.1,Tax,TaxPhragmen,9.0,Resampling,100,20,79.2222,75.0,82.0,60.2727,75.0,7.0,7.13,7.0,0.0,0.0,0.0,0.0,0.1046,0.53,0.17,,0.7,0.75
resampling_p0.7_phi0.75,0.1,Tax,TaxMES,9.0,Resampling,100,20,79.2222,75.0,82.0,60.2727,75.0,7.0,7.13,7.0,0.0,0.0,0.0,0.0,0.1046,0.53,0.17,,0.7,0.75
resampling_p0.7_phi0.75,0.1,Hamming_Traditional,PAV_vs_SeqPhragmen,,Resampling,100,20,,,,,,,,,,,,,,,,0.0,0.7,0.75
resampling_p0.7_phi0.75,0.1,Hamming_Traditional,PAV_vs_MES,,Resampling,100,20,,,,,,,,,,,,,,,,2.0,0.7,0.75
resampling_p0.7_phi0.75,0.1,Hamming_Traditional,SeqPhragmen_vs_MES,,Resampling,100,20,,,,,,,,,,,,,,,,2.0,0.7,0.75
resampling_p0.7_phi0.75,0.1,Hamming_Traditional,AV_vs_PAV,,Resampling,100,20,,,,,,,,,,,,,,,,0.0,0.7,0.75
resampling_p0.7_phi0.75,0.1,Hamming_Traditional,AV_vs_SeqPhragmen,,Resampling,100,20,,,,,,,,,,,,,,,,0.0,0.7,0.75
resampling_p0.7_phi0.75,0.1,Hamming_Traditional,AV_vs_MES,,Resampling,100,20,,,,,,,,,,,,,,,,2.0,0.7,0.75
resampling_p0.7_phi0.75,0.1,Cross_Hamming,PAV_vs_TaxMES,,Resampling,100,20,,,,,,,,,,,,,,,,1.0,0.7,0.75
resampling_p0.7_phi0.75,0.1,Cross_Hamming,PAV_vs_TaxPhragmen,,Resampling,100,20,,,,,,,,,,,,,,,,1.0,0.7,0.75
resampling_p0.7_phi0.75,0.1,Cross_Hamming,SeqPhragmen_vs_TaxPhragmen,,Resampling,100,20,,,,,,,,,,,,,,,,1.0,0.7,0.75
resampling_p0.7_phi0.75,0.1,Cross_Hamming,SeqPhragmen_vs_TaxMES,,Resampling,100,20,,,,,,,,,,,,,,,,1.0,0.7,0.75
resampling_p0.7_phi0.75,0.1,Cross_Hamming,MES_vs_TaxMES,,Resampling,100,20,,,,,,,,,,,,,,,,3.0,0.7,0.75
resampling_p0.7_phi0.75,0.1,Cross_Hamming,MES_vs_TaxPhragmen,,Resampling,100,20,,,,,,,,,,,,,,,,3.0,0.7,0.75
resampling_p0.7_phi0.75,0.1,Cross_Hamming,TaxPhragmen_vs_TaxMES,,Resampling,100,20,,,,,,,,,,,,,,,,0.0,0.7,0.75
resampling_p0.7_phi0.75,0.1,Cross_Hamming,AV_vs_TaxMES,,Resampling,100,20,,,,,,,,,,,,,,,,1.0,0.7,0.75
resampling_p0.7_phi0.75,0.1,Cross_Hamming,AV_vs_TaxPhragmen,,Resampling,100,20,,,,,,,,,,,,,,,,1.0,0.7,0.75
resampling_p0.7_phi1,0.1,Traditional,PAV,10.0,Resampling,100,20,72.2,67.0,76.0,64.5,70.0,9.0,7.22,8.0,0.0,0.0,0.0,0.0,0.1156,0.53,0.21,,0.7,1.0
resampling_p0.7_phi1,0.1,Traditional,SeqPhragmen,10.0,Resampling,100,20,72.0,67.0,76.0,64.7,71.0,15.0,7.2,7.5,0.0,0.0,0.0,0.0,0.1197,0.53,0.22,,0.7,1.0
resampling_p0.7_phi1,0.1,Traditional,MES,10.0,Resampling,100,20,72.2,67.0,76.0,64.5,70.0,9.0,7.22,8.0,0.0,0.0,0.0,0.0,0.1156,0.53,0.21,,0.7,1.0
resampling_p0.7_phi1,0.1,AV,AV,10.0,Resampling,100,20,71.9,67.0,76.0,64.8,71.0,15.0,7.19,8.0,0.0,0.0,0.0,0.0,0.1297,0.53,0.25,,0.7,1.0
resampling_p0.7_phi1,0.1,Tax,TaxPhragmen,9.0,Resampling,100,20,72.4444,69.0,76.0,65.0,72.0,4.0,6.52,7.0,0.0,0.0,0.0,0.0,0.1111,0.53,0.13,,0.7,1.0
resampling_p0.7_phi1,0.1,Tax,TaxMES,9.0,Resampling,100,20,72.5556,69.0,76.0,64.9091,71.0,15.0,6.53,7.0,0.0,0.0,0.0,0.0,0.1185,0.53,0.15,,0.7,1.0
resampling_p0.7_phi1,0.1,Hamming_Traditional,PAV_vs_SeqPhragmen,,Resampling,100,20,,,,,,,,,,,,,,,,2.0,0.7,1.0
resampling_p0.7_phi1,0.1,Hamming_Traditional,PAV_vs_MES,,Resampling,100,20,,,,,,,,,,,,,,,,0.0,0.7,1.0
resampling_p0.7_phi1,0.1,Hamming_Traditional,SeqPhragmen_vs_MES,,Resampling,100,20,,,,,,,,,,,,,,,,2.0,0.7,1.0
resampling_p0.7_phi1,0.1,Hamming_Traditional,AV_vs_PAV,,Resampling,100,20,,,,,,,,,,,,,,,,2.0,0.7,1.0
resampling_p0.7_phi1,0.1,Hamming_Traditional,AV_vs_SeqPhragmen,,Resampling,100,20,,,,,,,,,,,,,,,,2.0,0.7,1.0
resampling_p0.7_phi1,0.1,Hamming_Traditional,AV_vs_MES,,Resampling,100,20,,,,,,,,,,,,,,,,2.0,0.7,1.0
resampling_p0.7_phi1,0.1,Cross_Hamming,PAV_vs_TaxMES,,Resampling,100,20,,,,,,,,,,,,,,,,3.0,0.7,1.0
resampling_p0.7_phi1,0.1,Cross_Hamming,PAV_vs_TaxPhragmen,,Resampling,100,20,,,,,,,,,,,,,,,,3.0,0.7,1.0
resampling_p0.7_phi1,0.1,Cross_Hamming,SeqPhragmen_vs_TaxPhragmen,,Resampling,100,20,,,,,,,,,,,,,,,,3.0,0.7,1.0
resampling_p0.7_phi1,0.1,Cross_Hamming,SeqPhragmen_vs_TaxMES,,Resampling,100,20,,,,,,,,,,,,,,,,1.0,0.7,1.0
resampling_p0.7_phi1,0.1,Cross_Hamming,MES_vs_TaxMES,,Resampling,100,20,,,,,,,,,,,,,,,,3.0,0.7,1.0
resampling_p0.7_phi1,0.1,Cross_Hamming,MES_vs_TaxPhragmen,,Resampling,100,20,,,,,,,,,,,,,,,,3.0,0.7,1.0
resampling_p0.7_phi1,0.1,Cross_Hamming,TaxPhragmen_vs_TaxMES,,Resampling,100,20,,,,,,,,,,,,,,,,2.0,0.7,1.0
resampling_p0.7_phi1,0.1,Cross_Hamming,AV_vs_TaxMES,,Resampling,100,20,,,,,,,,,,,,,,,,3.0,0.7,1.0
resampling_p0.7_phi1,0.1,Cross_Hamming,AV_vs_TaxPhragmen,,Resampling,100,20,,,,,,,,,,,,,,,,5.0,0.7,1.0
euclidean_r1.5,0.15,Traditional,PAV,10.0,Euclidean2D,100,20,0.2,-15.0,10.0,-6.2,-1.0,14.0,0.02,0.0,64.0,0.64,36.0,0.36,0.192,2.71,1.29,,,
euclidean_r1.5,0.15,Traditional,SeqPhragmen,10.0,Euclidean2D,100,20,-0.4,-15.0,10.0,-5.6,4.0,3.0,-0.04,0.0,63.0,0.63,40.0,0.4,0.2043,2.71,1.34,,,
euclidean_r1.5,0.15,Traditional,MES,10.0,Euclidean2D,100,20,-0.4,-15.0,10.0,-5.6,4.0,3.0,-0.04,0.0,63.0,0.63,40.0,0.4,0.2043,2.71,1.34,,,
euclidean_r1.5,0.15,AV,AV,10.0,Euclidean2D,100,20,1.3,-7.0,10.0,-7.3,-2.0,13.0,0.13,0.0,59.0,0.59,31.0,0.31,0.2086,2.71,1.21,,,
euclidean_r1.5,0.15,Tax,TaxPhragmen,1.0,Euclidean2D,100,20,10.0,10.0,10.0,-3.6842,5.0,12.0,0.1,0.0,84.0,0.84,6.0,0.06,0.1735,2.71,0.06,,,
euclidean_r1.5,0.15,Tax,TaxMES,1.0,Euclidean2D,100,20,10.0,10.0,10.0,-3.6842,5.0,12.0,0.1,0.0,84.0,0.84,6.0,0.06,0.1735,2.71,0.06,,,
euclidean_r1.5,0.15,Hamming_Traditional,PAV_vs_SeqPhragmen,,Euclidean2D,100,20,,,,,,,,,,,,,,,,2.0,,
euclidean_r1.5,0.15,Hamming_Traditional,PAV_vs_MES,,Euclidean2D,100,20,,,,,,,,,,,,,,,,2.0,,
euclidean_r1.5,0.15,Hamming_Traditional,SeqPhragmen_vs_MES,,Euclidean2D,100,20,,,,,,,,,,,,,,,,0.0,,
euclidean_r1.5,0.15,Hamming_Traditional,AV_vs_PAV,,Euclidean2D,100,20,,,,,,,,,,,,,,,,4.0,,
euclidean_r1.5,0.15,Hamming_Traditional,AV_vs_SeqPhragmen,,Euclidean2D,100,20,,,,,,,,,,,,,,,,6.0,,
euclidean_r1.5,0.15,Hamming_Traditional,AV_vs_MES,,Euclidean2D,100,20,,,,,,,,,,,,,,,,6.0,,
euclidean_r1.5,0.15,Cross_Hamming,PAV_vs_TaxMES,,Euclidean2D,100,20,,,,,,,,,,,,,,,,9.0,,
euclidean_r1.5,0.15,Cross_Hamming,PAV_vs_TaxPhragmen,,Euclidean2D,100,20,,,,,,,,,,,,,,,,9.0,,
euclidean_r1.5,0.15,Cross_Hamming,SeqPhragmen_vs_TaxPhragmen,,Euclidean2D,100,20,,,,,,,,,,,,,,,,9.0,,
euclidean_r1.5,0.15,Cross_Hamming,SeqPhragmen_vs_TaxMES,,Euclidean2D,100,20,,,,,,,,,,,,,,,,9.0,,
euclidean_r1.5,0.15,Cross_Hamming,MES_vs_TaxMES,,Euclidean2D,100,20,,,,,,,,,,,,,,,,9.0,,
euclidean_r1.5,0.15,Cross_Hamming,MES_vs_TaxPhragmen,,Euclidean2D,100,20,,,,,,,,,,,,,,,,9.0,,
euclidean_r1.5,0.15,Cross_Hamming,TaxPhragmen_vs_TaxMES,,Euclidean2D,100,20,,,,,,,,,,,,,,,,0.0,,
euclidean_r1.5,0.15,Cross_Hamming,AV_vs_TaxMES,,Euclidean2D,100,20,,,,,,,,,,,,,,,,9.0,,
euclidean_r1.5,0.15,Cross_Hamming,AV_vs_TaxPhragmen,,Euclidean2D,100,20,,,,,,,,,,,,,,,,9.0,,
euclidean_r2,0.15,Traditional,PAV,10.0,Euclidean2D,100,20,7.5,-2.0,16.0,1.1,6.0,0.0,0.75,1.0,49.0,0.49,25.0,0.25,0.1651,2.55,1.32,,,
euclidean_r2,0.15,Traditional,SeqPhragmen,10.0,Euclidean2D,100,20,7.5,-2.0,16.0,1.1,6.0,0.0,0.75,1.0,49.0,0.49,25.0,0.25,0.1651,2.55,1.32,,,
euclidean_r2,0.15,Traditional,MES,10.0,Euclidean2D,100,20,7.5,-2.0,16.0,1.1,6.0,0.0,0.75,1.0,49.0,0.49,25.0,0.25,0.1651,2.55,1.32,,,
euclidean_r2,0.15,AV,AV,10.0,Euclidean2D,100,20,8.3,4.0,16.0,0.3,5.0,3.0,0.83,1.0,46.0,0.46,23.0,0.23,0.1931,2.55,1.25,,,
euclidean_r2,0.15,Tax,TaxPhragmen,3.0,Euclidean2D,100,20,13.6667,12.0,16.0,2.6471,9.0,1.0,0.41,0.0,56.0,0.56,11.0,0.11,0.181,2.55,0.25,,,
euclidean_r2,0.15,Tax,TaxMES,3.0,Euclidean2D,100,20,13.6667,12.0,16.0,2.6471,9.0,1.0,0.41,0.0,56.0,0.56,11.0,0.11,0.181,2.55,0.25,,,
euclidean_r2,0.15,Hamming_Traditional,PAV_vs_SeqPhragmen,,Euclidean2D,100,20,,,,,,,,,,,,,,,,0.0,,
euclidean_r2,0.15,Hamming_Traditional,PAV_vs_MES,,Euclidean2D,100,20,,,,,,,,,,,,,,,,0.0,,
euclidean_r2,0.15,Hamming_Traditional,SeqPhragmen_vs_MES,,Euclidean2D,100,20,,,,,,,,,,,,,,,,0.0,,
euclidean_r2,0.15,Hamming_Traditional,AV_vs_PAV,,Euclidean2D,100,20,,,,,,,,,,,,,,,,2.0,,
euclidean_r2,0.15,Hamming_Traditional,AV_vs_SeqPhragmen,,Euclidean2D,100,20,,,,,,,,,,,,,,,,2.0,,
euclidean_r2,0.15,Hamming_Traditional,AV_vs_MES,,Euclidean2D,100,20,,,,,,,,,,,,,,,,2.0,,
euclidean_r2,0.15,Cross_Hamming,PAV_vs_TaxMES,,Euclidean2D,100,20,,,,,,,,,,,,,,,,7.0,,
euclidean_r2,0.15,Cross_Hamming,PAV_vs_TaxPhragmen,,Euclidean2D,100,20,,,,,,,,,,,,,,,,7.0,,
euclidean_r2,0.15,Cross_Hamming,SeqPhragmen_vs_TaxPhragmen,,Euclidean2D,100,20,,,,,,,,,,,,,,,,7.0,,
euclidean_r2,0.15,Cross_Hamming,SeqPhragmen_vs_TaxMES,,Euclidean2D,100,20,,,,,,,,,,,,,,,,7.0,,
euclidean_r2,0.15,Cross_Hamming,MES_vs_TaxMES,,Euclidean2D,100,20,,,,,,,,,,,,,,,,7.0,,
euclidean_r2,0.15,Cross_Hamming,MES_vs_TaxPhragmen,,Euclidean2D,100,20,,,,,,,,,,,,,,,,7.0,,
euclidean_r2,0.15,Cross_Hamming,TaxPhragmen_vs_TaxMES,,Euclidean2D,100,20,,,,,,,,,,,,,,,,0.0,,
euclidean_r2,0.15,Cross_Hamming,AV_vs_TaxMES,,Euclidean2D,100,20,,,,,,,,,,,,,,,,7.0,,
euclidean_r2,0.15,Cross_Hamming,AV_vs_TaxPhragmen,,Euclidean2D,100,20,,,,,,,,,,,,,,,,7.0,,
euclidean_r3,0.15,Traditional,PAV,10.0,Euclidean2D,100,20,28.1,17.0,47.0,11.7,27.0,3.0,2.81,2.0,30.0,0.3,12.0,0.12,0.3103,2.21,0.96,,,
euclidean_r3,0.15,Traditional,SeqPhragmen,10.0,Euclidean2D,100,20,28.1,17.0,47.0,11.7,27.0,3.0,2.81,2.0,30.0,0.3,12.0,0.12,0.3103,2.21,0.96,,,
euclidean_r3,0.15,Traditional,MES,10.0,Euclidean2D,100,20,28.2,17.0,47.0,11.6,26.0,0.0,2.82,2.0,31.0,0.31,12.0,0.12,0.2733,2.21,0.98,,,
euclidean_r3,0.15,AV,AV,10.0,Euclidean2D,100,20,29.1,21.0,47.0,10.7,18.0,5.0,2.91,2.0,29.0,0.29,13.0,0.13,0.2745,2.21,0.9,,,
euclidean_r3,0.15,Tax,TaxPhragmen,5.0,Euclidean2D,100,20,34.4,26.0,47.0,15.0667,27.0,3.0,1.72,1.0,30.0,0.3,12.0,0.12,0.2459,2.21,0.43,,,
euclidean_r3,0.15,Tax,TaxMES,4.0,Euclidean2D,100,20,36.5,32.0,47.0,15.75,27.0,3.0,1.46,1.0,31.0,0.31,12.0,0.12,0.2728,2.21,0.3,,,
euclidean_r3,0.15,Hamming_Traditional,PAV_vs_SeqPhragmen,,Euclidean2D,100,20,,,,,,,,,,,,,,,,0.0,,
euclidean_r3,0.15,Hamming_Traditional,PAV_vs_MES,,Euclidean2D,100,20,,,,,,,,,,,,,,,,2.0,,
euclidean_r3,0.15,Hamming_Traditional,SeqPhragmen_vs_MES,,Euclidean2D,100,20,,,,,,,,,,,,,,,,2.0,,
euclidean_r3,0.15,Hamming_Traditional,AV_vs_PAV,,Euclidean2D,100,20,,,,,,,,,,,,,,,,2.0,,
euclidean_r3,0.15,Hamming_Traditional,AV_vs_SeqPhragmen,,Euclidean2D,100,20,,,,,,,,,,,,,,,,2.0,,
euclidean_r3,0.15,Hamming_Traditional,AV_vs_MES,,Euclidean2D,100,20,,,,,,,,,,,,,,,,2.0,,
euclidean_r3,0.15,Cross_Hamming,PAV_vs_TaxMES,,Euclidean2D,100,20,,,,,,,,,,,,,,,,6.0,,
euclidean_r3,0.15,Cross_Hamming,PAV_vs_TaxPhragmen,,Euclidean2D,100,20,,,,,,,,,,,,,,,,5.0,,
euclidean_r3,0.15,Cross_Hamming,SeqPhragmen_vs_TaxPhragmen,,Euclidean2D,100,20,,,,,,,,,,,,,,,,5.0,,
euclidean_r3,0.15,Cross_Hamming,SeqPhragmen_vs_TaxMES,,Euclidean2D,100,20,,,,,,,,,,,,,,,,6.0,,
euclidean_r3,0.15,Cross_Hamming,MES_vs_TaxMES,,Euclidean2D,100,20,,,,,,,,,,,,,,,,6.0,,
euclidean_r3,0.15,Cross_Hamming,MES_vs_TaxPhragmen,,Euclidean2D,100,20,,,,,,,,,,,,,,,,5.0,,
euclidean_r3,0.15,Cross_Hamming,TaxPhragmen_vs_TaxMES,,Euclidean2D,100,20,,,,,,,,,,,,,,,,1.0,,
euclidean_r3,0.15,Cross_Hamming,AV_vs_TaxMES,,Euclidean2D,100,20,,,,,,,,,,,,,,,,6.0,,
euclidean_r3,0.15,Cross_Hamming,AV_vs_TaxPhragmen,,Euclidean2D,100,20,,,,,,,,,,,,,,,,5.0,,
euclidean_r4,0.15,Traditional,PAV,10.0,Euclidean2D,100,20,46.2,32.0,58.0,25.4,40.0,3.0,4.62,5.0,20.0,0.2,9.0,0.09,0.2971,1.77,0.73,,,
euclidean_r4,0.15,Traditional,SeqPhragmen,10.0,Euclidean2D,100,20,46.2,32.0,58.0,25.4,40.0,3.0,4.62,5.0,20.0,0.2,9.0,0.09,0.2971,1.77,0.73,,,
euclidean_r4,0.15,Traditional,MES,10.0,Euclidean2D,100,20,46.2,32.0,58.0,25.4,40.0,3.0,4.62,5.0,20.0,0.2,9.0,0.09,0.2971,1.77,0.73,,,
euclidean_r4,0.15,AV,AV,10.0,Euclidean2D,100,20,46.4,32.0,58.0,25.2,38.0,1.0,4.64,5.0,24.0,0.24,11.0,0.11,0.3496,1.77,0.73,,,
euclidean_r4,0.15,Tax,TaxPhragmen,7.0,Euclidean2D,100,20,50.0,38.0,58.0,28.1538,43.0,6.0,3.5,4.0,18.0,0.18,9.0,0.09,0.3018,1.77,0.48,,,
euclidean_r4,0.15,Tax,TaxMES,6.0,Euclidean2D,100,20,52.0,44.0,58.0,28.8571,43.0,6.0,3.12,4.0,24.0,0.24,10.0,0.1,0.2923,1.77,0.43,,,
euclidean_r4,0.15,Hamming_Traditional,PAV_vs_SeqPhragmen,,Euclidean2D,100,20,,,,,,,,,,,,,,,,0.0,,
euclidean_r4,0.15,Hamming_Traditional,PAV_vs_MES,,Euclidean2D,100,20,,,,,,,,,,,,,,,,0.0,,
euclidean_r4,0.15,Hamming_Traditional,SeqPhragmen_vs_MES,,Euclidean2D,100,20,,,,,,,,,,,,,,,,0.0,,
euclidean_r4,0.15,Hamming_Traditional,AV_vs_PAV,,Euclidean2D,100,20,,,,,,,,,,,,,,,,2.0,,
euclidean_r4,0.15,Hamming_Traditional,AV_vs_SeqPhragmen,,Euclidean2D,100,20,,,,,,,,,,,,,,,,2.0,,
euclidean_r4,0.15,Hamming_Traditional,AV_vs_MES,,Euclidean2D,100,20,,,,,,,,,,,,,,,,2.0,,
euclidean_r4,0.15,Cross_Hamming,PAV_vs_TaxMES,,Euclidean2D,100,20,,,,,,,,,,,,,,,,4.0,,
euclidean_r4,0.15,Cross_Hamming,PAV_vs_TaxPhragmen,,Euclidean2D,100,20,,,,,,,,,,,,,,,,3.0,,
euclidean_r4,0.15,Cross_Hamming,SeqPhragmen_vs_TaxPhragmen,,Euclidean2D,100,20,,,,,,,,,,,,,,,,3.0,,
euclidean_r4,0.15,Cross_Hamming,SeqPhragmen_vs_TaxMES,,Euclidean2D,100,20,,,,,,,,,,,,,,,,4.0,,
euclidean_r4,0.15,Cross_Hamming,MES_vs_TaxMES,,Euclidean2D,100,20,,,,,,,,,,,,,,,,4.0,,
euclidean_r4,0.15,Cross_Hamming,MES_vs_TaxPhragmen,,Euclidean2D,100,20,,,,,,,,,,,,,,,,3.0,,
euclidean_r4,0.15,Cross_Hamming,TaxPhragmen_vs_TaxMES,,Euclidean2D,100,20,,,,,,,,,,,,,,,,1.0,,
euclidean_r4,0.15,Cross_Hamming,AV_vs_TaxMES,,Euclidean2D,100,20,,,,,,,,,,,,,,,,4.0,,
euclidean_r4,0.15,Cross_Hamming,AV_vs_TaxPhragmen,,Euclidean2D,100,20,,,,,,,,,,,,,,,,5.0,,
impartial_p0.1,0.15,Traditional,PAV,10.0,Impartial,100,20,-2.5,-10.0,6.0,-6.4,-4.0,1.0,-0.25,0.0,70.0,0.7,42.0,0.42,0.2135,2.75,1.37,,0.1,
impartial_p0.1,0.15,Traditional,SeqPhragmen,10.0,Impartial,100,20,-2.5,-10.0,6.0,-6.4,-4.0,1.0,-0.25,0.0,70.0,0.7,42.0,0.42,0.2135,2.75,1.37,,0.1,
impartial_p0.1,0.15,Traditional,MES,10.0,Impartial,100,20,-2.5,-10.0,6.0,-6.4,-4.0,1.0,-0.25,0.0,70.0,0.7,42.0,0.42,0.2135,2.75,1.37,,0.1,
impartial_p0.1,0.15,AV,AV,10.0,Impartial,100,20,-3.1,-10.0,6.0,-5.8,-1.0,18.0,-0.31,0.0,71.0,0.71,40.0,0.4,0.2199,2.75,1.44,,0.1,
impartial_p0.1,0.15,Tax,TaxPhragmen,0.0,Impartial,100,20,,,,-4.45,6.0,8.0,0.0,0.0,100.0,1.0,0.0,0.0,0.0,2.75,0.0,,0.1,
impartial_p0.1,0.15,Tax,TaxMES,0.0,Impartial,100,20,,,,-4.45,6.0,8.0,0.0,0.0,100.0,1.0,0.0,0.0,0.0,2.75,0.0,,0.1,
impartial_p0.1,0.15,Hamming_Traditional,PAV_vs_SeqPhragmen,,Impartial,100,20,,,,,,,,,,,,,,,,0.0,0.1,
impartial_p0.1,0.15,Hamming_Traditional,PAV_vs_MES,,Impartial,100,20,,,,,,,,,,,,,,,,0.0,0.1,
impartial_p0.1,0.15,Hamming_Traditional,SeqPhragmen_vs_MES,,Impartial,100,20,,,,,,,,,,,,,,,,0.0,0.1,
impartial_p0.1,0.15,Hamming_Traditional,AV_vs_PAV,,Impartial,100,20,,,,,,,,,,,,,,,,2.0,0.1,
impartial_p0.1,0.15,Hamming_Traditional,AV_vs_SeqPhragmen,,Impartial,100,20,,,,,,,,,,,,,,,,2.0,0.1,
impartial_p0.1,0.15,Hamming_Traditional,AV_vs_MES,,Impartial,100,20,,,,,,,,,,,,,,,,2.0,0.1,
impartial_p0.1,0.15,Cross_Hamming,PAV_vs_TaxMES,,Impartial,100,20,,,,,,,,,,,,,,,,10.0,0.1,
impartial_p0.1,0.15,Cross_Hamming,PAV_vs_TaxPhragmen,,Impartial,100,20,,,,,,,,,,,,,,,,10.0,0.1,
impartial_p0.1,0.15,Cross_Hamming,SeqPhragmen_vs_TaxPhragmen,,Impartial,100,20,,,,,,,,,,,,,,,,10.0,0.1,
impartial_p0.1,0.15,Cross_Hamming,SeqPhragmen_vs_TaxMES,,Impartial,100,20,,,,,,,,,,,,,,,,10.0,0.1,
impartial_p0.1,0.15,Cross_Hamming,MES_vs_TaxMES,,Impartial,100,20,,,,,,,,,,,,,,,,10.0,0.1,
impartial_p0.1,0.15,Cross_Hamming,MES_vs_TaxPhragmen,,Impartial,100,20,,,,,,,,,,,,,,,,10.0,0.1,
impartial_p0.1,0.15,Cross_Hamming,TaxPhragmen_vs_TaxMES,,Impartial,100,20,,,,,,,,,,,,,,,,0.0,0.1,
impartial_p0.1,0.15,Cross_Hamming,AV_vs_TaxMES,,Impartial,100,20,,,,,,,,,,,,,,,,10.0,0.1,
impartial_p0.1,0.15,Cross_Hamming,AV_vs_TaxPhragmen,,Impartial,100,20,,,,,,,,,,,,,,,,10.0,0.1,
impartial_p0.15,0.15,Traditional,PAV,10.0,Impartial,100,20,5.0,-3.0,14.0,-1.3,6.0,12.0,0.5,0.5,50.0,0.5,23.0,0.23,0.2322,2.59,1.21,,0.15,
impartial_p0.15,0.15,Traditional,SeqPhragmen,10.0,Impartial,100,20,4.8,-2.0,14.0,-1.1,6.0,12.0,0.48,0.5,50.0,0.5,26.0,0.26,0.1901,2.59,1.21,,0.15,
impartial_p0.15,0.15,Traditional,MES,10.0,Impartial,100,20,5.0,-3.0,14.0,-1.3,6.0,12.0,0.5,0.5,50.0,0.5,23.0,0.23,0.2322,2.59,1.21,,0.15,
impartial_p0.15,0.15,AV,AV,10.0,Impartial,100,20,5.9,2.0,14.0,-2.2,2.0,1.0,0.59,0.5,50.0,0.5,24.0,0.24,0.2391,2.59,1.14,,0.15,
impartial_p0.15,0.15,Tax,TaxPhragmen,1.0,Impartial,100,20,14.0,14.0,14.0,1.2105,8.0,4.0,0.14,0.0,77.0,0.77,9.0,0.09,0.2272,2.59,0.09,,0.15,
impartial_p0.15,0.15,Tax,TaxMES,1.0,Impartial,100,20,14.0,14.0,14.0,1.2105,8.0,4.0,0.14,0.0,77.0,0.77,9.0,0.09,0.2272,2.59,0.09,,0.15,
impartial_p0.15,0.15,Hamming_Traditional,PAV_vs_SeqPhragmen,,Impartial,100,20,,,,,,,,,,,,,,,,4.0,0.15,
impartial_p0.15,0.15,Hamming_Traditional,PAV_vs_MES,,Impartial,100,20,,,,,,,,,,,,,,,,0.0,0.15,
impartial_p0.15,0.15,Hamming_Traditional,SeqPhragmen_vs_MES,,Impartial,100,20,,,,,,,,,,,,,,,,4.0,0.15,
impartial_p0.15,0.15,Hamming_Traditional,AV_vs_PAV,,Impartial,100,20,,,,,,,,,,,,,,,,4.0,0.15,
impartial_p0.15,0.15,Hamming_Traditional,AV_vs_SeqPhragmen,,Impartial,100,20,,,,,,,,,,,,,,,,4.0,0.15,
impartial_p0.15,0.15,Hamming_Traditional,AV_vs_MES,,Impartial,100,20,,,,,,,,,,,,,,,,4.0,0.15,
impartial_p0.15,0.15,Cross_Hamming,PAV_vs_TaxMES,,Impartial,100,20,,,,,,,,,,,,,,,,9.0,0.15,
impartial_p0.15,0.15,Cross_Hamming,PAV_vs_TaxPhragmen,,Impartial,100,20,,,,,,,,,,,,,,,,9.0,0.15,
impartial_p0.15,0.15,Cross_Hamming,SeqPhragmen_vs_TaxPhragmen,,Impartial,100,20,,,,,,,,,,,,,,,,9.0,0.15,
impartial_p0.15,0.15,Cross_Hamming,SeqPhragmen_vs_TaxMES,,Impartial,100,20,,,,,,,,,,,,,,,,9.0,0.15,
impartial_p0.15,0.15,Cross_Hamming,MES_vs_TaxMES,,Impartial,100,20,,,,,,,,,,,,,,,,9.0,0.15,
impartial_p0.15,0.15,Cross_Hamming,MES_vs_TaxPhragmen,,Impartial,100,20,,,,,,,,,,,,,,,,9.0,0.15,
impartial_p0.15,0.15,Cross_Hamming,TaxPhragmen_vs_TaxMES,,Impartial,100,20,,,,,,,,,,,,,,,,0.0,0.15,
impartial_p0.15,0.15,Cross_Hamming,AV_vs_TaxMES,,Impartial,100,20,,,,,,,,,,,,,,,,9.0,0.15,
impartial_p0.15,0.15,Cross_Hamming,AV_vs_TaxPhragmen,,Impartial,100,20,,,,,,,,,,,,,,,,9.0,0.15,
impartial_p0.3,0.15,Traditional,PAV,10.0,Impartial,100,20,23.7,21.0,29.0,13.7,23.0,12.0,2.37,2.0,14.0,0.14,7.0,0.07,0.2248,2.26,1.03,,0.3,
impartial_p0.3,0.15,Traditional,SeqPhragmen,10.0,Impartial,100,20,23.5,19.0,29.0,13.9,23.0,12.0,2.35,2.0,17.0,0.17,7.0,0.07,0.2376,2.26,1.03,,0.3,
impartial_p0.3,0.15,Traditional,MES,10.0,Impartial,100,20,23.7,21.0,29.0,13.7,23.0,12.0,2.37,2.0,14.0,0.14,7.0,0.07,0.2248,2.26,1.03,,0.3,
impartial_p0.3,0.15,AV,AV,10.0,Impartial,100,20,23.7,21.0,29.0,13.7,23.0,12.0,2.37,2.0,14.0,0.14,7.0,0.07,0.2248,2.26,1.03,,0.3,
impartial_p0.3,0.15,Tax,TaxPhragmen,5.0,Impartial,100,20,25.6,23.0,29.0,16.4,23.0,12.0,1.28,1.0,30.0,0.3,7.0,0.07,0.2168,2.26,0.45,,0.3,
impartial_p0.3,0.15,Tax,TaxMES,5.0,Impartial,100,20,25.4,23.0,29.0,16.4667,24.0,15.0,1.27,1.0,24.0,0.24,5.0,0.05,0.1885,2.26,0.42,,0.3,
impartial_p0.3,0.15,Hamming_Traditional,PAV_vs_SeqPhragmen,,Impartial,100,20,,,,,,,,,,,,,,,,2.0,0.3,
impartial_p0.3,0.15,Hamming_Traditional,PAV_vs_MES,,Impartial,100,20,,,,,,,,,,,,,,,,0.0,0.3,
impartial_p0.3,0.15,Hamming_Traditional,SeqPhragmen_vs_MES,,Impartial,100,20,,,,,,,,,,,,,,,,2.0,0.3,
impartial_p0.3,0.15,Hamming_Traditional,AV_vs_PAV,,Impartial,100,20,,,,,,,,,,,,,,,,0.0,0.3,
impartial_p0.3,0.15,Hamming_Traditional,AV_vs_SeqPhragmen,,Impartial,100,20,,,,,,,,,,,,,,,,2.0,0.3,
impartial_p0.3,0.15,Hamming_Traditional,AV_vs_MES,,Impartial,100,20,,,,,,,,,,,,,,,,0.0,0.3,
impartial_p0.3,0.15,Cross_Hamming,PAV_vs_TaxMES,,Impartial,100,20,,,,,,,,,,,,,,,,5.0,0.3,
impartial_p0.3,0.15,Cross_Hamming,PAV_vs_TaxPhragmen,,Impartial,100,20,,,,,,,,,,,,,,,,5.0,0.3,
impartial_p0.3,0.15,Cross_Hamming,SeqPhragmen_vs_TaxPhragmen,,Impartial,100,20,,,,,,,,,,,,,,,,5.0,0.3,
impartial_p0.3,0.15,Cross_Hamming,SeqPhragmen_vs_TaxMES,,Impartial,100,20,,,,,,,,,,,,,,,,5.0,0.3,
impartial_p0.3,0.15,Cross_Hamming,MES_vs_TaxMES,,Impartial,100,20,,,,,,,,,,,,,,,,5.0,0.3,
impartial_p0.3,0.15,Cross_Hamming,MES_vs_TaxPhragmen,,Impartial,100,20,,,,,,,,,,,,,,,,5.0,0.3,
impartial_p0.3,0.15,Cross_Hamming,TaxPhragmen_vs_TaxMES,,Impartial,100,20,,,,,,,,,,,,,,,,2.0,0.3,
impartial_p0.3,0.15,Cross_Hamming,AV_vs_TaxMES,,Impartial,100,20,,,,,,,,,,,,,,,,5.0,0.3,
impartial_p0.3,0.15,Cross_Hamming,AV_vs_TaxPhragmen,,Impartial,100,20,,,,,,,,,,,,,,,,5.0,0.3,
impartial_p0.5,0.15,Traditional,PAV,10.0,Impartial,100,20,46.5,40.0,53.0,37.9,44.0,15.0,4.65,5.0,0.0,0.0,0.0,0.0,0.2036,1.64,0.77,,0.5,
impartial_p0.5,0.15,Traditional,SeqPhragmen,10.0,Impartial,100,20,46.3,39.0,53.0,38.1,44.0,15.0,4.63,5.0,0.0,0.0,0.0,0.0,0.197,1.64,0.74,,0.5,
impartial_p0.5,0.15,Traditional,MES,10.0,Impartial,100,20,46.5,40.0,53.0,37.9,44.0,15.0,4.65,4.0,2.0,0.02,0.0,0.0,0.2005,1.64,0.77,,0.5,
impartial_p0.5,0.15,AV,AV,10.0,Impartial,100,20,46.9,41.0,53.0,37.5,41.0,12.0,4.69,5.0,2.0,0.02,1.0,0.01,0.1804,1.64,0.77,,0.5,
impartial_p0.5,0.15,Tax,TaxPhragmen,7.0,Impartial,100,20,48.5714,45.0,53.0,38.7692,44.0,7.0,3.4,3.0,4.0,0.04,1.0,0.01,0.1871,1.64,0.46,,0.5,
impartial_p0.5,0.15,Tax,TaxMES,7.0,Impartial,100,20,48.5714,45.0,53.0,38.7692,44.0,7.0,3.4,3.0,4.0,0.04,1.0,0.01,0.1871,1.64,0.46,,0.5,
impartial_p0.5,0.15,Hamming_Traditional,PAV_vs_SeqPhragmen,,Impartial,100,20,,,,,,,,,,,,,,,,2.0,0.5,
impartial_p0.5,0.15,Hamming_Traditional,PAV_vs_MES,,Impartial,100,20,,,,,,,,,,,,,,,,2.0,0.5,
impartial_p0.5,0.15,Hamming_Traditional,SeqPhragmen_vs_MES,,Impartial,100,20,,,,,,,,,,,,,,,,4.0,0.5,
impartial_p0.5,0.15,Hamming_Traditional,AV_vs_PAV,,Impartial,100,20,,,,,,,,,,,,,,,,2.0,0.5,
impartial_p0.5,0.15,Hamming_Traditional,AV_vs_SeqPhragmen,,Impartial,100,20,,,,,,,,,,,,,,,,4.0,0.5,
impartial_p0.5,0.15,Hamming_Traditional,AV_vs_MES,,Impartial,100,20,,,,,,,,,,,,,,,,2.0,0.5,
impartial_p0.5,0.15,Cross_Hamming,PAV_vs_TaxMES,,Impartial,100,20,,,,,,,,,,,,,,,,3.0,0.5,
impartial_p0.5,0.15,Cross_Hamming,PAV_vs_TaxPhragmen,,Impartial,100,20,,,,,,,,,,,,,,,,3.0,0.5,
impartial_p0.5,0.15,Cross_Hamming,SeqPhragmen_vs_TaxPhragmen,,Impartial,100,20,,,,,,,,,,,,,,,,3.0,0.5,
impartial_p0.5,0.15,Cross_Hamming,SeqPhragmen_vs_TaxMES,,Impartial,100,20,,,,,,,,,,,,,,,,3.0,0.5,
impartial_p0.5,0.15,Cross_Hamming,MES_vs_TaxMES,,Impartial,100,20,,,,,,,,,,,,,,,,3.0,0.5,
impartial_p0.5,0.15,Cross_Hamming,MES_vs_TaxPhragmen,,Impartial,100,20,,,,,,,,,,,,,,,,3.0,0.5,
impartial_p0.5,0.15,Cross_Hamming,TaxPhragmen_vs_TaxMES,,Impartial,100,20,,,,,,,,,,,,,,,,0.0,0.5,
impartial_p0.5,0.15,Cross_Hamming,AV_vs_TaxMES,,Impartial,100,20,,,,,,,,,,,,,,,,3.0,0.5,
impartial_p0.5,0.15,Cross_Hamming,AV_vs_TaxPhragmen,,Impartial,100,20,,,,,,,,,,,,,,,,3.0,0.5,
impartial_p0.7,0.15,Traditional,PAV,10.0,Impartial,100,20,68.3,63.0,75.0,59.7,67.0,4.0,6.83,7.0,0.0,0.0,0.0,0.0,0.1384,1.02,0.49,,0.7,
impartial_p0.7,0.15,Traditional,SeqPhragmen,10.0,Impartial,100,20,68.3,63.0,75.0,59.7,67.0,4.0,6.83,7.0,0.0,0.0,0.0,0.0,0.1384,1.02,0.49,,0.7,
impartial_p0.7,0.15,Traditional,MES,10.0,Impartial,100,20,68.3,62.0,75.0,59.7,66.0,17.0,6.83,7.0,0.0,0.0,0.0,0.0,0.1273,1.02,0.43,,0.7,
impartial_p0.7,0.15,AV,AV,10.0,Impartial,100,20,68.3,63.0,75.0,59.7,67.0,4.0,6.83,7.0,0.0,0.0,0.0,0.0,0.1384,1.02,0.49,,0.7,
impartial_p0.7,0.15,Tax,TaxPhragmen,9.0,Impartial,100,20,69.0,66.0,75.0,59.9091,66.0,1.0,6.21,6.0,0.0,0.0,0.0,0.0,0.1382,1.02,0.38,,0.7,
impartial_p0.7,0.15,Tax,TaxMES,9.0,Impartial,100,20,68.5556,62.0,75.0,60.2727,66.0,1.0,6.17,6.0,0.0,0.0,0.0,0.0,0.1295,1.02,0.37,,0.7,
impartial_p0.7,0.15,Hamming_Traditional,PAV_vs_SeqPhragmen,,Impartial,100,20,,,,,,,,,,,,,,,,0.0,0.7,
impartial_p0.7,0.15,Hamming_Traditional,PAV_vs_MES,,Impartial,100,20,,,,,,,,,,,,,,,,4.0,0.7,
impartial_p0.7,0.15,Hamming_Traditional,SeqPhragmen_vs_MES,,Impartial,100,20,,,,,,,,,,,,,,,,4.0,0.7,
impartial_p0.7,0.15,Hamming_Traditional,AV_vs_PAV,,Impartial,100,20,,,,,,,,,,,,,,,,0.0,0.7,
impartial_p0.7,0.15,Hamming_Traditional,AV_vs_SeqPhragmen,,Impartial,100,20,,,,,,,,,,,,,,,,0.0,0.7,
impartial_p0.7,0.15,Hamming_Traditional,AV_vs_MES,,Impartial,100,20,,,,,,,,,,,,,,,,4.0,0.7,
impartial_p0.7,0.15,Cross_Hamming,PAV_vs_TaxMES,,Impartial,100,20,,,,,,,,,,,,,,,,5.0,0.7,
impartial_p0.7,0.15,Cross_Hamming,PAV_vs_TaxPhragmen,,Impartial,100,20,,,,,,,,,,,,,,,,3.0,0.7,
impartial_p0.7,0.15,Cross_Hamming,SeqPhragmen_vs_TaxPhragmen,,Impartial,100,20,,,,,,,,,,,,,,,,3.0,0.7,
impartial_p0.7,0.15,Cross_Hamming,SeqPhragmen_vs_TaxMES,,Impartial,100,20,,,,,,,,,,,,,,,,5.0,0.7,
impartial_p0.7,0.15,Cross_Hamming,MES_vs_TaxMES,,Impartial,100,20,,,,,,,,,,,,,,,,1.0,0.7,
impartial_p0.7,0.15,Cross_Hamming,MES_vs_TaxPhragmen,,Impartial,100,20,,,,,,,,,,,,,,,,3.0,0.7,
impartial_p0.7,0.15,Cross_Hamming,TaxPhragmen_vs_TaxMES,,Impartial,100,20,,,,,,,,,,,,,,,,2.0,0.7,
impartial_p0.7,0.15,Cross_Hamming,AV_vs_TaxMES,,Impartial,100,20,,,,,,,,,,,,,,,,5.0,0.7,
impartial_p0.7,0.15,Cross_Hamming,AV_vs_TaxPhragmen,,Impartial,100,20,,,,,,,,,,,,,,,,3.0,0.7,
resampling_p0.15_phi0.25,0.15,Traditional,PAV,10.0,Resampling,100,20,16.7,-11.0,78.0,-11.9,-5.0,8.0,1.67,2.0,22.0,0.22,7.0,0.07,0.2203,2.59,1.07,,0.15,0.25
resampling_p0.15_phi0.25,0.15,Traditional,SeqPhragmen,10.0,Resampling,100,20,16.3,-11.0,78.0,-11.5,-5.0,8.0,1.63,2.0,22.0,0.22,7.0,0.07,0.2231,2.59,1.12,,0.15,0.25
resampling_p0.15_phi0.25,0.15,Traditional,MES,10.0,Resampling,100,20,16.7,-11.0,78.0,-11.9,-5.0,8.0,1.67,2.0,21.0,0.21,5.0,0.05,0.2035,2.59,1.06,,0.15,0.25
resampling_p0.15_phi0.25,0.15,AV,AV,10.0,Resampling,100,20,16.1,-12.0,78.0,-11.3,-5.0,8.0,1.61,2.0,22.0,0.22,8.0,0.08,0.2278,2.59,1.14,,0.15,0.25
resampling_p0.15_phi0.25,0.15,Tax,TaxPhragmen,3.0,Resampling,100,20,73.3333,68.0,78.0,-10.1176,2.0,16.0,2.2,2.0,7.0,0.07,0.0,0.0,0.2212,2.59,0.12,,0.15,0.25
resampling_p0.15_phi0.25,0.15,Tax,TaxMES,3.0,Resampling,100,20,73.3333,68.0,78.0,-10.1176,2.0,16.0,2.2,2.0,7.0,0.07,0.0,0.0,0.2212,2.59,0.12,,0.15,0.25
resampling_p0.15_phi0.25,0.15,Hamming_Traditional,PAV_vs_SeqPhragmen,,Resampling,100,20,,,,,,,,,,,,,,,,2.0,0.15,0.25
resampling_p0.15_phi0.25,0.15,Hamming_Traditional,PAV_vs_MES,,Resampling,100,20,,,,,,,,,,,,,,,,2.0,0.15,0.25
resampling_p0.15_phi0.25,0.15,Hamming_Traditional,SeqPhragmen_vs_MES,,Resampling,100,20,,,,,,,,,,,,,,,,2.0,0.15,0.25
resampling_p0.15_phi0.25,0.15,Hamming_Traditional,AV_vs_PAV,,Resampling,100,20,,,,,,,,,,,,,,,,4.0,0.15,0.25
resampling_p0.15_phi0.25,0.15,Hamming_Traditional,AV_vs_SeqPhragmen,,Resampling,100,20,,,,,,,,,,,,,,,,2.0,0.15,0.25
resampling_p0.15_phi0.25,0.15,Hamming_Traditional,AV_vs_MES,,Resampling,100,20,,,,,,,,,,,,,,,,4.0,0.15,0.25
resampling_p0.15_phi0.25,0.15,Cross_Hamming,PAV_vs_TaxMES,,Resampling,100,20,,,,,,,,,,,,,,,,7.0,0.15,0.25
resampling_p0.15_phi0.25,0.15,Cross_Hamming,PAV_vs_TaxPhragmen,,Resampling,100,20,,,,,,,,,,,,,,,,7.0,0.15,0.25
resampling_p0.15_phi0.25,0.15,Cross_Hamming,SeqPhragmen_vs_TaxPhragmen,,Resampling,100,20,,,,,,,,,,,,,,,,7.0,0.15,0.25
resampling_p0.15_phi0.25,0.15,Cross_Hamming,SeqPhragmen_vs_TaxMES,,Resampling,100,20,,,,,,,,,,,,,,,,7.0,0.15,0.25
resampling_p0.15_phi0.25,0.15,Cross_Hamming,MES_vs_TaxMES,,Resampling,100,20,,,,,,,,,,,,,,,,7.0,0.15,0.25
resampling_p0.15_phi0.25,0.15,Cross_Hamming,MES_vs_TaxPhragmen,,Resampling,100,20,,,,,,,,,,,,,,,,7.0,0.15,0.25
resampling_p0.15_phi0.25,0.15,Cross_Hamming,TaxPhragmen_vs_TaxMES,,Resampling,100,20,,,,,,,,,,,,,,,,0.0,0.15,0.25
resampling_p0.15_phi0.25,0.15,Cross_Hamming,AV_vs_TaxMES,,Resampling,100,20,,,,,,,,,,,,,,,,7.0,0.15,0.25
resampling_p0.15_phi0.25,0.15,Cross_Hamming,AV_vs_TaxPhragmen,,Resampling,100,20,,,,,,,,,,,,,,,,7.0,0.15,0.25
resampling_p0.15_phi0.5,0.15,Traditional,PAV,10.0,Resampling,100,20,12.4,-7.0,54.0,-8.6,-2.0,16.0,1.24,1.0,31.0,0.31,15.0,0.15,0.205,2.59,1.15,,0.15,0.5
resampling_p0.15_phi0.5,0.15,Traditional,SeqPhragmen,10.0,Resampling,100,20,12.7,-7.0,54.0,-8.9,-3.0,6.0,1.27,1.0,33.0,0.33,13.0,0.13,0.2137,2.59,1.11,,0.15,0.5
resampling_p0.15_phi0.5,0.15,Traditional,MES,10.0,Resampling,100,20,12.7,-7.0,54.0,-8.9,-3.0,6.0,1.27,1.0,33.0,0.33,13.0,0.13,0.2137,2.59,1.11,,0.15,0.5
resampling_p0.15_phi0.5,0.15,AV,AV,10.0,Resampling,100,20,11.6,-13.0,54.0,-7.8,-2.0,16.0,1.16,1.0,37.0,0.37,17.0,0.17,0.1934,2.59,1.24,,0.15,0.5
resampling_p0.15_phi0.5,0.15,Tax,TaxPhragmen,3.0,Resampling,100,20,48.0,40.0,54.0,-6.2353,0.0,14.0,1.44,2.0,22.0,0.22,4.0,0.04,0.1772,2.59,0.22,,0.15,0.5
resampling_p0.15_phi0.5,0.15,Tax,TaxMES,3.0,Resampling,100,20,48.0,40.0,54.0,-6.2353,0.0,14.0,1.44,2.0,22.0,0.22,4.0,0.04,0.1772,2.59,0.22,,0.15,0.5
resampling_p0.15_phi0.5,0.15,Hamming_Traditional,PAV_vs_SeqPhragmen,,Resampling,100,20,,,,,,,,,,,,,,,,2.0,0.15,0.5
resampling_p0.15_phi0.5,0.15,Hamming_Traditional,PAV_vs_MES,,Resampling,100,20,,,,,,,,,,,,,,,,2.0,0.15,0.5
resampling_p0.15_phi0.5,0.15,Hamming_Traditional,SeqPhragmen_vs_MES,,Resampling,100,20,,,,,,,,,,,,,,,,0.0,0.15,0.5
resampling_p0.15_phi0.5,0.15,Hamming_Traditional,AV_vs_PAV,,Resampling,100,20,,,,,,,,,,,,,,,,2.0,0.15,0.5
resampling_p0.15_phi0.5,0.15,Hamming_Traditional,AV_vs_SeqPhragmen,,Resampling,100,20,,,,,,,,,,,,,,,,2.0,0.15,0.5
resampling_p0.15_phi0.5,0.15,Hamming_Traditional,AV_vs_MES,,Resampling,100,20,,,,,,,,,,,,,,,,2.0,0.15,0.5
resampling_p0.15_phi0.5,0.15,Cross_Hamming,PAV_vs_TaxMES,,Resampling,100,20,,,,,,,,,,,,,,,,7.0,0.15,0.5
resampling_p0.15_phi0.5,0.15,Cross_Hamming,PAV_vs_TaxPhragmen,,Resampling,100,20,,,,,,,,,,,,,,,,7.0,0.15,0.5
resampling_p0.15_phi0.5,0.15,Cross_Hamming,SeqPhragmen_vs_TaxPhragmen,,Resampling,100,20,,,,,,,,,,,,,,,,7.0,0.15,0.5
resampling_p0.15_phi0.5,0.15,Cross_Hamming,SeqPhragmen_vs_TaxMES,,Resampling,100,20,,,,,,,,,,,,,,,,7.0,0.15,0.5
resampling_p0.15_phi0.5,0.15,Cross_Hamming,MES_vs_TaxMES,,Resampling,100,20,,,,,,,,,,,,,,,,7.0,0.15,0.5
resampling_p0.15_phi0.5,0.15,Cross_Hamming,MES_vs_TaxPhragmen,,Resampling,100,20,,,,,,,,,,,,,,,,7.0,0.15,0.5
resampling_p0.15_phi0.5,0.15,Cross_Hamming,TaxPhragmen_vs_TaxMES,,Resampling,100,20,,,,,,,,,,,,,,,,0.0,0.15,0.5
resampling_p0.15_phi0.5,0.15,Cross_Hamming,AV_vs_TaxMES,,Resampling,100,20,,,,,,,,,,,,,,,,7.0,0.15,0.5
resampling_p0.15_phi0.5,0.15,Cross_Hamming,AV_vs_TaxPhragmen,,Resampling,100,20,,,,,,,,,,,,,,,,7.0,0.15,0.5
resampling_p0.15_phi0.75,0.15,Traditional,PAV,10.0,Resampling,100,20,9.5,-3.0,34.0,-4.4,2.0,3.0,0.95,1.0,34.0,0.34,18.0,0.18,0.178,2.59,1.18,,0.15,0.75
resampling_p0.15_phi0.75,0.15,Traditional,SeqPhragmen,10.0,Resampling,100,20,9.7,-3.0,34.0,-4.6,2.0,3.0,0.97,1.0,39.0,0.39,15.0,0.15,0.185,2.59,1.17,,0.15,0.75
resampling_p0.15_phi0.75,0.15,Traditional,MES,10.0,Resampling,100,20,9.7,-3.0,34.0,-4.6,2.0,3.0,0.97,1.0,39.0,0.39,15.0,0.15,0.185,2.59,1.17,,0.15,0.75
resampling_p0.15_phi0.75,0.15,AV,AV,10.0,Resampling,100,20,9.6,-3.0,34.0,-4.5,3.0,10.0,0.96,1.0,37.0,0.37,18.0,0.18,0.1947,2.59,1.19,,0.15,0.75
resampling_p0.15_phi0.75,0.15,Tax,TaxPhragmen,3.0,Resampling,100,20,30.3333,26.0,34.0,-2.3529,5.0,16.0,0.91,1.0,31.0,0.31,12.0,0.12,0.2097,2.59,0.29,,0.15,0.75
resampling_p0.15_phi0.75,0.15,Tax,TaxMES,3.0,Resampling,100,20,30.3333,26.0,34.0,-2.3529,5.0,16.0,0.91,1.0,31.0,0.31,12.0,0.12,0.2097,2.59,0.29,,0.15,0.75
resampling_p0.15_phi0.75,0.15,Hamming_Traditional,PAV_vs_SeqPhragmen,,Resampling,100,20,,,,,,,,,,,,,,,,2.0,0.15,0.75
resampling_p0.15_phi0.75,0.15,Hamming_Traditional,PAV_vs_MES,,Resampling,100,20,,,,,,,,,,,,,,,,2.0,0.15,0.75
resampling_p0.15_phi0.75,0.15,Hamming_Traditional,SeqPhragmen_vs_MES,,Resampling,100,20,,,,,,,,,,,,,,,,0.0,0.15,0.75
resampling_p0.15_phi0.75,0.15,Hamming_Traditional,AV_vs_PAV,,Resampling,100,20,,,,,,,,,,,,,,,,4.0,0.15,0.75
resampling_p0.15_phi0.75,0.15,Hamming_Traditional,AV_vs_SeqPhragmen,,Resampling,100,20,,,,,,,,,,,,,,,,4.0,0.15,0.75
resampling_p0.15_phi0.75,0.15,Hamming_Traditional,AV_vs_MES,,Resampling,100,20,,,,,,,,,,,,,,,,4.0,0.15,0.75
resampling_p0.15_phi0.75,0.15,Cross_Hamming,PAV_vs_TaxMES,,Resampling,100,20,,,,,,,,,,,,,,,,7.0,0.15,0.75
resampling_p0.15_phi0.75,0.15,Cross_Hamming,PAV_vs_TaxPhragmen,,Resampling,100,20,,,,,,,,,,,,,,,,7.0,0.15,0.75
resampling_p0.15_phi0.75,0.15,Cross_Hamming,SeqPhragmen_vs_TaxPhragmen,,Resampling,100,20,,,,,,,,,,,,,,,,7.0,0.15,0.75
resampling_p0.15_phi0.75,0.15,Cross_Hamming,SeqPhragmen_vs_TaxMES,,Resampling,100,20,,,,,,,,,,,,,,,,7.0,0.15,0.75
resampling_p0.15_phi0.75,0.15,Cross_Hamming,MES_vs_TaxMES,,Resampling,100,20,,,,,,,,,,,,,,,,7.0,0.15,0.75
resampling_p0.15_phi0.75,0.15,Cross_Hamming,MES_vs_TaxPhragmen,,Resampling,100,20,,,,,,,,,,,,,,,,7.0,0.15,0.75
resampling_p0.15_phi0.75,0.15,Cross_Hamming,TaxPhragmen_vs_TaxMES,,Resampling,100,20,,,,,,,,,,,,,,,,0.0,0.15,0.75
resampling_p0.15_phi0.75,0.15,Cross_Hamming,AV_vs_TaxMES,,Resampling,100,20,,,,,,,,,,,,,,,,7.0,0.15,0.75
resampling_p0.15_phi0.75,0.15,Cross_Hamming,AV_vs_TaxPhragmen,,Resampling,100,20,,,,,,,,,,,,,,,,7.0,0.15,0.75
resampling_p0.15_phi1,0.15,Traditional,PAV,10.0,Resampling,100,20,5.4,2.0,10.0,-1.8,8.0,3.0,0.54,0.0,51.0,0.51,21.0,0.21,0.2379,2.59,1.15,,0.15,1.0
resampling_p0.15_phi1,0.15,Traditional,SeqPhragmen,10.0,Resampling,100,20,5.9,2.0,10.0,-2.3,3.0,11.0,0.59,1.0,49.0,0.49,23.0,0.23,0.1813,2.59,1.13,,0.15,1.0
resampling_p0.15_phi1,0.15,Traditional,MES,10.0,Resampling,100,20,5.4,2.0,10.0,-1.8,8.0,3.0,0.54,0.0,51.0,0.51,21.0,0.21,0.2379,2.59,1.15,,0.15,1.0
resampling_p0.15_phi1,0.15,AV,AV,10.0,Resampling,100,20,5.9,2.0,10.0,-2.3,3.0,11.0,0.59,1.0,49.0,0.49,23.0,0.23,0.1813,2.59,1.13,,0.15,1.0
resampling_p0.15_phi1,0.15,Tax,TaxPhragmen,1.0,Resampling,100,20,10.0,10.0,10.0,1.3684,9.0,14.0,0.1,0.0,83.0,0.83,7.0,0.07,0.1875,2.59,0.07,,0.15,1.0
resampling_p0.15_phi1,0.15,Tax,TaxMES,1.0,Resampling,100,20,10.0,10.0,10.0,1.3684,9.0,14.0,0.1,0.0,83.0,0.83,7.0,0.07,0.1875,2.59,0.07,,0.15,1.0
resampling_p0.15_phi1,0.15,Hamming_Traditional,PAV_vs_SeqPhragmen,,Resampling,100,20,,,,,,,,,,,,,,,,2.0,0.15,1.0
resampling_p0.15_phi1,0.15,Hamming_Traditional,PAV_vs_MES,,Resampling,100,20,,,,,,,,,,,,,,,,0.0,0.15,1.0
resampling_p0.15_phi1,0.15,Hamming_Traditional,SeqPhragmen_vs_MES,,Resampling,100,20,,,,,,,,,,,,,,,,2.0,0.15,1.0
resampling_p0.15_phi1,0.15,Hamming_Traditional,AV_vs_PAV,,Resampling,100,20,,,,,,,,,,,,,,,,2.0,0.15,1.0
resampling_p0.15_phi1,0.15,Hamming_Traditional,AV_vs_SeqPhragmen,,Resampling,100,20,,,,,,,,,,,,,,,,0.0,0.15,1.0
resampling_p0.15_phi1,0.15,Hamming_Traditional,AV_vs_MES,,Resampling,100,20,,,,,,,,,,,,,,,,2.0,0.15,1.0
resampling_p0.15_phi1,0.15,Cross_Hamming,PAV_vs_TaxMES,,Resampling,100,20,,,,,,,,,,,,,,,,9.0,0.15,1.0
resampling_p0.15_phi1,0.15,Cross_Hamming,PAV_vs_TaxPhragmen,,Resampling,100,20,,,,,,,,,,,,,,,,9.0,0.15,1.0
resampling_p0.15_phi1,0.15,Cross_Hamming,SeqPhragmen_vs_TaxPhragmen,,Resampling,100,20,,,,,,,,,,,,,,,,9.0,0.15,1.0
resampling_p0.15_phi1,0.15,Cross_Hamming,SeqPhragmen_vs_TaxMES,,Resampling,100,20,,,,,,,,,,,,,,,,9.0,0.15,1.0
resampling_p0.15_phi1,0.15,Cross_Hamming,MES_vs_TaxMES,,Resampling,100,20,,,,,,,,,,,,,,,,9.0,0.15,1.0
resampling_p0.15_phi1,0.15,Cross_Hamming,MES_vs_TaxPhragmen,,Resampling,100,20,,,,,,,,,,,,,,,,9.0,0.15,1.0
resampling_p0.15_phi1,0.15,Cross_Hamming,TaxPhragmen_vs_TaxMES,,Resampling,100,20,,,,,,,,,,,,,,,,0.0,0.15,1.0
resampling_p0.15_phi1,0.15,Cross_Hamming,AV_vs_TaxMES,,Resampling,100,20,,,,,,,,,,,,,,,,9.0,0.15,1.0
resampling_p0.15_phi1,0.15,Cross_Hamming,AV_vs_TaxPhragmen,,Resampling,100,20,,,,,,,,,,,,,,,,9.0,0.15,1.0
resampling_p0.1_phi0.25,0.15,Traditional,PAV,10.0,Resampling,100,20,5.8,-16.0,75.0,-13.1,-8.0,11.0,0.58,1.0,40.0,0.4,22.0,0.22,0.1214,2.72,1.26,,0.1,0.25
resampling_p0.1_phi0.25,0.15,Traditional,SeqPhragmen,10.0,Resampling,100,20,5.8,-16.0,75.0,-13.1,-8.0,11.0,0.58,1.0,46.0,0.46,18.0,0.18,0.1419,2.72,1.28,,0.1,0.25
resampling_p0.1_phi0.25,0.15,Traditional,MES,10.0,Resampling,100,20,5.8,-16.0,75.0,-13.1,-8.0,11.0,0.58,1.0,46.0,0.46,18.0,0.18,0.1419,2.72,1.28,,0.1,0.25
resampling_p0.1_phi0.25,0.15,AV,AV,10.0,Resampling,100,20,5.8,-16.0,75.0,-13.1,-8.0,11.0,0.58,1.0,46.0,0.46,18.0,0.18,0.1419,2.72,1.28,,0.1,0.25
resampling_p0.1_phi0.25,0.15,Tax,TaxPhragmen,2.0,Resampling,100,20,72.5,70.0,75.0,-12.1111,-4.0,9.0,1.45,2.0,15.0,0.15,1.0,0.01,0.111,2.72,0.1,,0.1,0.25
resampling_p0.1_phi0.25,0.15,Tax,TaxMES,2.0,Resampling,100,20,72.5,70.0,75.0,-12.1111,-4.0,9.0,1.45,2.0,15.0,0.15,1.0,0.01,0.111,2.72,0.1,,0.1,0.25
resampling_p0.1_phi0.25,0.15,Hamming_Traditional,PAV_vs_SeqPhragmen,,Resampling,100,20,,,,,,,,,,,,,,,,2.0,0.1,0.25
resampling_p0.1_phi0.25,0.15,Hamming_Traditional,PAV_vs_MES,,Resampling,100,20,,,,,,,,,,,,,,,,2.0,0.1,0.25
resampling_p0.1_phi0.25,0.15,Hamming_Traditional,SeqPhragmen_vs_MES,,Resampling,100,20,,,,,,,,,,,,,,,,0.0,0.1,0.25
resampling_p0.1_phi0.25,0.15,Hamming_Traditional,AV_vs_PAV,,Resampling,100,20,,,,,,,,,,,,,,,,2.0,0.1,0.25
resampling_p0.1_phi0.25,0.15,Hamming_Traditional,AV_vs_SeqPhragmen,,Resampling,100,20,,,,,,,,,,,,,,,,0.0,0.1,0.25
resampling_p0.1_phi0.25,0.15,Hamming_Traditional,AV_vs_MES,,Resampling,100,20,,,,,,,,,,,,,,,,0.0,0.1,0.25
resampling_p0.1_phi0.25,0.15,Cross_Hamming,PAV_vs_TaxMES,,Resampling,100,20,,,,,,,,,,,,,,,,8.0,0.1,0.25
resampling_p0.1_phi0.25,0.15,Cross_Hamming,PAV_vs_TaxPhragmen,,Resampling,100,20,,,,,,,,,,,,,,,,8.0,0.1,0.25
resampling_p0.1_phi0.25,0.15,Cross_Hamming,SeqPhragmen_vs_TaxPhragmen,,Resampling,100,20,,,,,,,,,,,,,,,,8.0,0.1,0.25
resampling_p0.1_phi0.25,0.15,Cross_Hamming,SeqPhragmen_vs_TaxMES,,Resampling,100,20,,,,,,,,,,,,,,,,8.0,0.1,0.25
resampling_p0.1_phi0.25,0.15,Cross_Hamming,MES_vs_TaxMES,,Resampling,100,20,,,,,,,,,,,,,,,,8.0,0.1,0.25
resampling_p0.1_phi0.25,0.15,Cross_Hamming,MES_vs_TaxPhragmen,,Resampling,100,20,,,,,,,,,,,,,,,,8.0,0.1,0.25
resampling_p0.1_phi0.25,0.15,Cross_Hamming,TaxPhragmen_vs_TaxMES,,Resampling,100,20,,,,,,,,,,,,,,,,0.0,0.1,0.25
resampling_p0.1_phi0.25,0.15,Cross_Hamming,AV_vs_TaxMES,,Resampling,100,20,,,,,,,,,,,,,,,,8.0,0.1,0.25
resampling_p0.1_phi0.25,0.15,Cross_Hamming,AV_vs_TaxPhragmen,,Resampling,100,20,,,,,,,,,,,,,,,,8.0,0.1,0.25
resampling_p0.1_phi0.5,0.15,Traditional,PAV,10.0,Resampling,100,20,4.0,-10.0,47.0,-12.5,-7.0,2.0,0.4,0.0,54.0,0.54,28.0,0.28,0.2551,2.75,1.21,,0.1,0.5
resampling_p0.1_phi0.5,0.15,Traditional,SeqPhragmen,10.0,Resampling,100,20,4.0,-10.0,47.0,-12.5,-7.0,2.0,0.4,0.0,54.0,0.54,28.0,0.28,0.2551,2.75,1.21,,0.1,0.5
resampling_p0.1_phi0.5,0.15,Traditional,MES,10.0,Resampling,100,20,4.0,-10.0,47.0,-12.5,-7.0,2.0,0.4,0.0,54.0,0.54,28.0,0.28,0.2551,2.75,1.21,,0.1,0.5
resampling_p0.1_phi0.5,0.15,AV,AV,10.0,Resampling,100,20,4.0,-10.0,47.0,-12.5,-7.0,2.0,0.4,0.0,54.0,0.54,28.0,0.28,0.2551,2.75,1.21,,0.1,0.5
resampling_p0.1_phi0.5,0.15,Tax,TaxPhragmen,2.0,Resampling,100,20,41.5,36.0,47.0,-9.3333,2.0,14.0,0.83,1.0,37.0,0.37,7.0,0.07,0.1801,2.75,0.15,,0.1,0.5
resampling_p0.1_phi0.5,0.15,Tax,TaxMES,2.0,Resampling,100,20,41.5,36.0,47.0,-9.3333,2.0,14.0,0.83,1.0,37.0,0.37,7.0,0.07,0.1801,2.75,0.15,,0.1,0.5
resampling_p0.1_phi0.5,0.15,Hamming_Traditional,PAV_vs_SeqPhragmen,,Resampling,100,20,,,,,,,,,,,,,,,,0.0,0.1,0.5
resampling_p0.1_phi0.5,0.15,Hamming_Traditional,PAV_vs_MES,,Resampling,100,20,,,,,,,,,,,,,,,,0.0,0.1,0.5
resampling_p0.1_phi0.5,0.15,Hamming_Traditional,SeqPhragmen_vs_MES,,Resampling,100,20,,,,,,,,,,,,,,,,0.0,0.1,0.5
resampling_p0.1_phi0.5,0.15,Hamming_Traditional,AV_vs_PAV,,Resampling,100,20,,,,,,,,,,,,,,,,0.0,0.1,0.5
resampling_p0.1_phi0.5,0.15,Hamming_Traditional,AV_vs_SeqPhragmen,,Resampling,100,20,,,,,,,,,,,,,,,,0.0,0.1,0.5
resampling_p0.1_phi0.5,0.15,Hamming_Traditional,AV_vs_MES,,Resampling,100,20,,,,,,,,,,,,,,,,0.0,0.1,0.5
resampling_p0.1_phi0.5,0.15,Cross_Hamming,PAV_vs_TaxMES,,Resampling,100,20,,,,,,,,,,,,,,,,8.0,0.1,0.5
resampling_p0.1_phi0.5,0.15,Cross_Hamming,PAV_vs_TaxPhragmen,,Resampling,100,20,,,,,,,,,,,,,,,,8.0,0.1,0.5
resampling_p0.1_phi0.5,0.15,Cross_Hamming,SeqPhragmen_vs_TaxPhragmen,,Resampling,100,20,,,,,,,,,,,,,,,,8.0,0.1,0.5
resampling_p0.1_phi0.5,0.15,Cross_Hamming,SeqPhragmen_vs_TaxMES,,Resampling,100,20,,,,,,,,,,,,,,,,8.0,0.1,0.5
resampling_p0.1_phi0.5,0.15,Cross_Hamming,MES_vs_TaxMES,,Resampling,100,20,,,,,,,,,,,,,,,,8.0,0.1,0.5
resampling_p0.1_phi0.5,0.15,Cross_Hamming,MES_vs_TaxPhragmen,,Resampling,100,20,,,,,,,,,,,,,,,,8.0,0.1,0.5
resampling_p0.1_phi0.5,0.15,Cross_Hamming,TaxPhragmen_vs_TaxMES,,Resampling,100,20,,,,,,,,,,,,,,,,0.0,0.1,0.5
resampling_p0.1_phi0.5,0.15,Cross_Hamming,AV_vs_TaxMES,,Resampling,100,20,,,,,,,,,,,,,,,,8.0,0.1,0.5
resampling_p0.1_phi0.5,0.15,Cross_Hamming,AV_vs_TaxPhragmen,,Resampling,100,20,,,,,,,,,,,,,,,,8.0,0.1,0.5
resampling_p0.1_phi0.75,0.15,Traditional,PAV,10.0,Resampling,100,20,2.2,-9.0,32.0,-9.2,-5.0,7.0,0.22,0.0,54.0,0.54,35.0,0.35,0.2269,2.72,1.23,,0.1,0.75
resampling_p0.1_phi0.75,0.15,Traditional,SeqPhragmen,10.0,Resampling,100,20,2.2,-9.0,32.0,-9.2,-5.0,7.0,0.22,0.0,54.0,0.54,35.0,0.35,0.2269,2.72,1.23,,0.1,0.75
resampling_p0.1_phi0.75,0.15,Traditional,MES,10.0,Resampling,100,20,2.2,-9.0,32.0,-9.2,-5.0,7.0,0.22,0.0,54.0,0.54,35.0,0.35,0.2269,2.72,1.23,,0.1,0.75
resampling_p0.1_phi0.75,0.15,AV,AV,10.0,Resampling,100,20,2.2,-9.0,32.0,-9.2,-5.0,7.0,0.22,0.0,54.0,0.54,35.0,0.35,0.2269,2.72,1.23,,0.1,0.75
resampling_p0.1_phi0.75,0.15,Tax,TaxPhragmen,2.0,Resampling,100,20,24.5,17.0,32.0,-6.6111,2.0,14.0,0.49,1.0,49.0,0.49,14.0,0.14,0.2049,2.72,0.22,,0.1,0.75
resampling_p0.1_phi0.75,0.15,Tax,TaxMES,2.0,Resampling,100,20,24.5,17.0,32.0,-6.6111,2.0,14.0,0.49,1.0,49.0,0.49,14.0,0.14,0.2049,2.72,0.22,,0.1,0.75
resampling_p0.1_phi0.75,0.15,Hamming_Traditional,PAV_vs_SeqPhragmen,,Resampling,100,20,,,,,,,,,,,,,,,,0.0,0.1,0.75
resampling_p0.1_phi0.75,0.15,Hamming_Traditional,PAV_vs_MES,,Resampling,100,20,,,,,,,,,,,,,,,,0.0,0.1,0.75
resampling_p0.1_phi0.75,0.15,Hamming_Traditional,SeqPhragmen_vs_MES,,Resampling,100,20,,,,,,,,,,,,,,,,0.0,0.1,0.75
resampling_p0.1_phi0.75,0.15,Hamming_Traditional,AV_vs_PAV,,Resampling,100,20,,,,,,,,,,,,,,,,0.0,0.1,0.75
resampling_p0.1_phi0.75,0.15,Hamming_Traditional,AV_vs_SeqPhragmen,,Resampling,100,20,,,,,,,,,,,,,,,,0.0,0.1,0.75
resampling_p0.1_phi0.75,0.15,Hamming_Traditional,AV_vs_MES,,Resampling,100,20,,,,,,,,,,,,,,,,0.0,0.1,0.75
resampling_p0.1_phi0.75,0.15,Cross_Hamming,PAV_vs_TaxMES,,Resampling,100,20,,,,,,,,,,,,,,,,8.0,0.1,0.75
resampling_p0.1_phi0.75,0.15,Cross_Hamming,PAV_vs_TaxPhragmen,,Resampling,100,20,,,,,,,,,,,,,,,,8.0,0.1,0.75
resampling_p0.1_phi0.75,0.15,Cross_Hamming,SeqPhragmen_vs_TaxPhragmen,,Resampling,100,20,,,,,,,,,,,,,,,,8.0,0.1,0.75
resampling_p0.1_phi0.75,0.15,Cross_Hamming,SeqPhragmen_vs_TaxMES,,Resampling,100,20,,,,,,,,,,,,,,,,8.0,0.1,0.75
resampling_p0.1_phi0.75,0.15,Cross_Hamming,MES_vs_TaxMES,,Resampling,100,20,,,,,,,,,,,,,,,,8.0,0.1,0.75
resampling_p0.1_phi0.75,0.15,Cross_Hamming,MES_vs_TaxPhragmen,,Resampling,100,20,,,,,,,,,,,,,,,,8.0,0.1,0.75
resampling_p0.1_phi0.75,0.15,Cross_Hamming,TaxPhragmen_vs_TaxMES,,Resampling,100,20,,,,,,,,,,,,,,,,0.0,0.1,0.75
resampling_p0.1_phi0.75,0.15,Cross_Hamming,AV_vs_TaxMES,,Resampling,100,20,,,,,,,,,,,,,,,,8.0,0.1,0.75
resampling_p0.1_phi0.75,0.15,Cross_Hamming,AV_vs_TaxPhragmen,,Resampling,100,20,,,,,,,,,,,,,,,,8.0,0.1,0.75
resampling_p0.1_phi1,0.15,Traditional,PAV,10.0,Resampling,100,20,-2.2,-13.0,3.0,-4.6,3.0,0.0,-0.22,0.0,72.0,0.72,41.0,0.41,0.2097,2.72,1.43,,0.1,1.0
resampling_p0.1_phi1,0.15,Traditional,SeqPhragmen,10.0,Resampling,100,20,-1.1,-7.0,3.0,-5.7,3.0,0.0,-0.11,0.0,68.0,0.68,41.0,0.41,0.2713,2.72,1.32,,0.1,1.0
resampling_p0.1_phi1,0.15,Traditional,MES,10.0,Resampling,100,20,-2.2,-13.0,3.0,-4.6,3.0,0.0,-0.22,0.0,72.0,0.72,41.0,0.41,0.2097,2.72,1.43,,0.1,1.0
resampling_p0.1_phi1,0.15,AV,AV,10.0,Resampling,100,20,-1.2,-13.0,3.0,-5.6,-1.0,1.0,-0.12,0.0,66.0,0.66,35.0,0.35,0.2269,2.72,1.36,,0.1,1.0
resampling_p0.1_phi1,0.15,Tax,TaxPhragmen,0.0,Resampling,100,20,,,,-3.4,3.0,0.0,0.0,0.0,100.0,1.0,0.0,0.0,0.0,2.72,0.0,,0.1,1.0
resampling_p0.1_phi1,0.15,Tax,TaxMES,0.0,Resampling,100,20,,,,-3.4,3.0,0.0,0.0,0.0,100.0,1.0,0.0,0.0,0.0,2.72,0.0,,0.1,1.0
resampling_p0.1_phi1,0.15,Hamming_Traditional,PAV_vs_SeqPhragmen,,Resampling,100,20,,,,,,,,,,,,,,,,2.0,0.1,1.0
resampling_p0.1_phi1,0.15,Hamming_Traditional,PAV_vs_MES,,Resampling,100,20,,,,,,,,,,,,,,,,0.0,0.1,1.0
resampling_p0.1_phi1,0.15,Hamming_Traditional,SeqPhragmen_vs_MES,,Resampling,100,20,,,,,,,,,,,,,,,,2.0,0.1,1.0
resampling_p0.1_phi1,0.15,Hamming_Traditional,AV_vs_PAV,,Resampling,100,20,,,,,,,,,,,,,,,,4.0,0.1,1.0
resampling_p0.1_phi1,0.15,Hamming_Traditional,AV_vs_SeqPhragmen,,Resampling,100,20,,,,,,,,,,,,,,,,4.0,0.1,1.0
resampling_p0.1_phi1,0.15,Hamming_Traditional,AV_vs_MES,,Resampling,100,20,,,,,,,,,,,,,,,,4.0,0.1,1.0
resampling_p0.1_phi1,0.15,Cross_Hamming,PAV_vs_TaxMES,,Resampling,100,20,,,,,,,,,,,,,,,,10.0,0.1,1.0
resampling_p0.1_phi1,0.15,Cross_Hamming,PAV_vs_TaxPhragmen,,Resampling,100,20,,,,,,,,,,,,,,,,10.0,0.1,1.0
resampling_p0.1_phi1,0.15,Cross_Hamming,SeqPhragmen_vs_TaxPhragmen,,Resampling,100,20,,,,,,,,,,,,,,,,10.0,0.1,1.0
resampling_p0.1_phi1,0.15,Cross_Hamming,SeqPhragmen_vs_TaxMES,,Resampling,100,20,,,,,,,,,,,,,,,,10.0,0.1,1.0
resampling_p0.1_phi1,0.15,Cross_Hamming,MES_vs_TaxMES,,Resampling,100,20,,,,,,,,,,,,,,,,10.0,0.1,1.0
resampling_p0.1_phi1,0.15,Cross_Hamming,MES_vs_TaxPhragmen,,Resampling,100,20,,,,,,,,,,,,,,,,10.0,0.1,1.0
resampling_p0.1_phi1,0.15,Cross_Hamming,TaxPhragmen_vs_TaxMES,,Resampling,100,20,,,,,,,,,,,,,,,,0.0,0.1,1.0
resampling_p0.1_phi1,0.15,Cross_Hamming,AV_vs_TaxMES,,Resampling,100,20,,,,,,,,,,,,,,,,10.0,0.1,1.0
resampling_p0.1_phi1,0.15,Cross_Hamming,AV_vs_TaxPhragmen,,Resampling,100,20,,,,,,,,,,,,,,,,10.0,0.1,1.0
resampling_p0.3_phi0.25,0.15,Traditional,PAV,10.0,Resampling,100,20,48.3,-8.0,86.0,-7.6,-2.0,6.0,4.83,5.0,1.0,0.01,0.0,0.0,0.1787,2.2,0.75,,0.3,0.25
resampling_p0.3_phi0.25,0.15,Traditional,SeqPhragmen,10.0,Resampling,100,20,48.3,-8.0,86.0,-7.6,-2.0,6.0,4.83,5.0,1.0,0.01,0.0,0.0,0.1787,2.2,0.75,,0.3,0.25
resampling_p0.3_phi0.25,0.15,Traditional,MES,10.0,Resampling,100,20,48.3,-8.0,86.0,-7.6,-2.0,6.0,4.83,5.0,1.0,0.01,0.0,0.0,0.1787,2.2,0.75,,0.3,0.25
resampling_p0.3_phi0.25,0.15,AV,AV,10.0,Resampling,100,20,48.3,-8.0,86.0,-7.6,-2.0,6.0,4.83,5.0,1.0,0.01,0.0,0.0,0.1787,2.2,0.75,,0.3,0.25
resampling_p0.3_phi0.25,0.15,Tax,TaxPhragmen,6.0,Resampling,100,20,82.8333,80.0,86.0,-6.4286,-1.0,7.0,4.97,5.0,0.0,0.0,0.0,0.0,0.1132,2.2,0.11,,0.3,0.25
resampling_p0.3_phi0.25,0.15,Tax,TaxMES,6.0,Resampling,100,20,82.8333,80.0,86.0,-6.4286,-1.0,7.0,4.97,5.0,0.0,0.0,0.0,0.0,0.1132,2.2,0.11,,0.3,0.25
resampling_p0.3_phi0.25,0.15,Hamming_Traditional,PAV_vs_SeqPhragmen,,Resampling,100,20,,,,,,,,,,,,,,,,0.0,0.3,0.25
resampling_p0.3_phi0.25,0.15,Hamming_Traditional,PAV_vs_MES,,Resampling,100,20,,,,,,,,,,,,,,,,0.0,0.3,0.25
resampling_p0.3_phi0.25,0.15,Hamming_Traditional,SeqPhragmen_vs_MES,,Resampling,100,20,,,,,,,,,,,,,,,,0.0,0.3,0.25
resampling_p0.3_phi0.25,0.15,Hamming_Traditional,AV_vs_PAV,,Resampling,100,20,,,,,,,,,,,,,,,,0.0,0.3,0.25
resampling_p0.3_phi0.25,0.15,Hamming_Traditional,AV_vs_SeqPhragmen,,Resampling,100,20,,,,,,,,,,,,,,,,0.0,0.3,0.25
resampling_p0.3_phi0.25,0.15,Hamming_Traditional,AV_vs_MES,,Resampling,100,20,,,,,,,,,,,,,,,,0.0,0.3,0.25
resampling_p0.3_phi0.25,0.15,Cross_Hamming,PAV_vs_TaxMES,,Resampling,100,20,,,,,,,,,,,,,,,,4.0,0.3,0.25
resampling_p0.3_phi0.25,0.15,Cross_Hamming,PAV_vs_TaxPhragmen,,Resampling,100,20,,,,,,,,,,,,,,,,4.0,0.3,0.25
resampling_p0.3_phi0.25,0.15,Cross_Hamming,SeqPhragmen_vs_TaxPhragmen,,Resampling,100,20,,,,,,,,,,,,,,,,4.0,0.3,0.25
resampling_p0.3_phi0.25,0.15,Cross_Hamming,SeqPhragmen_vs_TaxMES,,Resampling,100,20,,,,,,,,,,,,,,,,4.0,0.3,0.25
resampling_p0.3_phi0.25,0.15,Cross_Hamming,MES_vs_TaxMES,,Resampling,100,20,,,,,,,,,,,,,,,,4.0,0.3,0.25
resampling_p0.3_phi0.25,0.15,Cross_Hamming,MES_vs_TaxPhragmen,,Resampling,100,20,,,,,,,,,,,,,,,,4.0,0.3,0.25
resampling_p0.3_phi0.25,0.15,Cross_Hamming,TaxPhragmen_vs_TaxMES,,Resampling,100,20,,,,,,,,,,,,,,,,0.0,0.3,0.25
resampling_p0.3_phi0.25,0.15,Cross_Hamming,AV_vs_TaxMES,,Resampling,100,20,,,,,,,,,,,,,,,,4.0,0.3,0.25
resampling_p0.3_phi0.25,0.15,Cross_Hamming,AV_vs_TaxPhragmen,,Resampling,100,20,,,,,,,,,,,,,,,,4.0,0.3,0.25
resampling_p0.3_phi0.5,0.15,Traditional,PAV,10.0,Resampling,100,20,34.2,-4.0,63.0,0.9,9.0,12.0,3.42,4.0,8.0,0.08,2.0,0.02,0.2271,2.29,0.97,,0.3,0.5
resampling_p0.3_phi0.5,0.15,Traditional,SeqPhragmen,10.0,Resampling,100,20,33.5,-3.0,63.0,1.6,9.0,12.0,3.35,4.0,12.0,0.12,3.0,0.03,0.1876,2.29,1.04,,0.3,0.5
resampling_p0.3_phi0.5,0.15,Traditional,MES,10.0,Resampling,100,20,33.3,-5.0,63.0,1.8,9.0,12.0,3.33,4.0,10.0,0.1,3.0,0.03,0.2182,2.29,1.04,,0.3,0.5
resampling_p0.3_phi0.5,0.15,AV,AV,10.0,Resampling,100,20,34.6,0.0,63.0,0.5,9.0,12.0,3.46,4.0,8.0,0.08,3.0,0.03,0.209,2.29,0.94,,0.3,0.5
resampling_p0.3_phi0.5,0.15,Tax,TaxPhragmen,6.0,Resampling,100,20,54.5,44.0,63.0,1.7143,9.0,12.0,3.27,3.0,3.0,0.03,0.0,0.0,0.2592,2.29,0.42,,0.3,0.5
resampling_p0.3_phi0.5,0.15,Tax,TaxMES,6.0,Resampling,100,20,54.5,44.0,63.0,1.7143,9.0,12.0,3.27,3.0,3.0,0.03,0.0,0.0,0.2592,2.29,0.42,,0.3,0.5
resampling_p0.3_phi0.5,0.15,Hamming_Traditional,PAV_vs_SeqPhragmen,,Resampling,100,20,,,,,,,,,,,,,,,,4.0,0.3,0.5
resampling_p0.3_phi0.5,0.15,Hamming_Traditional,PAV_vs_MES,,Resampling,100,20,,,,,,,,,,,,,,,,4.0,0.3,0.5
resampling_p0.3_phi0.5,0.15,Hamming_Traditional,SeqPhragmen_vs_MES,,Resampling,100,20,,,,,,,,,,,,,,,,2.0,0.3,0.5
resampling_p0.3_phi0.5,0.15,Hamming_Traditional,AV_vs_PAV,,Resampling,100,20,,,,,,,,,,,,,,,,2.0,0.3,0.5
resampling_p0.3_phi0.5,0.15,Hamming_Traditional,AV_vs_SeqPhragmen,,Resampling,100,20,,,,,,,,,,,,,,,,2.0,0.3,0.5
resampling_p0.3_phi0.5,0.15,Hamming_Traditional,AV_vs_MES,,Resampling,100,20,,,,,,,,,,,,,,,,2.0,0.3,0.5
resampling_p0.3_phi0.5,0.15,Cross_Hamming,PAV_vs_TaxMES,,Resampling,100,20,,,,,,,,,,,,,,,,4.0,0.3,0.5
resampling_p0.3_phi0.5,0.15,Cross_Hamming,PAV_vs_TaxPhragmen,,Resampling,100,20,,,,,,,,,,,,,,,,4.0,0.3,0.5
resampling_p0.3_phi0.5,0.15,Cross_Hamming,SeqPhragmen_vs_TaxPhragmen,,Resampling,100,20,,,,,,,,,,,,,,,,4.0,0.3,0.5
resampling_p0.3_phi0.5,0.15,Cross_Hamming,SeqPhragmen_vs_TaxMES,,Resampling,100,20,,,,,,,,,,,,,,,,4.0,0.3,0.5
resampling_p0.3_phi0.5,0.15,Cross_Hamming,MES_vs_TaxMES,,Resampling,100,20,,,,,,,,,,,,,,,,4.0,0.3,0.5
resampling_p0.3_phi0.5,0.15,Cross_Hamming,MES_vs_TaxPhragmen,,Resampling,100,20,,,,,,,,,,,,,,,,4.0,0.3,0.5
resampling_p0.3_phi0.5,0.15,Cross_Hamming,TaxPhragmen_vs_TaxMES,,Resampling,100,20,,,,,,,,,,,,,,,,0.0,0.3,0.5
resampling_p0.3_phi0.5,0.15,Cross_Hamming,AV_vs_TaxMES,,Resampling,100,20,,,,,,,,,,,,,,,,4.0,0.3,0.5
resampling_p0.3_phi0.5,0.15,Cross_Hamming,AV_vs_TaxPhragmen,,Resampling,100,20,,,,,,,,,,,,,,,,4.0,0.3,0.5
resampling_p0.3_phi0.75,0.15,Traditional,PAV,10.0,Resampling,100,20,31.2,16.0,46.0,7.4,19.0,16.0,3.12,3.0,12.0,0.12,4.0,0.04,0.1917,2.24,0.9,,0.3,0.75
resampling_p0.3_phi0.75,0.15,Traditional,SeqPhragmen,10.0,Resampling,100,20,31.2,16.0,46.0,7.4,19.0,16.0,3.12,3.0,12.0,0.12,4.0,0.04,0.1917,2.24,0.9,,0.3,0.75
resampling_p0.3_phi0.75,0.15,Traditional,MES,10.0,Resampling,100,20,31.2,16.0,46.0,7.4,19.0,16.0,3.12,3.0,12.0,0.12,4.0,0.04,0.1917,2.24,0.9,,0.3,0.75
resampling_p0.3_phi0.75,0.15,AV,AV,10.0,Resampling,100,20,31.5,16.0,46.0,7.1,16.0,7.0,3.15,3.0,11.0,0.11,2.0,0.02,0.2345,2.24,0.88,,0.3,0.75
resampling_p0.3_phi0.75,0.15,Tax,TaxPhragmen,6.0,Resampling,100,20,40.3333,36.0,46.0,10.2857,20.0,18.0,2.42,2.0,11.0,0.11,5.0,0.05,0.2038,2.24,0.52,,0.3,0.75
resampling_p0.3_phi0.75,0.15,Tax,TaxMES,6.0,Resampling,100,20,40.3333,36.0,46.0,10.2857,20.0,18.0,2.42,2.0,11.0,0.11,5.0,0.05,0.2038,2.24,0.52,,0.3,0.75
resampling_p0.3_phi0.75,0.15,Hamming_Traditional,PAV_vs_SeqPhragmen,,Resampling,100,20,,,,,,,,,,,,,,,,0.0,0.3,0.75
resampling_p0.3_phi0.75,0.15,Hamming_Traditional,PAV_vs_MES,,Resampling,100,20,,,,,,,,,,,,,,,,0.0,0.3,0.75
resampling_p0.3_phi0.75,0.15,Hamming_Traditional,SeqPhragmen_vs_MES,,Resampling,100,20,,,,,,,,,,,,,,,,0.0,0.3,0.75
resampling_p0.3_phi0.75,0.15,Hamming_Traditional,AV_vs_PAV,,Resampling,100,20,,,,,,,,,,,,,,,,2.0,0.3,0.75
resampling_p0.3_phi0.75,0.15,Hamming_Traditional,AV_vs_SeqPhragmen,,Resampling,100,20,,,,,,,,,,,,,,,,2.0,0.3,0.75
resampling_p0.3_phi0.75,0.15,Hamming_Traditional,AV_vs_MES,,Resampling,100,20,,,,,,,,,,,,,,,,2.0,0.3,0.75
resampling_p0.3_phi0.75,0.15,Cross_Hamming,PAV_vs_TaxMES,,Resampling,100,20,,,,,,,,,,,,,,,,4.0,0.3,0.75
resampling_p0.3_phi0.75,0.15,Cross_Hamming,PAV_vs_TaxPhragmen,,Resampling,100,20,,,,,,,,,,,,,,,,4.0,0.3,0.75
resampling_p0.3_phi0.75,0.15,Cross_Hamming,SeqPhragmen_vs_TaxPhragmen,,Resampling,100,20,,,,,,,,,,,,,,,,4.0,0.3,0.75
resampling_p0.3_phi0.75,0.15,Cross_Hamming,SeqPhragmen_vs_TaxMES,,Resampling,100,20,,,,,,,,,,,,,,,,4.0,0.3,0.75
resampling_p0.3_phi0.75,0.15,Cross_Hamming,MES_vs_TaxMES,,Resampling,100,20,,,,,,,,,,,,,,,,4.0,0.3,0.75
resampling_p0.3_phi0.75,0.15,Cross_Hamming,MES_vs_TaxPhragmen,,Resampling,100,20,,,,,,,,,,,,,,,,4.0,0.3,0.75
resampling_p0.3_phi0.75,0.15,Cross_Hamming,TaxPhragmen_vs_TaxMES,,Resampling,100,20,,,,,,,,,,,,,,,,0.0,0.3,0.75
resampling_p0.3_phi0.75,0.15,Cross_Hamming,AV_vs_TaxMES,,Resampling,100,20,,,,,,,,,,,,,,,,4.0,0.3,0.75
resampling_p0.3_phi0.75,0.15,Cross_Hamming,AV_vs_TaxPhragmen,,Resampling,100,20,,,,,,,,,,,,,,,,4.0,0.3,0.75
resampling_p0.3_phi1,0.15,Traditional,PAV,10.0,Resampling,100,20,24.5,20.0,29.0,13.7,22.0,7.0,2.45,2.0,11.0,0.11,5.0,0.05,0.2234,2.25,0.91,,0.3,1.0
resampling_p0.3_phi1,0.15,Traditional,SeqPhragmen,10.0,Resampling,100,20,23.8,16.0,29.0,14.4,23.0,18.0,2.38,2.5,13.0,0.13,6.0,0.06,0.2652,2.25,0.93,,0.3,1.0
resampling_p0.3_phi1,0.15,Traditional,MES,10.0,Resampling,100,20,24.1,16.0,29.0,14.1,22.0,7.0,2.41,2.0,11.0,0.11,4.0,0.04,0.2178,2.25,0.94,,0.3,1.0
resampling_p0.3_phi1,0.15,AV,AV,10.0,Resampling,100,20,24.4,19.0,29.0,13.8,22.0,7.0,2.44,2.0,12.0,0.12,5.0,0.05,0.2317,2.25,0.95,,0.3,1.0
resampling_p0.3_phi1,0.15,Tax,TaxPhragmen,5.0,Resampling,100,20,26.8,23.0,29.0,16.5333,24.0,0.0,1.34,1.0,23.0,0.23,5.0,0.05,0.1962,2.25,0.38,,0.3,1.0
resampling_p0.3_phi1,0.15,Tax,TaxMES,5.0,Resampling,100,20,26.8,23.0,29.0,16.5333,24.0,0.0,1.34,1.0,23.0,0.23,5.0,0.05,0.1962,2.25,0.38,,0.3,1.0
resampling_p0.3_phi1,0.15,Hamming_Traditional,PAV_vs_SeqPhragmen,,Resampling,100,20,,,,,,,,,,,,,,,,2.0,0.3,1.0
resampling_p0.3_phi1,0.15,Hamming_Traditional,PAV_vs_MES,,Resampling,100,20,,,,,,,,,,,,,,,,2.0,0.3,1.0
resampling_p0.3_phi1,0.15,Hamming_Traditional,SeqPhragmen_vs_MES,,Resampling,100,20,,,,,,,,,,,,,,,,2.0,0.3,1.0
resampling_p0.3_phi1,0.15,Hamming_Traditional,AV_vs_PAV,,Resampling,100,20,,,,,,,,,,,,,,,,2.0,0.3,1.0
resampling_p0.3_phi1,0.15,Hamming_Traditional,AV_vs_SeqPhragmen,,Resampling,100,20,,,,,,,,,,,,,,,,4.0,0.3,1.0
resampling_p0.3_phi1,0.15,Hamming_Traditional,AV_vs_MES,,Resampling,100,20,,,,,,,,,,,,,,,,2.0,0.3,1.0
resampling_p0.3_phi1,0.15,Cross_Hamming,PAV_vs_TaxMES,,Resampling,100,20,,,,,,,,,,,,,,,,5.0,0.3,1.0
resampling_p0.3_phi1,0.15,Cross_Hamming,PAV_vs_TaxPhragmen,,Resampling,100,20,,,,,,,,,,,,,,,,5.0,0.3,1.0
resampling_p0.3_phi1,0.15,Cross_Hamming,SeqPhragmen_vs_TaxPhragmen,,Resampling,100,20,,,,,,,,,,,,,,,,5.0,0.3,1.0
resampling_p0.3_phi1,0.15,Cross_Hamming,SeqPhragmen_vs_TaxMES,,Resampling,100,20,,,,,,,,,,,,,,,,5.0,0.3,1.0
resampling_p0.3_phi1,0.15,Cross_Hamming,MES_vs_TaxMES,,Resampling,100,20,,,,,,,,,,,,,,,,5.0,0.3,1.0
resampling_p0.3_phi1,0.15,Cross_Hamming,MES_vs_TaxPhragmen,,Resampling,100,20,,,,,,,,,,,,,,,,5.0,0.3,1.0
resampling_p0.3_phi1,0.15,Cross_Hamming,TaxPhragmen_vs_TaxMES,,Resampling,100,20,,,,,,,,,,,,,,,,0.0,0.3,1.0
resampling_p0.3_phi1,0.15,Cross_Hamming,AV_vs_TaxMES,,Resampling,100,20,,,,,,,,,,,,,,,,5.0,0.3,1.0
resampling_p0.3_phi1,0.15,Cross_Hamming,AV_vs_TaxPhragmen,,Resampling,100,20,,,,,,,,,,,,,,,,5.0,0.3,1.0
resampling_p0.5_phi0.25,0.15,Traditional,PAV,10.0,Resampling,100,20,86.6,82.0,92.0,-0.6,10.0,10.0,8.66,9.0,0.0,0.0,0.0,0.0,0.0812,1.63,0.21,,0.5,0.25
resampling_p0.5_phi0.25,0.15,Traditional,SeqPhragmen,10.0,Resampling,100,20,86.6,82.0,92.0,-0.6,10.0,10.0,8.66,9.0,0.0,0.0,0.0,0.0,0.0812,1.63,0.21,,0.5,0.25
resampling_p0.5_phi0.25,0.15,Traditional,MES,10.0,Resampling,100,20,86.6,82.0,92.0,-0.6,10.0,10.0,8.66,9.0,0.0,0.0,0.0,0.0,0.0812,1.63,0.21,,0.5,0.25
resampling_p0.5_phi0.25,0.15,AV,AV,10.0,Resampling,100,20,86.6,82.0,92.0,-0.6,10.0,10.0,8.66,9.0,0.0,0.0,0.0,0.0,0.0812,1.63,0.21,,0.5,0.25
resampling_p0.5_phi0.25,0.15,Tax,TaxPhragmen,9.0,Resampling,100,20,87.1111,85.0,92.0,6.9091,82.0,5.0,7.84,8.0,0.0,0.0,0.0,0.0,0.0781,1.63,0.14,,0.5,0.25
resampling_p0.5_phi0.25,0.15,Tax,TaxMES,9.0,Resampling,100,20,87.1111,85.0,92.0,6.9091,82.0,5.0,7.84,8.0,0.0,0.0,0.0,0.0,0.0781,1.63,0.14,,0.5,0.25
resampling_p0.5_phi0.25,0.15,Hamming_Traditional,PAV_vs_SeqPhragmen,,Resampling,100,20,,,,,,,,,,,,,,,,0.0,0.5,0.25
resampling_p0.5_phi0.25,0.15,Hamming_Traditional,PAV_vs_MES,,Resampling,100,20,,,,,,,,,,,,,,,,0.0,0.5,0.25
resampling_p0.5_phi0.25,0.15,Hamming_Traditional,SeqPhragmen_vs_MES,,Resampling,100,20,,,,,,,,,,,,,,,,0.0,0.5,0.25
resampling_p0.5_phi0.25,0.15,Hamming_Traditional,AV_vs_PAV,,Resampling,100,20,,,,,,,,,,,,,,,,0.0,0.5,0.25
resampling_p0.5_phi0.25,0.15,Hamming_Traditional,AV_vs_SeqPhragmen,,Resampling,100,20,,,,,,,,,,,,,,,,0.0,0.5,0.25
resampling_p0.5_phi0.25,0.15,Hamming_Traditional,AV_vs_MES,,Resampling,100,20,,,,,,,,,,,,,,,,0.0,0.5,0.25
resampling_p0.5_phi0.25,0.15,Cross_Hamming,PAV_vs_TaxMES,,Resampling,100,20,,,,,,,,,,,,,,,,1.0,0.5,0.25
resampling_p0.5_phi0.25,0.15,Cross_Hamming,PAV_vs_TaxPhragmen,,Resampling,100,20,,,,,,,,,,,,,,,,1.0,0.5,0.25
resampling_p0.5_phi0.25,0.15,Cross_Hamming,SeqPhragmen_vs_TaxPhragmen,,Resampling,100,20,,,,,,,,,,,,,,,,1.0,0.5,0.25
resampling_p0.5_phi0.25,0.15,Cross_Hamming,SeqPhragmen_vs_TaxMES,,Resampling,100,20,,,,,,,,,,,,,,,,1.0,0.5,0.25
resampling_p0.5_phi0.25,0.15,Cross_Hamming,MES_vs_TaxMES,,Resampling,100,20,,,,,,,,,,,,,,,,1.0,0.5,0.25
resampling_p0.5_phi0.25,0.15,Cross_Hamming,MES_vs_TaxPhragmen,,Resampling,100,20,,,,,,,,,,,,,,,,1.0,0.5,0.25
resampling_p0.5_phi0.25,0.15,Cross_Hamming,TaxPhragmen_vs_TaxMES,,Resampling,100,20,,,,,,,,,,,,,,,,0.0,0.5,0.25
resampling_p0.5_phi0.25,0.15,Cross_Hamming,AV_vs_TaxMES,,Resampling,100,20,,,,,,,,,,,,,,,,1.0,0.5,0.25
resampling_p0.5_phi0.25,0.15,Cross_Hamming,AV_vs_TaxPhragmen,,Resampling,100,20,,,,,,,,,,,,,,,,1.0,0.5,0.25
resampling_p0.5_phi0.5,0.15,Traditional,PAV,10.0,Resampling,100,20,68.2,64.0,76.0,11.6,18.0,18.0,6.82,7.0,0.0,0.0,0.0,0.0,0.1316,1.68,0.4,,0.5,0.5
resampling_p0.5_phi0.5,0.15,Traditional,SeqPhragmen,10.0,Resampling,100,20,68.2,64.0,76.0,11.6,18.0,18.0,6.82,7.0,0.0,0.0,0.0,0.0,0.1316,1.68,0.4,,0.5,0.5
resampling_p0.5_phi0.5,0.15,Traditional,MES,10.0,Resampling,100,20,68.2,64.0,76.0,11.6,18.0,18.0,6.82,7.0,0.0,0.0,0.0,0.0,0.1316,1.68,0.4,,0.5,0.5
resampling_p0.5_phi0.5,0.15,AV,AV,10.0,Resampling,100,20,68.2,64.0,76.0,11.6,18.0,18.0,6.82,7.0,0.0,0.0,0.0,0.0,0.1316,1.68,0.4,,0.5,0.5
resampling_p0.5_phi0.5,0.15,Tax,TaxPhragmen,9.0,Resampling,100,20,68.6667,64.0,76.0,16.3636,64.0,8.0,6.18,6.0,0.0,0.0,0.0,0.0,0.1394,1.68,0.32,,0.5,0.5
resampling_p0.5_phi0.5,0.15,Tax,TaxMES,9.0,Resampling,100,20,68.5556,64.0,76.0,16.4545,65.0,1.0,6.17,6.0,0.0,0.0,0.0,0.0,0.1378,1.68,0.34,,0.5,0.5
resampling_p0.5_phi0.5,0.15,Hamming_Traditional,PAV_vs_SeqPhragmen,,Resampling,100,20,,,,,,,,,,,,,,,,0.0,0.5,0.5
resampling_p0.5_phi0.5,0.15,Hamming_Traditional,PAV_vs_MES,,Resampling,100,20,,,,,,,,,,,,,,,,0.0,0.5,0.5
resampling_p0.5_phi0.5,0.15,Hamming_Traditional,SeqPhragmen_vs_MES,,Resampling,100,20,,,,,,,,,,,,,,,,0.0,0.5,0.5
resampling_p0.5_phi0.5,0.15,Hamming_Traditional,AV_vs_PAV,,Resampling,100,20,,,,,,,,,,,,,,,,0.0,0.5,0.5
resampling_p0.5_phi0.5,0.15,Hamming_Traditional,AV_vs_SeqPhragmen,,Resampling,100,20,,,,,,,,,,,,,,,,0.0,0.5,0.5
resampling_p0.5_phi0.5,0.15,Hamming_Traditional,AV_vs_MES,,Resampling,100,20,,,,,,,,,,,,,,,,0.0,0.5,0.5
resampling_p0.5_phi0.5,0.15,Cross_Hamming,PAV_vs_TaxMES,,Resampling,100,20,,,,,,,,,,,,,,,,1.0,0.5,0.5
resampling_p0.5_phi0.5,0.15,Cross_Hamming,PAV_vs_TaxPhragmen,,Resampling,100,20,,,,,,,,,,,,,,,,1.0,0.5,0.5
resampling_p0.5_phi0.5,0.15,Cross_Hamming,SeqPhragmen_vs_TaxPhragmen,,Resampling,100,20,,,,,,,,,,,,,,,,1.0,0.5,0.5
resampling_p0.5_phi0.5,0.15,Cross_Hamming,SeqPhragmen_vs_TaxMES,,Resampling,100,20,,,,,,,,,,,,,,,,1.0,0.5,0.5
resampling_p0.5_phi0.5,0.15,Cross_Hamming,MES_vs_TaxMES,,Resampling,100,20,,,,,,,,,,,,,,,,1.0,0.5,0.5
resampling_p0.5_phi0.5,0.15,Cross_Hamming,MES_vs_TaxPhragmen,,Resampling,100,20,,,,,,,,,,,,,,,,1.0,0.5,0.5
resampling_p0.5_phi0.5,0.15,Cross_Hamming,TaxPhragmen_vs_TaxMES,,Resampling,100,20,,,,,,,,,,,,,,,,2.0,0.5,0.5
resampling_p0.5_phi0.5,0.15,Cross_Hamming,AV_vs_TaxMES,,Resampling,100,20,,,,,,,,,,,,,,,,1.0,0.5,0.5
resampling_p0.5_phi0.5,0.15,Cross_Hamming,AV_vs_TaxPhragmen,,Resampling,100,20,,,,,,,,,,,,,,,,1.0,0.5,0.5
resampling_p0.5_phi0.75,0.15,Traditional,PAV,10.0,Resampling,100,20,57.1,50.0,65.0,28.5,38.0,18.0,5.71,6.0,0.0,0.0,0.0,0.0,0.1677,1.63,0.55,,0.5,0.75
resampling_p0.5_phi0.75,0.15,Traditional,SeqPhragmen,10.0,Resampling,100,20,57.1,50.0,65.0,28.5,38.0,18.0,5.71,6.0,0.0,0.0,0.0,0.0,0.1677,1.63,0.55,,0.5,0.75
resampling_p0.5_phi0.75,0.15,Traditional,MES,10.0,Resampling,100,20,57.1,50.0,65.0,28.5,38.0,18.0,5.71,6.0,0.0,0.0,0.0,0.0,0.1677,1.63,0.55,,0.5,0.75
resampling_p0.5_phi0.75,0.15,AV,AV,10.0,Resampling,100,20,57.1,50.0,65.0,28.5,38.0,18.0,5.71,6.0,0.0,0.0,0.0,0.0,0.1677,1.63,0.55,,0.5,0.75
resampling_p0.5_phi0.75,0.15,Tax,TaxPhragmen,8.0,Resampling,100,20,58.5,55.0,65.0,32.3333,53.0,9.0,4.68,5.0,0.0,0.0,0.0,0.0,0.1881,1.63,0.43,,0.5,0.75
resampling_p0.5_phi0.75,0.15,Tax,TaxMES,8.0,Resampling,100,20,58.5,55.0,65.0,32.3333,53.0,9.0,4.68,5.0,0.0,0.0,0.0,0.0,0.1881,1.63,0.43,,0.5,0.75
resampling_p0.5_phi0.75,0.15,Hamming_Traditional,PAV_vs_SeqPhragmen,,Resampling,100,20,,,,,,,,,,,,,,,,0.0,0.5,0.75
resampling_p0.5_phi0.75,0.15,Hamming_Traditional,PAV_vs_MES,,Resampling,100,20,,,,,,,,,,,,,,,,0.0,0.5,0.75
resampling_p0.5_phi0.75,0.15,Hamming_Traditional,SeqPhragmen_vs_MES,,Resampling,100,20,,,,,,,,,,,,,,,,0.0,0.5,0.75
resampling_p0.5_phi0.75,0.15,Hamming_Traditional,AV_vs_PAV,,Resampling,100,20,,,,,,,,,,,,,,,,0.0,0.5,0.75
resampling_p0.5_phi0.75,0.15,Hamming_Traditional,AV_vs_SeqPhragmen,,Resampling,100,20,,,,,,,,,,,,,,,,0.0,0.5,0.75
resampling_p0.5_phi0.75,0.15,Hamming_Traditional,AV_vs_MES,,Resampling,100,20,,,,,,,,,,,,,,,,0.0,0.5,0.75
resampling_p0.5_phi0.75,0.15,Cross_Hamming,PAV_vs_TaxMES,,Resampling,100,20,,,,,,,,,,,,,,,,2.0,0.5,0.75
resampling_p0.5_phi0.75,0.15,Cross_Hamming,PAV_vs_TaxPhragmen,,Resampling,100,20,,,,,,,,,,,,,,,,2.0,0.5,0.75
resampling_p0.5_phi0.75,0.15,Cross_Hamming,SeqPhragmen_vs_TaxPhragmen,,Resampling,100,20,,,,,,,,,,,,,,,,2.0,0.5,0.75
resampling_p0.5_phi0.75,0.15,Cross_Hamming,SeqPhragmen_vs_TaxMES,,Resampling,100,20,,,,,,,,,,,,,,,,2.0,0.5,0.75
resampling_p0.5_phi0.75,0.15,Cross_Hamming,MES_vs_TaxMES,,Resampling,100,20,,,,,,,,,,,,,,,,2.0,0.5,0.75
resampling_p0.5_phi0.75,0.15,Cross_Hamming,MES_vs_TaxPhragmen,,Resampling,100,20,,,,,,,,,,,,,,,,2.0,0.5,0.75
resampling_p0.5_phi0.75,0.15,Cross_Hamming,TaxPhragmen_vs_TaxMES,,Resampling,100,20,,,,,,,,,,,,,,,,0.0,0.5,0.75
resampling_p0.5_phi0.75,0.15,Cross_Hamming,AV_vs_TaxMES,,Resampling,100,20,,,,,,,,,,,,,,,,2.0,0.5,0.75
resampling_p0.5_phi0.75,0.15,Cross_Hamming,AV_vs_TaxPhragmen,,Resampling,100,20,,,,,,,,,,,,,,,,2.0,0.5,0.75
resampling_p0.5_phi1,0.15,Traditional,PAV,10.0,Resampling,100,20,46.7,41.0,55.0,38.5,46.0,3.0,4.67,5.0,3.0,0.03,0.0,0.0,0.2199,1.63,0.75,,0.5,1.0
resampling_p0.5_phi1,0.15,Traditional,SeqPhragmen,10.0,Resampling,100,20,47.0,41.0,55.0,38.2,45.0,13.0,4.7,5.0,3.0,0.03,0.0,0.0,0.2442,1.63,0.75,,0.5,1.0
resampling_p0.5_phi1,0.15,Traditional,MES,10.0,Resampling,100,20,46.8,41.0,55.0,38.4,45.0,4.0,4.68,5.0,1.0,0.01,0.0,0.0,0.2242,1.63,0.75,,0.5,1.0
resampling_p0.5_phi1,0.15,AV,AV,10.0,Resampling,100,20,47.2,41.0,55.0,38.0,45.0,13.0,4.72,5.0,4.0,0.04,0.0,0.0,0.2562,1.63,0.73,,0.5,1.0
resampling_p0.5_phi1,0.15,Tax,TaxPhragmen,7.0,Resampling,100,20,48.5714,45.0,55.0,39.3846,46.0,3.0,3.4,3.0,2.0,0.02,0.0,0.0,0.2468,1.63,0.42,,0.5,1.0
resampling_p0.5_phi1,0.15,Tax,TaxMES,7.0,Resampling,100,20,48.5714,45.0,55.0,39.3846,46.0,3.0,3.4,3.0,5.0,0.05,0.0,0.0,0.2399,1.63,0.43,,0.5,1.0
resampling_p0.5_phi1,0.15,Hamming_Traditional,PAV_vs_SeqPhragmen,,Resampling,100,20,,,,,,,,,,,,,,,,4.0,0.5,1.0
resampling_p0.5_phi1,0.15,Hamming_Traditional,PAV_vs_MES,,Resampling,100,20,,,,,,,,,,,,,,,,2.0,0.5,1.0
resampling_p0.5_phi1,0.15,Hamming_Traditional,SeqPhragmen_vs_MES,,Resampling,100,20,,,,,,,,,,,,,,,,4.0,0.5,1.0
resampling_p0.5_phi1,0.15,Hamming_Traditional,AV_vs_PAV,,Resampling,100,20,,,,,,,,,,,,,,,,4.0,0.5,1.0
resampling_p0.5_phi1,0.15,Hamming_Traditional,AV_vs_SeqPhragmen,,Resampling,100,20,,,,,,,,,,,,,,,,2.0,0.5,1.0
resampling_p0.5_phi1,0.15,Hamming_Traditional,AV_vs_MES,,Resampling,100,20,,,,,,,,,,,,,,,,4.0,0.5,1.0
resampling_p0.5_phi1,0.15,Cross_Hamming,PAV_vs_TaxMES,,Resampling,100,20,,,,,,,,,,,,,,,,3.0,0.5,1.0
resampling_p0.5_phi1,0.15,Cross_Hamming,PAV_vs_TaxPhragmen,,Resampling,100,20,,,,,,,,,,,,,,,,3.0,0.5,1.0
resampling_p0.5_phi1,0.15,Cross_Hamming,SeqPhragmen_vs_TaxPhragmen,,Resampling,100,20,,,,,,,,,,,,,,,,5.0,0.5,1.0
resampling_p0.5_phi1,0.15,Cross_Hamming,SeqPhragmen_vs_TaxMES,,Resampling,100,20,,,,,,,,,,,,,,,,5.0,0.5,1.0
resampling_p0.5_phi1,0.15,Cross_Hamming,MES_vs_TaxMES,,Resampling,100,20,,,,,,,,,,,,,,,,3.0,0.5,1.0
resampling_p0.5_phi1,0.15,Cross_Hamming,MES_vs_TaxPhragmen,,Resampling,100,20,,,,,,,,,,,,,,,,5.0,0.5,1.0
resampling_p0.5_phi1,0.15,Cross_Hamming,TaxPhragmen_vs_TaxMES,,Resampling,100,20,,,,,,,,,,,,,,,,2.0,0.5,1.0
resampling_p0.5_phi1,0.15,Cross_Hamming,AV_vs_TaxMES,,Resampling,100,20,,,,,,,,,,,,,,,,5.0,0.5,1.0
resampling_p0.5_phi1,0.15,Cross_Hamming,AV_vs_TaxPhragmen,,Resampling,100,20,,,,,,,,,,,,,,,,5.0,0.5,1.0
resampling_p0.7_phi0.25,0.15,Traditional,PAV,10.0,Resampling,100,20,92.1,90.0,98.0,38.7,90.0,6.0,9.21,9.0,0.0,0.0,0.0,0.0,0.0517,1.0,0.13,,0.7,0.25
resampling_p0.7_phi0.25,0.15,Traditional,SeqPhragmen,10.0,Resampling,100,20,92.0,90.0,98.0,38.8,91.0,3.0,9.2,9.0,0.0,0.0,0.0,0.0,0.0517,1.0,0.13,,0.7,0.25
resampling_p0.7_phi0.25,0.15,Traditional,MES,10.0,Resampling,100,20,92.1,90.0,98.0,38.7,90.0,2.0,9.21,9.0,0.0,0.0,0.0,0.0,0.0503,1.0,0.13,,0.7,0.25
resampling_p0.7_phi0.25,0.15,AV,AV,10.0,Resampling,100,20,92.1,90.0,98.0,38.7,90.0,2.0,9.21,9.5,0.0,0.0,0.0,0.0,0.0531,1.0,0.13,,0.7,0.25
resampling_p0.7_phi0.25,0.15,Tax,TaxPhragmen,9.0,Resampling,100,20,92.3333,90.0,98.0,43.3636,90.0,5.0,8.31,9.0,0.0,0.0,0.0,0.0,0.0523,1.0,0.08,,0.7,0.25
resampling_p0.7_phi0.25,0.15,Tax,TaxMES,9.0,Resampling,100,20,92.3333,90.0,98.0,43.3636,90.0,2.0,8.31,9.0,0.0,0.0,0.0,0.0,0.0535,1.0,0.1,,0.7,0.25
resampling_p0.7_phi0.25,0.15,Hamming_Traditional,PAV_vs_SeqPhragmen,,Resampling,100,20,,,,,,,,,,,,,,,,2.0,0.7,0.25
resampling_p0.7_phi0.25,0.15,Hamming_Traditional,PAV_vs_MES,,Resampling,100,20,,,,,,,,,,,,,,,,2.0,0.7,0.25
resampling_p0.7_phi0.25,0.15,Hamming_Traditional,SeqPhragmen_vs_MES,,Resampling,100,20,,,,,,,,,,,,,,,,2.0,0.7,0.25
resampling_p0.7_phi0.25,0.15,Hamming_Traditional,AV_vs_PAV,,Resampling,100,20,,,,,,,,,,,,,,,,2.0,0.7,0.25
resampling_p0.7_phi0.25,0.15,Hamming_Traditional,AV_vs_SeqPhragmen,,Resampling,100,20,,,,,,,,,,,,,,,,4.0,0.7,0.25
resampling_p0.7_phi0.25,0.15,Hamming_Traditional,AV_vs_MES,,Resampling,100,20,,,,,,,,,,,,,,,,2.0,0.7,0.25
resampling_p0.7_phi0.25,0.15,Cross_Hamming,PAV_vs_TaxMES,,Resampling,100,20,,,,,,,,,,,,,,,,3.0,0.7,0.25
resampling_p0.7_phi0.25,0.15,Cross_Hamming,PAV_vs_TaxPhragmen,,Resampling,100,20,,,,,,,,,,,,,,,,3.0,0.7,0.25
resampling_p0.7_phi0.25,0.15,Cross_Hamming,SeqPhragmen_vs_TaxPhragmen,,Resampling,100,20,,,,,,,,,,,,,,,,5.0,0.7,0.25
resampling_p0.7_phi0.25,0.15,Cross_Hamming,SeqPhragmen_vs_TaxMES,,Resampling,100,20,,,,,,,,,,,,,,,,5.0,0.7,0.25
resampling_p0.7_phi0.25,0.15,Cross_Hamming,MES_vs_TaxMES,,Resampling,100,20,,,,,,,,,,,,,,,,3.0,0.7,0.25
resampling_p0.7_phi0.25,0.15,Cross_Hamming,MES_vs_TaxPhragmen,,Resampling,100,20,,,,,,,,,,,,,,,,5.0,0.7,0.25
resampling_p0.7_phi0.25,0.15,Cross_Hamming,TaxPhragmen_vs_TaxMES,,Resampling,100,20,,,,,,,,,,,,,,,,2.0,0.7,0.25
resampling_p0.7_phi0.25,0.15,Cross_Hamming,AV_vs_TaxMES,,Resampling,100,20,,,,,,,,,,,,,,,,3.0,0.7,0.25
resampling_p0.7_phi0.25,0.15,Cross_Hamming,AV_vs_TaxPhragmen,,Resampling,100,20,,,,,,,,,,,,,,,,5.0,0.7,0.25
resampling_p0.7_phi0.5,0.15,Traditional,PAV,10.0,Resampling,100,20,82.7,80.0,85.0,47.5,82.0,8.0,8.27,9.0,0.0,0.0,0.0,0.0,0.0924,1.01,0.3,,0.7,0.5
resampling_p0.7_phi0.5,0.15,Traditional,SeqPhragmen,10.0,Resampling,100,20,82.6,80.0,85.0,47.6,83.0,3.0,8.26,9.0,0.0,0.0,0.0,0.0,0.0885,1.01,0.29,,0.7,0.5
resampling_p0.7_phi0.5,0.15,Traditional,MES,10.0,Resampling,100,20,82.8,80.0,85.0,47.4,81.0,1.0,8.28,9.0,0.0,0.0,0.0,0.0,0.0908,1.01,0.28,,0.7,0.5
resampling_p0.7_phi0.5,0.15,AV,AV,10.0,Resampling,100,20,82.7,80.0,85.0,47.5,82.0,8.0,8.27,9.0,0.0,0.0,0.0,0.0,0.0924,1.01,0.3,,0.7,0.5
resampling_p0.7_phi0.5,0.15,Tax,TaxPhragmen,9.0,Resampling,100,20,83.1111,81.0,85.0,50.3636,81.0,7.0,7.48,8.0,0.0,0.0,0.0,0.0,0.0834,1.01,0.19,,0.7,0.5
resampling_p0.7_phi0.5,0.15,Tax,TaxMES,9.0,Resampling,100,20,83.1111,81.0,85.0,50.3636,81.0,7.0,7.48,8.0,0.0,0.0,0.0,0.0,0.0834,1.01,0.19,,0.7,0.5
resampling_p0.7_phi0.5,0.15,Hamming_Traditional,PAV_vs_SeqPhragmen,,Resampling,100,20,,,,,,,,,,,,,,,,2.0,0.7,0.5
resampling_p0.7_phi0.5,0.15,Hamming_Traditional,PAV_vs_MES,,Resampling,100,20,,,,,,,,,,,,,,,,2.0,0.7,0.5
resampling_p0.7_phi0.5,0.15,Hamming_Traditional,SeqPhragmen_vs_MES,,Resampling,100,20,,,,,,,,,,,,,,,,2.0,0.7,0.5
resampling_p0.7_phi0.5,0.15,Hamming_Traditional,AV_vs_PAV,,Resampling,100,20,,,,,,,,,,,,,,,,0.0,0.7,0.5
resampling_p0.7_phi0.5,0.15,Hamming_Traditional,AV_vs_SeqPhragmen,,Resampling,100,20,,,,,,,,,,,,,,,,2.0,0.7,0.5
resampling_p0.7_phi0.5,0.15,Hamming_Traditional,AV_vs_MES,,Resampling,100,20,,,,,,,,,,,,,,,,2.0,0.7,0.5
resampling_p0.7_phi0.5,0.15,Cross_Hamming,PAV_vs_TaxMES,,Resampling,100,20,,,,,,,,,,,,,,,,3.0,0.7,0.5
resampling_p0.7_phi0.5,0.15,Cross_Hamming,PAV_vs_TaxPhragmen,,Resampling,100,20,,,,,,,,,,,,,,,,3.0,0.7,0.5
resampling_p0.7_phi0.5,0.15,Cross_Hamming,SeqPhragmen_vs_TaxPhragmen,,Resampling,100,20,,,,,,,,,,,,,,,,3.0,0.7,0.5
resampling_p0.7_phi0.5,0.15,Cross_Hamming,SeqPhragmen_vs_TaxMES,,Resampling,100,20,,,,,,,,,,,,,,,,3.0,0.7,0.5
resampling_p0.7_phi0.5,0.15,Cross_Hamming,MES_vs_TaxMES,,Resampling,100,20,,,,,,,,,,,,,,,,3.0,0.7,0.5
resampling_p0.7_phi0.5,0.15,Cross_Hamming,MES_vs_TaxPhragmen,,Resampling,100,20,,,,,,,,,,,,,,,,3.0,0.7,0.5
resampling_p0.7_phi0.5,0.15,Cross_Hamming,TaxPhragmen_vs_TaxMES,,Resampling,100,20,,,,,,,,,,,,,,,,0.0,0.7,0.5
resampling_p0.7_phi0.5,0.15,Cross_Hamming,AV_vs_TaxMES,,Resampling,100,20,,,,,,,,,,,,,,,,3.0,0.7,0.5
resampling_p0.7_phi0.5,0.15,Cross_Hamming,AV_vs_TaxPhragmen,,Resampling,100,20,,,,,,,,,,,,,,,,3.0,0.7,0.5
resampling_p0.7_phi0.75,0.15,Traditional,PAV,10.0,Resampling,100,20,76.9,71.0,82.0,56.2,72.0,4.0,7.69,8.0,0.0,0.0,0.0,0.0,0.1174,0.98,0.4,,0.7,0.75
resampling_p0.7_phi0.75,0.15,Traditional,SeqPhragmen,10.0,Resampling,100,20,76.9,71.0,82.0,56.2,72.0,4.0,7.69,8.0,0.0,0.0,0.0,0.0,0.1174,0.98,0.4,,0.7,0.75
resampling_p0.7_phi0.75,0.15,Traditional,MES,10.0,Resampling,100,20,76.5,67.0,82.0,56.6,72.0,4.0,7.65,8.0,0.0,0.0,0.0,0.0,0.1078,0.98,0.38,,0.7,0.75
resampling_p0.7_phi0.75,0.15,AV,AV,10.0,Resampling,100,20,76.9,71.0,82.0,56.2,72.0,4.0,7.69,8.0,0.0,0.0,0.0,0.0,0.1174,0.98,0.4,,0.7,0.75
resampling_p0.7_phi0.75,0.15,Tax,TaxPhragmen,9.0,Resampling,100,20,77.5556,74.0,82.0,57.5455,72.0,4.0,6.98,7.0,0.0,0.0,0.0,0.0,0.12,0.98,0.35,,0.7,0.75
resampling_p0.7_phi0.75,0.15,Tax,TaxMES,9.0,Resampling,100,20,76.7778,67.0,82.0,58.1818,74.0,7.0,6.91,7.0,0.0,0.0,0.0,0.0,0.1125,0.98,0.33,,0.7,0.75
resampling_p0.7_phi0.75,0.15,Hamming_Traditional,PAV_vs_SeqPhragmen,,Resampling,100,20,,,,,,,,,,,,,,,,0.0,0.7,0.75
resampling_p0.7_phi0.75,0.15,Hamming_Traditional,PAV_vs_MES,,Resampling,100,20,,,,,,,,,,,,,,,,2.0,0.7,0.75
resampling_p0.7_phi0.75,0.15,Hamming_Traditional,SeqPhragmen_vs_MES,,Resampling,100,20,,,,,,,,,,,,,,,,2.0,0.7,0.75
resampling_p0.7_phi0.75,0.15,Hamming_Traditional,AV_vs_PAV,,Resampling,100,20,,,,,,,,,,,,,,,,0.0,0.7,0.75
resampling_p0.7_phi0.75,0.15,Hamming_Traditional,AV_vs_SeqPhragmen,,Resampling,100,20,,,,,,,,,,,,,,,,0.0,0.7,0.75
resampling_p0.7_phi0.75,0.15,Hamming_Traditional,AV_vs_MES,,Resampling,100,20,,,,,,,,,,,,,,,,2.0,0.7,0.75
resampling_p0.7_phi0.75,0.15,Cross_Hamming,PAV_vs_TaxMES,,Resampling,100,20,,,,,,,,,,,,,,,,3.0,0.7,0.75
resampling_p0.7_phi0.75,0.15,Cross_Hamming,PAV_vs_TaxPhragmen,,Resampling,100,20,,,,,,,,,,,,,,,,1.0,0.7,0.75
resampling_p0.7_phi0.75,0.15,Cross_Hamming,SeqPhragmen_vs_TaxPhragmen,,Resampling,100,20,,,,,,,,,,,,,,,,1.0,0.7,0.75
resampling_p0.7_phi0.75,0.15,Cross_Hamming,SeqPhragmen_vs_TaxMES,,Resampling,100,20,,,,,,,,,,,,,,,,3.0,0.7,0.75
resampling_p0.7_phi0.75,0.15,Cross_Hamming,MES_vs_TaxMES,,Resampling,100,20,,,,,,,,,,,,,,,,1.0,0.7,0.75
resampling_p0.7_phi0.75,0.15,Cross_Hamming,MES_vs_TaxPhragmen,,Resampling,100,20,,,,,,,,,,,,,,,,1.0,0.7,0.75
resampling_p0.7_phi0.75,0.15,Cross_Hamming,TaxPhragmen_vs_TaxMES,,Resampling,100,20,,,,,,,,,,,,,,,,2.0,0.7,0.75
resampling_p0.7_phi0.75,0.15,Cross_Hamming,AV_vs_TaxMES,,Resampling,100,20,,,,,,,,,,,,,,,,3.0,0.7,0.75
resampling_p0.7_phi0.75,0.15,Cross_Hamming,AV_vs_TaxPhragmen,,Resampling,100,20,,,,,,,,,,,,,,,,1.0,0.7,0.75
resampling_p0.7_phi1,0.15,Traditional,PAV,10.0,Resampling,100,20,70.0,65.0,74.0,62.2,68.0,9.0,7.0,7.0,0.0,0.0,0.0,0.0,0.133,0.98,0.43,,0.7,1.0
resampling_p0.7_phi1,0.15,Traditional,SeqPhragmen,10.0,Resampling,100,20,70.0,65.0,74.0,62.2,68.0,9.0,7.0,7.0,0.0,0.0,0.0,0.0,0.1352,0.98,0.42,,0.7,1.0
resampling_p0.7_phi1,0.15,Traditional,MES,10.0,Resampling,100,20,70.0,65.0,74.0,62.2,68.0,9.0,7.0,7.0,0.0,0.0,0.0,0.0,0.133,0.98,0.43,,0.7,1.0
resampling_p0.7_phi1,0.15,AV,AV,10.0,Resampling,100,20,69.8,65.0,74.0,62.4,68.0,9.0,6.98,7.5,0.0,0.0,0.0,0.0,0.1477,0.98,0.46,,0.7,1.0
resampling_p0.7_phi1,0.15,Tax,TaxPhragmen,9.0,Resampling,100,20,70.6667,68.0,74.0,62.3636,68.0,9.0,6.36,6.5,0.0,0.0,0.0,0.0,0.1337,0.98,0.29,,0.7,1.0
resampling_p0.7_phi1,0.15,Tax,TaxMES,9.0,Resampling,100,20,70.6667,68.0,74.0,62.3636,68.0,9.0,6.36,7.0,0.0,0.0,0.0,0.0,0.1319,0.98,0.3,,0.7,1.0
resampling_p0.7_phi1,0.15,Hamming_Traditional,PAV_vs_SeqPhragmen,,Resampling,100,20,,,,,,,,,,,,,,,,2.0,0.7,1.0
resampling_p0.7_phi1,0.15,Hamming_Traditional,PAV_vs_MES,,Resampling,100,20,,,,,,,,,,,,,,,,0.0,0.7,1.0
resampling_p0.7_phi1,0.15,Hamming_Traditional,SeqPhragmen_vs_MES,,Resampling,100,20,,,,,,,,,,,,,,,,2.0,0.7,1.0
resampling_p0.7_phi1,0.15,Hamming_Traditional,AV_vs_PAV,,Resampling,100,20,,,,,,,,,,,,,,,,2.0,0.7,1.0
resampling_p0.7_phi1,0.15,Hamming_Traditional,AV_vs_SeqPhragmen,,Resampling,100,20,,,,,,,,,,,,,,,,2.0,0.7,1.0
resampling_p0.7_phi1,0.15,Hamming_Traditional,AV_vs_MES,,Resampling,100,20,,,,,,,,,,,,,,,,2.0,0.7,1.0
resampling_p0.7_phi1,0.15,Cross_Hamming,PAV_vs_TaxMES,,Resampling,100,20,,,,,,,,,,,,,,,,3.0,0.7,1.0
resampling_p0.7_phi1,0.15,Cross_Hamming,PAV_vs_TaxPhragmen,,Resampling,100,20,,,,,,,,,,,,,,,,5.0,0.7,1.0
resampling_p0.7_phi1,0.15,Cross_Hamming,SeqPhragmen_vs_TaxPhragmen,,Resampling,100,20,,,,,,,,,,,,,,,,3.0,0.7,1.0
resampling_p0.7_phi1,0.15,Cross_Hamming,SeqPhragmen_vs_TaxMES,,Resampling,100,20,,,,,,,,,,,,,,,,3.0,0.7,1.0
resampling_p0.7_phi1,0.15,Cross_Hamming,MES_vs_TaxMES,,Resampling,100,20,,,,,,,,,,,,,,,,3.0,0.7,1.0
resampling_p0.7_phi1,0.15,Cross_Hamming,MES_vs_TaxPhragmen,,Resampling,100,20,,,,,,,,,,,,,,,,5.0,0.7,1.0
resampling_p0.7_phi1,0.15,Cross_Hamming,TaxPhragmen_vs_TaxMES,,Resampling,100,20,,,,,,,,,,,,,,,,2.0,0.7,1.0
resampling_p0.7_phi1,0.15,Cross_Hamming,AV_vs_TaxMES,,Resampling,100,20,,,,,,,,,,,,,,,,5.0,0.7,1.0
resampling_p0.7_phi1,0.15,Cross_Hamming,AV_vs_TaxPhragmen,,Resampling,100,20,,,,,,,,,,,,,,,,5.0,0.7,1.0
euclidean_r1.5,0.2,Traditional,PAV,10.0,Euclidean2D,100,20,-4.9,-21.0,2.0,-11.1,-6.0,13.0,-0.49,0.0,73.0,0.73,47.0,0.47,0.2007,3.71,1.8,,,
euclidean_r1.5,0.2,Traditional,SeqPhragmen,10.0,Euclidean2D,100,20,-5.0,-21.0,2.0,-11.0,-5.0,3.0,-0.5,-0.5,70.0,0.7,50.0,0.5,0.2133,3.71,1.8,,,
euclidean_r1.5,0.2,Traditional,MES,10.0,Euclidean2D,100,20,-5.0,-21.0,2.0,-11.0,-5.0,3.0,-0.5,-0.5,70.0,0.7,50.0,0.5,0.2133,3.71,1.8,,,
euclidean_r1.5,0.2,AV,AV,10.0,Euclidean2D,100,20,-3.6,-10.0,2.0,-12.4,-6.0,13.0,-0.36,0.0,70.0,0.7,43.0,0.43,0.2137,3.71,1.7,,,
euclidean_r1.5,0.2,Tax,TaxPhragmen,0.0,Euclidean2D,100,20,,,,-8.0,2.0,12.0,0.0,0.0,100.0,1.0,0.0,0.0,0.0,3.71,0.0,,,
euclidean_r1.5,0.2,Tax,TaxMES,0.0,Euclidean2D,100,20,,,,-8.0,2.0,12.0,0.0,0.0,100.0,1.0,0.0,0.0,0.0,3.71,0.0,,,
euclidean_r1.5,0.2,Hamming_Traditional,PAV_vs_SeqPhragmen,,Euclidean2D,100,20,,,,,,,,,,,,,,,,2.0,,
euclidean_r1.5,0.2,Hamming_Traditional,PAV_vs_MES,,Euclidean2D,100,20,,,,,,,,,,,,,,,,2.0,,
euclidean_r1.5,0.2,Hamming_Traditional,SeqPhragmen_vs_MES,,Euclidean2D,100,20,,,,,,,,,,,,,,,,0.0,,
euclidean_r1.5,0.2,Hamming_Traditional,AV_vs_PAV,,Euclidean2D,100,20,,,,,,,,,,,,,,,,4.0,,
euclidean_r1.5,0.2,Hamming_Traditional,AV_vs_SeqPhragmen,,Euclidean2D,100,20,,,,,,,,,,,,,,,,6.0,,
euclidean_r1.5,0.2,Hamming_Traditional,AV_vs_MES,,Euclidean2D,100,20,,,,,,,,,,,,,,,,6.0,,
euclidean_r1.5,0.2,Cross_Hamming,PAV_vs_TaxMES,,Euclidean2D,100,20,,,,,,,,,,,,,,,,10.0,,
euclidean_r1.5,0.2,Cross_Hamming,PAV_vs_TaxPhragmen,,Euclidean2D,100,20,,,,,,,,,,,,,,,,10.0,,
euclidean_r1.5,0.2,Cross_Hamming,SeqPhragmen_vs_TaxPhragmen,,Euclidean2D,100,20,,,,,,,,,,,,,,,,10.0,,
euclidean_r1.5,0.2,Cross_Hamming,SeqPhragmen_vs_TaxMES,,Euclidean2D,100,20,,,,,,,,,,,,,,,,10.0,,
euclidean_r1.5,0.2,Cross_Hamming,MES_vs_TaxMES,,Euclidean2D,100,20,,,,,,,,,,,,,,,,10.0,,
euclidean_r1.5,0.2,Cross_Hamming,MES_vs_TaxPhragmen,,Euclidean2D,100,20,,,,,,,,,,,,,,,,10.0,,
euclidean_r1.5,0.2,Cross_Hamming,TaxPhragmen_vs_TaxMES,,Euclidean2D,100,20,,,,,,,,,,,,,,,,0.0,,
euclidean_r1.5,0.2,Cross_Hamming,AV_vs_TaxMES,,Euclidean2D,100,20,,,,,,,,,,,,,,,,10.0,,
euclidean_r1.5,0.2,Cross_Hamming,AV_vs_TaxPhragmen,,Euclidean2D,100,20,,,,,,,,,,,,,,,,10.0,,
euclidean_r2,0.2,Traditional,PAV,10.0,Euclidean2D,100,20,3.7,-4.0,13.0,-4.6,1.0,0.0,0.37,0.0,54.0,0.54,34.0,0.34,0.1678,3.5,1.7,,,
euclidean_r2,0.2,Traditional,SeqPhragmen,10.0,Euclidean2D,100,20,3.7,-4.0,13.0,-4.6,1.0,0.0,0.37,0.0,54.0,0.54,34.0,0.34,0.1678,3.5,1.7,,,
euclidean_r2,0.2,Traditional,MES,10.0,Euclidean2D,100,20,3.7,-4.0,13.0,-4.6,1.0,0.0,0.37,0.0,54.0,0.54,34.0,0.34,0.1678,3.5,1.7,,,
euclidean_r2,0.2,AV,AV,10.0,Euclidean2D,100,20,4.2,-3.0,13.0,-5.1,0.0,3.0,0.42,0.0,56.0,0.56,31.0,0.31,0.1963,3.5,1.66,,,
euclidean_r2,0.2,Tax,TaxPhragmen,1.0,Euclidean2D,100,20,13.0,13.0,13.0,-1.1579,8.0,10.0,0.13,0.0,73.0,0.73,14.0,0.14,0.281,3.5,0.14,,,
euclidean_r2,0.2,Tax,TaxMES,1.0,Euclidean2D,100,20,13.0,13.0,13.0,-1.1579,8.0,10.0,0.13,0.0,73.0,0.73,14.0,0.14,0.281,3.5,0.14,,,
euclidean_r2,0.2,Hamming_Traditional,PAV_vs_SeqPhragmen,,Euclidean2D,100,20,,,,,,,,,,,,,,,,0.0,,
euclidean_r2,0.2,Hamming_Traditional,PAV_vs_MES,,Euclidean2D,100,20,,,,,,,,,,,,,,,,0.0,,
euclidean_r2,0.2,Hamming_Traditional,SeqPhragmen_vs_MES,,Euclidean2D,100,20,,,,,,,,,,,,,,,,0.0,,
euclidean_r2,0.2,Hamming_Traditional,AV_vs_PAV,,Euclidean2D,100,20,,,,,,,,,,,,,,,,2.0,,
euclidean_r2,0.2,Hamming_Traditional,AV_vs_SeqPhragmen,,Euclidean2D,100,20,,,,,,,,,,,,,,,,2.0,,
euclidean_r2,0.2,Hamming_Traditional,AV_vs_MES,,Euclidean2D,100,20,,,,,,,,,,,,,,,,2.0,,
euclidean_r2,0.2,Cross_Hamming,PAV_vs_TaxMES,,Euclidean2D,100,20,,,,,,,,,,,,,,,,9.0,,
euclidean_r2,0.2,Cross_Hamming,PAV_vs_TaxPhragmen,,Euclidean2D,100,20,,,,,,,,,,,,,,,,9.0,,
euclidean_r2,0.2,Cross_Hamming,SeqPhragmen_vs_TaxPhragmen,,Euclidean2D,100,20,,,,,,,,,,,,,,,,9.0,,
euclidean_r2,0.2,Cross_Hamming,SeqPhragmen_vs_TaxMES,,Euclidean2D,100,20,,,,,,,,,,,,,,,,9.0,,
euclidean_r2,0.2,Cross_Hamming,MES_vs_TaxMES,,Euclidean2D,100,20,,,,,,,,,,,,,,,,9.0,,
euclidean_r2,0.2,Cross_Hamming,MES_vs_TaxPhragmen,,Euclidean2D,100,20,,,,,,,,,,,,,,,,9.0,,
euclidean_r2,0.2,Cross_Hamming,TaxPhragmen_vs_TaxMES,,Euclidean2D,100,20,,,,,,,,,,,,,,,,0.0,,
euclidean_r2,0.2,Cross_Hamming,AV_vs_TaxMES,,Euclidean2D,100,20,,,,,,,,,,,,,,,,9.0,,
euclidean_r2,0.2,Cross_Hamming,AV_vs_TaxPhragmen,,Euclidean2D,100,20,,,,,,,,,,,,,,,,9.0,,
euclidean_r3,0.2,Traditional,PAV,10.0,Euclidean2D,100,20,24.7,13.0,44.0,7.6,21.0,3.0,2.47,2.0,35.0,0.35,18.0,0.18,0.3008,2.96,1.3,,,
euclidean_r3,0.2,Traditional,SeqPhragmen,10.0,Euclidean2D,100,20,24.7,13.0,44.0,7.6,21.0,3.0,2.47,2.0,35.0,0.35,18.0,0.18,0.3008,2.96,1.3,,,
euclidean_r3,0.2,Traditional,MES,10.0,Euclidean2D,100,20,24.7,13.0,44.0,7.6,21.0,0.0,2.47,2.0,36.0,0.36,19.0,0.19,0.3085,2.96,1.33,,,
euclidean_r3,0.2,AV,AV,10.0,Euclidean2D,100,20,25.5,17.0,44.0,6.8,16.0,5.0,2.55,2.0,35.0,0.35,20.0,0.2,0.3116,2.96,1.26,,,
euclidean_r3,0.2,Tax,TaxPhragmen,4.0,Euclidean2D,100,20,34.5,29.0,44.0,11.5625,21.0,0.0,1.38,1.0,32.0,0.32,16.0,0.16,0.2931,2.96,0.38,,,
euclidean_r3,0.2,Tax,TaxMES,4.0,Euclidean2D,100,20,34.5,29.0,44.0,11.5625,21.0,0.0,1.38,1.0,32.0,0.32,16.0,0.16,0.2931,2.96,0.38,,,
euclidean_r3,0.2,Hamming_Traditional,PAV_vs_SeqPhragmen,,Euclidean2D,100,20,,,,,,,,,,,,,,,,0.0,,
euclidean_r3,0.2,Hamming_Traditional,PAV_vs_MES,,Euclidean2D,100,20,,,,,,,,,,,,,,,,2.0,,
euclidean_r3,0.2,Hamming_Traditional,SeqPhragmen_vs_MES,,Euclidean2D,100,20,,,,,,,,,,,,,,,,2.0,,
euclidean_r3,0.2,Hamming_Traditional,AV_vs_PAV,,Euclidean2D,100,20,,,,,,,,,,,,,,,,2.0,,
euclidean_r3,0.2,Hamming_Traditional,AV_vs_SeqPhragmen,,Euclidean2D,100,20,,,,,,,,,,,,,,,,2.0,,
euclidean_r3,0.2,Hamming_Traditional,AV_vs_MES,,Euclidean2D,100,20,,,,,,,,,,,,,,,,2.0,,
euclidean_r3,0.2,Cross_Hamming,PAV_vs_TaxMES,,Euclidean2D,100,20,,,,,,,,,,,,,,,,6.0,,
euclidean_r3,0.2,Cross_Hamming,PAV_vs_TaxPhragmen,,Euclidean2D,100,20,,,,,,,,,,,,,,,,6.0,,
euclidean_r3,0.2,Cross_Hamming,SeqPhragmen_vs_TaxPhragmen,,Euclidean2D,100,20,,,,,,,,,,,,,,,,6.0,,
euclidean_r3,0.2,Cross_Hamming,SeqPhragmen_vs_TaxMES,,Euclidean2D,100,20,,,,,,,,,,,,,,,,6.0,,
euclidean_r3,0.2,Cross_Hamming,MES_vs_TaxMES,,Euclidean2D,100,20,,,,,,,,,,,,,,,,6.0,,
euclidean_r3,0.2,Cross_Hamming,MES_vs_TaxPhragmen,,Euclidean2D,100,20,,,,,,,,,,,,,,,,6.0,,
euclidean_r3,0.2,Cross_Hamming,TaxPhragmen_vs_TaxMES,,Euclidean2D,100,20,,,,,,,,,,,,,,,,0.0,,
euclidean_r3,0.2,Cross_Hamming,AV_vs_TaxMES,,Euclidean2D,100,20,,,,,,,,,,,,,,,,6.0,,
euclidean_r3,0.2,Cross_Hamming,AV_vs_TaxPhragmen,,Euclidean2D,100,20,,,,,,,,,,,,,,,,6.0,,
euclidean_r4,0.2,Traditional,PAV,10.0,Euclidean2D,100,20,43.1,30.0,55.0,22.8,38.0,3.0,4.31,4.0,25.0,0.25,14.0,0.14,0.2917,2.34,1.04,,,
euclidean_r4,0.2,Traditional,SeqPhragmen,10.0,Euclidean2D,100,20,43.1,30.0,55.0,22.8,38.0,3.0,4.31,4.0,25.0,0.25,14.0,0.14,0.2917,2.34,1.04,,,
euclidean_r4,0.2,Traditional,MES,10.0,Euclidean2D,100,20,43.1,30.0,55.0,22.8,38.0,3.0,4.31,4.0,25.0,0.25,14.0,0.14,0.2917,2.34,1.04,,,
euclidean_r4,0.2,AV,AV,10.0,Euclidean2D,100,20,43.6,30.0,55.0,22.3,33.0,1.0,4.36,5.0,28.0,0.28,15.0,0.15,0.2984,2.34,1.01,,,
euclidean_r4,0.2,Tax,TaxPhragmen,6.0,Euclidean2D,100,20,48.0,33.0,55.0,26.5,40.0,7.0,2.88,4.0,29.0,0.29,14.0,0.14,0.2576,2.34,0.51,,,
euclidean_r4,0.2,Tax,TaxMES,6.0,Euclidean2D,100,20,49.1667,40.0,55.0,26.0,40.0,7.0,2.95,4.0,28.0,0.28,17.0,0.17,0.2309,2.34,0.57,,,
euclidean_r4,0.2,Hamming_Traditional,PAV_vs_SeqPhragmen,,Euclidean2D,100,20,,,,,,,,,,,,,,,,0.0,,
euclidean_r4,0.2,Hamming_Traditional,PAV_vs_MES,,Euclidean2D,100,20,,,,,,,,,,,,,,,,0.0,,
euclidean_r4,0.2,Hamming_Traditional,SeqPhragmen_vs_MES,,Euclidean2D,100,20,,,,,,,,,,,,,,,,0.0,,
euclidean_r4,0.2,Hamming_Traditional,AV_vs_PAV,,Euclidean2D,100,20,,,,,,,,,,,,,,,,2.0,,
euclidean_r4,0.2,Hamming_Traditional,AV_vs_SeqPhragmen,,Euclidean2D,100,20,,,,,,,,,,,,,,,,2.0,,
euclidean_r4,0.2,Hamming_Traditional,AV_vs_MES,,Euclidean2D,100,20,,,,,,,,,,,,,,,,2.0,,
euclidean_r4,0.2,Cross_Hamming,PAV_vs_TaxMES,,Euclidean2D,100,20,,,,,,,,,,,,,,,,4.0,,
euclidean_r4,0.2,Cross_Hamming,PAV_vs_TaxPhragmen,,Euclidean2D,100,20,,,,,,,,,,,,,,,,4.0,,
euclidean_r4,0.2,Cross_Hamming,SeqPhragmen_vs_TaxPhragmen,,Euclidean2D,100,20,,,,,,,,,,,,,,,,4.0,,
euclidean_r4,0.2,Cross_Hamming,SeqPhragmen_vs_TaxMES,,Euclidean2D,100,20,,,,,,,,,,,,,,,,4.0,,
euclidean_r4,0.2,Cross_Hamming,MES_vs_TaxMES,,Euclidean2D,100,20,,,,,,,,,,,,,,,,4.0,,
euclidean_r4,0.2,Cross_Hamming,MES_vs_TaxPhragmen,,Euclidean2D,100,20,,,,,,,,,,,,,,,,4.0,,
euclidean_r4,0.2,Cross_Hamming,TaxPhragmen_vs_TaxMES,,Euclidean2D,100,20,,,,,,,,,,,,,,,,2.0,,
euclidean_r4,0.2,Cross_Hamming,AV_vs_TaxMES,,Euclidean2D,100,20,,,,,,,,,,,,,,,,4.0,,
euclidean_r4,0.2,Cross_Hamming,AV_vs_TaxPhragmen,,Euclidean2D,100,20,,,,,,,,,,,,,,,,6.0,,
impartial_p0.1,0.2,Traditional,PAV,10.0,Impartial,100,20,-7.0,-15.0,1.0,-11.9,-8.0,15.0,-0.7,-1.0,80.0,0.8,58.0,0.58,0.2069,3.75,1.82,,0.1,
impartial_p0.1,0.2,Traditional,SeqPhragmen,10.0,Impartial,100,20,-7.0,-15.0,1.0,-11.9,-8.0,15.0,-0.7,-1.0,80.0,0.8,58.0,0.58,0.2069,3.75,1.82,,0.1,
impartial_p0.1,0.2,Traditional,MES,10.0,Impartial,100,20,-7.0,-15.0,1.0,-11.9,-8.0,15.0,-0.7,-1.0,80.0,0.8,58.0,0.58,0.2069,3.75,1.82,,0.1,
impartial_p0.1,0.2,AV,AV,10.0,Impartial,100,20,-7.2,-15.0,1.0,-11.7,-6.0,18.0,-0.72,-1.0,79.0,0.79,57.0,0.57,0.2045,3.75,1.85,,0.1,
impartial_p0.1,0.2,Tax,TaxPhragmen,0.0,Impartial,100,20,,,,-9.45,1.0,8.0,0.0,0.0,100.0,1.0,0.0,0.0,0.0,3.75,0.0,,0.1,
impartial_p0.1,0.2,Tax,TaxMES,0.0,Impartial,100,20,,,,-9.45,1.0,8.0,0.0,0.0,100.0,1.0,0.0,0.0,0.0,3.75,0.0,,0.1,
impartial_p0.1,0.2,Hamming_Traditional,PAV_vs_SeqPhragmen,,Impartial,100,20,,,,,,,,,,,,,,,,0.0,0.1,
impartial_p0.1,0.2,Hamming_Traditional,PAV_vs_MES,,Impartial,100,20,,,,,,,,,,,,,,,,0.0,0.1,
impartial_p0.1,0.2,Hamming_Traditional,SeqPhragmen_vs_MES,,Impartial,100,20,,,,,,,,,,,,,,,,0.0,0.1,
impartial_p0.1,0.2,Hamming_Traditional,AV_vs_PAV,,Impartial,100,20,,,,,,,,,,,,,,,,2.0,0.1,
impartial_p0.1,0.2,Hamming_Traditional,AV_vs_SeqPhragmen,,Impartial,100,20,,,,,,,,,,,,,,,,2.0,0.1,
impartial_p0.1,0.2,Hamming_Traditional,AV_vs_MES,,Impartial,100,20,,,,,,,,,,,,,,,,2.0,0.1,
impartial_p0.1,0.2,Cross_Hamming,PAV_vs_TaxMES,,Impartial,100,20,,,,,,,,,,,,,,,,10.0,0.1,
impartial_p0.1,0.2,Cross_Hamming,PAV_vs_TaxPhragmen,,Impartial,100,20,,,,,,,,,,,,,,,,10.0,0.1,
impartial_p0.1,0.2,Cross_Hamming,SeqPhragmen_vs_TaxPhragmen,,Impartial,100,20,,,,,,,,,,,,,,,,10.0,0.1,
impartial_p0.1,0.2,Cross_Hamming,SeqPhragmen_vs_TaxMES,,Impartial,100,20,,,,,,,,,,,,,,,,10.0,0.1,
impartial_p0.1,0.2,Cross_Hamming,MES_vs_TaxMES,,Impartial,100,20,,,,,,,,,,,,,,,,10.0,0.1,
impartial_p0.1,0.2,Cross_Hamming,MES_vs_TaxPhragmen,,Impartial,100,20,,,,,,,,,,,,,,,,10.0,0.1,
impartial_p0.1,0.2,Cross_Hamming,TaxPhragmen_vs_TaxMES,,Impartial,100,20,,,,,,,,,,,,,,,,0.0,0.1,
impartial_p0.1,0.2,Cross_Hamming,AV_vs_TaxMES,,Impartial,100,20,,,,,,,,,,,,,,,,10.0,0.1,
impartial_p0.1,0.2,Cross_Hamming,AV_vs_TaxPhragmen,,Impartial,100,20,,,,,,,,,,,,,,,,10.0,0.1,
impartial_p0.15,0.2,Traditional,PAV,10.0,Impartial,100,20,-0.3,-6.0,9.0,-5.7,0.0,12.0,-0.03,0.0,60.0,0.6,36.0,0.36,0.2308,3.56,1.74,,0.15,
impartial_p0.15,0.2,Traditional,SeqPhragmen,10.0,Impartial,100,20,-0.6,-5.0,9.0,-5.4,0.0,2.0,-0.06,0.0,59.0,0.59,42.0,0.42,0.249,3.56,1.75,,0.15,
impartial_p0.15,0.2,Traditional,MES,10.0,Impartial,100,20,-0.3,-6.0,9.0,-5.7,0.0,12.0,-0.03,0.0,60.0,0.6,36.0,0.36,0.2308,3.56,1.74,,0.15,
impartial_p0.15,0.2,AV,AV,10.0,Impartial,100,20,0.3,-5.0,9.0,-6.3,-3.0,11.0,0.03,0.0,64.0,0.64,42.0,0.42,0.2406,3.56,1.7,,0.15,
impartial_p0.15,0.2,Tax,TaxPhragmen,0.0,Impartial,100,20,,,,-3.0,9.0,8.0,0.0,0.0,100.0,1.0,0.0,0.0,0.0,3.56,0.0,,0.15,
impartial_p0.15,0.2,Tax,TaxMES,0.0,Impartial,100,20,,,,-3.0,9.0,8.0,0.0,0.0,100.0,1.0,0.0,0.0,0.0,3.56,0.0,,0.15,
impartial_p0.15,0.2,Hamming_Traditional,PAV_vs_SeqPhragmen,,Impartial,100,20,,,,,,,,,,,,,,,,4.0,0.15,
impartial_p0.15,0.2,Hamming_Traditional,PAV_vs_MES,,Impartial,100,20,,,,,,,,,,,,,,,,0.0,0.15,
impartial_p0.15,0.2,Hamming_Traditional,SeqPhragmen_vs_MES,,Impartial,100,20,,,,,,,,,,,,,,,,4.0,0.15,
impartial_p0.15,0.2,Hamming_Traditional,AV_vs_PAV,,Impartial,100,20,,,,,,,,,,,,,,,,4.0,0.15,
impartial_p0.15,0.2,Hamming_Traditional,AV_vs_SeqPhragmen,,Impartial,100,20,,,,,,,,,,,,,,,,4.0,0.15,
impartial_p0.15,0.2,Hamming_Traditional,AV_vs_MES,,Impartial,100,20,,,,,,,,,,,,,,,,4.0,0.15,
impartial_p0.15,0.2,Cross_Hamming,PAV_vs_TaxMES,,Impartial,100,20,,,,,,,,,,,,,,,,10.0,0.15,
impartial_p0.15,0.2,Cross_Hamming,PAV_vs_TaxPhragmen,,Impartial,100,20,,,,,,,,,,,,,,,,10.0,0.15,
impartial_p0.15,0.2,Cross_Hamming,SeqPhragmen_vs_TaxPhragmen,,Impartial,100,20,,,,,,,,,,,,,,,,10.0,0.15,
impartial_p0.15,0.2,Cross_Hamming,SeqPhragmen_vs_TaxMES,,Impartial,100,20,,,,,,,,,,,,,,,,10.0,0.15,
impartial_p0.15,0.2,Cross_Hamming,MES_vs_TaxMES,,Impartial,100,20,,,,,,,,,,,,,,,,10.0,0.15,
impartial_p0.15,0.2,Cross_Hamming,MES_vs_TaxPhragmen,,Impartial,100,20,,,,,,,,,,,,,,,,10.0,0.15,
impartial_p0.15,0.2,Cross_Hamming,TaxPhragmen_vs_TaxMES,,Impartial,100,20,,,,,,,,,,,,,,,,0.0,0.15,
impartial_p0.15,0.2,Cross_Hamming,AV_vs_TaxMES,,Impartial,100,20,,,,,,,,,,,,,,,,10.0,0.15,
impartial_p0.15,0.2,Cross_Hamming,AV_vs_TaxPhragmen,,Impartial,100,20,,,,,,,,,,,,,,,,10.0,0.15,
impartial_p0.3,0.2,Traditional,PAV,10.0,Impartial,100,20,19.8,16.0,27.0,10.0,19.0,12.0,1.98,2.0,20.0,0.2,14.0,0.14,0.2283,3.02,1.42,,0.3,
impartial_p0.3,0.2,Traditional,SeqPhragmen,10.0,Impartial,100,20,19.5,14.0,27.0,10.3,19.0,12.0,1.95,2.0,25.0,0.25,11.0,0.11,0.2251,3.02,1.43,,0.3,
impartial_p0.3,0.2,Traditional,MES,10.0,Impartial,100,20,19.8,16.0,27.0,10.0,19.0,12.0,1.98,2.0,20.0,0.2,14.0,0.14,0.2283,3.02,1.42,,0.3,
impartial_p0.3,0.2,AV,AV,10.0,Impartial,100,20,19.8,16.0,27.0,10.0,19.0,12.0,1.98,2.0,20.0,0.2,14.0,0.14,0.2283,3.02,1.42,,0.3,
impartial_p0.3,0.2,Tax,TaxPhragmen,4.0,Impartial,100,20,22.75,21.0,27.0,12.9375,20.0,8.0,0.91,1.0,37.0,0.37,8.0,0.08,0.2063,3.02,0.46,,0.3,
impartial_p0.3,0.2,Tax,TaxMES,4.0,Impartial,100,20,22.75,21.0,27.0,12.9375,20.0,8.0,0.91,1.0,37.0,0.37,8.0,0.08,0.2063,3.02,0.46,,0.3,
impartial_p0.3,0.2,Hamming_Traditional,PAV_vs_SeqPhragmen,,Impartial,100,20,,,,,,,,,,,,,,,,2.0,0.3,
impartial_p0.3,0.2,Hamming_Traditional,PAV_vs_MES,,Impartial,100,20,,,,,,,,,,,,,,,,0.0,0.3,
impartial_p0.3,0.2,Hamming_Traditional,SeqPhragmen_vs_MES,,Impartial,100,20,,,,,,,,,,,,,,,,2.0,0.3,
impartial_p0.3,0.2,Hamming_Traditional,AV_vs_PAV,,Impartial,100,20,,,,,,,,,,,,,,,,0.0,0.3,
impartial_p0.3,0.2,Hamming_Traditional,AV_vs_SeqPhragmen,,Impartial,100,20,,,,,,,,,,,,,,,,2.0,0.3,
impartial_p0.3,0.2,Hamming_Traditional,AV_vs_MES,,Impartial,100,20,,,,,,,,,,,,,,,,0.0,0.3,
impartial_p0.3,0.2,Cross_Hamming,PAV_vs_TaxMES,,Impartial,100,20,,,,,,,,,,,,,,,,6.0,0.3,
impartial_p0.3,0.2,Cross_Hamming,PAV_vs_TaxPhragmen,,Impartial,100,20,,,,,,,,,,,,,,,,6.0,0.3,
impartial_p0.3,0.2,Cross_Hamming,SeqPhragmen_vs_TaxPhragmen,,Impartial,100,20,,,,,,,,,,,,,,,,6.0,0.3,
impartial_p0.3,0.2,Cross_Hamming,SeqPhragmen_vs_TaxMES,,Impartial,100,20,,,,,,,,,,,,,,,,6.0,0.3,
impartial_p0.3,0.2,Cross_Hamming,MES_vs_TaxMES,,Impartial,100,20,,,,,,,,,,,,,,,,6.0,0.3,
impartial_p0.3,0.2,Cross_Hamming,MES_vs_TaxPhragmen,,Impartial,100,20,,,,,,,,,,,,,,,,6.0,0.3,
impartial_p0.3,0.2,Cross_Hamming,TaxPhragmen_vs_TaxMES,,Impartial,100,20,,,,,,,,,,,,,,,,0.0,0.3,
impartial_p0.3,0.2,Cross_Hamming,AV_vs_TaxMES,,Impartial,100,20,,,,,,,,,,,,,,,,6.0,0.3,
impartial_p0.3,0.2,Cross_Hamming,AV_vs_TaxPhragmen,,Impartial,100,20,,,,,,,,,,,,,,,,6.0,0.3,
impartial_p0.5,0.2,Traditional,PAV,10.0,Impartial,100,20,44.3,37.0,52.0,34.8,40.0,15.0,4.43,4.0,2.0,0.02,0.0,0.0,0.2207,2.17,0.99,,0.5,
impartial_p0.5,0.2,Traditional,SeqPhragmen,10.0,Impartial,100,20,44.1,36.0,52.0,35.0,40.0,15.0,4.41,4.0,2.0,0.02,0.0,0.0,0.2168,2.17,0.96,,0.5,
impartial_p0.5,0.2,Traditional,MES,10.0,Impartial,100,20,44.3,37.0,52.0,34.8,40.0,15.0,4.43,4.0,2.0,0.02,1.0,0.01,0.184,2.17,0.99,,0.5,
impartial_p0.5,0.2,AV,AV,10.0,Impartial,100,20,44.6,38.0,52.0,34.5,38.0,12.0,4.46,4.5,2.0,0.02,1.0,0.01,0.1984,2.17,1.0,,0.5,
impartial_p0.5,0.2,Tax,TaxPhragmen,7.0,Impartial,100,20,46.7143,44.0,52.0,35.6923,41.0,7.0,3.27,3.0,5.0,0.05,2.0,0.02,0.2072,2.17,0.59,,0.5,
impartial_p0.5,0.2,Tax,TaxMES,7.0,Impartial,100,20,46.7143,44.0,52.0,35.6923,41.0,7.0,3.27,3.0,5.0,0.05,2.0,0.02,0.2072,2.17,0.59,,0.5,
impartial_p0.5,0.2,Hamming_Traditional,PAV_vs_SeqPhragmen,,Impartial,100,20,,,,,,,,,,,,,,,,2.0,0.5,
impartial_p0.5,0.2,Hamming_Traditional,PAV_vs_MES,,Impartial,100,20,,,,,,,,,,,,,,,,2.0,0.5,
impartial_p0.5,0.2,Hamming_Traditional,SeqPhragmen_vs_MES,,Impartial,100,20,,,,,,,,,,,,,,,,4.0,0.5,
impartial_p0.5,0.2,Hamming_Traditional,AV_vs_PAV,,Impartial,100,20,,,,,,,,,,,,,,,,2.0,0.5,
impartial_p0.5,0.2,Hamming_Traditional,AV_vs_SeqPhragmen,,Impartial,100,20,,,,,,,,,,,,,,,,4.0,0.5,
impartial_p0.5,0.2,Hamming_Traditional,AV_vs_MES,,Impartial,100,20,,,,,,,,,,,,,,,,2.0,0.5,
impartial_p0.5,0.2,Cross_Hamming,PAV_vs_TaxMES,,Impartial,100,20,,,,,,,,,,,,,,,,3.0,0.5,
impartial_p0.5,0.2,Cross_Hamming,PAV_vs_TaxPhragmen,,Impartial,100,20,,,,,,,,,,,,,,,,3.0,0.5,
impartial_p0.5,0.2,Cross_Hamming,SeqPhragmen_vs_TaxPhragmen,,Impartial,100,20,,,,,,,,,,,,,,,,3.0,0.5,
impartial_p0.5,0.2,Cross_Hamming,SeqPhragmen_vs_TaxMES,,Impartial,100,20,,,,,,,,,,,,,,,,3.0,0.5,
impartial_p0.5,0.2,Cross_Hamming,MES_vs_TaxMES,,Impartial,100,20,,,,,,,,,,,,,,,,3.0,0.5,
impartial_p0.5,0.2,Cross_Hamming,MES_vs_TaxPhragmen,,Impartial,100,20,,,,,,,,,,,,,,,,3.0,0.5,
impartial_p0.5,0.2,Cross_Hamming,TaxPhragmen_vs_TaxMES,,Impartial,100,20,,,,,,,,,,,,,,,,0.0,0.5,
impartial_p0.5,0.2,Cross_Hamming,AV_vs_TaxMES,,Impartial,100,20,,,,,,,,,,,,,,,,3.0,0.5,
impartial_p0.5,0.2,Cross_Hamming,AV_vs_TaxPhragmen,,Impartial,100,20,,,,,,,,,,,,,,,,3.0,0.5,
impartial_p0.7,0.2,Traditional,PAV,10.0,Impartial,100,20,67.1,61.0,74.0,57.6,64.0,4.0,6.71,7.0,0.0,0.0,0.0,0.0,0.1496,1.35,0.61,,0.7,
impartial_p0.7,0.2,Traditional,SeqPhragmen,10.0,Impartial,100,20,67.1,61.0,74.0,57.6,64.0,4.0,6.71,7.0,0.0,0.0,0.0,0.0,0.1496,1.35,0.61,,0.7,
impartial_p0.7,0.2,Traditional,MES,10.0,Impartial,100,20,66.7,59.0,74.0,58.0,66.0,17.0,6.67,7.0,0.0,0.0,0.0,0.0,0.1387,1.35,0.59,,0.7,
impartial_p0.7,0.2,AV,AV,10.0,Impartial,100,20,67.1,61.0,74.0,57.6,64.0,4.0,6.71,7.0,0.0,0.0,0.0,0.0,0.1496,1.35,0.61,,0.7,
impartial_p0.7,0.2,Tax,TaxPhragmen,8.0,Impartial,100,20,68.0,65.0,74.0,58.5833,66.0,10.0,5.44,6.0,0.0,0.0,0.0,0.0,0.1651,1.35,0.46,,0.7,
impartial_p0.7,0.2,Tax,TaxMES,8.0,Impartial,100,20,67.875,64.0,74.0,58.6667,66.0,17.0,5.43,6.0,0.0,0.0,0.0,0.0,0.1502,1.35,0.45,,0.7,
impartial_p0.7,0.2,Hamming_Traditional,PAV_vs_SeqPhragmen,,Impartial,100,20,,,,,,,,,,,,,,,,0.0,0.7,
impartial_p0.7,0.2,Hamming_Traditional,PAV_vs_MES,,Impartial,100,20,,,,,,,,,,,,,,,,4.0,0.7,
impartial_p0.7,0.2,Hamming_Traditional,SeqPhragmen_vs_MES,,Impartial,100,20,,,,,,,,,,,,,,,,4.0,0.7,
impartial_p0.7,0.2,Hamming_Traditional,AV_vs_PAV,,Impartial,100,20,,,,,,,,,,,,,,,,0.0,0.7,
impartial_p0.7,0.2,Hamming_Traditional,AV_vs_SeqPhragmen,,Impartial,100,20,,,,,,,,,,,,,,,,0.0,0.7,
impartial_p0.7,0.2,Hamming_Traditional,AV_vs_MES,,Impartial,100,20,,,,,,,,,,,,,,,,4.0,0.7,
impartial_p0.7,0.2,Cross_Hamming,PAV_vs_TaxMES,,Impartial,100,20,,,,,,,,,,,,,,,,4.0,0.7,
impartial_p0.7,0.2,Cross_Hamming,PAV_vs_TaxPhragmen,,Impartial,100,20,,,,,,,,,,,,,,,,2.0,0.7,
impartial_p0.7,0.2,Cross_Hamming,SeqPhragmen_vs_TaxPhragmen,,Impartial,100,20,,,,,,,,,,,,,,,,2.0,0.7,
impartial_p0.7,0.2,Cross_Hamming,SeqPhragmen_vs_TaxMES,,Impartial,100,20,,,,,,,,,,,,,,,,4.0,0.7,
impartial_p0.7,0.2,Cross_Hamming,MES_vs_TaxMES,,Impartial,100,20,,,,,,,,,,,,,,,,2.0,0.7,
impartial_p0.7,0.2,Cross_Hamming,MES_vs_TaxPhragmen,,Impartial,100,20,,,,,,,,,,,,,,,,4.0,0.7,
impartial_p0.7,0.2,Cross_Hamming,TaxPhragmen_vs_TaxMES,,Impartial,100,20,,,,,,,,,,,,,,,,4.0,0.7,
impartial_p0.7,0.2,Cross_Hamming,AV_vs_TaxMES,,Impartial,100,20,,,,,,,,,,,,,,,,4.0,0.7,
impartial_p0.7,0.2,Cross_Hamming,AV_vs_TaxPhragmen,,Impartial,100,20,,,,,,,,,,,,,,,,2.0,0.7,
resampling_p0.15_phi0.25,0.2,Traditional,PAV,10.0,Resampling,100,20,12.0,-20.0,76.0,-16.8,-12.0,8.0,1.2,1.0,33.0,0.33,16.0,0.16,0.2175,3.55,1.54,,0.15,0.25
resampling_p0.15_phi0.25,0.2,Traditional,SeqPhragmen,10.0,Resampling,100,20,12.1,-20.0,76.0,-16.9,-12.0,8.0,1.21,1.0,35.0,0.35,16.0,0.16,0.2168,3.55,1.54,,0.15,0.25
resampling_p0.15_phi0.25,0.2,Traditional,MES,10.0,Resampling,100,20,12.0,-20.0,76.0,-16.8,-12.0,8.0,1.2,1.0,34.0,0.34,15.0,0.15,0.2005,3.55,1.53,,0.15,0.25
resampling_p0.15_phi0.25,0.2,AV,AV,10.0,Resampling,100,20,12.2,-20.0,76.0,-17.0,-12.0,8.0,1.22,1.0,31.0,0.31,17.0,0.17,0.2261,3.55,1.53,,0.15,0.25
resampling_p0.15_phi0.25,0.2,Tax,TaxPhragmen,3.0,Resampling,100,20,72.0,67.0,76.0,-15.5294,-1.0,16.0,2.16,2.0,8.0,0.08,1.0,0.01,0.1632,3.55,0.16,,0.15,0.25
resampling_p0.15_phi0.25,0.2,Tax,TaxMES,3.0,Resampling,100,20,72.0,67.0,76.0,-15.5294,-1.0,16.0,2.16,2.0,8.0,0.08,1.0,0.01,0.1632,3.55,0.16,,0.15,0.25
resampling_p0.15_phi0.25,0.2,Hamming_Traditional,PAV_vs_SeqPhragmen,,Resampling,100,20,,,,,,,,,,,,,,,,2.0,0.15,0.25
resampling_p0.15_phi0.25,0.2,Hamming_Traditional,PAV_vs_MES,,Resampling,100,20,,,,,,,,,,,,,,,,2.0,0.15,0.25
resampling_p0.15_phi0.25,0.2,Hamming_Traditional,SeqPhragmen_vs_MES,,Resampling,100,20,,,,,,,,,,,,,,,,2.0,0.15,0.25
resampling_p0.15_phi0.25,0.2,Hamming_Traditional,AV_vs_PAV,,Resampling,100,20,,,,,,,,,,,,,,,,4.0,0.15,0.25
resampling_p0.15_phi0.25,0.2,Hamming_Traditional,AV_vs_SeqPhragmen,,Resampling,100,20,,,,,,,,,,,,,,,,2.0,0.15,0.25
resampling_p0.15_phi0.25,0.2,Hamming_Traditional,AV_vs_MES,,Resampling,100,20,,,,,,,,,,,,,,,,4.0,0.15,0.25
resampling_p0.15_phi0.25,0.2,Cross_Hamming,PAV_vs_TaxMES,,Resampling,100,20,,,,,,,,,,,,,,,,7.0,0.15,0.25
resampling_p0.15_phi0.25,0.2,Cross_Hamming,PAV_vs_TaxPhragmen,,Resampling,100,20,,,,,,,,,,,,,,,,7.0,0.15,0.25
resampling_p0.15_phi0.25,0.2,Cross_Hamming,SeqPhragmen_vs_TaxPhragmen,,Resampling,100,20,,,,,,,,,,,,,,,,7.0,0.15,0.25
resampling_p0.15_phi0.25,0.2,Cross_Hamming,SeqPhragmen_vs_TaxMES,,Resampling,100,20,,,,,,,,,,,,,,,,7.0,0.15,0.25
resampling_p0.15_phi0.25,0.2,Cross_Hamming,MES_vs_TaxMES,,Resampling,100,20,,,,,,,,,,,,,,,,7.0,0.15,0.25
resampling_p0.15_phi0.25,0.2,Cross_Hamming,MES_vs_TaxPhragmen,,Resampling,100,20,,,,,,,,,,,,,,,,7.0,0.15,0.25
resampling_p0.15_phi0.25,0.2,Cross_Hamming,TaxPhragmen_vs_TaxMES,,Resampling,100,20,,,,,,,,,,,,,,,,0.0,0.15,0.25
resampling_p0.15_phi0.25,0.2,Cross_Hamming,AV_vs_TaxMES,,Resampling,100,20,,,,,,,,,,,,,,,,7.0,0.15,0.25
resampling_p0.15_phi0.25,0.2,Cross_Hamming,AV_vs_TaxPhragmen,,Resampling,100,20,,,,,,,,,,,,,,,,7.0,0.15,0.25
resampling_p0.15_phi0.5,0.2,Traditional,PAV,10.0,Resampling,100,20,7.9,-11.0,52.0,-13.8,-6.0,16.0,0.79,1.0,38.0,0.38,22.0,0.22,0.2539,3.56,1.6,,0.15,0.5
resampling_p0.15_phi0.5,0.2,Traditional,SeqPhragmen,10.0,Resampling,100,20,8.4,-10.0,52.0,-14.3,-9.0,6.0,0.84,1.0,38.0,0.38,21.0,0.21,0.2004,3.56,1.54,,0.15,0.5
resampling_p0.15_phi0.5,0.2,Traditional,MES,10.0,Resampling,100,20,8.4,-10.0,52.0,-14.3,-9.0,6.0,0.84,1.0,38.0,0.38,21.0,0.21,0.2004,3.56,1.54,,0.15,0.5
resampling_p0.15_phi0.5,0.2,AV,AV,10.0,Resampling,100,20,7.0,-20.0,52.0,-12.9,-6.0,16.0,0.7,1.0,42.0,0.42,23.0,0.23,0.2209,3.56,1.7,,0.15,0.5
resampling_p0.15_phi0.5,0.2,Tax,TaxPhragmen,3.0,Resampling,100,20,45.3333,35.0,52.0,-11.4706,-5.0,14.0,1.36,2.0,25.0,0.25,5.0,0.05,0.1503,3.56,0.3,,0.15,0.5
resampling_p0.15_phi0.5,0.2,Tax,TaxMES,3.0,Resampling,100,20,45.3333,35.0,52.0,-11.4706,-5.0,14.0,1.36,2.0,25.0,0.25,5.0,0.05,0.1503,3.56,0.3,,0.15,0.5
resampling_p0.15_phi0.5,0.2,Hamming_Traditional,PAV_vs_SeqPhragmen,,Resampling,100,20,,,,,,,,,,,,,,,,2.0,0.15,0.5
resampling_p0.15_phi0.5,0.2,Hamming_Traditional,PAV_vs_MES,,Resampling,100,20,,,,,,,,,,,,,,,,2.0,0.15,0.5
resampling_p0.15_phi0.5,0.2,Hamming_Traditional,SeqPhragmen_vs_MES,,Resampling,100,20,,,,,,,,,,,,,,,,0.0,0.15,0.5
resampling_p0.15_phi0.5,0.2,Hamming_Traditional,AV_vs_PAV,,Resampling,100,20,,,,,,,,,,,,,,,,2.0,0.15,0.5
resampling_p0.15_phi0.5,0.2,Hamming_Traditional,AV_vs_SeqPhragmen,,Resampling,100,20,,,,,,,,,,,,,,,,2.0,0.15,0.5
resampling_p0.15_phi0.5,0.2,Hamming_Traditional,AV_vs_MES,,Resampling,100,20,,,,,,,,,,,,,,,,2.0,0.15,0.5
resampling_p0.15_phi0.5,0.2,Cross_Hamming,PAV_vs_TaxMES,,Resampling,100,20,,,,,,,,,,,,,,,,7.0,0.15,0.5
resampling_p0.15_phi0.5,0.2,Cross_Hamming,PAV_vs_TaxPhragmen,,Resampling,100,20,,,,,,,,,,,,,,,,7.0,0.15,0.5
resampling_p0.15_phi0.5,0.2,Cross_Hamming,SeqPhragmen_vs_TaxPhragmen,,Resampling,100,20,,,,,,,,,,,,,,,,7.0,0.15,0.5
resampling_p0.15_phi0.5,0.2,Cross_Hamming,SeqPhragmen_vs_TaxMES,,Resampling,100,20,,,,,,,,,,,,,,,,7.0,0.15,0.5
resampling_p0.15_phi0.5,0.2,Cross_Hamming,MES_vs_TaxMES,,Resampling,100,20,,,,,,,,,,,,,,,,7.0,0.15,0.5
resampling_p0.15_phi0.5,0.2,Cross_Hamming,MES_vs_TaxPhragmen,,Resampling,100,20,,,,,,,,,,,,,,,,7.0,0.15,0.5
resampling_p0.15_phi0.5,0.2,Cross_Hamming,TaxPhragmen_vs_TaxMES,,Resampling,100,20,,,,,,,,,,,,,,,,0.0,0.15,0.5
resampling_p0.15_phi0.5,0.2,Cross_Hamming,AV_vs_TaxMES,,Resampling,100,20,,,,,,,,,,,,,,,,7.0,0.15,0.5
resampling_p0.15_phi0.5,0.2,Cross_Hamming,AV_vs_TaxPhragmen,,Resampling,100,20,,,,,,,,,,,,,,,,7.0,0.15,0.5
resampling_p0.15_phi0.75,0.2,Traditional,PAV,10.0,Resampling,100,20,5.5,-9.0,32.0,-10.0,-1.0,6.0,0.55,1.0,44.0,0.44,27.0,0.27,0.2001,3.55,1.58,,0.15,0.75
resampling_p0.15_phi0.75,0.2,Traditional,SeqPhragmen,10.0,Resampling,100,20,5.7,-9.0,32.0,-10.2,-3.0,9.0,0.57,1.0,44.0,0.44,26.0,0.26,0.2076,3.55,1.57,,0.15,0.75
resampling_p0.15_phi0.75,0.2,Traditional,MES,10.0,Resampling,100,20,5.7,-9.0,32.0,-10.2,-3.0,9.0,0.57,1.0,44.0,0.44,26.0,0.26,0.2076,3.55,1.57,,0.15,0.75
resampling_p0.15_phi0.75,0.2,AV,AV,10.0,Resampling,100,20,4.5,-9.0,32.0,-9.0,0.0,10.0,0.45,1.0,47.0,0.47,27.0,0.27,0.2248,3.55,1.7,,0.15,0.75
resampling_p0.15_phi0.75,0.2,Tax,TaxPhragmen,3.0,Resampling,100,20,27.0,21.0,32.0,-7.4118,0.0,10.0,0.81,1.0,37.0,0.37,13.0,0.13,0.2269,3.55,0.39,,0.15,0.75
resampling_p0.15_phi0.75,0.2,Tax,TaxMES,3.0,Resampling,100,20,27.0,21.0,32.0,-7.4118,0.0,10.0,0.81,1.0,37.0,0.37,13.0,0.13,0.2269,3.55,0.39,,0.15,0.75
resampling_p0.15_phi0.75,0.2,Hamming_Traditional,PAV_vs_SeqPhragmen,,Resampling,100,20,,,,,,,,,,,,,,,,2.0,0.15,0.75
resampling_p0.15_phi0.75,0.2,Hamming_Traditional,PAV_vs_MES,,Resampling,100,20,,,,,,,,,,,,,,,,2.0,0.15,0.75
resampling_p0.15_phi0.75,0.2,Hamming_Traditional,SeqPhragmen_vs_MES,,Resampling,100,20,,,,,,,,,,,,,,,,0.0,0.15,0.75
resampling_p0.15_phi0.75,0.2,Hamming_Traditional,AV_vs_PAV,,Resampling,100,20,,,,,,,,,,,,,,,,4.0,0.15,0.75
resampling_p0.15_phi0.75,0.2,Hamming_Traditional,AV_vs_SeqPhragmen,,Resampling,100,20,,,,,,,,,,,,,,,,4.0,0.15,0.75
resampling_p0.15_phi0.75,0.2,Hamming_Traditional,AV_vs_MES,,Resampling,100,20,,,,,,,,,,,,,,,,4.0,0.15,0.75
resampling_p0.15_phi0.75,0.2,Cross_Hamming,PAV_vs_TaxMES,,Resampling,100,20,,,,,,,,,,,,,,,,7.0,0.15,0.75
resampling_p0.15_phi0.75,0.2,Cross_Hamming,PAV_vs_TaxPhragmen,,Resampling,100,20,,,,,,,,,,,,,,,,7.0,0.15,0.75
resampling_p0.15_phi0.75,0.2,Cross_Hamming,SeqPhragmen_vs_TaxPhragmen,,Resampling,100,20,,,,,,,,,,,,,,,,7.0,0.15,0.75
resampling_p0.15_phi0.75,0.2,Cross_Hamming,SeqPhragmen_vs_TaxMES,,Resampling,100,20,,,,,,,,,,,,,,,,7.0,0.15,0.75
resampling_p0.15_phi0.75,0.2,Cross_Hamming,MES_vs_TaxMES,,Resampling,100,20,,,,,,,,,,,,,,,,7.0,0.15,0.75
resampling_p0.15_phi0.75,0.2,Cross_Hamming,MES_vs_TaxPhragmen,,Resampling,100,20,,,,,,,,,,,,,,,,7.0,0.15,0.75
resampling_p0.15_phi0.75,0.2,Cross_Hamming,TaxPhragmen_vs_TaxMES,,Resampling,100,20,,,,,,,,,,,,,,,,0.0,0.15,0.75
resampling_p0.15_phi0.75,0.2,Cross_Hamming,AV_vs_TaxMES,,Resampling,100,20,,,,,,,,,,,,,,,,7.0,0.15,0.75
resampling_p0.15_phi0.75,0.2,Cross_Hamming,AV_vs_TaxPhragmen,,Resampling,100,20,,,,,,,,,,,,,,,,7.0,0.15,0.75
resampling_p0.15_phi1,0.2,Traditional,PAV,10.0,Resampling,100,20,0.8,-4.0,7.0,-6.9,4.0,3.0,0.08,0.0,60.0,0.6,32.0,0.32,0.2269,3.56,1.61,,0.15,1.0
resampling_p0.15_phi1,0.2,Traditional,SeqPhragmen,10.0,Resampling,100,20,1.3,-4.0,7.0,-7.4,-1.0,11.0,0.13,0.0,59.0,0.59,36.0,0.36,0.2149,3.56,1.59,,0.15,1.0
resampling_p0.15_phi1,0.2,Traditional,MES,10.0,Resampling,100,20,0.8,-4.0,7.0,-6.9,4.0,3.0,0.08,0.0,60.0,0.6,32.0,0.32,0.2269,3.56,1.61,,0.15,1.0
resampling_p0.15_phi1,0.2,AV,AV,10.0,Resampling,100,20,1.3,-4.0,7.0,-7.4,-1.0,11.0,0.13,0.0,59.0,0.59,36.0,0.36,0.2149,3.56,1.59,,0.15,1.0
resampling_p0.15_phi1,0.2,Tax,TaxPhragmen,0.0,Resampling,100,20,,,,-3.05,7.0,2.0,0.0,0.0,100.0,1.0,0.0,0.0,0.0,3.56,0.0,,0.15,1.0
resampling_p0.15_phi1,0.2,Tax,TaxMES,0.0,Resampling,100,20,,,,-3.05,7.0,2.0,0.0,0.0,100.0,1.0,0.0,0.0,0.0,3.56,0.0,,0.15,1.0
resampling_p0.15_phi1,0.2,Hamming_Traditional,PAV_vs_SeqPhragmen,,Resampling,100,20,,,,,,,,,,,,,,,,2.0,0.15,1.0
resampling_p0.15_phi1,0.2,Hamming_Traditional,PAV_vs_MES,,Resampling,100,20,,,,,,,,,,,,,,,,0.0,0.15,1.0
resampling_p0.15_phi1,0.2,Hamming_Traditional,SeqPhragmen_vs_MES,,Resampling,100,20,,,,,,,,,,,,,,,,2.0,0.15,1.0
resampling_p0.15_phi1,0.2,Hamming_Traditional,AV_vs_PAV,,Resampling,100,20,,,,,,,,,,,,,,,,2.0,0.15,1.0
resampling_p0.15_phi1,0.2,Hamming_Traditional,AV_vs_SeqPhragmen,,Resampling,100,20,,,,,,,,,,,,,,,,0.0,0.15,1.0
resampling_p0.15_phi1,0.2,Hamming_Traditional,AV_vs_MES,,Resampling,100,20,,,,,,,,,,,,,,,,2.0,0.15,1.0
resampling_p0.15_phi1,0.2,Cross_Hamming,PAV_vs_TaxMES,,Resampling,100,20,,,,,,,,,,,,,,,,10.0,0.15,1.0
resampling_p0.15_phi1,0.2,Cross_Hamming,PAV_vs_TaxPhragmen,,Resampling,100,20,,,,,,,,,,,,,,,,10.0,0.15,1.0
resampling_p0.15_phi1,0.2,Cross_Hamming,SeqPhragmen_vs_TaxPhragmen,,Resampling,100,20,,,,,,,,,,,,,,,,10.0,0.15,1.0
resampling_p0.15_phi1,0.2,Cross_Hamming,SeqPhragmen_vs_TaxMES,,Resampling,100,20,,,,,,,,,,,,,,,,10.0,0.15,1.0
resampling_p0.15_phi1,0.2,Cross_Hamming,MES_vs_TaxMES,,Resampling,100,20,,,,,,,,,,,,,,,,10.0,0.15,1.0
resampling_p0.15_phi1,0.2,Cross_Hamming,MES_vs_TaxPhragmen,,Resampling,100,20,,,,,,,,,,,,,,,,10.0,0.15,1.0
resampling_p0.15_phi1,0.2,Cross_Hamming,TaxPhragmen_vs_TaxMES,,Resampling,100,20,,,,,,,,,,,,,,,,0.0,0.15,1.0
resampling_p0.15_phi1,0.2,Cross_Hamming,AV_vs_TaxMES,,Resampling,100,20,,,,,,,,,,,,,,,,10.0,0.15,1.0
resampling_p0.15_phi1,0.2,Cross_Hamming,AV_vs_TaxPhragmen,,Resampling,100,20,,,,,,,,,,,,,,,,10.0,0.15,1.0
resampling_p0.1_phi0.25,0.2,Traditional,PAV,10.0,Resampling,100,20,1.6,-20.0,74.0,-18.9,-13.0,4.0,0.16,0.5,50.0,0.5,34.0,0.34,0.1446,3.72,1.68,,0.1,0.25
resampling_p0.1_phi0.25,0.2,Traditional,SeqPhragmen,10.0,Resampling,100,20,2.0,-20.0,74.0,-19.3,-15.0,11.0,0.2,0.0,53.0,0.53,29.0,0.29,0.1439,3.72,1.66,,0.1,0.25
resampling_p0.1_phi0.25,0.2,Traditional,MES,10.0,Resampling,100,20,2.0,-20.0,74.0,-19.3,-15.0,11.0,0.2,0.0,53.0,0.53,29.0,0.29,0.1439,3.72,1.66,,0.1,0.25
resampling_p0.1_phi0.25,0.2,AV,AV,10.0,Resampling,100,20,2.0,-20.0,74.0,-19.3,-15.0,11.0,0.2,0.0,53.0,0.53,29.0,0.29,0.1439,3.72,1.66,,0.1,0.25
resampling_p0.1_phi0.25,0.2,Tax,TaxPhragmen,2.0,Resampling,100,20,71.5,69.0,74.0,-17.5556,-9.0,9.0,1.43,2.0,17.0,0.17,1.0,0.01,0.1156,3.72,0.12,,0.1,0.25
resampling_p0.1_phi0.25,0.2,Tax,TaxMES,2.0,Resampling,100,20,71.5,69.0,74.0,-17.5556,-9.0,9.0,1.43,2.0,17.0,0.17,1.0,0.01,0.1156,3.72,0.12,,0.1,0.25
resampling_p0.1_phi0.25,0.2,Hamming_Traditional,PAV_vs_SeqPhragmen,,Resampling,100,20,,,,,,,,,,,,,,,,2.0,0.1,0.25
resampling_p0.1_phi0.25,0.2,Hamming_Traditional,PAV_vs_MES,,Resampling,100,20,,,,,,,,,,,,,,,,2.0,0.1,0.25
resampling_p0.1_phi0.25,0.2,Hamming_Traditional,SeqPhragmen_vs_MES,,Resampling,100,20,,,,,,,,,,,,,,,,0.0,0.1,0.25
resampling_p0.1_phi0.25,0.2,Hamming_Traditional,AV_vs_PAV,,Resampling,100,20,,,,,,,,,,,,,,,,2.0,0.1,0.25
resampling_p0.1_phi0.25,0.2,Hamming_Traditional,AV_vs_SeqPhragmen,,Resampling,100,20,,,,,,,,,,,,,,,,0.0,0.1,0.25
resampling_p0.1_phi0.25,0.2,Hamming_Traditional,AV_vs_MES,,Resampling,100,20,,,,,,,,,,,,,,,,0.0,0.1,0.25
resampling_p0.1_phi0.25,0.2,Cross_Hamming,PAV_vs_TaxMES,,Resampling,100,20,,,,,,,,,,,,,,,,8.0,0.1,0.25
resampling_p0.1_phi0.25,0.2,Cross_Hamming,PAV_vs_TaxPhragmen,,Resampling,100,20,,,,,,,,,,,,,,,,8.0,0.1,0.25
resampling_p0.1_phi0.25,0.2,Cross_Hamming,SeqPhragmen_vs_TaxPhragmen,,Resampling,100,20,,,,,,,,,,,,,,,,8.0,0.1,0.25
resampling_p0.1_phi0.25,0.2,Cross_Hamming,SeqPhragmen_vs_TaxMES,,Resampling,100,20,,,,,,,,,,,,,,,,8.0,0.1,0.25
resampling_p0.1_phi0.25,0.2,Cross_Hamming,MES_vs_TaxMES,,Resampling,100,20,,,,,,,,,,,,,,,,8.0,0.1,0.25
resampling_p0.1_phi0.25,0.2,Cross_Hamming,MES_vs_TaxPhragmen,,Resampling,100,20,,,,,,,,,,,,,,,,8.0,0.1,0.25
resampling_p0.1_phi0.25,0.2,Cross_Hamming,TaxPhragmen_vs_TaxMES,,Resampling,100,20,,,,,,,,,,,,,,,,0.0,0.1,0.25
resampling_p0.1_phi0.25,0.2,Cross_Hamming,AV_vs_TaxMES,,Resampling,100,20,,,,,,,,,,,,,,,,8.0,0.1,0.25
resampling_p0.1_phi0.25,0.2,Cross_Hamming,AV_vs_TaxPhragmen,,Resampling,100,20,,,,,,,,,,,,,,,,8.0,0.1,0.25
resampling_p0.1_phi0.5,0.2,Traditional,PAV,10.0,Resampling,100,20,-0.2,-14.0,44.0,-18.3,-11.0,2.0,-0.02,0.0,64.0,0.64,39.0,0.39,0.2404,3.75,1.63,,0.1,0.5
resampling_p0.1_phi0.5,0.2,Traditional,SeqPhragmen,10.0,Resampling,100,20,-0.2,-14.0,44.0,-18.3,-11.0,2.0,-0.02,0.0,64.0,0.64,39.0,0.39,0.2404,3.75,1.63,,0.1,0.5
resampling_p0.1_phi0.5,0.2,Traditional,MES,10.0,Resampling,100,20,-0.2,-14.0,44.0,-18.3,-11.0,2.0,-0.02,0.0,64.0,0.64,39.0,0.39,0.2404,3.75,1.63,,0.1,0.5
resampling_p0.1_phi0.5,0.2,AV,AV,10.0,Resampling,100,20,-0.2,-14.0,44.0,-18.3,-11.0,2.0,-0.02,0.0,64.0,0.64,39.0,0.39,0.2404,3.75,1.63,,0.1,0.5
resampling_p0.1_phi0.5,0.2,Tax,TaxPhragmen,2.0,Resampling,100,20,39.0,34.0,44.0,-14.6111,-3.0,14.0,0.78,1.0,37.0,0.37,11.0,0.11,0.1986,3.75,0.2,,0.1,0.5
resampling_p0.1_phi0.5,0.2,Tax,TaxMES,2.0,Resampling,100,20,39.0,34.0,44.0,-14.6111,-3.0,14.0,0.78,1.0,37.0,0.37,11.0,0.11,0.1986,3.75,0.2,,0.1,0.5
resampling_p0.1_phi0.5,0.2,Hamming_Traditional,PAV_vs_SeqPhragmen,,Resampling,100,20,,,,,,,,,,,,,,,,0.0,0.1,0.5
resampling_p0.1_phi0.5,0.2,Hamming_Traditional,PAV_vs_MES,,Resampling,100,20,,,,,,,,,,,,,,,,0.0,0.1,0.5
resampling_p0.1_phi0.5,0.2,Hamming_Traditional,SeqPhragmen_vs_MES,,Resampling,100,20,,,,,,,,,,,,,,,,0.0,0.1,0.5
resampling_p0.1_phi0.5,0.2,Hamming_Traditional,AV_vs_PAV,,Resampling,100,20,,,,,,,,,,,,,,,,0.0,0.1,0.5
resampling_p0.1_phi0.5,0.2,Hamming_Traditional,AV_vs_SeqPhragmen,,Resampling,100,20,,,,,,,,,,,,,,,,0.0,0.1,0.5
resampling_p0.1_phi0.5,0.2,Hamming_Traditional,AV_vs_MES,,Resampling,100,20,,,,,,,,,,,,,,,,0.0,0.1,0.5
resampling_p0.1_phi0.5,0.2,Cross_Hamming,PAV_vs_TaxMES,,Resampling,100,20,,,,,,,,,,,,,,,,8.0,0.1,0.5
resampling_p0.1_phi0.5,0.2,Cross_Hamming,PAV_vs_TaxPhragmen,,Resampling,100,20,,,,,,,,,,,,,,,,8.0,0.1,0.5
resampling_p0.1_phi0.5,0.2,Cross_Hamming,SeqPhragmen_vs_TaxPhragmen,,Resampling,100,20,,,,,,,,,,,,,,,,8.0,0.1,0.5
resampling_p0.1_phi0.5,0.2,Cross_Hamming,SeqPhragmen_vs_TaxMES,,Resampling,100,20,,,,,,,,,,,,,,,,8.0,0.1,0.5
resampling_p0.1_phi0.5,0.2,Cross_Hamming,MES_vs_TaxMES,,Resampling,100,20,,,,,,,,,,,,,,,,8.0,0.1,0.5
resampling_p0.1_phi0.5,0.2,Cross_Hamming,MES_vs_TaxPhragmen,,Resampling,100,20,,,,,,,,,,,,,,,,8.0,0.1,0.5
resampling_p0.1_phi0.5,0.2,Cross_Hamming,TaxPhragmen_vs_TaxMES,,Resampling,100,20,,,,,,,,,,,,,,,,0.0,0.1,0.5
resampling_p0.1_phi0.5,0.2,Cross_Hamming,AV_vs_TaxMES,,Resampling,100,20,,,,,,,,,,,,,,,,8.0,0.1,0.5
resampling_p0.1_phi0.5,0.2,Cross_Hamming,AV_vs_TaxPhragmen,,Resampling,100,20,,,,,,,,,,,,,,,,8.0,0.1,0.5
resampling_p0.1_phi0.75,0.2,Traditional,PAV,10.0,Resampling,100,20,-3.6,-17.0,26.0,-13.4,-7.0,18.0,-0.36,0.0,63.0,0.63,49.0,0.49,0.193,3.72,1.81,,0.1,0.75
resampling_p0.1_phi0.75,0.2,Traditional,SeqPhragmen,10.0,Resampling,100,20,-3.6,-17.0,26.0,-13.4,-7.0,18.0,-0.36,0.0,63.0,0.63,49.0,0.49,0.193,3.72,1.81,,0.1,0.75
resampling_p0.1_phi0.75,0.2,Traditional,MES,10.0,Resampling,100,20,-3.6,-17.0,26.0,-13.4,-7.0,18.0,-0.36,0.0,63.0,0.63,49.0,0.49,0.193,3.72,1.81,,0.1,0.75
resampling_p0.1_phi0.75,0.2,AV,AV,10.0,Resampling,100,20,-3.6,-17.0,26.0,-13.4,-7.0,18.0,-0.36,0.0,63.0,0.63,49.0,0.49,0.193,3.72,1.81,,0.1,0.75
resampling_p0.1_phi0.75,0.2,Tax,TaxPhragmen,2.0,Resampling,100,20,20.5,15.0,26.0,-11.7222,-5.0,19.0,0.41,0.0,53.0,0.53,17.0,0.17,0.2239,3.72,0.3,,0.1,0.75
resampling_p0.1_phi0.75,0.2,Tax,TaxMES,2.0,Resampling,100,20,20.5,15.0,26.0,-11.7222,-5.0,19.0,0.41,0.0,53.0,0.53,17.0,0.17,0.2239,3.72,0.3,,0.1,0.75
resampling_p0.1_phi0.75,0.2,Hamming_Traditional,PAV_vs_SeqPhragmen,,Resampling,100,20,,,,,,,,,,,,,,,,0.0,0.1,0.75
resampling_p0.1_phi0.75,0.2,Hamming_Traditional,PAV_vs_MES,,Resampling,100,20,,,,,,,,,,,,,,,,0.0,0.1,0.75
resampling_p0.1_phi0.75,0.2,Hamming_Traditional,SeqPhragmen_vs_MES,,Resampling,100,20,,,,,,,,,,,,,,,,0.0,0.1,0.75
resampling_p0.1_phi0.75,0.2,Hamming_Traditional,AV_vs_PAV,,Resampling,100,20,,,,,,,,,,,,,,,,0.0,0.1,0.75
resampling_p0.1_phi0.75,0.2,Hamming_Traditional,AV_vs_SeqPhragmen,,Resampling,100,20,,,,,,,,,,,,,,,,0.0,0.1,0.75
resampling_p0.1_phi0.75,0.2,Hamming_Traditional,AV_vs_MES,,Resampling,100,20,,,,,,,,,,,,,,,,0.0,0.1,0.75
resampling_p0.1_phi0.75,0.2,Cross_Hamming,PAV_vs_TaxMES,,Resampling,100,20,,,,,,,,,,,,,,,,8.0,0.1,0.75
resampling_p0.1_phi0.75,0.2,Cross_Hamming,PAV_vs_TaxPhragmen,,Resampling,100,20,,,,,,,,,,,,,,,,8.0,0.1,0.75
resampling_p0.1_phi0.75,0.2,Cross_Hamming,SeqPhragmen_vs_TaxPhragmen,,Resampling,100,20,,,,,,,,,,,,,,,,8.0,0.1,0.75
resampling_p0.1_phi0.75,0.2,Cross_Hamming,SeqPhragmen_vs_TaxMES,,Resampling,100,20,,,,,,,,,,,,,,,,8.0,0.1,0.75
resampling_p0.1_phi0.75,0.2,Cross_Hamming,MES_vs_TaxMES,,Resampling,100,20,,,,,,,,,,,,,,,,8.0,0.1,0.75
resampling_p0.1_phi0.75,0.2,Cross_Hamming,MES_vs_TaxPhragmen,,Resampling,100,20,,,,,,,,,,,,,,,,8.0,0.1,0.75
resampling_p0.1_phi0.75,0.2,Cross_Hamming,TaxPhragmen_vs_TaxMES,,Resampling,100,20,,,,,,,,,,,,,,,,0.0,0.1,0.75
resampling_p0.1_phi0.75,0.2,Cross_Hamming,AV_vs_TaxMES,,Resampling,100,20,,,,,,,,,,,,,,,,8.0,0.1,0.75
resampling_p0.1_phi0.75,0.2,Cross_Hamming,AV_vs_TaxPhragmen,,Resampling,100,20,,,,,,,,,,,,,,,,8.0,0.1,0.75
resampling_p0.1_phi1,0.2,Traditional,PAV,10.0,Resampling,100,20,-6.9,-16.0,2.0,-9.9,-1.0,0.0,-0.69,-1.0,82.0,0.82,54.0,0.54,0.2034,3.72,1.9,,0.1,1.0
resampling_p0.1_phi1,0.2,Traditional,SeqPhragmen,10.0,Resampling,100,20,-5.9,-16.0,2.0,-10.9,-1.0,0.0,-0.59,-1.0,77.0,0.77,53.0,0.53,0.2556,3.72,1.8,,0.1,1.0
resampling_p0.1_phi1,0.2,Traditional,MES,10.0,Resampling,100,20,-6.9,-16.0,2.0,-9.9,-1.0,0.0,-0.69,-1.0,82.0,0.82,54.0,0.54,0.2034,3.72,1.9,,0.1,1.0
resampling_p0.1_phi1,0.2,AV,AV,10.0,Resampling,100,20,-5.1,-16.0,2.0,-11.7,-5.0,1.0,-0.51,0.0,74.0,0.74,46.0,0.46,0.2176,3.72,1.75,,0.1,1.0
resampling_p0.1_phi1,0.2,Tax,TaxPhragmen,0.0,Resampling,100,20,,,,-8.4,2.0,9.0,0.0,0.0,100.0,1.0,0.0,0.0,0.0,3.72,0.0,,0.1,1.0
resampling_p0.1_phi1,0.2,Tax,TaxMES,0.0,Resampling,100,20,,,,-8.4,2.0,9.0,0.0,0.0,100.0,1.0,0.0,0.0,0.0,3.72,0.0,,0.1,1.0
resampling_p0.1_phi1,0.2,Hamming_Traditional,PAV_vs_SeqPhragmen,,Resampling,100,20,,,,,,,,,,,,,,,,2.0,0.1,1.0
resampling_p0.1_phi1,0.2,Hamming_Traditional,PAV_vs_MES,,Resampling,100,20,,,,,,,,,,,,,,,,0.0,0.1,1.0
resampling_p0.1_phi1,0.2,Hamming_Traditional,SeqPhragmen_vs_MES,,Resampling,100,20,,,,,,,,,,,,,,,,2.0,0.1,1.0
resampling_p0.1_phi1,0.2,Hamming_Traditional,AV_vs_PAV,,Resampling,100,20,,,,,,,,,,,,,,,,4.0,0.1,1.0
resampling_p0.1_phi1,0.2,Hamming_Traditional,AV_vs_SeqPhragmen,,Resampling,100,20,,,,,,,,,,,,,,,,4.0,0.1,1.0
resampling_p0.1_phi1,0.2,Hamming_Traditional,AV_vs_MES,,Resampling,100,20,,,,,,,,,,,,,,,,4.0,0.1,1.0
resampling_p0.1_phi1,0.2,Cross_Hamming,PAV_vs_TaxMES,,Resampling,100,20,,,,,,,,,,,,,,,,10.0,0.1,1.0
resampling_p0.1_phi1,0.2,Cross_Hamming,PAV_vs_TaxPhragmen,,Resampling,100,20,,,,,,,,,,,,,,,,10.0,0.1,1.0
resampling_p0.1_phi1,0.2,Cross_Hamming,SeqPhragmen_vs_TaxPhragmen,,Resampling,100,20,,,,,,,,,,,,,,,,10.0,0.1,1.0
resampling_p0.1_phi1,0.2,Cross_Hamming,SeqPhragmen_vs_TaxMES,,Resampling,100,20,,,,,,,,,,,,,,,,10.0,0.1,1.0
resampling_p0.1_phi1,0.2,Cross_Hamming,MES_vs_TaxMES,,Resampling,100,20,,,,,,,,,,,,,,,,10.0,0.1,1.0
resampling_p0.1_phi1,0.2,Cross_Hamming,MES_vs_TaxPhragmen,,Resampling,100,20,,,,,,,,,,,,,,,,10.0,0.1,1.0
resampling_p0.1_phi1,0.2,Cross_Hamming,TaxPhragmen_vs_TaxMES,,Resampling,100,20,,,,,,,,,,,,,,,,0.0,0.1,1.0
resampling_p0.1_phi1,0.2,Cross_Hamming,AV_vs_TaxMES,,Resampling,100,20,,,,,,,,,,,,,,,,10.0,0.1,1.0
resampling_p0.1_phi1,0.2,Cross_Hamming,AV_vs_TaxPhragmen,,Resampling,100,20,,,,,,,,,,,,,,,,10.0,0.1,1.0
resampling_p0.3_phi0.25,0.2,Traditional,PAV,10.0,Resampling,100,20,45.6,-13.0,85.0,-12.4,-8.0,9.0,4.56,5.0,2.0,0.02,0.0,0.0,0.2073,2.95,1.02,,0.3,0.25
resampling_p0.3_phi0.25,0.2,Traditional,SeqPhragmen,10.0,Resampling,100,20,45.6,-13.0,85.0,-12.4,-8.0,9.0,4.56,5.0,2.0,0.02,0.0,0.0,0.2073,2.95,1.02,,0.3,0.25
resampling_p0.3_phi0.25,0.2,Traditional,MES,10.0,Resampling,100,20,45.6,-13.0,85.0,-12.4,-8.0,9.0,4.56,5.0,2.0,0.02,0.0,0.0,0.2073,2.95,1.02,,0.3,0.25
resampling_p0.3_phi0.25,0.2,AV,AV,10.0,Resampling,100,20,45.6,-13.0,85.0,-12.4,-8.0,9.0,4.56,5.0,2.0,0.02,0.0,0.0,0.2073,2.95,1.02,,0.3,0.25
resampling_p0.3_phi0.25,0.2,Tax,TaxPhragmen,6.0,Resampling,100,20,81.5,79.0,85.0,-11.2143,-6.0,7.0,4.89,5.0,0.0,0.0,0.0,0.0,0.1258,2.95,0.19,,0.3,0.25
resampling_p0.3_phi0.25,0.2,Tax,TaxMES,6.0,Resampling,100,20,81.5,79.0,85.0,-11.2143,-6.0,7.0,4.89,5.0,0.0,0.0,0.0,0.0,0.1258,2.95,0.19,,0.3,0.25
resampling_p0.3_phi0.25,0.2,Hamming_Traditional,PAV_vs_SeqPhragmen,,Resampling,100,20,,,,,,,,,,,,,,,,0.0,0.3,0.25
resampling_p0.3_phi0.25,0.2,Hamming_Traditional,PAV_vs_MES,,Resampling,100,20,,,,,,,,,,,,,,,,0.0,0.3,0.25
resampling_p0.3_phi0.25,0.2,Hamming_Traditional,SeqPhragmen_vs_MES,,Resampling,100,20,,,,,,,,,,,,,,,,0.0,0.3,0.25
resampling_p0.3_phi0.25,0.2,Hamming_Traditional,AV_vs_PAV,,Resampling,100,20,,,,,,,,,,,,,,,,0.0,0.3,0.25
resampling_p0.3_phi0.25,0.2,Hamming_Traditional,AV_vs_SeqPhragmen,,Resampling,100,20,,,,,,,,,,,,,,,,0.0,0.3,0.25
resampling_p0.3_phi0.25,0.2,Hamming_Traditional,AV_vs_MES,,Resampling,100,20,,,,,,,,,,,,,,,,0.0,0.3,0.25
resampling_p0.3_phi0.25,0.2,Cross_Hamming,PAV_vs_TaxMES,,Resampling,100,20,,,,,,,,,,,,,,,,4.0,0.3,0.25
resampling_p0.3_phi0.25,0.2,Cross_Hamming,PAV_vs_TaxPhragmen,,Resampling,100,20,,,,,,,,,,,,,,,,4.0,0.3,0.25
resampling_p0.3_phi0.25,0.2,Cross_Hamming,SeqPhragmen_vs_TaxPhragmen,,Resampling,100,20,,,,,,,,,,,,,,,,4.0,0.3,0.25
resampling_p0.3_phi0.25,0.2,Cross_Hamming,SeqPhragmen_vs_TaxMES,,Resampling,100,20,,,,,,,,,,,,,,,,4.0,0.3,0.25
resampling_p0.3_phi0.25,0.2,Cross_Hamming,MES_vs_TaxMES,,Resampling,100,20,,,,,,,,,,,,,,,,4.0,0.3,0.25
resampling_p0.3_phi0.25,0.2,Cross_Hamming,MES_vs_TaxPhragmen,,Resampling,100,20,,,,,,,,,,,,,,,,4.0,0.3,0.25
resampling_p0.3_phi0.25,0.2,Cross_Hamming,TaxPhragmen_vs_TaxMES,,Resampling,100,20,,,,,,,,,,,,,,,,0.0,0.3,0.25
resampling_p0.3_phi0.25,0.2,Cross_Hamming,AV_vs_TaxMES,,Resampling,100,20,,,,,,,,,,,,,,,,4.0,0.3,0.25
resampling_p0.3_phi0.25,0.2,Cross_Hamming,AV_vs_TaxPhragmen,,Resampling,100,20,,,,,,,,,,,,,,,,4.0,0.3,0.25
resampling_p0.3_phi0.5,0.2,Traditional,PAV,10.0,Resampling,100,20,31.2,-10.0,63.0,-3.8,7.0,12.0,3.12,3.0,9.0,0.09,4.0,0.04,0.2472,3.06,1.27,,0.3,0.5
resampling_p0.3_phi0.5,0.2,Traditional,SeqPhragmen,10.0,Resampling,100,20,31.3,-4.0,63.0,-3.9,7.0,12.0,3.13,3.0,12.0,0.12,5.0,0.05,0.1911,3.06,1.26,,0.3,0.5
resampling_p0.3_phi0.5,0.2,Traditional,MES,10.0,Resampling,100,20,30.7,-10.0,63.0,-3.3,7.0,12.0,3.07,3.0,11.0,0.11,5.0,0.05,0.2289,3.06,1.3,,0.3,0.5
resampling_p0.3_phi0.5,0.2,AV,AV,10.0,Resampling,100,20,31.9,-3.0,63.0,-4.5,7.0,12.0,3.19,4.0,9.0,0.09,5.0,0.05,0.2163,3.06,1.21,,0.3,0.5
resampling_p0.3_phi0.5,0.2,Tax,TaxPhragmen,6.0,Resampling,100,20,53.0,43.0,63.0,-3.1429,7.0,12.0,3.18,3.0,3.0,0.03,1.0,0.01,0.2094,3.06,0.51,,0.3,0.5
resampling_p0.3_phi0.5,0.2,Tax,TaxMES,6.0,Resampling,100,20,53.0,43.0,63.0,-3.1429,7.0,12.0,3.18,3.0,3.0,0.03,1.0,0.01,0.2094,3.06,0.51,,0.3,0.5
resampling_p0.3_phi0.5,0.2,Hamming_Traditional,PAV_vs_SeqPhragmen,,Resampling,100,20,,,,,,,,,,,,,,,,4.0,0.3,0.5
resampling_p0.3_phi0.5,0.2,Hamming_Traditional,PAV_vs_MES,,Resampling,100,20,,,,,,,,,,,,,,,,4.0,0.3,0.5
resampling_p0.3_phi0.5,0.2,Hamming_Traditional,SeqPhragmen_vs_MES,,Resampling,100,20,,,,,,,,,,,,,,,,2.0,0.3,0.5
resampling_p0.3_phi0.5,0.2,Hamming_Traditional,AV_vs_PAV,,Resampling,100,20,,,,,,,,,,,,,,,,2.0,0.3,0.5
resampling_p0.3_phi0.5,0.2,Hamming_Traditional,AV_vs_SeqPhragmen,,Resampling,100,20,,,,,,,,,,,,,,,,2.0,0.3,0.5
resampling_p0.3_phi0.5,0.2,Hamming_Traditional,AV_vs_MES,,Resampling,100,20,,,,,,,,,,,,,,,,2.0,0.3,0.5
resampling_p0.3_phi0.5,0.2,Cross_Hamming,PAV_vs_TaxMES,,Resampling,100,20,,,,,,,,,,,,,,,,4.0,0.3,0.5
resampling_p0.3_phi0.5,0.2,Cross_Hamming,PAV_vs_TaxPhragmen,,Resampling,100,20,,,,,,,,,,,,,,,,4.0,0.3,0.5
resampling_p0.3_phi0.5,0.2,Cross_Hamming,SeqPhragmen_vs_TaxPhragmen,,Resampling,100,20,,,,,,,,,,,,,,,,4.0,0.3,0.5
resampling_p0.3_phi0.5,0.2,Cross_Hamming,SeqPhragmen_vs_TaxMES,,Resampling,100,20,,,,,,,,,,,,,,,,4.0,0.3,0.5
resampling_p0.3_phi0.5,0.2,Cross_Hamming,MES_vs_TaxMES,,Resampling,100,20,,,,,,,,,,,,,,,,4.0,0.3,0.5
resampling_p0.3_phi0.5,0.2,Cross_Hamming,MES_vs_TaxPhragmen,,Resampling,100,20,,,,,,,,,,,,,,,,4.0,0.3,0.5
resampling_p0.3_phi0.5,0.2,Cross_Hamming,TaxPhragmen_vs_TaxMES,,Resampling,100,20,,,,,,,,,,,,,,,,0.0,0.3,0.5
resampling_p0.3_phi0.5,0.2,Cross_Hamming,AV_vs_TaxMES,,Resampling,100,20,,,,,,,,,,,,,,,,4.0,0.3,0.5
resampling_p0.3_phi0.5,0.2,Cross_Hamming,AV_vs_TaxPhragmen,,Resampling,100,20,,,,,,,,,,,,,,,,4.0,0.3,0.5
resampling_p0.3_phi0.75,0.2,Traditional,PAV,10.0,Resampling,100,20,28.0,10.0,43.0,3.1,16.0,16.0,2.8,3.0,15.0,0.15,6.0,0.06,0.1754,2.99,1.22,,0.3,0.75
resampling_p0.3_phi0.75,0.2,Traditional,SeqPhragmen,10.0,Resampling,100,20,28.0,10.0,43.0,3.1,16.0,16.0,2.8,3.0,15.0,0.15,6.0,0.06,0.1754,2.99,1.22,,0.3,0.75
resampling_p0.3_phi0.75,0.2,Traditional,MES,10.0,Resampling,100,20,28.0,10.0,43.0,3.1,16.0,16.0,2.8,3.0,15.0,0.15,6.0,0.06,0.1754,2.99,1.22,,0.3,0.75
resampling_p0.3_phi0.75,0.2,AV,AV,10.0,Resampling,100,20,28.6,12.0,43.0,2.5,14.0,7.0,2.86,3.0,16.0,0.16,3.0,0.03,0.2112,2.99,1.17,,0.3,0.75
resampling_p0.3_phi0.75,0.2,Tax,TaxPhragmen,6.0,Resampling,100,20,38.0,31.0,43.0,5.9286,16.0,16.0,2.28,2.0,13.0,0.13,6.0,0.06,0.1798,2.99,0.66,,0.3,0.75
resampling_p0.3_phi0.75,0.2,Tax,TaxMES,6.0,Resampling,100,20,38.0,31.0,43.0,5.9286,16.0,16.0,2.28,2.0,13.0,0.13,6.0,0.06,0.1798,2.99,0.66,,0.3,0.75
resampling_p0.3_phi0.75,0.2,Hamming_Traditional,PAV_vs_SeqPhragmen,,Resampling,100,20,,,,,,,,,,,,,,,,0.0,0.3,0.75
resampling_p0.3_phi0.75,0.2,Hamming_Traditional,PAV_vs_MES,,Resampling,100,20,,,,,,,,,,,,,,,,0.0,0.3,0.75
resampling_p0.3_phi0.75,0.2,Hamming_Traditional,SeqPhragmen_vs_MES,,Resampling,100,20,,,,,,,,,,,,,,,,0.0,0.3,0.75
resampling_p0.3_phi0.75,0.2,Hamming_Traditional,AV_vs_PAV,,Resampling,100,20,,,,,,,,,,,,,,,,2.0,0.3,0.75
resampling_p0.3_phi0.75,0.2,Hamming_Traditional,AV_vs_SeqPhragmen,,Resampling,100,20,,,,,,,,,,,,,,,,2.0,0.3,0.75
resampling_p0.3_phi0.75,0.2,Hamming_Traditional,AV_vs_MES,,Resampling,100,20,,,,,,,,,,,,,,,,2.0,0.3,0.75
resampling_p0.3_phi0.75,0.2,Cross_Hamming,PAV_vs_TaxMES,,Resampling,100,20,,,,,,,,,,,,,,,,4.0,0.3,0.75
resampling_p0.3_phi0.75,0.2,Cross_Hamming,PAV_vs_TaxPhragmen,,Resampling,100,20,,,,,,,,,,,,,,,,4.0,0.3,0.75
resampling_p0.3_phi0.75,0.2,Cross_Hamming,SeqPhragmen_vs_TaxPhragmen,,Resampling,100,20,,,,,,,,,,,,,,,,4.0,0.3,0.75
resampling_p0.3_phi0.75,0.2,Cross_Hamming,SeqPhragmen_vs_TaxMES,,Resampling,100,20,,,,,,,,,,,,,,,,4.0,0.3,0.75
resampling_p0.3_phi0.75,0.2,Cross_Hamming,MES_vs_TaxMES,,Resampling,100,20,,,,,,,,,,,,,,,,4.0,0.3,0.75
resampling_p0.3_phi0.75,0.2,Cross_Hamming,MES_vs_TaxPhragmen,,Resampling,100,20,,,,,,,,,,,,,,,,4.0,0.3,0.75
resampling_p0.3_phi0.75,0.2,Cross_Hamming,TaxPhragmen_vs_TaxMES,,Resampling,100,20,,,,,,,,,,,,,,,,0.0,0.3,0.75
resampling_p0.3_phi0.75,0.2,Cross_Hamming,AV_vs_TaxMES,,Resampling,100,20,,,,,,,,,,,,,,,,4.0,0.3,0.75
resampling_p0.3_phi0.75,0.2,Cross_Hamming,AV_vs_TaxPhragmen,,Resampling,100,20,,,,,,,,,,,,,,,,4.0,0.3,0.75
resampling_p0.3_phi1,0.2,Traditional,PAV,10.0,Resampling,100,20,20.8,15.0,26.0,9.9,18.0,7.0,2.08,2.0,21.0,0.21,10.0,0.1,0.2784,3.0,1.28,,0.3,1.0
resampling_p0.3_phi1,0.2,Traditional,SeqPhragmen,10.0,Resampling,100,20,19.9,11.0,26.0,10.8,20.0,18.0,1.99,2.0,20.0,0.2,12.0,0.12,0.2569,3.0,1.32,,0.3,1.0
resampling_p0.3_phi1,0.2,Traditional,MES,10.0,Resampling,100,20,20.4,11.0,26.0,10.3,18.0,7.0,2.04,2.0,20.0,0.2,10.0,0.1,0.2592,3.0,1.31,,0.3,1.0
resampling_p0.3_phi1,0.2,AV,AV,10.0,Resampling,100,20,20.8,15.0,26.0,9.9,18.0,7.0,2.08,2.0,23.0,0.23,8.0,0.08,0.2698,3.0,1.31,,0.3,1.0
resampling_p0.3_phi1,0.2,Tax,TaxPhragmen,5.0,Resampling,100,20,23.8,19.0,26.0,12.5333,20.0,3.0,1.19,1.0,29.0,0.29,10.0,0.1,0.1748,3.0,0.53,,0.3,1.0
resampling_p0.3_phi1,0.2,Tax,TaxMES,5.0,Resampling,100,20,23.8,19.0,26.0,12.5333,20.0,3.0,1.19,1.0,29.0,0.29,10.0,0.1,0.1748,3.0,0.53,,0.3,1.0
resampling_p0.3_phi1,0.2,Hamming_Traditional,PAV_vs_SeqPhragmen,,Resampling,100,20,,,,,,,,,,,,,,,,2.0,0.3,1.0
resampling_p0.3_phi1,0.2,Hamming_Traditional,PAV_vs_MES,,Resampling,100,20,,,,,,,,,,,,,,,,2.0,0.3,1.0
resampling_p0.3_phi1,0.2,Hamming_Traditional,SeqPhragmen_vs_MES,,Resampling,100,20,,,,,,,,,,,,,,,,2.0,0.3,1.0
resampling_p0.3_phi1,0.2,Hamming_Traditional,AV_vs_PAV,,Resampling,100,20,,,,,,,,,,,,,,,,2.0,0.3,1.0
resampling_p0.3_phi1,0.2,Hamming_Traditional,AV_vs_SeqPhragmen,,Resampling,100,20,,,,,,,,,,,,,,,,4.0,0.3,1.0
resampling_p0.3_phi1,0.2,Hamming_Traditional,AV_vs_MES,,Resampling,100,20,,,,,,,,,,,,,,,,2.0,0.3,1.0
resampling_p0.3_phi1,0.2,Cross_Hamming,PAV_vs_TaxMES,,Resampling,100,20,,,,,,,,,,,,,,,,5.0,0.3,1.0
resampling_p0.3_phi1,0.2,Cross_Hamming,PAV_vs_TaxPhragmen,,Resampling,100,20,,,,,,,,,,,,,,,,5.0,0.3,1.0
resampling_p0.3_phi1,0.2,Cross_Hamming,SeqPhragmen_vs_TaxPhragmen,,Resampling,100,20,,,,,,,,,,,,,,,,5.0,0.3,1.0
resampling_p0.3_phi1,0.2,Cross_Hamming,SeqPhragmen_vs_TaxMES,,Resampling,100,20,,,,,,,,,,,,,,,,5.0,0.3,1.0
resampling_p0.3_phi1,0.2,Cross_Hamming,MES_vs_TaxMES,,Resampling,100,20,,,,,,,,,,,,,,,,5.0,0.3,1.0
resampling_p0.3_phi1,0.2,Cross_Hamming,MES_vs_TaxPhragmen,,Resampling,100,20,,,,,,,,,,,,,,,,5.0,0.3,1.0
resampling_p0.3_phi1,0.2,Cross_Hamming,TaxPhragmen_vs_TaxMES,,Resampling,100,20,,,,,,,,,,,,,,,,0.0,0.3,1.0
resampling_p0.3_phi1,0.2,Cross_Hamming,AV_vs_TaxMES,,Resampling,100,20,,,,,,,,,,,,,,,,5.0,0.3,1.0
resampling_p0.3_phi1,0.2,Cross_Hamming,AV_vs_TaxPhragmen,,Resampling,100,20,,,,,,,,,,,,,,,,5.0,0.3,1.0
resampling_p0.5_phi0.25,0.2,Traditional,PAV,10.0,Resampling,100,20,86.2,82.0,92.0,-5.3,5.0,18.0,8.62,9.0,0.0,0.0,0.0,0.0,0.0838,2.14,0.25,,0.5,0.25
resampling_p0.5_phi0.25,0.2,Traditional,SeqPhragmen,10.0,Resampling,100,20,86.2,82.0,92.0,-5.3,5.0,18.0,8.62,9.0,0.0,0.0,0.0,0.0,0.0838,2.14,0.25,,0.5,0.25
resampling_p0.5_phi0.25,0.2,Traditional,MES,10.0,Resampling,100,20,86.2,82.0,92.0,-5.3,5.0,18.0,8.62,9.0,0.0,0.0,0.0,0.0,0.0838,2.14,0.25,,0.5,0.25
resampling_p0.5_phi0.25,0.2,AV,AV,10.0,Resampling,100,20,86.2,82.0,92.0,-5.3,5.0,18.0,8.62,9.0,0.0,0.0,0.0,0.0,0.0838,2.14,0.25,,0.5,0.25
resampling_p0.5_phi0.25,0.2,Tax,TaxPhragmen,9.0,Resampling,100,20,86.6667,85.0,92.0,2.6364,82.0,5.0,7.8,8.0,0.0,0.0,0.0,0.0,0.0806,2.14,0.18,,0.5,0.25
resampling_p0.5_phi0.25,0.2,Tax,TaxMES,9.0,Resampling,100,20,86.6667,85.0,92.0,2.6364,82.0,5.0,7.8,8.0,0.0,0.0,0.0,0.0,0.0806,2.14,0.18,,0.5,0.25
resampling_p0.5_phi0.25,0.2,Hamming_Traditional,PAV_vs_SeqPhragmen,,Resampling,100,20,,,,,,,,,,,,,,,,0.0,0.5,0.25
resampling_p0.5_phi0.25,0.2,Hamming_Traditional,PAV_vs_MES,,Resampling,100,20,,,,,,,,,,,,,,,,0.0,0.5,0.25
resampling_p0.5_phi0.25,0.2,Hamming_Traditional,SeqPhragmen_vs_MES,,Resampling,100,20,,,,,,,,,,,,,,,,0.0,0.5,0.25
resampling_p0.5_phi0.25,0.2,Hamming_Traditional,AV_vs_PAV,,Resampling,100,20,,,,,,,,,,,,,,,,0.0,0.5,0.25
resampling_p0.5_phi0.25,0.2,Hamming_Traditional,AV_vs_SeqPhragmen,,Resampling,100,20,,,,,,,,,,,,,,,,0.0,0.5,0.25
resampling_p0.5_phi0.25,0.2,Hamming_Traditional,AV_vs_MES,,Resampling,100,20,,,,,,,,,,,,,,,,0.0,0.5,0.25
resampling_p0.5_phi0.25,0.2,Cross_Hamming,PAV_vs_TaxMES,,Resampling,100,20,,,,,,,,,,,,,,,,1.0,0.5,0.25
resampling_p0.5_phi0.25,0.2,Cross_Hamming,PAV_vs_TaxPhragmen,,Resampling,100,20,,,,,,,,,,,,,,,,1.0,0.5,0.25
resampling_p0.5_phi0.25,0.2,Cross_Hamming,SeqPhragmen_vs_TaxPhragmen,,Resampling,100,20,,,,,,,,,,,,,,,,1.0,0.5,0.25
resampling_p0.5_phi0.25,0.2,Cross_Hamming,SeqPhragmen_vs_TaxMES,,Resampling,100,20,,,,,,,,,,,,,,,,1.0,0.5,0.25
resampling_p0.5_phi0.25,0.2,Cross_Hamming,MES_vs_TaxMES,,Resampling,100,20,,,,,,,,,,,,,,,,1.0,0.5,0.25
resampling_p0.5_phi0.25,0.2,Cross_Hamming,MES_vs_TaxPhragmen,,Resampling,100,20,,,,,,,,,,,,,,,,1.0,0.5,0.25
resampling_p0.5_phi0.25,0.2,Cross_Hamming,TaxPhragmen_vs_TaxMES,,Resampling,100,20,,,,,,,,,,,,,,,,0.0,0.5,0.25
resampling_p0.5_phi0.25,0.2,Cross_Hamming,AV_vs_TaxMES,,Resampling,100,20,,,,,,,,,,,,,,,,1.0,0.5,0.25
resampling_p0.5_phi0.25,0.2,Cross_Hamming,AV_vs_TaxPhragmen,,Resampling,100,20,,,,,,,,,,,,,,,,1.0,0.5,0.25
resampling_p0.5_phi0.5,0.2,Traditional,PAV,10.0,Resampling,100,20,67.1,62.0,74.0,7.2,14.0,18.0,6.71,7.0,0.0,0.0,0.0,0.0,0.1349,2.23,0.51,,0.5,0.5
resampling_p0.5_phi0.5,0.2,Traditional,SeqPhragmen,10.0,Resampling,100,20,67.1,62.0,74.0,7.2,14.0,18.0,6.71,7.0,0.0,0.0,0.0,0.0,0.1349,2.23,0.51,,0.5,0.5
resampling_p0.5_phi0.5,0.2,Traditional,MES,10.0,Resampling,100,20,67.1,62.0,74.0,7.2,14.0,18.0,6.71,7.0,0.0,0.0,0.0,0.0,0.1349,2.23,0.51,,0.5,0.5
resampling_p0.5_phi0.5,0.2,AV,AV,10.0,Resampling,100,20,67.1,62.0,74.0,7.2,14.0,18.0,6.71,7.0,0.0,0.0,0.0,0.0,0.1349,2.23,0.51,,0.5,0.5
resampling_p0.5_phi0.5,0.2,Tax,TaxPhragmen,8.0,Resampling,100,20,68.125,62.0,74.0,16.5,63.0,1.0,5.45,5.0,0.0,0.0,0.0,0.0,0.1564,2.23,0.34,,0.5,0.5
resampling_p0.5_phi0.5,0.2,Tax,TaxMES,8.0,Resampling,100,20,68.25,63.0,74.0,16.4167,63.0,1.0,5.46,6.0,1.0,0.01,0.0,0.0,0.1554,2.23,0.36,,0.5,0.5
resampling_p0.5_phi0.5,0.2,Hamming_Traditional,PAV_vs_SeqPhragmen,,Resampling,100,20,,,,,,,,,,,,,,,,0.0,0.5,0.5
resampling_p0.5_phi0.5,0.2,Hamming_Traditional,PAV_vs_MES,,Resampling,100,20,,,,,,,,,,,,,,,,0.0,0.5,0.5
resampling_p0.5_phi0.5,0.2,Hamming_Traditional,SeqPhragmen_vs_MES,,Resampling,100,20,,,,,,,,,,,,,,,,0.0,0.5,0.5
resampling_p0.5_phi0.5,0.2,Hamming_Traditional,AV_vs_PAV,,Resampling,100,20,,,,,,,,,,,,,,,,0.0,0.5,0.5
resampling_p0.5_phi0.5,0.2,Hamming_Traditional,AV_vs_SeqPhragmen,,Resampling,100,20,,,,,,,,,,,,,,,,0.0,0.5,0.5
resampling_p0.5_phi0.5,0.2,Hamming_Traditional,AV_vs_MES,,Resampling,100,20,,,,,,,,,,,,,,,,0.0,0.5,0.5
resampling_p0.5_phi0.5,0.2,Cross_Hamming,PAV_vs_TaxMES,,Resampling,100,20,,,,,,,,,,,,,,,,2.0,0.5,0.5
resampling_p0.5_phi0.5,0.2,Cross_Hamming,PAV_vs_TaxPhragmen,,Resampling,100,20,,,,,,,,,,,,,,,,2.0,0.5,0.5
resampling_p0.5_phi0.5,0.2,Cross_Hamming,SeqPhragmen_vs_TaxPhragmen,,Resampling,100,20,,,,,,,,,,,,,,,,2.0,0.5,0.5
resampling_p0.5_phi0.5,0.2,Cross_Hamming,SeqPhragmen_vs_TaxMES,,Resampling,100,20,,,,,,,,,,,,,,,,2.0,0.5,0.5
resampling_p0.5_phi0.5,0.2,Cross_Hamming,MES_vs_TaxMES,,Resampling,100,20,,,,,,,,,,,,,,,,2.0,0.5,0.5
resampling_p0.5_phi0.5,0.2,Cross_Hamming,MES_vs_TaxPhragmen,,Resampling,100,20,,,,,,,,,,,,,,,,2.0,0.5,0.5
resampling_p0.5_phi0.5,0.2,Cross_Hamming,TaxPhragmen_vs_TaxMES,,Resampling,100,20,,,,,,,,,,,,,,,,2.0,0.5,0.5
resampling_p0.5_phi0.5,0.2,Cross_Hamming,AV_vs_TaxMES,,Resampling,100,20,,,,,,,,,,,,,,,,2.0,0.5,0.5
resampling_p0.5_phi0.5,0.2,Cross_Hamming,AV_vs_TaxPhragmen,,Resampling,100,20,,,,,,,,,,,,,,,,2.0,0.5,0.5
resampling_p0.5_phi0.75,0.2,Traditional,PAV,10.0,Resampling,100,20,55.3,48.0,65.0,25.1,33.0,18.0,5.53,6.0,0.0,0.0,0.0,0.0,0.188,2.15,0.73,,0.5,0.75
resampling_p0.5_phi0.75,0.2,Traditional,SeqPhragmen,10.0,Resampling,100,20,55.3,48.0,65.0,25.1,33.0,18.0,5.53,6.0,0.0,0.0,0.0,0.0,0.188,2.15,0.73,,0.5,0.75
resampling_p0.5_phi0.75,0.2,Traditional,MES,10.0,Resampling,100,20,55.3,48.0,65.0,25.1,33.0,18.0,5.53,6.0,0.0,0.0,0.0,0.0,0.188,2.15,0.73,,0.5,0.75
resampling_p0.5_phi0.75,0.2,AV,AV,10.0,Resampling,100,20,55.3,48.0,65.0,25.1,33.0,18.0,5.53,6.0,0.0,0.0,0.0,0.0,0.188,2.15,0.73,,0.5,0.75
resampling_p0.5_phi0.75,0.2,Tax,TaxPhragmen,8.0,Resampling,100,20,56.75,51.0,65.0,29.1667,51.0,9.0,4.54,5.0,2.0,0.02,0.0,0.0,0.2096,2.15,0.57,,0.5,0.75
resampling_p0.5_phi0.75,0.2,Tax,TaxMES,8.0,Resampling,100,20,56.375,48.0,65.0,29.4167,51.0,1.0,4.51,4.5,1.0,0.01,0.0,0.0,0.1961,2.15,0.58,,0.5,0.75
resampling_p0.5_phi0.75,0.2,Hamming_Traditional,PAV_vs_SeqPhragmen,,Resampling,100,20,,,,,,,,,,,,,,,,0.0,0.5,0.75
resampling_p0.5_phi0.75,0.2,Hamming_Traditional,PAV_vs_MES,,Resampling,100,20,,,,,,,,,,,,,,,,0.0,0.5,0.75
resampling_p0.5_phi0.75,0.2,Hamming_Traditional,SeqPhragmen_vs_MES,,Resampling,100,20,,,,,,,,,,,,,,,,0.0,0.5,0.75
resampling_p0.5_phi0.75,0.2,Hamming_Traditional,AV_vs_PAV,,Resampling,100,20,,,,,,,,,,,,,,,,0.0,0.5,0.75
resampling_p0.5_phi0.75,0.2,Hamming_Traditional,AV_vs_SeqPhragmen,,Resampling,100,20,,,,,,,,,,,,,,,,0.0,0.5,0.75
resampling_p0.5_phi0.75,0.2,Hamming_Traditional,AV_vs_MES,,Resampling,100,20,,,,,,,,,,,,,,,,0.0,0.5,0.75
resampling_p0.5_phi0.75,0.2,Cross_Hamming,PAV_vs_TaxMES,,Resampling,100,20,,,,,,,,,,,,,,,,2.0,0.5,0.75
resampling_p0.5_phi0.75,0.2,Cross_Hamming,PAV_vs_TaxPhragmen,,Resampling,100,20,,,,,,,,,,,,,,,,2.0,0.5,0.75
resampling_p0.5_phi0.75,0.2,Cross_Hamming,SeqPhragmen_vs_TaxPhragmen,,Resampling,100,20,,,,,,,,,,,,,,,,2.0,0.5,0.75
resampling_p0.5_phi0.75,0.2,Cross_Hamming,SeqPhragmen_vs_TaxMES,,Resampling,100,20,,,,,,,,,,,,,,,,2.0,0.5,0.75
resampling_p0.5_phi0.75,0.2,Cross_Hamming,MES_vs_TaxMES,,Resampling,100,20,,,,,,,,,,,,,,,,2.0,0.5,0.75
resampling_p0.5_phi0.75,0.2,Cross_Hamming,MES_vs_TaxPhragmen,,Resampling,100,20,,,,,,,,,,,,,,,,2.0,0.5,0.75
resampling_p0.5_phi0.75,0.2,Cross_Hamming,TaxPhragmen_vs_TaxMES,,Resampling,100,20,,,,,,,,,,,,,,,,2.0,0.5,0.75
resampling_p0.5_phi0.75,0.2,Cross_Hamming,AV_vs_TaxMES,,Resampling,100,20,,,,,,,,,,,,,,,,2.0,0.5,0.75
resampling_p0.5_phi0.75,0.2,Cross_Hamming,AV_vs_TaxPhragmen,,Resampling,100,20,,,,,,,,,,,,,,,,2.0,0.5,0.75
resampling_p0.5_phi1,0.2,Traditional,PAV,10.0,Resampling,100,20,44.8,40.0,53.0,35.1,43.0,3.0,4.48,5.0,3.0,0.03,1.0,0.01,0.1959,2.16,0.94,,0.5,1.0
resampling_p0.5_phi1,0.2,Traditional,SeqPhragmen,10.0,Resampling,100,20,44.7,38.0,53.0,35.2,42.0,13.0,4.47,4.0,5.0,0.05,2.0,0.02,0.221,2.16,0.98,,0.5,1.0
resampling_p0.5_phi1,0.2,Traditional,MES,10.0,Resampling,100,20,44.7,40.0,53.0,35.2,44.0,4.0,4.47,5.0,2.0,0.02,0.0,0.0,0.2461,2.16,0.96,,0.5,1.0
resampling_p0.5_phi1,0.2,AV,AV,10.0,Resampling,100,20,45.0,41.0,53.0,34.9,42.0,13.0,4.5,5.0,5.0,0.05,1.0,0.01,0.2278,2.16,0.95,,0.5,1.0
resampling_p0.5_phi1,0.2,Tax,TaxPhragmen,7.0,Resampling,100,20,46.4286,42.0,53.0,36.4615,43.0,3.0,3.25,3.0,4.0,0.04,0.0,0.0,0.2715,2.16,0.57,,0.5,1.0
resampling_p0.5_phi1,0.2,Tax,TaxMES,7.0,Resampling,100,20,46.4286,42.0,53.0,36.4615,43.0,3.0,3.25,3.0,4.0,0.04,0.0,0.0,0.2715,2.16,0.57,,0.5,1.0
resampling_p0.5_phi1,0.2,Hamming_Traditional,PAV_vs_SeqPhragmen,,Resampling,100,20,,,,,,,,,,,,,,,,4.0,0.5,1.0
resampling_p0.5_phi1,0.2,Hamming_Traditional,PAV_vs_MES,,Resampling,100,20,,,,,,,,,,,,,,,,2.0,0.5,1.0
resampling_p0.5_phi1,0.2,Hamming_Traditional,SeqPhragmen_vs_MES,,Resampling,100,20,,,,,,,,,,,,,,,,4.0,0.5,1.0
resampling_p0.5_phi1,0.2,Hamming_Traditional,AV_vs_PAV,,Resampling,100,20,,,,,,,,,,,,,,,,4.0,0.5,1.0
resampling_p0.5_phi1,0.2,Hamming_Traditional,AV_vs_SeqPhragmen,,Resampling,100,20,,,,,,,,,,,,,,,,2.0,0.5,1.0
resampling_p0.5_phi1,0.2,Hamming_Traditional,AV_vs_MES,,Resampling,100,20,,,,,,,,,,,,,,,,4.0,0.5,1.0
resampling_p0.5_phi1,0.2,Cross_Hamming,PAV_vs_TaxMES,,Resampling,100,20,,,,,,,,,,,,,,,,3.0,0.5,1.0
resampling_p0.5_phi1,0.2,Cross_Hamming,PAV_vs_TaxPhragmen,,Resampling,100,20,,,,,,,,,,,,,,,,3.0,0.5,1.0
resampling_p0.5_phi1,0.2,Cross_Hamming,SeqPhragmen_vs_TaxPhragmen,,Resampling,100,20,,,,,,,,,,,,,,,,5.0,0.5,1.0
resampling_p0.5_phi1,0.2,Cross_Hamming,SeqPhragmen_vs_TaxMES,,Resampling,100,20,,,,,,,,,,,,,,,,5.0,0.5,1.0
resampling_p0.5_phi1,0.2,Cross_Hamming,MES_vs_TaxMES,,Resampling,100,20,,,,,,,,,,,,,,,,5.0,0.5,1.0
resampling_p0.5_phi1,0.2,Cross_Hamming,MES_vs_TaxPhragmen,,Resampling,100,20,,,,,,,,,,,,,,,,5.0,0.5,1.0
resampling_p0.5_phi1,0.2,Cross_Hamming,TaxPhragmen_vs_TaxMES,,Resampling,100,20,,,,,,,,,,,,,,,,0.0,0.5,1.0
resampling_p0.5_phi1,0.2,Cross_Hamming,AV_vs_TaxMES,,Resampling,100,20,,,,,,,,,,,,,,,,5.0,0.5,1.0
resampling_p0.5_phi1,0.2,Cross_Hamming,AV_vs_TaxPhragmen,,Resampling,100,20,,,,,,,,,,,,,,,,5.0,0.5,1.0
resampling_p0.7_phi0.25,0.2,Traditional,PAV,10.0,Resampling,100,20,91.7,89.0,98.0,35.8,90.0,6.0,9.17,9.0,0.0,0.0,0.0,0.0,0.0552,1.33,0.17,,0.7,0.25
resampling_p0.7_phi0.25,0.2,Traditional,SeqPhragmen,10.0,Resampling,100,20,91.6,89.0,98.0,35.9,91.0,3.0,9.16,9.0,0.0,0.0,0.0,0.0,0.0552,1.33,0.17,,0.7,0.25
resampling_p0.7_phi0.25,0.2,Traditional,MES,10.0,Resampling,100,20,91.8,89.0,98.0,35.7,89.0,2.0,9.18,9.0,0.0,0.0,0.0,0.0,0.0527,1.33,0.16,,0.7,0.25
resampling_p0.7_phi0.25,0.2,AV,AV,10.0,Resampling,100,20,91.7,89.0,98.0,35.8,90.0,6.0,9.17,9.5,0.0,0.0,0.0,0.0,0.0565,1.33,0.17,,0.7,0.25
resampling_p0.7_phi0.25,0.2,Tax,TaxPhragmen,9.0,Resampling,100,20,92.1111,90.0,98.0,40.5455,89.0,2.0,8.29,9.0,0.0,0.0,0.0,0.0,0.0545,1.33,0.13,,0.7,0.25
resampling_p0.7_phi0.25,0.2,Tax,TaxMES,9.0,Resampling,100,20,92.1111,90.0,98.0,40.5455,89.0,2.0,8.29,9.0,0.0,0.0,0.0,0.0,0.0545,1.33,0.13,,0.7,0.25
resampling_p0.7_phi0.25,0.2,Hamming_Traditional,PAV_vs_SeqPhragmen,,Resampling,100,20,,,,,,,,,,,,,,,,2.0,0.7,0.25
resampling_p0.7_phi0.25,0.2,Hamming_Traditional,PAV_vs_MES,,Resampling,100,20,,,,,,,,,,,,,,,,2.0,0.7,0.25
resampling_p0.7_phi0.25,0.2,Hamming_Traditional,SeqPhragmen_vs_MES,,Resampling,100,20,,,,,,,,,,,,,,,,2.0,0.7,0.25
resampling_p0.7_phi0.25,0.2,Hamming_Traditional,AV_vs_PAV,,Resampling,100,20,,,,,,,,,,,,,,,,2.0,0.7,0.25
resampling_p0.7_phi0.25,0.2,Hamming_Traditional,AV_vs_SeqPhragmen,,Resampling,100,20,,,,,,,,,,,,,,,,4.0,0.7,0.25
resampling_p0.7_phi0.25,0.2,Hamming_Traditional,AV_vs_MES,,Resampling,100,20,,,,,,,,,,,,,,,,2.0,0.7,0.25
resampling_p0.7_phi0.25,0.2,Cross_Hamming,PAV_vs_TaxMES,,Resampling,100,20,,,,,,,,,,,,,,,,3.0,0.7,0.25
resampling_p0.7_phi0.25,0.2,Cross_Hamming,PAV_vs_TaxPhragmen,,Resampling,100,20,,,,,,,,,,,,,,,,3.0,0.7,0.25
resampling_p0.7_phi0.25,0.2,Cross_Hamming,SeqPhragmen_vs_TaxPhragmen,,Resampling,100,20,,,,,,,,,,,,,,,,3.0,0.7,0.25
resampling_p0.7_phi0.25,0.2,Cross_Hamming,SeqPhragmen_vs_TaxMES,,Resampling,100,20,,,,,,,,,,,,,,,,3.0,0.7,0.25
resampling_p0.7_phi0.25,0.2,Cross_Hamming,MES_vs_TaxMES,,Resampling,100,20,,,,,,,,,,,,,,,,1.0,0.7,0.25
resampling_p0.7_phi0.25,0.2,Cross_Hamming,MES_vs_TaxPhragmen,,Resampling,100,20,,,,,,,,,,,,,,,,1.0,0.7,0.25
resampling_p0.7_phi0.25,0.2,Cross_Hamming,TaxPhragmen_vs_TaxMES,,Resampling,100,20,,,,,,,,,,,,,,,,0.0,0.7,0.25
resampling_p0.7_phi0.25,0.2,Cross_Hamming,AV_vs_TaxMES,,Resampling,100,20,,,,,,,,,,,,,,,,3.0,0.7,0.25
resampling_p0.7_phi0.25,0.2,Cross_Hamming,AV_vs_TaxPhragmen,,Resampling,100,20,,,,,,,,,,,,,,,,3.0,0.7,0.25
resampling_p0.7_phi0.5,0.2,Traditional,PAV,10.0,Resampling,100,20,81.9,79.0,85.0,45.0,82.0,8.0,8.19,9.0,0.0,0.0,0.0,0.0,0.1001,1.34,0.38,,0.7,0.5
resampling_p0.7_phi0.5,0.2,Traditional,SeqPhragmen,10.0,Resampling,100,20,82.0,79.0,85.0,44.9,81.0,3.0,8.2,9.0,0.0,0.0,0.0,0.0,0.0947,1.34,0.35,,0.7,0.5
resampling_p0.7_phi0.5,0.2,Traditional,MES,10.0,Resampling,100,20,82.1,79.0,85.0,44.8,80.0,1.0,8.21,8.5,0.0,0.0,0.0,0.0,0.0967,1.34,0.35,,0.7,0.5
resampling_p0.7_phi0.5,0.2,AV,AV,10.0,Resampling,100,20,81.9,79.0,85.0,45.0,82.0,8.0,8.19,9.0,0.0,0.0,0.0,0.0,0.1001,1.34,0.38,,0.7,0.5
resampling_p0.7_phi0.5,0.2,Tax,TaxPhragmen,9.0,Resampling,100,20,82.3333,80.0,85.0,48.0,81.0,3.0,7.41,8.0,0.0,0.0,0.0,0.0,0.093,1.34,0.28,,0.7,0.5
resampling_p0.7_phi0.5,0.2,Tax,TaxMES,9.0,Resampling,100,20,82.4444,80.0,85.0,47.9091,80.0,10.0,7.42,8.0,0.0,0.0,0.0,0.0,0.0893,1.34,0.25,,0.7,0.5
resampling_p0.7_phi0.5,0.2,Hamming_Traditional,PAV_vs_SeqPhragmen,,Resampling,100,20,,,,,,,,,,,,,,,,2.0,0.7,0.5
resampling_p0.7_phi0.5,0.2,Hamming_Traditional,PAV_vs_MES,,Resampling,100,20,,,,,,,,,,,,,,,,2.0,0.7,0.5
resampling_p0.7_phi0.5,0.2,Hamming_Traditional,SeqPhragmen_vs_MES,,Resampling,100,20,,,,,,,,,,,,,,,,2.0,0.7,0.5
resampling_p0.7_phi0.5,0.2,Hamming_Traditional,AV_vs_PAV,,Resampling,100,20,,,,,,,,,,,,,,,,0.0,0.7,0.5
resampling_p0.7_phi0.5,0.2,Hamming_Traditional,AV_vs_SeqPhragmen,,Resampling,100,20,,,,,,,,,,,,,,,,2.0,0.7,0.5
resampling_p0.7_phi0.5,0.2,Hamming_Traditional,AV_vs_MES,,Resampling,100,20,,,,,,,,,,,,,,,,2.0,0.7,0.5
resampling_p0.7_phi0.5,0.2,Cross_Hamming,PAV_vs_TaxMES,,Resampling,100,20,,,,,,,,,,,,,,,,3.0,0.7,0.5
resampling_p0.7_phi0.5,0.2,Cross_Hamming,PAV_vs_TaxPhragmen,,Resampling,100,20,,,,,,,,,,,,,,,,3.0,0.7,0.5
resampling_p0.7_phi0.5,0.2,Cross_Hamming,SeqPhragmen_vs_TaxPhragmen,,Resampling,100,20,,,,,,,,,,,,,,,,1.0,0.7,0.5
resampling_p0.7_phi0.5,0.2,Cross_Hamming,SeqPhragmen_vs_TaxMES,,Resampling,100,20,,,,,,,,,,,,,,,,3.0,0.7,0.5
resampling_p0.7_phi0.5,0.2,Cross_Hamming,MES_vs_TaxMES,,Resampling,100,20,,,,,,,,,,,,,,,,3.0,0.7,0.5
resampling_p0.7_phi0.5,0.2,Cross_Hamming,MES_vs_TaxPhragmen,,Resampling,100,20,,,,,,,,,,,,,,,,3.0,0.7,0.5
resampling_p0.7_phi0.5,0.2,Cross_Hamming,TaxPhragmen_vs_TaxMES,,Resampling,100,20,,,,,,,,,,,,,,,,2.0,0.7,0.5
resampling_p0.7_phi0.5,0.2,Cross_Hamming,AV_vs_TaxMES,,Resampling,100,20,,,,,,,,,,,,,,,,3.0,0.7,0.5
resampling_p0.7_phi0.5,0.2,Cross_Hamming,AV_vs_TaxPhragmen,,Resampling,100,20,,,,,,,,,,,,,,,,3.0,0.7,0.5
resampling_p0.7_phi0.75,0.2,Traditional,PAV,10.0,Resampling,100,20,75.5,70.0,80.0,54.5,72.0,8.0,7.55,8.0,0.0,0.0,0.0,0.0,0.1298,1.29,0.54,,0.7,0.75
resampling_p0.7_phi0.75,0.2,Traditional,SeqPhragmen,10.0,Resampling,100,20,75.5,70.0,80.0,54.5,72.0,8.0,7.55,8.0,0.0,0.0,0.0,0.0,0.1298,1.29,0.54,,0.7,0.75
resampling_p0.7_phi0.75,0.2,Traditional,MES,10.0,Resampling,100,20,75.0,65.0,80.0,55.0,72.0,8.0,7.5,8.0,0.0,0.0,0.0,0.0,0.1211,1.29,0.53,,0.7,0.75
resampling_p0.7_phi0.75,0.2,AV,AV,10.0,Resampling,100,20,75.5,70.0,80.0,54.5,72.0,8.0,7.55,8.0,0.0,0.0,0.0,0.0,0.1298,1.29,0.54,,0.7,0.75
resampling_p0.7_phi0.75,0.2,Tax,TaxPhragmen,9.0,Resampling,100,20,76.1111,73.0,80.0,55.9091,72.0,8.0,6.85,7.0,0.0,0.0,0.0,0.0,0.1332,1.29,0.48,,0.7,0.75
resampling_p0.7_phi0.75,0.2,Tax,TaxMES,9.0,Resampling,100,20,76.1111,73.0,80.0,55.9091,72.0,8.0,6.85,7.0,0.0,0.0,0.0,0.0,0.1332,1.29,0.48,,0.7,0.75
resampling_p0.7_phi0.75,0.2,Hamming_Traditional,PAV_vs_SeqPhragmen,,Resampling,100,20,,,,,,,,,,,,,,,,0.0,0.7,0.75
resampling_p0.7_phi0.75,0.2,Hamming_Traditional,PAV_vs_MES,,Resampling,100,20,,,,,,,,,,,,,,,,2.0,0.7,0.75
resampling_p0.7_phi0.75,0.2,Hamming_Traditional,SeqPhragmen_vs_MES,,Resampling,100,20,,,,,,,,,,,,,,,,2.0,0.7,0.75
resampling_p0.7_phi0.75,0.2,Hamming_Traditional,AV_vs_PAV,,Resampling,100,20,,,,,,,,,,,,,,,,0.0,0.7,0.75
resampling_p0.7_phi0.75,0.2,Hamming_Traditional,AV_vs_SeqPhragmen,,Resampling,100,20,,,,,,,,,,,,,,,,0.0,0.7,0.75
resampling_p0.7_phi0.75,0.2,Hamming_Traditional,AV_vs_MES,,Resampling,100,20,,,,,,,,,,,,,,,,2.0,0.7,0.75
resampling_p0.7_phi0.75,0.2,Cross_Hamming,PAV_vs_TaxMES,,Resampling,100,20,,,,,,,,,,,,,,,,1.0,0.7,0.75
resampling_p0.7_phi0.75,0.2,Cross_Hamming,PAV_vs_TaxPhragmen,,Resampling,100,20,,,,,,,,,,,,,,,,1.0,0.7,0.75
resampling_p0.7_phi0.75,0.2,Cross_Hamming,SeqPhragmen_vs_TaxPhragmen,,Resampling,100,20,,,,,,,,,,,,,,,,1.0,0.7,0.75
resampling_p0.7_phi0.75,0.2,Cross_Hamming,SeqPhragmen_vs_TaxMES,,Resampling,100,20,,,,,,,,,,,,,,,,1.0,0.7,0.75
resampling_p0.7_phi0.75,0.2,Cross_Hamming,MES_vs_TaxMES,,Resampling,100,20,,,,,,,,,,,,,,,,1.0,0.7,0.75
resampling_p0.7_phi0.75,0.2,Cross_Hamming,MES_vs_TaxPhragmen,,Resampling,100,20,,,,,,,,,,,,,,,,1.0,0.7,0.75
resampling_p0.7_phi0.75,0.2,Cross_Hamming,TaxPhragmen_vs_TaxMES,,Resampling,100,20,,,,,,,,,,,,,,,,0.0,0.7,0.75
resampling_p0.7_phi0.75,0.2,Cross_Hamming,AV_vs_TaxMES,,Resampling,100,20,,,,,,,,,,,,,,,,1.0,0.7,0.75
resampling_p0.7_phi0.75,0.2,Cross_Hamming,AV_vs_TaxPhragmen,,Resampling,100,20,,,,,,,,,,,,,,,,1.0,0.7,0.75
resampling_p0.7_phi1,0.2,Traditional,PAV,10.0,Resampling,100,20,68.6,65.0,73.0,60.5,68.0,13.0,6.86,7.0,0.0,0.0,0.0,0.0,0.1451,1.29,0.57,,0.7,1.0
resampling_p0.7_phi1,0.2,Traditional,SeqPhragmen,10.0,Resampling,100,20,68.6,65.0,73.0,60.5,68.0,15.0,6.86,7.0,0.0,0.0,0.0,0.0,0.1476,1.29,0.56,,0.7,1.0
resampling_p0.7_phi1,0.2,Traditional,MES,10.0,Resampling,100,20,68.6,65.0,73.0,60.5,68.0,13.0,6.86,7.0,0.0,0.0,0.0,0.0,0.1451,1.29,0.57,,0.7,1.0
resampling_p0.7_phi1,0.2,AV,AV,10.0,Resampling,100,20,68.4,65.0,73.0,60.7,68.0,13.0,6.84,7.0,0.0,0.0,0.0,0.0,0.1601,1.29,0.6,,0.7,1.0
resampling_p0.7_phi1,0.2,Tax,TaxPhragmen,9.0,Resampling,100,20,68.8889,66.0,73.0,61.0,68.0,4.0,6.2,6.0,0.0,0.0,0.0,0.0,0.1491,1.29,0.38,,0.7,1.0
resampling_p0.7_phi1,0.2,Tax,TaxMES,8.0,Resampling,100,20,69.625,68.0,73.0,61.1667,67.0,2.0,5.57,6.0,0.0,0.0,0.0,0.0,0.1461,1.29,0.36,,0.7,1.0
resampling_p0.7_phi1,0.2,Hamming_Traditional,PAV_vs_SeqPhragmen,,Resampling,100,20,,,,,,,,,,,,,,,,2.0,0.7,1.0
resampling_p0.7_phi1,0.2,Hamming_Traditional,PAV_vs_MES,,Resampling,100,20,,,,,,,,,,,,,,,,0.0,0.7,1.0
resampling_p0.7_phi1,0.2,Hamming_Traditional,SeqPhragmen_vs_MES,,Resampling,100,20,,,,,,,,,,,,,,,,2.0,0.7,1.0
resampling_p0.7_phi1,0.2,Hamming_Traditional,AV_vs_PAV,,Resampling,100,20,,,,,,,,,,,,,,,,2.0,0.7,1.0
resampling_p0.7_phi1,0.2,Hamming_Traditional,AV_vs_SeqPhragmen,,Resampling,100,20,,,,,,,,,,,,,,,,2.0,0.7,1.0
resampling_p0.7_phi1,0.2,Hamming_Traditional,AV_vs_MES,,Resampling,100,20,,,,,,,,,,,,,,,,2.0,0.7,1.0
resampling_p0.7_phi1,0.2,Cross_Hamming,PAV_vs_TaxMES,,Resampling,100,20,,,,,,,,,,,,,,,,4.0,0.7,1.0
resampling_p0.7_phi1,0.2,Cross_Hamming,PAV_vs_TaxPhragmen,,Resampling,100,20,,,,,,,,,,,,,,,,7.0,0.7,1.0
resampling_p0.7_phi1,0.2,Cross_Hamming,SeqPhragmen_vs_TaxPhragmen,,Resampling,100,20,,,,,,,,,,,,,,,,5.0,0.7,1.0
resampling_p0.7_phi1,0.2,Cross_Hamming,SeqPhragmen_vs_TaxMES,,Resampling,100,20,,,,,,,,,,,,,,,,4.0,0.7,1.0
resampling_p0.7_phi1,0.2,Cross_Hamming,MES_vs_TaxMES,,Resampling,100,20,,,,,,,,,,,,,,,,4.0,0.7,1.0
resampling_p0.7_phi1,0.2,Cross_Hamming,MES_vs_TaxPhragmen,,Resampling,100,20,,,,,,,,,,,,,,,,7.0,0.7,1.0
resampling_p0.7_phi1,0.2,Cross_Hamming,TaxPhragmen_vs_TaxMES,,Resampling,100,20,,,,,,,,,,,,,,,,5.0,0.7,1.0
resampling_p0.7_phi1,0.2,Cross_Hamming,AV_vs_TaxMES,,Resampling,100,20,,,,,,,,,,,,,,,,6.0,0.7,1.0
resampling_p0.7_phi1,0.2,Cross_Hamming,AV_vs_TaxPhragmen,,Resampling,100,20,,,,,,,,,,,,,,,,7.0,0.7,1.0
