dataset,method,rule,committee_size,elected_mean_net_score,elected_min_net_score,elected_max_net_score,non_elected_mean_net_score,best_non_elected_score,best_non_elected_candidate,mean_utility,median_utility,n_zero_or_negative,frac_zero_or_negative,n_negative,frac_negative,gini_coefficient,avg_disapprovals_per_voter,avg_elected_disapprovals_per_voter,hamming_distance
15-per-hour-seattle,Traditional,PAV,10.0,34.5,8.0,55.0,2.0682,31.0,8.0,41.1239,19.0,141.0,0.4159,52.0,0.1534,0.1361,2.7198,0.8584,
15-per-hour-seattle,Hamming_traditional,PAV_vs_SeqPhragmen,,,,,,,,,,,,,,,,,0.0
15-per-hour-seattle,Hamming_traditional,PAV_vs_MES,,,,,,,,,,,,,,,,,2.0
15-per-hour-seattle,Hamming_traditional,SeqPhragmen_vs_MES,,,,,,,,,,,,,,,,,2.0
15-per-hour-seattle,Hamming_traditional,AV_vs_PAV,,,,,,,,,,,,,,,,,2.0
15-per-hour-seattle,Hamming_traditional,AV_vs_SeqPhragmen,,,,,,,,,,,,,,,,,2.0
15-per-hour-seattle,Hamming_traditional,AV_vs_MES,,,,,,,,,,,,,,,,,4.0
15-per-hour-seattle,Cross-Hamming,PAV_vs_TaxMES,,,,,,,,,,,,,,,,,8.0
15-per-hour-seattle,Cross-Hamming,PAV_vs_TaxPhragmen,,,,,,,,,,,,,,,,,8.0
15-per-hour-seattle,Cross-Hamming,SeqPhragmen_vs_TaxPhragmen,,,,,,,,,,,,,,,,,8.0
15-per-hour-seattle,Cross-Hamming,SeqPhragmen_vs_TaxMES,,,,,,,,,,,,,,,,,8.0
15-per-hour-seattle,Cross-Hamming,MES_vs_TaxMES,,,,,,,,,,,,,,,,,8.0
15-per-hour-seattle,Cross-Hamming,MES_vs_TaxPhragmen,,,,,,,,,,,,,,,,,8.0
15-per-hour-seattle,Cross-Hamming,TaxPhragmen_vs_TaxMES,,,,,,,,,,,,,,,,,0.0
15-per-hour-seattle,Cross-Hamming,AV_vs_TaxMES,,,,,,,,,,,,,,,,,8.0
15-per-hour-seattle,Cross-Hamming,AV_vs_TaxPhragmen,,,,,,,,,,,,,,,,,8.0
15-per-hour-seattle,Traditional,SeqPhragmen,10.0,34.5,8.0,55.0,2.0682,31.0,8.0,41.1239,19.0,141.0,0.4159,52.0,0.1534,0.1361,2.7198,0.8584,
15-per-hour-seattle,Hamming_traditional,PAV_vs_SeqPhragmen,,,,,,,,,,,,,,,,,0.0
15-per-hour-seattle,Hamming_traditional,PAV_vs_MES,,,,,,,,,,,,,,,,,2.0
15-per-hour-seattle,Hamming_traditional,SeqPhragmen_vs_MES,,,,,,,,,,,,,,,,,2.0
15-per-hour-seattle,Hamming_traditional,AV_vs_PAV,,,,,,,,,,,,,,,,,2.0
15-per-hour-seattle,Hamming_traditional,AV_vs_SeqPhragmen,,,,,,,,,,,,,,,,,2.0
15-per-hour-seattle,Hamming_traditional,AV_vs_MES,,,,,,,,,,,,,,,,,4.0
15-per-hour-seattle,Cross-Hamming,PAV_vs_TaxMES,,,,,,,,,,,,,,,,,8.0
15-per-hour-seattle,Cross-Hamming,PAV_vs_TaxPhragmen,,,,,,,,,,,,,,,,,8.0
15-per-hour-seattle,Cross-Hamming,SeqPhragmen_vs_TaxPhragmen,,,,,,,,,,,,,,,,,8.0
15-per-hour-seattle,Cross-Hamming,SeqPhragmen_vs_TaxMES,,,,,,,,,,,,,,,,,8.0
15-per-hour-seattle,Cross-Hamming,MES_vs_TaxMES,,,,,,,,,,,,,,,,,8.0
15-per-hour-seattle,Cross-Hamming,MES_vs_TaxPhragmen,,,,,,,,,,,,,,,,,8.0
15-per-hour-seattle,Cross-Hamming,TaxPhragmen_vs_TaxMES,,,,,,,,,,,,,,,,,0.0
15-per-hour-seattle,Cross-Hamming,AV_vs_TaxMES,,,,,,,,,,,,,,,,,8.0
15-per-hour-seattle,Cross-Hamming,AV_vs_TaxPhragmen,,,,,,,,,,,,,,,,,8.0
15-per-hour-seattle,Traditional,MES,10.0,34.9,8.0,55.0,1.9773,31.0,8.0,41.5959,22.0,147.0,0.4336,56.0,0.1652,0.1551,2.7198,0.8407,
15-per-hour-seattle,Hamming_traditional,PAV_vs_SeqPhragmen,,,,,,,,,,,,,,,,,0.0
15-per-hour-seattle,Hamming_traditional,PAV_vs_MES,,,,,,,,,,,,,,,,,2.0
15-per-hour-seattle,Hamming_traditional,SeqPhragmen_vs_MES,,,,,,,,,,,,,,,,,2.0
15-per-hour-seattle,Hamming_traditional,AV_vs_PAV,,,,,,,,,,,,,,,,,2.0
15-per-hour-seattle,Hamming_traditional,AV_vs_SeqPhragmen,,,,,,,,,,,,,,,,,2.0
15-per-hour-seattle,Hamming_traditional,AV_vs_MES,,,,,,,,,,,,,,,,,4.0
15-per-hour-seattle,Cross-Hamming,PAV_vs_TaxMES,,,,,,,,,,,,,,,,,8.0
15-per-hour-seattle,Cross-Hamming,PAV_vs_TaxPhragmen,,,,,,,,,,,,,,,,,8.0
15-per-hour-seattle,Cross-Hamming,SeqPhragmen_vs_TaxPhragmen,,,,,,,,,,,,,,,,,8.0
15-per-hour-seattle,Cross-Hamming,SeqPhragmen_vs_TaxMES,,,,,,,,,,,,,,,,,8.0
15-per-hour-seattle,Cross-Hamming,MES_vs_TaxMES,,,,,,,,,,,,,,,,,8.0
15-per-hour-seattle,Cross-Hamming,MES_vs_TaxPhragmen,,,,,,,,,,,,,,,,,8.0
15-per-hour-seattle,Cross-Hamming,TaxPhragmen_vs_TaxMES,,,,,,,,,,,,,,,,,0.0
15-per-hour-seattle,Cross-Hamming,AV_vs_TaxMES,,,,,,,,,,,,,,,,,8.0
15-per-hour-seattle,Cross-Hamming,AV_vs_TaxPhragmen,,,,,,,,,,,,,,,,,8.0
15-per-hour-seattle,AV,AV,10.0,36.8,18.0,55.0,1.5455,29.0,18.0,43.7699,26.0,141.0,0.4159,48.0,0.1416,0.1369,2.7198,0.8201,
15-per-hour-seattle,Hamming_traditional,PAV_vs_SeqPhragmen,,,,,,,,,,,,,,,,,0.0
15-per-hour-seattle,Hamming_traditional,PAV_vs_MES,,,,,,,,,,,,,,,,,2.0
15-per-hour-seattle,Hamming_traditional,SeqPhragmen_vs_MES,,,,,,,,,,,,,,,,,2.0
15-per-hour-seattle,Hamming_traditional,AV_vs_PAV,,,,,,,,,,,,,,,,,2.0
15-per-hour-seattle,Hamming_traditional,AV_vs_SeqPhragmen,,,,,,,,,,,,,,,,,2.0
15-per-hour-seattle,Hamming_traditional,AV_vs_MES,,,,,,,,,,,,,,,,,4.0
15-per-hour-seattle,Cross-Hamming,PAV_vs_TaxMES,,,,,,,,,,,,,,,,,8.0
15-per-hour-seattle,Cross-Hamming,PAV_vs_TaxPhragmen,,,,,,,,,,,,,,,,,8.0
15-per-hour-seattle,Cross-Hamming,SeqPhragmen_vs_TaxPhragmen,,,,,,,,,,,,,,,,,8.0
15-per-hour-seattle,Cross-Hamming,SeqPhragmen_vs_TaxMES,,,,,,,,,,,,,,,,,8.0
15-per-hour-seattle,Cross-Hamming,MES_vs_TaxMES,,,,,,,,,,,,,,,,,8.0
15-per-hour-seattle,Cross-Hamming,MES_vs_TaxPhragmen,,,,,,,,,,,,,,,,,8.0
15-per-hour-seattle,Cross-Hamming,TaxPhragmen_vs_TaxMES,,,,,,,,,,,,,,,,,0.0
15-per-hour-seattle,Cross-Hamming,AV_vs_TaxMES,,,,,,,,,,,,,,,,,8.0
15-per-hour-seattle,Cross-Hamming,AV_vs_TaxPhragmen,,,,,,,,,,,,,,,,,8.0
15-per-hour-seattle,Tax,TaxPhragmen,2.0,54.5,54.0,55.0,6.2885,42.0,45.0,17.5251,0.0,225.0,0.6637,31.0,0.0914,0.1876,2.7198,0.1475,
15-per-hour-seattle,Hamming_traditional,PAV_vs_SeqPhragmen,,,,,,,,,,,,,,,,,0.0
15-per-hour-seattle,Hamming_traditional,PAV_vs_MES,,,,,,,,,,,,,,,,,2.0
15-per-hour-seattle,Hamming_traditional,SeqPhragmen_vs_MES,,,,,,,,,,,,,,,,,2.0
15-per-hour-seattle,Hamming_traditional,AV_vs_PAV,,,,,,,,,,,,,,,,,2.0
15-per-hour-seattle,Hamming_traditional,AV_vs_SeqPhragmen,,,,,,,,,,,,,,,,,2.0
15-per-hour-seattle,Hamming_traditional,AV_vs_MES,,,,,,,,,,,,,,,,,4.0
15-per-hour-seattle,Cross-Hamming,PAV_vs_TaxMES,,,,,,,,,,,,,,,,,8.0
15-per-hour-seattle,Cross-Hamming,PAV_vs_TaxPhragmen,,,,,,,,,,,,,,,,,8.0
15-per-hour-seattle,Cross-Hamming,SeqPhragmen_vs_TaxPhragmen,,,,,,,,,,,,,,,,,8.0
15-per-hour-seattle,Cross-Hamming,SeqPhragmen_vs_TaxMES,,,,,,,,,,,,,,,,,8.0
15-per-hour-seattle,Cross-Hamming,MES_vs_TaxMES,,,,,,,,,,,,,,,,,8.0
15-per-hour-seattle,Cross-Hamming,MES_vs_TaxPhragmen,,,,,,,,,,,,,,,,,8.0
15-per-hour-seattle,Cross-Hamming,TaxPhragmen_vs_TaxMES,,,,,,,,,,,,,,,,,0.0
15-per-hour-seattle,Cross-Hamming,AV_vs_TaxMES,,,,,,,,,,,,,,,,,8.0
15-per-hour-seattle,Cross-Hamming,AV_vs_TaxPhragmen,,,,,,,,,,,,,,,,,8.0
15-per-hour-seattle,Tax,TaxMES,2.0,54.5,54.0,55.0,6.2885,42.0,45.0,17.5251,0.0,225.0,0.6637,31.0,0.0914,0.1876,2.7198,0.1475,
15-per-hour-seattle,Hamming_traditional,PAV_vs_SeqPhragmen,,,,,,,,,,,,,,,,,0.0
15-per-hour-seattle,Hamming_traditional,PAV_vs_MES,,,,,,,,,,,,,,,,,2.0
15-per-hour-seattle,Hamming_traditional,SeqPhragmen_vs_MES,,,,,,,,,,,,,,,,,2.0
15-per-hour-seattle,Hamming_traditional,AV_vs_PAV,,,,,,,,,,,,,,,,,2.0
15-per-hour-seattle,Hamming_traditional,AV_vs_SeqPhragmen,,,,,,,,,,,,,,,,,2.0
15-per-hour-seattle,Hamming_traditional,AV_vs_MES,,,,,,,,,,,,,,,,,4.0
15-per-hour-seattle,Cross-Hamming,PAV_vs_TaxMES,,,,,,,,,,,,,,,,,8.0
15-per-hour-seattle,Cross-Hamming,PAV_vs_TaxPhragmen,,,,,,,,,,,,,,,,,8.0
15-per-hour-seattle,Cross-Hamming,SeqPhragmen_vs_TaxPhragmen,,,,,,,,,,,,,,,,,8.0
15-per-hour-seattle,Cross-Hamming,SeqPhragmen_vs_TaxMES,,,,,,,,,,,,,,,,,8.0
15-per-hour-seattle,Cross-Hamming,MES_vs_TaxMES,,,,,,,,,,,,,,,,,8.0
15-per-hour-seattle,Cross-Hamming,MES_vs_TaxPhragmen,,,,,,,,,,,,,,,,,8.0
15-per-hour-seattle,Cross-Hamming,TaxPhragmen_vs_TaxMES,,,,,,,,,,,,,,,,,0.0
15-per-hour-seattle,Cross-Hamming,AV_vs_TaxMES,,,,,,,,,,,,,,,,,8.0
15-per-hour-seattle,Cross-Hamming,AV_vs_TaxPhragmen,,,,,,,,,,,,,,,,,8.0
american-assembly.bowling-green,Traditional,PAV,10.0,481.8,188.0,636.0,74.816,580.0,64.0,1235.9655,762.0,697.0,0.3432,165.0,0.0812,0.1802,19.0286,0.7661,
american-assembly.bowling-green,Hamming_traditional,PAV_vs_SeqPhragmen,,,,,,,,,,,,,,,,,0.0
american-assembly.bowling-green,Hamming_traditional,PAV_vs_MES,,,,,,,,,,,,,,,,,0.0
american-assembly.bowling-green,Hamming_traditional,SeqPhragmen_vs_MES,,,,,,,,,,,,,,,,,0.0
american-assembly.bowling-green,Hamming_traditional,AV_vs_PAV,,,,,,,,,,,,,,,,,4.0
american-assembly.bowling-green,Hamming_traditional,AV_vs_SeqPhragmen,,,,,,,,,,,,,,,,,4.0
american-assembly.bowling-green,Hamming_traditional,AV_vs_MES,,,,,,,,,,,,,,,,,4.0
american-assembly.bowling-green,Cross-Hamming,PAV_vs_TaxMES,,,,,,,,,,,,,,,,,6.0
american-assembly.bowling-green,Cross-Hamming,PAV_vs_TaxPhragmen,,,,,,,,,,,,,,,,,6.0
american-assembly.bowling-green,Cross-Hamming,SeqPhragmen_vs_TaxPhragmen,,,,,,,,,,,,,,,,,6.0
american-assembly.bowling-green,Cross-Hamming,SeqPhragmen_vs_TaxMES,,,,,,,,,,,,,,,,,6.0
american-assembly.bowling-green,Cross-Hamming,MES_vs_TaxMES,,,,,,,,,,,,,,,,,6.0
american-assembly.bowling-green,Cross-Hamming,MES_vs_TaxPhragmen,,,,,,,,,,,,,,,,,6.0
american-assembly.bowling-green,Cross-Hamming,TaxPhragmen_vs_TaxMES,,,,,,,,,,,,,,,,,2.0
american-assembly.bowling-green,Cross-Hamming,AV_vs_TaxMES,,,,,,,,,,,,,,,,,6.0
american-assembly.bowling-green,Cross-Hamming,AV_vs_TaxPhragmen,,,,,,,,,,,,,,,,,6.0
american-assembly.bowling-green,Traditional,SeqPhragmen,10.0,481.8,188.0,636.0,74.816,580.0,64.0,1235.9655,762.0,697.0,0.3432,165.0,0.0812,0.1802,19.0286,0.7661,
american-assembly.bowling-green,Hamming_traditional,PAV_vs_SeqPhragmen,,,,,,,,,,,,,,,,,0.0
american-assembly.bowling-green,Hamming_traditional,PAV_vs_MES,,,,,,,,,,,,,,,,,0.0
american-assembly.bowling-green,Hamming_traditional,SeqPhragmen_vs_MES,,,,,,,,,,,,,,,,,0.0
american-assembly.bowling-green,Hamming_traditional,AV_vs_PAV,,,,,,,,,,,,,,,,,4.0
american-assembly.bowling-green,Hamming_traditional,AV_vs_SeqPhragmen,,,,,,,,,,,,,,,,,4.0
american-assembly.bowling-green,Hamming_traditional,AV_vs_MES,,,,,,,,,,,,,,,,,4.0
american-assembly.bowling-green,Cross-Hamming,PAV_vs_TaxMES,,,,,,,,,,,,,,,,,6.0
american-assembly.bowling-green,Cross-Hamming,PAV_vs_TaxPhragmen,,,,,,,,,,,,,,,,,6.0
american-assembly.bowling-green,Cross-Hamming,SeqPhragmen_vs_TaxPhragmen,,,,,,,,,,,,,,,,,6.0
american-assembly.bowling-green,Cross-Hamming,SeqPhragmen_vs_TaxMES,,,,,,,,,,,,,,,,,6.0
american-assembly.bowling-green,Cross-Hamming,MES_vs_TaxMES,,,,,,,,,,,,,,,,,6.0
american-assembly.bowling-green,Cross-Hamming,MES_vs_TaxPhragmen,,,,,,,,,,,,,,,,,6.0
american-assembly.bowling-green,Cross-Hamming,TaxPhragmen_vs_TaxMES,,,,,,,,,,,,,,,,,2.0
american-assembly.bowling-green,Cross-Hamming,AV_vs_TaxMES,,,,,,,,,,,,,,,,,6.0
american-assembly.bowling-green,Cross-Hamming,AV_vs_TaxPhragmen,,,,,,,,,,,,,,,,,6.0
american-assembly.bowling-green,Traditional,MES,10.0,481.8,188.0,636.0,74.816,580.0,64.0,1235.9655,762.0,697.0,0.3432,165.0,0.0812,0.1802,19.0286,0.7661,
american-assembly.bowling-green,Hamming_traditional,PAV_vs_SeqPhragmen,,,,,,,,,,,,,,,,,0.0
american-assembly.bowling-green,Hamming_traditional,PAV_vs_MES,,,,,,,,,,,,,,,,,0.0
american-assembly.bowling-green,Hamming_traditional,SeqPhragmen_vs_MES,,,,,,,,,,,,,,,,,0.0
american-assembly.bowling-green,Hamming_traditional,AV_vs_PAV,,,,,,,,,,,,,,,,,4.0
american-assembly.bowling-green,Hamming_traditional,AV_vs_SeqPhragmen,,,,,,,,,,,,,,,,,4.0
american-assembly.bowling-green,Hamming_traditional,AV_vs_MES,,,,,,,,,,,,,,,,,4.0
american-assembly.bowling-green,Cross-Hamming,PAV_vs_TaxMES,,,,,,,,,,,,,,,,,6.0
american-assembly.bowling-green,Cross-Hamming,PAV_vs_TaxPhragmen,,,,,,,,,,,,,,,,,6.0
american-assembly.bowling-green,Cross-Hamming,SeqPhragmen_vs_TaxPhragmen,,,,,,,,,,,,,,,,,6.0
american-assembly.bowling-green,Cross-Hamming,SeqPhragmen_vs_TaxMES,,,,,,,,,,,,,,,,,6.0
american-assembly.bowling-green,Cross-Hamming,MES_vs_TaxMES,,,,,,,,,,,,,,,,,6.0
american-assembly.bowling-green,Cross-Hamming,MES_vs_TaxPhragmen,,,,,,,,,,,,,,,,,6.0
american-assembly.bowling-green,Cross-Hamming,TaxPhragmen_vs_TaxMES,,,,,,,,,,,,,,,,,2.0
american-assembly.bowling-green,Cross-Hamming,AV_vs_TaxMES,,,,,,,,,,,,,,,,,6.0
american-assembly.bowling-green,Cross-Hamming,AV_vs_TaxPhragmen,,,,,,,,,,,,,,,,,6.0
american-assembly.bowling-green,AV,AV,10.0,528.3,379.0,636.0,74.2912,554.0,66.0,1414.352,875.0,697.0,0.3432,139.0,0.0684,0.1838,19.0286,0.5608,
american-assembly.bowling-green,Hamming_traditional,PAV_vs_SeqPhragmen,,,,,,,,,,,,,,,,,0.0
american-assembly.bowling-green,Hamming_traditional,PAV_vs_MES,,,,,,,,,,,,,,,,,0.0
american-assembly.bowling-green,Hamming_traditional,SeqPhragmen_vs_MES,,,,,,,,,,,,,,,,,0.0
american-assembly.bowling-green,Hamming_traditional,AV_vs_PAV,,,,,,,,,,,,,,,,,4.0
american-assembly.bowling-green,Hamming_traditional,AV_vs_SeqPhragmen,,,,,,,,,,,,,,,,,4.0
american-assembly.bowling-green,Hamming_traditional,AV_vs_MES,,,,,,,,,,,,,,,,,4.0
american-assembly.bowling-green,Cross-Hamming,PAV_vs_TaxMES,,,,,,,,,,,,,,,,,6.0
american-assembly.bowling-green,Cross-Hamming,PAV_vs_TaxPhragmen,,,,,,,,,,,,,,,,,6.0
american-assembly.bowling-green,Cross-Hamming,SeqPhragmen_vs_TaxPhragmen,,,,,,,,,,,,,,,,,6.0
american-assembly.bowling-green,Cross-Hamming,SeqPhragmen_vs_TaxMES,,,,,,,,,,,,,,,,,6.0
american-assembly.bowling-green,Cross-Hamming,MES_vs_TaxMES,,,,,,,,,,,,,,,,,6.0
american-assembly.bowling-green,Cross-Hamming,MES_vs_TaxPhragmen,,,,,,,,,,,,,,,,,6.0
american-assembly.bowling-green,Cross-Hamming,TaxPhragmen_vs_TaxMES,,,,,,,,,,,,,,,,,2.0
american-assembly.bowling-green,Cross-Hamming,AV_vs_TaxMES,,,,,,,,,,,,,,,,,6.0
american-assembly.bowling-green,Cross-Hamming,AV_vs_TaxPhragmen,,,,,,,,,,,,,,,,,6.0
american-assembly.bowling-green,Tax,TaxPhragmen,4.0,607.0,580.0,636.0,76.9922,580.0,64.0,726.9453,580.0,920.0,0.453,64.0,0.0315,0.1503,19.0286,0.1029,
american-assembly.bowling-green,Hamming_traditional,PAV_vs_SeqPhragmen,,,,,,,,,,,,,,,,,0.0
american-assembly.bowling-green,Hamming_traditional,PAV_vs_MES,,,,,,,,,,,,,,,,,0.0
american-assembly.bowling-green,Hamming_traditional,SeqPhragmen_vs_MES,,,,,,,,,,,,,,,,,0.0
american-assembly.bowling-green,Hamming_traditional,AV_vs_PAV,,,,,,,,,,,,,,,,,4.0
american-assembly.bowling-green,Hamming_traditional,AV_vs_SeqPhragmen,,,,,,,,,,,,,,,,,4.0
american-assembly.bowling-green,Hamming_traditional,AV_vs_MES,,,,,,,,,,,,,,,,,4.0
american-assembly.bowling-green,Cross-Hamming,PAV_vs_TaxMES,,,,,,,,,,,,,,,,,6.0
american-assembly.bowling-green,Cross-Hamming,PAV_vs_TaxPhragmen,,,,,,,,,,,,,,,,,6.0
american-assembly.bowling-green,Cross-Hamming,SeqPhragmen_vs_TaxPhragmen,,,,,,,,,,,,,,,,,6.0
american-assembly.bowling-green,Cross-Hamming,SeqPhragmen_vs_TaxMES,,,,,,,,,,,,,,,,,6.0
american-assembly.bowling-green,Cross-Hamming,MES_vs_TaxMES,,,,,,,,,,,,,,,,,6.0
american-assembly.bowling-green,Cross-Hamming,MES_vs_TaxPhragmen,,,,,,,,,,,,,,,,,6.0
american-assembly.bowling-green,Cross-Hamming,TaxPhragmen_vs_TaxMES,,,,,,,,,,,,,,,,,2.0
american-assembly.bowling-green,Cross-Hamming,AV_vs_TaxMES,,,,,,,,,,,,,,,,,6.0
american-assembly.bowling-green,Cross-Hamming,AV_vs_TaxPhragmen,,,,,,,,,,,,,,,,,6.0
american-assembly.bowling-green,Tax,TaxMES,4.0,586.0,496.0,636.0,77.0863,580.0,64.0,682.4431,496.0,885.0,0.4357,90.0,0.0443,0.1517,19.0286,0.1728,
american-assembly.bowling-green,Hamming_traditional,PAV_vs_SeqPhragmen,,,,,,,,,,,,,,,,,0.0
american-assembly.bowling-green,Hamming_traditional,PAV_vs_MES,,,,,,,,,,,,,,,,,0.0
american-assembly.bowling-green,Hamming_traditional,SeqPhragmen_vs_MES,,,,,,,,,,,,,,,,,0.0
american-assembly.bowling-green,Hamming_traditional,AV_vs_PAV,,,,,,,,,,,,,,,,,4.0
american-assembly.bowling-green,Hamming_traditional,AV_vs_SeqPhragmen,,,,,,,,,,,,,,,,,4.0
american-assembly.bowling-green,Hamming_traditional,AV_vs_MES,,,,,,,,,,,,,,,,,4.0
american-assembly.bowling-green,Cross-Hamming,PAV_vs_TaxMES,,,,,,,,,,,,,,,,,6.0
american-assembly.bowling-green,Cross-Hamming,PAV_vs_TaxPhragmen,,,,,,,,,,,,,,,,,6.0
american-assembly.bowling-green,Cross-Hamming,SeqPhragmen_vs_TaxPhragmen,,,,,,,,,,,,,,,,,6.0
american-assembly.bowling-green,Cross-Hamming,SeqPhragmen_vs_TaxMES,,,,,,,,,,,,,,,,,6.0
american-assembly.bowling-green,Cross-Hamming,MES_vs_TaxMES,,,,,,,,,,,,,,,,,6.0
american-assembly.bowling-green,Cross-Hamming,MES_vs_TaxPhragmen,,,,,,,,,,,,,,,,,6.0
american-assembly.bowling-green,Cross-Hamming,TaxPhragmen_vs_TaxMES,,,,,,,,,,,,,,,,,2.0
american-assembly.bowling-green,Cross-Hamming,AV_vs_TaxMES,,,,,,,,,,,,,,,,,6.0
american-assembly.bowling-green,Cross-Hamming,AV_vs_TaxPhragmen,,,,,,,,,,,,,,,,,6.0
austria-climate.2vkxcncppn.2022-07-07,Traditional,PAV,10.0,543.4,431.0,604.0,42.3353,584.0,46.0,1698.3212,1535.0,494.0,0.2813,209.0,0.119,0.1675,13.3274,0.8702,
austria-climate.2vkxcncppn.2022-07-07,Hamming_traditional,PAV_vs_SeqPhragmen,,,,,,,,,,,,,,,,,2.0
austria-climate.2vkxcncppn.2022-07-07,Hamming_traditional,PAV_vs_MES,,,,,,,,,,,,,,,,,0.0
austria-climate.2vkxcncppn.2022-07-07,Hamming_traditional,SeqPhragmen_vs_MES,,,,,,,,,,,,,,,,,2.0
austria-climate.2vkxcncppn.2022-07-07,Hamming_traditional,AV_vs_PAV,,,,,,,,,,,,,,,,,2.0
austria-climate.2vkxcncppn.2022-07-07,Hamming_traditional,AV_vs_SeqPhragmen,,,,,,,,,,,,,,,,,2.0
austria-climate.2vkxcncppn.2022-07-07,Hamming_traditional,AV_vs_MES,,,,,,,,,,,,,,,,,2.0
austria-climate.2vkxcncppn.2022-07-07,Cross-Hamming,PAV_vs_TaxMES,,,,,,,,,,,,,,,,,6.0
austria-climate.2vkxcncppn.2022-07-07,Cross-Hamming,PAV_vs_TaxPhragmen,,,,,,,,,,,,,,,,,6.0
austria-climate.2vkxcncppn.2022-07-07,Cross-Hamming,SeqPhragmen_vs_TaxPhragmen,,,,,,,,,,,,,,,,,6.0
austria-climate.2vkxcncppn.2022-07-07,Cross-Hamming,SeqPhragmen_vs_TaxMES,,,,,,,,,,,,,,,,,6.0
austria-climate.2vkxcncppn.2022-07-07,Cross-Hamming,MES_vs_TaxMES,,,,,,,,,,,,,,,,,6.0
austria-climate.2vkxcncppn.2022-07-07,Cross-Hamming,MES_vs_TaxPhragmen,,,,,,,,,,,,,,,,,6.0
austria-climate.2vkxcncppn.2022-07-07,Cross-Hamming,TaxPhragmen_vs_TaxMES,,,,,,,,,,,,,,,,,2.0
austria-climate.2vkxcncppn.2022-07-07,Cross-Hamming,AV_vs_TaxMES,,,,,,,,,,,,,,,,,6.0
austria-climate.2vkxcncppn.2022-07-07,Cross-Hamming,AV_vs_TaxPhragmen,,,,,,,,,,,,,,,,,6.0
austria-climate.2vkxcncppn.2022-07-07,Traditional,SeqPhragmen,10.0,546.1,431.0,604.0,42.309,584.0,46.0,1714.0199,1536.0,482.0,0.2745,204.0,0.1162,0.1699,13.3274,0.8702,
austria-climate.2vkxcncppn.2022-07-07,Hamming_traditional,PAV_vs_SeqPhragmen,,,,,,,,,,,,,,,,,2.0
austria-climate.2vkxcncppn.2022-07-07,Hamming_traditional,PAV_vs_MES,,,,,,,,,,,,,,,,,0.0
austria-climate.2vkxcncppn.2022-07-07,Hamming_traditional,SeqPhragmen_vs_MES,,,,,,,,,,,,,,,,,2.0
austria-climate.2vkxcncppn.2022-07-07,Hamming_traditional,AV_vs_PAV,,,,,,,,,,,,,,,,,2.0
austria-climate.2vkxcncppn.2022-07-07,Hamming_traditional,AV_vs_SeqPhragmen,,,,,,,,,,,,,,,,,2.0
austria-climate.2vkxcncppn.2022-07-07,Hamming_traditional,AV_vs_MES,,,,,,,,,,,,,,,,,2.0
austria-climate.2vkxcncppn.2022-07-07,Cross-Hamming,PAV_vs_TaxMES,,,,,,,,,,,,,,,,,6.0
austria-climate.2vkxcncppn.2022-07-07,Cross-Hamming,PAV_vs_TaxPhragmen,,,,,,,,,,,,,,,,,6.0
austria-climate.2vkxcncppn.2022-07-07,Cross-Hamming,SeqPhragmen_vs_TaxPhragmen,,,,,,,,,,,,,,,,,6.0
austria-climate.2vkxcncppn.2022-07-07,Cross-Hamming,SeqPhragmen_vs_TaxMES,,,,,,,,,,,,,,,,,6.0
austria-climate.2vkxcncppn.2022-07-07,Cross-Hamming,MES_vs_TaxMES,,,,,,,,,,,,,,,,,6.0
austria-climate.2vkxcncppn.2022-07-07,Cross-Hamming,MES_vs_TaxPhragmen,,,,,,,,,,,,,,,,,6.0
austria-climate.2vkxcncppn.2022-07-07,Cross-Hamming,TaxPhragmen_vs_TaxMES,,,,,,,,,,,,,,,,,2.0
austria-climate.2vkxcncppn.2022-07-07,Cross-Hamming,AV_vs_TaxMES,,,,,,,,,,,,,,,,,6.0
austria-climate.2vkxcncppn.2022-07-07,Cross-Hamming,AV_vs_TaxPhragmen,,,,,,,,,,,,,,,,,6.0
austria-climate.2vkxcncppn.2022-07-07,Traditional,MES,10.0,543.4,431.0,604.0,42.3353,584.0,46.0,1698.3212,1535.0,494.0,0.2813,209.0,0.119,0.1675,13.3274,0.8702,
austria-climate.2vkxcncppn.2022-07-07,Hamming_traditional,PAV_vs_SeqPhragmen,,,,,,,,,,,,,,,,,2.0
austria-climate.2vkxcncppn.2022-07-07,Hamming_traditional,PAV_vs_MES,,,,,,,,,,,,,,,,,0.0
austria-climate.2vkxcncppn.2022-07-07,Hamming_traditional,SeqPhragmen_vs_MES,,,,,,,,,,,,,,,,,2.0
austria-climate.2vkxcncppn.2022-07-07,Hamming_traditional,AV_vs_PAV,,,,,,,,,,,,,,,,,2.0
austria-climate.2vkxcncppn.2022-07-07,Hamming_traditional,AV_vs_SeqPhragmen,,,,,,,,,,,,,,,,,2.0
austria-climate.2vkxcncppn.2022-07-07,Hamming_traditional,AV_vs_MES,,,,,,,,,,,,,,,,,2.0
austria-climate.2vkxcncppn.2022-07-07,Cross-Hamming,PAV_vs_TaxMES,,,,,,,,,,,,,,,,,6.0
austria-climate.2vkxcncppn.2022-07-07,Cross-Hamming,PAV_vs_TaxPhragmen,,,,,,,,,,,,,,,,,6.0
austria-climate.2vkxcncppn.2022-07-07,Cross-Hamming,SeqPhragmen_vs_TaxPhragmen,,,,,,,,,,,,,,,,,6.0
austria-climate.2vkxcncppn.2022-07-07,Cross-Hamming,SeqPhragmen_vs_TaxMES,,,,,,,,,,,,,,,,,6.0
austria-climate.2vkxcncppn.2022-07-07,Cross-Hamming,MES_vs_TaxMES,,,,,,,,,,,,,,,,,6.0
austria-climate.2vkxcncppn.2022-07-07,Cross-Hamming,MES_vs_TaxPhragmen,,,,,,,,,,,,,,,,,6.0
austria-climate.2vkxcncppn.2022-07-07,Cross-Hamming,TaxPhragmen_vs_TaxMES,,,,,,,,,,,,,,,,,2.0
austria-climate.2vkxcncppn.2022-07-07,Cross-Hamming,AV_vs_TaxMES,,,,,,,,,,,,,,,,,6.0
austria-climate.2vkxcncppn.2022-07-07,Cross-Hamming,AV_vs_TaxPhragmen,,,,,,,,,,,,,,,,,6.0
austria-climate.2vkxcncppn.2022-07-07,AV,AV,10.0,552.1,431.0,604.0,42.2507,540.0,32.0,1751.8787,1536.0,487.0,0.2773,204.0,0.1162,0.17,13.3274,0.8719,
austria-climate.2vkxcncppn.2022-07-07,Hamming_traditional,PAV_vs_SeqPhragmen,,,,,,,,,,,,,,,,,2.0
austria-climate.2vkxcncppn.2022-07-07,Hamming_traditional,PAV_vs_MES,,,,,,,,,,,,,,,,,0.0
austria-climate.2vkxcncppn.2022-07-07,Hamming_traditional,SeqPhragmen_vs_MES,,,,,,,,,,,,,,,,,2.0
austria-climate.2vkxcncppn.2022-07-07,Hamming_traditional,AV_vs_PAV,,,,,,,,,,,,,,,,,2.0
austria-climate.2vkxcncppn.2022-07-07,Hamming_traditional,AV_vs_SeqPhragmen,,,,,,,,,,,,,,,,,2.0
austria-climate.2vkxcncppn.2022-07-07,Hamming_traditional,AV_vs_MES,,,,,,,,,,,,,,,,,2.0
austria-climate.2vkxcncppn.2022-07-07,Cross-Hamming,PAV_vs_TaxMES,,,,,,,,,,,,,,,,,6.0
austria-climate.2vkxcncppn.2022-07-07,Cross-Hamming,PAV_vs_TaxPhragmen,,,,,,,,,,,,,,,,,6.0
austria-climate.2vkxcncppn.2022-07-07,Cross-Hamming,SeqPhragmen_vs_TaxPhragmen,,,,,,,,,,,,,,,,,6.0
austria-climate.2vkxcncppn.2022-07-07,Cross-Hamming,SeqPhragmen_vs_TaxMES,,,,,,,,,,,,,,,,,6.0
austria-climate.2vkxcncppn.2022-07-07,Cross-Hamming,MES_vs_TaxMES,,,,,,,,,,,,,,,,,6.0
austria-climate.2vkxcncppn.2022-07-07,Cross-Hamming,MES_vs_TaxPhragmen,,,,,,,,,,,,,,,,,6.0
austria-climate.2vkxcncppn.2022-07-07,Cross-Hamming,TaxPhragmen_vs_TaxMES,,,,,,,,,,,,,,,,,2.0
austria-climate.2vkxcncppn.2022-07-07,Cross-Hamming,AV_vs_TaxMES,,,,,,,,,,,,,,,,,6.0
austria-climate.2vkxcncppn.2022-07-07,Cross-Hamming,AV_vs_TaxPhragmen,,,,,,,,,,,,,,,,,6.0
austria-climate.2vkxcncppn.2022-07-07,Tax,TaxPhragmen,4.0,587.25,557.0,604.0,45.0705,597.0,53.0,786.2978,595.0,602.0,0.3428,156.0,0.0888,0.1786,13.3274,0.2956,
austria-climate.2vkxcncppn.2022-07-07,Hamming_traditional,PAV_vs_SeqPhragmen,,,,,,,,,,,,,,,,,2.0
austria-climate.2vkxcncppn.2022-07-07,Hamming_traditional,PAV_vs_MES,,,,,,,,,,,,,,,,,0.0
austria-climate.2vkxcncppn.2022-07-07,Hamming_traditional,SeqPhragmen_vs_MES,,,,,,,,,,,,,,,,,2.0
austria-climate.2vkxcncppn.2022-07-07,Hamming_traditional,AV_vs_PAV,,,,,,,,,,,,,,,,,2.0
austria-climate.2vkxcncppn.2022-07-07,Hamming_traditional,AV_vs_SeqPhragmen,,,,,,,,,,,,,,,,,2.0
austria-climate.2vkxcncppn.2022-07-07,Hamming_traditional,AV_vs_MES,,,,,,,,,,,,,,,,,2.0
austria-climate.2vkxcncppn.2022-07-07,Cross-Hamming,PAV_vs_TaxMES,,,,,,,,,,,,,,,,,6.0
austria-climate.2vkxcncppn.2022-07-07,Cross-Hamming,PAV_vs_TaxPhragmen,,,,,,,,,,,,,,,,,6.0
austria-climate.2vkxcncppn.2022-07-07,Cross-Hamming,SeqPhragmen_vs_TaxPhragmen,,,,,,,,,,,,,,,,,6.0
austria-climate.2vkxcncppn.2022-07-07,Cross-Hamming,SeqPhragmen_vs_TaxMES,,,,,,,,,,,,,,,,,6.0
austria-climate.2vkxcncppn.2022-07-07,Cross-Hamming,MES_vs_TaxMES,,,,,,,,,,,,,,,,,6.0
austria-climate.2vkxcncppn.2022-07-07,Cross-Hamming,MES_vs_TaxPhragmen,,,,,,,,,,,,,,,,,6.0
austria-climate.2vkxcncppn.2022-07-07,Cross-Hamming,TaxPhragmen_vs_TaxMES,,,,,,,,,,,,,,,,,2.0
austria-climate.2vkxcncppn.2022-07-07,Cross-Hamming,AV_vs_TaxMES,,,,,,,,,,,,,,,,,6.0
austria-climate.2vkxcncppn.2022-07-07,Cross-Hamming,AV_vs_TaxPhragmen,,,,,,,,,,,,,,,,,6.0
austria-climate.2vkxcncppn.2022-07-07,Tax,TaxMES,4.0,588.25,557.0,604.0,45.0667,593.0,13.0,789.0085,597.0,632.0,0.3599,182.0,0.1036,0.1893,13.3274,0.3371,
austria-climate.2vkxcncppn.2022-07-07,Hamming_traditional,PAV_vs_SeqPhragmen,,,,,,,,,,,,,,,,,2.0
austria-climate.2vkxcncppn.2022-07-07,Hamming_traditional,PAV_vs_MES,,,,,,,,,,,,,,,,,0.0
austria-climate.2vkxcncppn.2022-07-07,Hamming_traditional,SeqPhragmen_vs_MES,,,,,,,,,,,,,,,,,2.0
austria-climate.2vkxcncppn.2022-07-07,Hamming_traditional,AV_vs_PAV,,,,,,,,,,,,,,,,,2.0
austria-climate.2vkxcncppn.2022-07-07,Hamming_traditional,AV_vs_SeqPhragmen,,,,,,,,,,,,,,,,,2.0
austria-climate.2vkxcncppn.2022-07-07,Hamming_traditional,AV_vs_MES,,,,,,,,,,,,,,,,,2.0
austria-climate.2vkxcncppn.2022-07-07,Cross-Hamming,PAV_vs_TaxMES,,,,,,,,,,,,,,,,,6.0
austria-climate.2vkxcncppn.2022-07-07,Cross-Hamming,PAV_vs_TaxPhragmen,,,,,,,,,,,,,,,,,6.0
austria-climate.2vkxcncppn.2022-07-07,Cross-Hamming,SeqPhragmen_vs_TaxPhragmen,,,,,,,,,,,,,,,,,6.0
austria-climate.2vkxcncppn.2022-07-07,Cross-Hamming,SeqPhragmen_vs_TaxMES,,,,,,,,,,,,,,,,,6.0
austria-climate.2vkxcncppn.2022-07-07,Cross-Hamming,MES_vs_TaxMES,,,,,,,,,,,,,,,,,6.0
austria-climate.2vkxcncppn.2022-07-07,Cross-Hamming,MES_vs_TaxPhragmen,,,,,,,,,,,,,,,,,6.0
austria-climate.2vkxcncppn.2022-07-07,Cross-Hamming,TaxPhragmen_vs_TaxMES,,,,,,,,,,,,,,,,,2.0
austria-climate.2vkxcncppn.2022-07-07,Cross-Hamming,AV_vs_TaxMES,,,,,,,,,,,,,,,,,6.0
austria-climate.2vkxcncppn.2022-07-07,Cross-Hamming,AV_vs_TaxPhragmen,,,,,,,,,,,,,,,,,6.0
austria-climate.5twd2jsnkf.2022-08-08,Traditional,PAV,10.0,394.3,293.0,467.0,48.9062,431.0,41.0,1413.259,961.0,282.0,0.2527,112.0,0.1004,0.1744,8.2643,0.672,
austria-climate.5twd2jsnkf.2022-08-08,Hamming_traditional,PAV_vs_SeqPhragmen,,,,,,,,,,,,,,,,,2.0
austria-climate.5twd2jsnkf.2022-08-08,Hamming_traditional,PAV_vs_MES,,,,,,,,,,,,,,,,,2.0
austria-climate.5twd2jsnkf.2022-08-08,Hamming_traditional,SeqPhragmen_vs_MES,,,,,,,,,,,,,,,,,2.0
austria-climate.5twd2jsnkf.2022-08-08,Hamming_traditional,AV_vs_PAV,,,,,,,,,,,,,,,,,4.0
austria-climate.5twd2jsnkf.2022-08-08,Hamming_traditional,AV_vs_SeqPhragmen,,,,,,,,,,,,,,,,,4.0
austria-climate.5twd2jsnkf.2022-08-08,Hamming_traditional,AV_vs_MES,,,,,,,,,,,,,,,,,4.0
austria-climate.5twd2jsnkf.2022-08-08,Cross-Hamming,PAV_vs_TaxMES,,,,,,,,,,,,,,,,,9.0
austria-climate.5twd2jsnkf.2022-08-08,Cross-Hamming,PAV_vs_TaxPhragmen,,,,,,,,,,,,,,,,,7.0
austria-climate.5twd2jsnkf.2022-08-08,Cross-Hamming,SeqPhragmen_vs_TaxPhragmen,,,,,,,,,,,,,,,,,7.0
austria-climate.5twd2jsnkf.2022-08-08,Cross-Hamming,SeqPhragmen_vs_TaxMES,,,,,,,,,,,,,,,,,9.0
austria-climate.5twd2jsnkf.2022-08-08,Cross-Hamming,MES_vs_TaxMES,,,,,,,,,,,,,,,,,9.0
austria-climate.5twd2jsnkf.2022-08-08,Cross-Hamming,MES_vs_TaxPhragmen,,,,,,,,,,,,,,,,,7.0
austria-climate.5twd2jsnkf.2022-08-08,Cross-Hamming,TaxPhragmen_vs_TaxMES,,,,,,,,,,,,,,,,,2.0
austria-climate.5twd2jsnkf.2022-08-08,Cross-Hamming,AV_vs_TaxMES,,,,,,,,,,,,,,,,,5.0
austria-climate.5twd2jsnkf.2022-08-08,Cross-Hamming,AV_vs_TaxPhragmen,,,,,,,,,,,,,,,,,5.0
austria-climate.5twd2jsnkf.2022-08-08,Traditional,SeqPhragmen,10.0,398.9,293.0,467.0,48.8164,431.0,41.0,1442.2769,1091.0,278.0,0.2491,98.0,0.0878,0.1707,8.2643,0.6084,
austria-climate.5twd2jsnkf.2022-08-08,Hamming_traditional,PAV_vs_SeqPhragmen,,,,,,,,,,,,,,,,,2.0
austria-climate.5twd2jsnkf.2022-08-08,Hamming_traditional,PAV_vs_MES,,,,,,,,,,,,,,,,,2.0
austria-climate.5twd2jsnkf.2022-08-08,Hamming_traditional,SeqPhragmen_vs_MES,,,,,,,,,,,,,,,,,2.0
austria-climate.5twd2jsnkf.2022-08-08,Hamming_traditional,AV_vs_PAV,,,,,,,,,,,,,,,,,4.0
austria-climate.5twd2jsnkf.2022-08-08,Hamming_traditional,AV_vs_SeqPhragmen,,,,,,,,,,,,,,,,,4.0
austria-climate.5twd2jsnkf.2022-08-08,Hamming_traditional,AV_vs_MES,,,,,,,,,,,,,,,,,4.0
austria-climate.5twd2jsnkf.2022-08-08,Cross-Hamming,PAV_vs_TaxMES,,,,,,,,,,,,,,,,,9.0
austria-climate.5twd2jsnkf.2022-08-08,Cross-Hamming,PAV_vs_TaxPhragmen,,,,,,,,,,,,,,,,,7.0
austria-climate.5twd2jsnkf.2022-08-08,Cross-Hamming,SeqPhragmen_vs_TaxPhragmen,,,,,,,,,,,,,,,,,7.0
austria-climate.5twd2jsnkf.2022-08-08,Cross-Hamming,SeqPhragmen_vs_TaxMES,,,,,,,,,,,,,,,,,9.0
austria-climate.5twd2jsnkf.2022-08-08,Cross-Hamming,MES_vs_TaxMES,,,,,,,,,,,,,,,,,9.0
austria-climate.5twd2jsnkf.2022-08-08,Cross-Hamming,MES_vs_TaxPhragmen,,,,,,,,,,,,,,,,,7.0
austria-climate.5twd2jsnkf.2022-08-08,Cross-Hamming,TaxPhragmen_vs_TaxMES,,,,,,,,,,,,,,,,,2.0
austria-climate.5twd2jsnkf.2022-08-08,Cross-Hamming,AV_vs_TaxMES,,,,,,,,,,,,,,,,,5.0
austria-climate.5twd2jsnkf.2022-08-08,Cross-Hamming,AV_vs_TaxPhragmen,,,,,,,,,,,,,,,,,5.0
austria-climate.5twd2jsnkf.2022-08-08,Traditional,MES,10.0,391.9,293.0,467.0,48.9531,431.0,41.0,1396.6138,1045.5,286.0,0.2563,113.0,0.1013,0.1747,8.2643,0.6837,
austria-climate.5twd2jsnkf.2022-08-08,Hamming_traditional,PAV_vs_SeqPhragmen,,,,,,,,,,,,,,,,,2.0
austria-climate.5twd2jsnkf.2022-08-08,Hamming_traditional,PAV_vs_MES,,,,,,,,,,,,,,,,,2.0
austria-climate.5twd2jsnkf.2022-08-08,Hamming_traditional,SeqPhragmen_vs_MES,,,,,,,,,,,,,,,,,2.0
austria-climate.5twd2jsnkf.2022-08-08,Hamming_traditional,AV_vs_PAV,,,,,,,,,,,,,,,,,4.0
austria-climate.5twd2jsnkf.2022-08-08,Hamming_traditional,AV_vs_SeqPhragmen,,,,,,,,,,,,,,,,,4.0
austria-climate.5twd2jsnkf.2022-08-08,Hamming_traditional,AV_vs_MES,,,,,,,,,,,,,,,,,4.0
austria-climate.5twd2jsnkf.2022-08-08,Cross-Hamming,PAV_vs_TaxMES,,,,,,,,,,,,,,,,,9.0
austria-climate.5twd2jsnkf.2022-08-08,Cross-Hamming,PAV_vs_TaxPhragmen,,,,,,,,,,,,,,,,,7.0
austria-climate.5twd2jsnkf.2022-08-08,Cross-Hamming,SeqPhragmen_vs_TaxPhragmen,,,,,,,,,,,,,,,,,7.0
austria-climate.5twd2jsnkf.2022-08-08,Cross-Hamming,SeqPhragmen_vs_TaxMES,,,,,,,,,,,,,,,,,9.0
austria-climate.5twd2jsnkf.2022-08-08,Cross-Hamming,MES_vs_TaxMES,,,,,,,,,,,,,,,,,9.0
austria-climate.5twd2jsnkf.2022-08-08,Cross-Hamming,MES_vs_TaxPhragmen,,,,,,,,,,,,,,,,,7.0
austria-climate.5twd2jsnkf.2022-08-08,Cross-Hamming,TaxPhragmen_vs_TaxMES,,,,,,,,,,,,,,,,,2.0
austria-climate.5twd2jsnkf.2022-08-08,Cross-Hamming,AV_vs_TaxMES,,,,,,,,,,,,,,,,,5.0
austria-climate.5twd2jsnkf.2022-08-08,Cross-Hamming,AV_vs_TaxPhragmen,,,,,,,,,,,,,,,,,5.0
austria-climate.5twd2jsnkf.2022-08-08,AV,AV,10.0,407.0,293.0,467.0,48.6582,399.0,27.0,1501.1577,891.0,283.0,0.2536,94.0,0.0842,0.1701,8.2643,0.5869,
austria-climate.5twd2jsnkf.2022-08-08,Hamming_traditional,PAV_vs_SeqPhragmen,,,,,,,,,,,,,,,,,2.0
austria-climate.5twd2jsnkf.2022-08-08,Hamming_traditional,PAV_vs_MES,,,,,,,,,,,,,,,,,2.0
austria-climate.5twd2jsnkf.2022-08-08,Hamming_traditional,SeqPhragmen_vs_MES,,,,,,,,,,,,,,,,,2.0
austria-climate.5twd2jsnkf.2022-08-08,Hamming_traditional,AV_vs_PAV,,,,,,,,,,,,,,,,,4.0
austria-climate.5twd2jsnkf.2022-08-08,Hamming_traditional,AV_vs_SeqPhragmen,,,,,,,,,,,,,,,,,4.0
austria-climate.5twd2jsnkf.2022-08-08,Hamming_traditional,AV_vs_MES,,,,,,,,,,,,,,,,,4.0
austria-climate.5twd2jsnkf.2022-08-08,Cross-Hamming,PAV_vs_TaxMES,,,,,,,,,,,,,,,,,9.0
austria-climate.5twd2jsnkf.2022-08-08,Cross-Hamming,PAV_vs_TaxPhragmen,,,,,,,,,,,,,,,,,7.0
austria-climate.5twd2jsnkf.2022-08-08,Cross-Hamming,SeqPhragmen_vs_TaxPhragmen,,,,,,,,,,,,,,,,,7.0
austria-climate.5twd2jsnkf.2022-08-08,Cross-Hamming,SeqPhragmen_vs_TaxMES,,,,,,,,,,,,,,,,,9.0
austria-climate.5twd2jsnkf.2022-08-08,Cross-Hamming,MES_vs_TaxMES,,,,,,,,,,,,,,,,,9.0
austria-climate.5twd2jsnkf.2022-08-08,Cross-Hamming,MES_vs_TaxPhragmen,,,,,,,,,,,,,,,,,7.0
austria-climate.5twd2jsnkf.2022-08-08,Cross-Hamming,TaxPhragmen_vs_TaxMES,,,,,,,,,,,,,,,,,2.0
austria-climate.5twd2jsnkf.2022-08-08,Cross-Hamming,AV_vs_TaxMES,,,,,,,,,,,,,,,,,5.0
austria-climate.5twd2jsnkf.2022-08-08,Cross-Hamming,AV_vs_TaxPhragmen,,,,,,,,,,,,,,,,,5.0
austria-climate.5twd2jsnkf.2022-08-08,Tax,TaxPhragmen,5.0,426.8,397.0,467.0,51.9323,424.0,37.0,819.0896,668.0,352.0,0.3154,71.0,0.0636,0.1701,8.2643,0.2348,
austria-climate.5twd2jsnkf.2022-08-08,Hamming_traditional,PAV_vs_SeqPhragmen,,,,,,,,,,,,,,,,,2.0
austria-climate.5twd2jsnkf.2022-08-08,Hamming_traditional,PAV_vs_MES,,,,,,,,,,,,,,,,,2.0
austria-climate.5twd2jsnkf.2022-08-08,Hamming_traditional,SeqPhragmen_vs_MES,,,,,,,,,,,,,,,,,2.0
austria-climate.5twd2jsnkf.2022-08-08,Hamming_traditional,AV_vs_PAV,,,,,,,,,,,,,,,,,4.0
austria-climate.5twd2jsnkf.2022-08-08,Hamming_traditional,AV_vs_SeqPhragmen,,,,,,,,,,,,,,,,,4.0
austria-climate.5twd2jsnkf.2022-08-08,Hamming_traditional,AV_vs_MES,,,,,,,,,,,,,,,,,4.0
austria-climate.5twd2jsnkf.2022-08-08,Cross-Hamming,PAV_vs_TaxMES,,,,,,,,,,,,,,,,,9.0
austria-climate.5twd2jsnkf.2022-08-08,Cross-Hamming,PAV_vs_TaxPhragmen,,,,,,,,,,,,,,,,,7.0
austria-climate.5twd2jsnkf.2022-08-08,Cross-Hamming,SeqPhragmen_vs_TaxPhragmen,,,,,,,,,,,,,,,,,7.0
austria-climate.5twd2jsnkf.2022-08-08,Cross-Hamming,SeqPhragmen_vs_TaxMES,,,,,,,,,,,,,,,,,9.0
austria-climate.5twd2jsnkf.2022-08-08,Cross-Hamming,MES_vs_TaxMES,,,,,,,,,,,,,,,,,9.0
austria-climate.5twd2jsnkf.2022-08-08,Cross-Hamming,MES_vs_TaxPhragmen,,,,,,,,,,,,,,,,,7.0
austria-climate.5twd2jsnkf.2022-08-08,Cross-Hamming,TaxPhragmen_vs_TaxMES,,,,,,,,,,,,,,,,,2.0
austria-climate.5twd2jsnkf.2022-08-08,Cross-Hamming,AV_vs_TaxMES,,,,,,,,,,,,,,,,,5.0
austria-climate.5twd2jsnkf.2022-08-08,Cross-Hamming,AV_vs_TaxPhragmen,,,,,,,,,,,,,,,,,5.0
austria-climate.5twd2jsnkf.2022-08-08,Tax,TaxMES,5.0,431.4,397.0,467.0,51.8878,419.0,35.0,836.0923,487.0,371.0,0.3324,52.0,0.0466,0.1679,8.2643,0.1855,
austria-climate.5twd2jsnkf.2022-08-08,Hamming_traditional,PAV_vs_SeqPhragmen,,,,,,,,,,,,,,,,,2.0
austria-climate.5twd2jsnkf.2022-08-08,Hamming_traditional,PAV_vs_MES,,,,,,,,,,,,,,,,,2.0
austria-climate.5twd2jsnkf.2022-08-08,Hamming_traditional,SeqPhragmen_vs_MES,,,,,,,,,,,,,,,,,2.0
austria-climate.5twd2jsnkf.2022-08-08,Hamming_traditional,AV_vs_PAV,,,,,,,,,,,,,,,,,4.0
austria-climate.5twd2jsnkf.2022-08-08,Hamming_traditional,AV_vs_SeqPhragmen,,,,,,,,,,,,,,,,,4.0
austria-climate.5twd2jsnkf.2022-08-08,Hamming_traditional,AV_vs_MES,,,,,,,,,,,,,,,,,4.0
austria-climate.5twd2jsnkf.2022-08-08,Cross-Hamming,PAV_vs_TaxMES,,,,,,,,,,,,,,,,,9.0
austria-climate.5twd2jsnkf.2022-08-08,Cross-Hamming,PAV_vs_TaxPhragmen,,,,,,,,,,,,,,,,,7.0
austria-climate.5twd2jsnkf.2022-08-08,Cross-Hamming,SeqPhragmen_vs_TaxPhragmen,,,,,,,,,,,,,,,,,7.0
austria-climate.5twd2jsnkf.2022-08-08,Cross-Hamming,SeqPhragmen_vs_TaxMES,,,,,,,,,,,,,,,,,9.0
austria-climate.5twd2jsnkf.2022-08-08,Cross-Hamming,MES_vs_TaxMES,,,,,,,,,,,,,,,,,9.0
austria-climate.5twd2jsnkf.2022-08-08,Cross-Hamming,MES_vs_TaxPhragmen,,,,,,,,,,,,,,,,,7.0
austria-climate.5twd2jsnkf.2022-08-08,Cross-Hamming,TaxPhragmen_vs_TaxMES,,,,,,,,,,,,,,,,,2.0
austria-climate.5twd2jsnkf.2022-08-08,Cross-Hamming,AV_vs_TaxMES,,,,,,,,,,,,,,,,,5.0
austria-climate.5twd2jsnkf.2022-08-08,Cross-Hamming,AV_vs_TaxPhragmen,,,,,,,,,,,,,,,,,5.0
austria-climate.5tzfrp5eaa.2022-07-07,Traditional,PAV,10.0,366.0,-122.0,799.0,31.6635,795.0,41.0,687.4055,438.0,1294.0,0.4118,764.0,0.2432,0.2064,25.8838,1.7658,
austria-climate.5tzfrp5eaa.2022-07-07,Hamming_traditional,PAV_vs_SeqPhragmen,,,,,,,,,,,,,,,,,0.0
austria-climate.5tzfrp5eaa.2022-07-07,Hamming_traditional,PAV_vs_MES,,,,,,,,,,,,,,,,,2.0
austria-climate.5tzfrp5eaa.2022-07-07,Hamming_traditional,SeqPhragmen_vs_MES,,,,,,,,,,,,,,,,,2.0
austria-climate.5tzfrp5eaa.2022-07-07,Hamming_traditional,AV_vs_PAV,,,,,,,,,,,,,,,,,4.0
austria-climate.5tzfrp5eaa.2022-07-07,Hamming_traditional,AV_vs_SeqPhragmen,,,,,,,,,,,,,,,,,4.0
austria-climate.5tzfrp5eaa.2022-07-07,Hamming_traditional,AV_vs_MES,,,,,,,,,,,,,,,,,4.0
austria-climate.5tzfrp5eaa.2022-07-07,Cross-Hamming,PAV_vs_TaxMES,,,,,,,,,,,,,,,,,11.0
austria-climate.5tzfrp5eaa.2022-07-07,Cross-Hamming,PAV_vs_TaxPhragmen,,,,,,,,,,,,,,,,,11.0
austria-climate.5tzfrp5eaa.2022-07-07,Cross-Hamming,SeqPhragmen_vs_TaxPhragmen,,,,,,,,,,,,,,,,,11.0
austria-climate.5tzfrp5eaa.2022-07-07,Cross-Hamming,SeqPhragmen_vs_TaxMES,,,,,,,,,,,,,,,,,11.0
austria-climate.5tzfrp5eaa.2022-07-07,Cross-Hamming,MES_vs_TaxMES,,,,,,,,,,,,,,,,,11.0
austria-climate.5tzfrp5eaa.2022-07-07,Cross-Hamming,MES_vs_TaxPhragmen,,,,,,,,,,,,,,,,,11.0
austria-climate.5tzfrp5eaa.2022-07-07,Cross-Hamming,TaxPhragmen_vs_TaxMES,,,,,,,,,,,,,,,,,0.0
austria-climate.5tzfrp5eaa.2022-07-07,Cross-Hamming,AV_vs_TaxMES,,,,,,,,,,,,,,,,,9.0
austria-climate.5tzfrp5eaa.2022-07-07,Cross-Hamming,AV_vs_TaxPhragmen,,,,,,,,,,,,,,,,,9.0
austria-climate.5tzfrp5eaa.2022-07-07,Traditional,SeqPhragmen,10.0,366.0,-122.0,799.0,31.6635,795.0,41.0,687.4055,438.0,1294.0,0.4118,764.0,0.2432,0.2064,25.8838,1.7658,
austria-climate.5tzfrp5eaa.2022-07-07,Hamming_traditional,PAV_vs_SeqPhragmen,,,,,,,,,,,,,,,,,0.0
austria-climate.5tzfrp5eaa.2022-07-07,Hamming_traditional,PAV_vs_MES,,,,,,,,,,,,,,,,,2.0
austria-climate.5tzfrp5eaa.2022-07-07,Hamming_traditional,SeqPhragmen_vs_MES,,,,,,,,,,,,,,,,,2.0
austria-climate.5tzfrp5eaa.2022-07-07,Hamming_traditional,AV_vs_PAV,,,,,,,,,,,,,,,,,4.0
austria-climate.5tzfrp5eaa.2022-07-07,Hamming_traditional,AV_vs_SeqPhragmen,,,,,,,,,,,,,,,,,4.0
austria-climate.5tzfrp5eaa.2022-07-07,Hamming_traditional,AV_vs_MES,,,,,,,,,,,,,,,,,4.0
austria-climate.5tzfrp5eaa.2022-07-07,Cross-Hamming,PAV_vs_TaxMES,,,,,,,,,,,,,,,,,11.0
austria-climate.5tzfrp5eaa.2022-07-07,Cross-Hamming,PAV_vs_TaxPhragmen,,,,,,,,,,,,,,,,,11.0
austria-climate.5tzfrp5eaa.2022-07-07,Cross-Hamming,SeqPhragmen_vs_TaxPhragmen,,,,,,,,,,,,,,,,,11.0
austria-climate.5tzfrp5eaa.2022-07-07,Cross-Hamming,SeqPhragmen_vs_TaxMES,,,,,,,,,,,,,,,,,11.0
austria-climate.5tzfrp5eaa.2022-07-07,Cross-Hamming,MES_vs_TaxMES,,,,,,,,,,,,,,,,,11.0
austria-climate.5tzfrp5eaa.2022-07-07,Cross-Hamming,MES_vs_TaxPhragmen,,,,,,,,,,,,,,,,,11.0
austria-climate.5tzfrp5eaa.2022-07-07,Cross-Hamming,TaxPhragmen_vs_TaxMES,,,,,,,,,,,,,,,,,0.0
austria-climate.5tzfrp5eaa.2022-07-07,Cross-Hamming,AV_vs_TaxMES,,,,,,,,,,,,,,,,,9.0
austria-climate.5tzfrp5eaa.2022-07-07,Cross-Hamming,AV_vs_TaxPhragmen,,,,,,,,,,,,,,,,,9.0
austria-climate.5tzfrp5eaa.2022-07-07,Traditional,MES,10.0,362.6,-122.0,799.0,31.6795,795.0,41.0,682.8173,438.0,1310.0,0.4169,774.0,0.2463,0.2058,25.8838,1.7654,
austria-climate.5tzfrp5eaa.2022-07-07,Hamming_traditional,PAV_vs_SeqPhragmen,,,,,,,,,,,,,,,,,0.0
austria-climate.5tzfrp5eaa.2022-07-07,Hamming_traditional,PAV_vs_MES,,,,,,,,,,,,,,,,,2.0
austria-climate.5tzfrp5eaa.2022-07-07,Hamming_traditional,SeqPhragmen_vs_MES,,,,,,,,,,,,,,,,,2.0
austria-climate.5tzfrp5eaa.2022-07-07,Hamming_traditional,AV_vs_PAV,,,,,,,,,,,,,,,,,4.0
austria-climate.5tzfrp5eaa.2022-07-07,Hamming_traditional,AV_vs_SeqPhragmen,,,,,,,,,,,,,,,,,4.0
austria-climate.5tzfrp5eaa.2022-07-07,Hamming_traditional,AV_vs_MES,,,,,,,,,,,,,,,,,4.0
austria-climate.5tzfrp5eaa.2022-07-07,Cross-Hamming,PAV_vs_TaxMES,,,,,,,,,,,,,,,,,11.0
austria-climate.5tzfrp5eaa.2022-07-07,Cross-Hamming,PAV_vs_TaxPhragmen,,,,,,,,,,,,,,,,,11.0
austria-climate.5tzfrp5eaa.2022-07-07,Cross-Hamming,SeqPhragmen_vs_TaxPhragmen,,,,,,,,,,,,,,,,,11.0
austria-climate.5tzfrp5eaa.2022-07-07,Cross-Hamming,SeqPhragmen_vs_TaxMES,,,,,,,,,,,,,,,,,11.0
austria-climate.5tzfrp5eaa.2022-07-07,Cross-Hamming,MES_vs_TaxMES,,,,,,,,,,,,,,,,,11.0
austria-climate.5tzfrp5eaa.2022-07-07,Cross-Hamming,MES_vs_TaxPhragmen,,,,,,,,,,,,,,,,,11.0
austria-climate.5tzfrp5eaa.2022-07-07,Cross-Hamming,TaxPhragmen_vs_TaxMES,,,,,,,,,,,,,,,,,0.0
austria-climate.5tzfrp5eaa.2022-07-07,Cross-Hamming,AV_vs_TaxMES,,,,,,,,,,,,,,,,,9.0
austria-climate.5tzfrp5eaa.2022-07-07,Cross-Hamming,AV_vs_TaxPhragmen,,,,,,,,,,,,,,,,,9.0
austria-climate.5tzfrp5eaa.2022-07-07,AV,AV,10.0,470.0,188.0,799.0,31.1748,795.0,41.0,882.7689,477.5,1260.0,0.401,735.0,0.2339,0.1993,25.8838,1.6334,
austria-climate.5tzfrp5eaa.2022-07-07,Hamming_traditional,PAV_vs_SeqPhragmen,,,,,,,,,,,,,,,,,0.0
austria-climate.5tzfrp5eaa.2022-07-07,Hamming_traditional,PAV_vs_MES,,,,,,,,,,,,,,,,,2.0
austria-climate.5tzfrp5eaa.2022-07-07,Hamming_traditional,SeqPhragmen_vs_MES,,,,,,,,,,,,,,,,,2.0
austria-climate.5tzfrp5eaa.2022-07-07,Hamming_traditional,AV_vs_PAV,,,,,,,,,,,,,,,,,4.0
austria-climate.5tzfrp5eaa.2022-07-07,Hamming_traditional,AV_vs_SeqPhragmen,,,,,,,,,,,,,,,,,4.0
austria-climate.5tzfrp5eaa.2022-07-07,Hamming_traditional,AV_vs_MES,,,,,,,,,,,,,,,,,4.0
austria-climate.5tzfrp5eaa.2022-07-07,Cross-Hamming,PAV_vs_TaxMES,,,,,,,,,,,,,,,,,11.0
austria-climate.5tzfrp5eaa.2022-07-07,Cross-Hamming,PAV_vs_TaxPhragmen,,,,,,,,,,,,,,,,,11.0
austria-climate.5tzfrp5eaa.2022-07-07,Cross-Hamming,SeqPhragmen_vs_TaxPhragmen,,,,,,,,,,,,,,,,,11.0
austria-climate.5tzfrp5eaa.2022-07-07,Cross-Hamming,SeqPhragmen_vs_TaxMES,,,,,,,,,,,,,,,,,11.0
austria-climate.5tzfrp5eaa.2022-07-07,Cross-Hamming,MES_vs_TaxMES,,,,,,,,,,,,,,,,,11.0
austria-climate.5tzfrp5eaa.2022-07-07,Cross-Hamming,MES_vs_TaxPhragmen,,,,,,,,,,,,,,,,,11.0
austria-climate.5tzfrp5eaa.2022-07-07,Cross-Hamming,TaxPhragmen_vs_TaxMES,,,,,,,,,,,,,,,,,0.0
austria-climate.5tzfrp5eaa.2022-07-07,Cross-Hamming,AV_vs_TaxMES,,,,,,,,,,,,,,,,,9.0
austria-climate.5tzfrp5eaa.2022-07-07,Cross-Hamming,AV_vs_TaxPhragmen,,,,,,,,,,,,,,,,,9.0
austria-climate.5tzfrp5eaa.2022-07-07,Tax,TaxPhragmen,3.0,788.0,770.0,799.0,32.1667,716.0,95.0,593.0382,0.0,1709.0,0.5439,218.0,0.0694,0.1739,25.8838,0.1372,
austria-climate.5tzfrp5eaa.2022-07-07,Hamming_traditional,PAV_vs_SeqPhragmen,,,,,,,,,,,,,,,,,0.0
austria-climate.5tzfrp5eaa.2022-07-07,Hamming_traditional,PAV_vs_MES,,,,,,,,,,,,,,,,,2.0
austria-climate.5tzfrp5eaa.2022-07-07,Hamming_traditional,SeqPhragmen_vs_MES,,,,,,,,,,,,,,,,,2.0
austria-climate.5tzfrp5eaa.2022-07-07,Hamming_traditional,AV_vs_PAV,,,,,,,,,,,,,,,,,4.0
austria-climate.5tzfrp5eaa.2022-07-07,Hamming_traditional,AV_vs_SeqPhragmen,,,,,,,,,,,,,,,,,4.0
austria-climate.5tzfrp5eaa.2022-07-07,Hamming_traditional,AV_vs_MES,,,,,,,,,,,,,,,,,4.0
austria-climate.5tzfrp5eaa.2022-07-07,Cross-Hamming,PAV_vs_TaxMES,,,,,,,,,,,,,,,,,11.0
austria-climate.5tzfrp5eaa.2022-07-07,Cross-Hamming,PAV_vs_TaxPhragmen,,,,,,,,,,,,,,,,,11.0
austria-climate.5tzfrp5eaa.2022-07-07,Cross-Hamming,SeqPhragmen_vs_TaxPhragmen,,,,,,,,,,,,,,,,,11.0
austria-climate.5tzfrp5eaa.2022-07-07,Cross-Hamming,SeqPhragmen_vs_TaxMES,,,,,,,,,,,,,,,,,11.0
austria-climate.5tzfrp5eaa.2022-07-07,Cross-Hamming,MES_vs_TaxMES,,,,,,,,,,,,,,,,,11.0
austria-climate.5tzfrp5eaa.2022-07-07,Cross-Hamming,MES_vs_TaxPhragmen,,,,,,,,,,,,,,,,,11.0
austria-climate.5tzfrp5eaa.2022-07-07,Cross-Hamming,TaxPhragmen_vs_TaxMES,,,,,,,,,,,,,,,,,0.0
austria-climate.5tzfrp5eaa.2022-07-07,Cross-Hamming,AV_vs_TaxMES,,,,,,,,,,,,,,,,,9.0
austria-climate.5tzfrp5eaa.2022-07-07,Cross-Hamming,AV_vs_TaxPhragmen,,,,,,,,,,,,,,,,,9.0
austria-climate.5tzfrp5eaa.2022-07-07,Tax,TaxMES,3.0,788.0,770.0,799.0,32.1667,716.0,95.0,593.0382,0.0,1709.0,0.5439,218.0,0.0694,0.1739,25.8838,0.1372,
austria-climate.5tzfrp5eaa.2022-07-07,Hamming_traditional,PAV_vs_SeqPhragmen,,,,,,,,,,,,,,,,,0.0
austria-climate.5tzfrp5eaa.2022-07-07,Hamming_traditional,PAV_vs_MES,,,,,,,,,,,,,,,,,2.0
austria-climate.5tzfrp5eaa.2022-07-07,Hamming_traditional,SeqPhragmen_vs_MES,,,,,,,,,,,,,,,,,2.0
austria-climate.5tzfrp5eaa.2022-07-07,Hamming_traditional,AV_vs_PAV,,,,,,,,,,,,,,,,,4.0
austria-climate.5tzfrp5eaa.2022-07-07,Hamming_traditional,AV_vs_SeqPhragmen,,,,,,,,,,,,,,,,,4.0
austria-climate.5tzfrp5eaa.2022-07-07,Hamming_traditional,AV_vs_MES,,,,,,,,,,,,,,,,,4.0
austria-climate.5tzfrp5eaa.2022-07-07,Cross-Hamming,PAV_vs_TaxMES,,,,,,,,,,,,,,,,,11.0
austria-climate.5tzfrp5eaa.2022-07-07,Cross-Hamming,PAV_vs_TaxPhragmen,,,,,,,,,,,,,,,,,11.0
austria-climate.5tzfrp5eaa.2022-07-07,Cross-Hamming,SeqPhragmen_vs_TaxPhragmen,,,,,,,,,,,,,,,,,11.0
austria-climate.5tzfrp5eaa.2022-07-07,Cross-Hamming,SeqPhragmen_vs_TaxMES,,,,,,,,,,,,,,,,,11.0
austria-climate.5tzfrp5eaa.2022-07-07,Cross-Hamming,MES_vs_TaxMES,,,,,,,,,,,,,,,,,11.0
austria-climate.5tzfrp5eaa.2022-07-07,Cross-Hamming,MES_vs_TaxPhragmen,,,,,,,,,,,,,,,,,11.0
austria-climate.5tzfrp5eaa.2022-07-07,Cross-Hamming,TaxPhragmen_vs_TaxMES,,,,,,,,,,,,,,,,,0.0
austria-climate.5tzfrp5eaa.2022-07-07,Cross-Hamming,AV_vs_TaxMES,,,,,,,,,,,,,,,,,9.0
austria-climate.5tzfrp5eaa.2022-07-07,Cross-Hamming,AV_vs_TaxPhragmen,,,,,,,,,,,,,,,,,9.0
austria-climate.7z7ejpbmv5.2022-08-08,Traditional,PAV,10.0,425.1,95.0,550.0,39.3777,458.0,19.0,1314.8709,1060.0,412.0,0.2741,202.0,0.1344,0.171,9.7325,1.0832,
austria-climate.7z7ejpbmv5.2022-08-08,Hamming_traditional,PAV_vs_SeqPhragmen,,,,,,,,,,,,,,,,,0.0
austria-climate.7z7ejpbmv5.2022-08-08,Hamming_traditional,PAV_vs_MES,,,,,,,,,,,,,,,,,2.0
austria-climate.7z7ejpbmv5.2022-08-08,Hamming_traditional,SeqPhragmen_vs_MES,,,,,,,,,,,,,,,,,2.0
austria-climate.7z7ejpbmv5.2022-08-08,Hamming_traditional,AV_vs_PAV,,,,,,,,,,,,,,,,,2.0
austria-climate.7z7ejpbmv5.2022-08-08,Hamming_traditional,AV_vs_SeqPhragmen,,,,,,,,,,,,,,,,,2.0
austria-climate.7z7ejpbmv5.2022-08-08,Hamming_traditional,AV_vs_MES,,,,,,,,,,,,,,,,,4.0
austria-climate.7z7ejpbmv5.2022-08-08,Cross-Hamming,PAV_vs_TaxMES,,,,,,,,,,,,,,,,,6.0
austria-climate.7z7ejpbmv5.2022-08-08,Cross-Hamming,PAV_vs_TaxPhragmen,,,,,,,,,,,,,,,,,5.0
austria-climate.7z7ejpbmv5.2022-08-08,Cross-Hamming,SeqPhragmen_vs_TaxPhragmen,,,,,,,,,,,,,,,,,5.0
austria-climate.7z7ejpbmv5.2022-08-08,Cross-Hamming,SeqPhragmen_vs_TaxMES,,,,,,,,,,,,,,,,,6.0
austria-climate.7z7ejpbmv5.2022-08-08,Cross-Hamming,MES_vs_TaxMES,,,,,,,,,,,,,,,,,8.0
austria-climate.7z7ejpbmv5.2022-08-08,Cross-Hamming,MES_vs_TaxPhragmen,,,,,,,,,,,,,,,,,7.0
austria-climate.7z7ejpbmv5.2022-08-08,Cross-Hamming,TaxPhragmen_vs_TaxMES,,,,,,,,,,,,,,,,,1.0
austria-climate.7z7ejpbmv5.2022-08-08,Cross-Hamming,AV_vs_TaxMES,,,,,,,,,,,,,,,,,6.0
austria-climate.7z7ejpbmv5.2022-08-08,Cross-Hamming,AV_vs_TaxPhragmen,,,,,,,,,,,,,,,,,5.0
austria-climate.7z7ejpbmv5.2022-08-08,Traditional,SeqPhragmen,10.0,425.1,95.0,550.0,39.3777,458.0,19.0,1314.8709,1060.0,412.0,0.2741,202.0,0.1344,0.171,9.7325,1.0832,
austria-climate.7z7ejpbmv5.2022-08-08,Hamming_traditional,PAV_vs_SeqPhragmen,,,,,,,,,,,,,,,,,0.0
austria-climate.7z7ejpbmv5.2022-08-08,Hamming_traditional,PAV_vs_MES,,,,,,,,,,,,,,,,,2.0
austria-climate.7z7ejpbmv5.2022-08-08,Hamming_traditional,SeqPhragmen_vs_MES,,,,,,,,,,,,,,,,,2.0
austria-climate.7z7ejpbmv5.2022-08-08,Hamming_traditional,AV_vs_PAV,,,,,,,,,,,,,,,,,2.0
austria-climate.7z7ejpbmv5.2022-08-08,Hamming_traditional,AV_vs_SeqPhragmen,,,,,,,,,,,,,,,,,2.0
austria-climate.7z7ejpbmv5.2022-08-08,Hamming_traditional,AV_vs_MES,,,,,,,,,,,,,,,,,4.0
austria-climate.7z7ejpbmv5.2022-08-08,Cross-Hamming,PAV_vs_TaxMES,,,,,,,,,,,,,,,,,6.0
austria-climate.7z7ejpbmv5.2022-08-08,Cross-Hamming,PAV_vs_TaxPhragmen,,,,,,,,,,,,,,,,,5.0
austria-climate.7z7ejpbmv5.2022-08-08,Cross-Hamming,SeqPhragmen_vs_TaxPhragmen,,,,,,,,,,,,,,,,,5.0
austria-climate.7z7ejpbmv5.2022-08-08,Cross-Hamming,SeqPhragmen_vs_TaxMES,,,,,,,,,,,,,,,,,6.0
austria-climate.7z7ejpbmv5.2022-08-08,Cross-Hamming,MES_vs_TaxMES,,,,,,,,,,,,,,,,,8.0
austria-climate.7z7ejpbmv5.2022-08-08,Cross-Hamming,MES_vs_TaxPhragmen,,,,,,,,,,,,,,,,,7.0
austria-climate.7z7ejpbmv5.2022-08-08,Cross-Hamming,TaxPhragmen_vs_TaxMES,,,,,,,,,,,,,,,,,1.0
austria-climate.7z7ejpbmv5.2022-08-08,Cross-Hamming,AV_vs_TaxMES,,,,,,,,,,,,,,,,,6.0
austria-climate.7z7ejpbmv5.2022-08-08,Cross-Hamming,AV_vs_TaxPhragmen,,,,,,,,,,,,,,,,,5.0
austria-climate.7z7ejpbmv5.2022-08-08,Traditional,MES,10.0,399.2,95.0,550.0,39.8087,518.0,58.0,1180.9767,978.0,430.0,0.2861,229.0,0.1524,0.176,9.7325,1.2395,
austria-climate.7z7ejpbmv5.2022-08-08,Hamming_traditional,PAV_vs_SeqPhragmen,,,,,,,,,,,,,,,,,0.0
austria-climate.7z7ejpbmv5.2022-08-08,Hamming_traditional,PAV_vs_MES,,,,,,,,,,,,,,,,,2.0
austria-climate.7z7ejpbmv5.2022-08-08,Hamming_traditional,SeqPhragmen_vs_MES,,,,,,,,,,,,,,,,,2.0
austria-climate.7z7ejpbmv5.2022-08-08,Hamming_traditional,AV_vs_PAV,,,,,,,,,,,,,,,,,2.0
austria-climate.7z7ejpbmv5.2022-08-08,Hamming_traditional,AV_vs_SeqPhragmen,,,,,,,,,,,,,,,,,2.0
austria-climate.7z7ejpbmv5.2022-08-08,Hamming_traditional,AV_vs_MES,,,,,,,,,,,,,,,,,4.0
austria-climate.7z7ejpbmv5.2022-08-08,Cross-Hamming,PAV_vs_TaxMES,,,,,,,,,,,,,,,,,6.0
austria-climate.7z7ejpbmv5.2022-08-08,Cross-Hamming,PAV_vs_TaxPhragmen,,,,,,,,,,,,,,,,,5.0
austria-climate.7z7ejpbmv5.2022-08-08,Cross-Hamming,SeqPhragmen_vs_TaxPhragmen,,,,,,,,,,,,,,,,,5.0
austria-climate.7z7ejpbmv5.2022-08-08,Cross-Hamming,SeqPhragmen_vs_TaxMES,,,,,,,,,,,,,,,,,6.0
austria-climate.7z7ejpbmv5.2022-08-08,Cross-Hamming,MES_vs_TaxMES,,,,,,,,,,,,,,,,,8.0
austria-climate.7z7ejpbmv5.2022-08-08,Cross-Hamming,MES_vs_TaxPhragmen,,,,,,,,,,,,,,,,,7.0
austria-climate.7z7ejpbmv5.2022-08-08,Cross-Hamming,TaxPhragmen_vs_TaxMES,,,,,,,,,,,,,,,,,1.0
austria-climate.7z7ejpbmv5.2022-08-08,Cross-Hamming,AV_vs_TaxMES,,,,,,,,,,,,,,,,,6.0
austria-climate.7z7ejpbmv5.2022-08-08,Cross-Hamming,AV_vs_TaxPhragmen,,,,,,,,,,,,,,,,,5.0
austria-climate.7z7ejpbmv5.2022-08-08,AV,AV,10.0,461.4,300.0,550.0,38.7737,387.0,120.0,1448.4298,1228.0,402.0,0.2675,194.0,0.1291,0.1693,9.7325,0.9701,
austria-climate.7z7ejpbmv5.2022-08-08,Hamming_traditional,PAV_vs_SeqPhragmen,,,,,,,,,,,,,,,,,0.0
austria-climate.7z7ejpbmv5.2022-08-08,Hamming_traditional,PAV_vs_MES,,,,,,,,,,,,,,,,,2.0
austria-climate.7z7ejpbmv5.2022-08-08,Hamming_traditional,SeqPhragmen_vs_MES,,,,,,,,,,,,,,,,,2.0
austria-climate.7z7ejpbmv5.2022-08-08,Hamming_traditional,AV_vs_PAV,,,,,,,,,,,,,,,,,2.0
austria-climate.7z7ejpbmv5.2022-08-08,Hamming_traditional,AV_vs_SeqPhragmen,,,,,,,,,,,,,,,,,2.0
austria-climate.7z7ejpbmv5.2022-08-08,Hamming_traditional,AV_vs_MES,,,,,,,,,,,,,,,,,4.0
austria-climate.7z7ejpbmv5.2022-08-08,Cross-Hamming,PAV_vs_TaxMES,,,,,,,,,,,,,,,,,6.0
austria-climate.7z7ejpbmv5.2022-08-08,Cross-Hamming,PAV_vs_TaxPhragmen,,,,,,,,,,,,,,,,,5.0
austria-climate.7z7ejpbmv5.2022-08-08,Cross-Hamming,SeqPhragmen_vs_TaxPhragmen,,,,,,,,,,,,,,,,,5.0
austria-climate.7z7ejpbmv5.2022-08-08,Cross-Hamming,SeqPhragmen_vs_TaxMES,,,,,,,,,,,,,,,,,6.0
austria-climate.7z7ejpbmv5.2022-08-08,Cross-Hamming,MES_vs_TaxMES,,,,,,,,,,,,,,,,,8.0
austria-climate.7z7ejpbmv5.2022-08-08,Cross-Hamming,MES_vs_TaxPhragmen,,,,,,,,,,,,,,,,,7.0
austria-climate.7z7ejpbmv5.2022-08-08,Cross-Hamming,TaxPhragmen_vs_TaxMES,,,,,,,,,,,,,,,,,1.0
austria-climate.7z7ejpbmv5.2022-08-08,Cross-Hamming,AV_vs_TaxMES,,,,,,,,,,,,,,,,,6.0
austria-climate.7z7ejpbmv5.2022-08-08,Cross-Hamming,AV_vs_TaxPhragmen,,,,,,,,,,,,,,,,,5.0
austria-climate.7z7ejpbmv5.2022-08-08,Tax,TaxPhragmen,5.0,512.0,470.0,550.0,41.8432,475.0,15.0,874.2302,550.0,488.0,0.3247,143.0,0.0951,0.1651,9.7325,0.3686,
austria-climate.7z7ejpbmv5.2022-08-08,Hamming_traditional,PAV_vs_SeqPhragmen,,,,,,,,,,,,,,,,,0.0
austria-climate.7z7ejpbmv5.2022-08-08,Hamming_traditional,PAV_vs_MES,,,,,,,,,,,,,,,,,2.0
austria-climate.7z7ejpbmv5.2022-08-08,Hamming_traditional,SeqPhragmen_vs_MES,,,,,,,,,,,,,,,,,2.0
austria-climate.7z7ejpbmv5.2022-08-08,Hamming_traditional,AV_vs_PAV,,,,,,,,,,,,,,,,,2.0
austria-climate.7z7ejpbmv5.2022-08-08,Hamming_traditional,AV_vs_SeqPhragmen,,,,,,,,,,,,,,,,,2.0
austria-climate.7z7ejpbmv5.2022-08-08,Hamming_traditional,AV_vs_MES,,,,,,,,,,,,,,,,,4.0
austria-climate.7z7ejpbmv5.2022-08-08,Cross-Hamming,PAV_vs_TaxMES,,,,,,,,,,,,,,,,,6.0
austria-climate.7z7ejpbmv5.2022-08-08,Cross-Hamming,PAV_vs_TaxPhragmen,,,,,,,,,,,,,,,,,5.0
austria-climate.7z7ejpbmv5.2022-08-08,Cross-Hamming,SeqPhragmen_vs_TaxPhragmen,,,,,,,,,,,,,,,,,5.0
austria-climate.7z7ejpbmv5.2022-08-08,Cross-Hamming,SeqPhragmen_vs_TaxMES,,,,,,,,,,,,,,,,,6.0
austria-climate.7z7ejpbmv5.2022-08-08,Cross-Hamming,MES_vs_TaxMES,,,,,,,,,,,,,,,,,8.0
austria-climate.7z7ejpbmv5.2022-08-08,Cross-Hamming,MES_vs_TaxPhragmen,,,,,,,,,,,,,,,,,7.0
austria-climate.7z7ejpbmv5.2022-08-08,Cross-Hamming,TaxPhragmen_vs_TaxMES,,,,,,,,,,,,,,,,,1.0
austria-climate.7z7ejpbmv5.2022-08-08,Cross-Hamming,AV_vs_TaxMES,,,,,,,,,,,,,,,,,6.0
austria-climate.7z7ejpbmv5.2022-08-08,Cross-Hamming,AV_vs_TaxPhragmen,,,,,,,,,,,,,,,,,5.0
austria-climate.7z7ejpbmv5.2022-08-08,Tax,TaxMES,4.0,522.5,510.0,550.0,42.5486,475.0,15.0,727.2575,550.0,522.0,0.3473,151.0,0.1005,0.177,9.7325,0.2941,
austria-climate.7z7ejpbmv5.2022-08-08,Hamming_traditional,PAV_vs_SeqPhragmen,,,,,,,,,,,,,,,,,0.0
austria-climate.7z7ejpbmv5.2022-08-08,Hamming_traditional,PAV_vs_MES,,,,,,,,,,,,,,,,,2.0
austria-climate.7z7ejpbmv5.2022-08-08,Hamming_traditional,SeqPhragmen_vs_MES,,,,,,,,,,,,,,,,,2.0
austria-climate.7z7ejpbmv5.2022-08-08,Hamming_traditional,AV_vs_PAV,,,,,,,,,,,,,,,,,2.0
austria-climate.7z7ejpbmv5.2022-08-08,Hamming_traditional,AV_vs_SeqPhragmen,,,,,,,,,,,,,,,,,2.0
austria-climate.7z7ejpbmv5.2022-08-08,Hamming_traditional,AV_vs_MES,,,,,,,,,,,,,,,,,4.0
austria-climate.7z7ejpbmv5.2022-08-08,Cross-Hamming,PAV_vs_TaxMES,,,,,,,,,,,,,,,,,6.0
austria-climate.7z7ejpbmv5.2022-08-08,Cross-Hamming,PAV_vs_TaxPhragmen,,,,,,,,,,,,,,,,,5.0
austria-climate.7z7ejpbmv5.2022-08-08,Cross-Hamming,SeqPhragmen_vs_TaxPhragmen,,,,,,,,,,,,,,,,,5.0
austria-climate.7z7ejpbmv5.2022-08-08,Cross-Hamming,SeqPhragmen_vs_TaxMES,,,,,,,,,,,,,,,,,6.0
austria-climate.7z7ejpbmv5.2022-08-08,Cross-Hamming,MES_vs_TaxMES,,,,,,,,,,,,,,,,,8.0
austria-climate.7z7ejpbmv5.2022-08-08,Cross-Hamming,MES_vs_TaxPhragmen,,,,,,,,,,,,,,,,,7.0
austria-climate.7z7ejpbmv5.2022-08-08,Cross-Hamming,TaxPhragmen_vs_TaxMES,,,,,,,,,,,,,,,,,1.0
austria-climate.7z7ejpbmv5.2022-08-08,Cross-Hamming,AV_vs_TaxMES,,,,,,,,,,,,,,,,,6.0
austria-climate.7z7ejpbmv5.2022-08-08,Cross-Hamming,AV_vs_TaxPhragmen,,,,,,,,,,,,,,,,,5.0
austria-climate.9xnndurbfm.2022-07-07,Traditional,PAV,10.0,794.6,532.0,988.0,80.7219,1008.0,79.0,1800.1372,1359.0,1097.0,0.3034,444.0,0.1228,0.1518,10.594,0.8731,
austria-climate.9xnndurbfm.2022-07-07,Hamming_traditional,PAV_vs_SeqPhragmen,,,,,,,,,,,,,,,,,0.0
austria-climate.9xnndurbfm.2022-07-07,Hamming_traditional,PAV_vs_MES,,,,,,,,,,,,,,,,,0.0
austria-climate.9xnndurbfm.2022-07-07,Hamming_traditional,SeqPhragmen_vs_MES,,,,,,,,,,,,,,,,,0.0
austria-climate.9xnndurbfm.2022-07-07,Hamming_traditional,AV_vs_PAV,,,,,,,,,,,,,,,,,4.0
austria-climate.9xnndurbfm.2022-07-07,Hamming_traditional,AV_vs_SeqPhragmen,,,,,,,,,,,,,,,,,4.0
austria-climate.9xnndurbfm.2022-07-07,Hamming_traditional,AV_vs_MES,,,,,,,,,,,,,,,,,4.0
austria-climate.9xnndurbfm.2022-07-07,Cross-Hamming,PAV_vs_TaxMES,,,,,,,,,,,,,,,,,8.0
austria-climate.9xnndurbfm.2022-07-07,Cross-Hamming,PAV_vs_TaxPhragmen,,,,,,,,,,,,,,,,,10.0
austria-climate.9xnndurbfm.2022-07-07,Cross-Hamming,SeqPhragmen_vs_TaxPhragmen,,,,,,,,,,,,,,,,,10.0
austria-climate.9xnndurbfm.2022-07-07,Cross-Hamming,SeqPhragmen_vs_TaxMES,,,,,,,,,,,,,,,,,8.0
austria-climate.9xnndurbfm.2022-07-07,Cross-Hamming,MES_vs_TaxMES,,,,,,,,,,,,,,,,,8.0
austria-climate.9xnndurbfm.2022-07-07,Cross-Hamming,MES_vs_TaxPhragmen,,,,,,,,,,,,,,,,,10.0
austria-climate.9xnndurbfm.2022-07-07,Cross-Hamming,TaxPhragmen_vs_TaxMES,,,,,,,,,,,,,,,,,2.0
austria-climate.9xnndurbfm.2022-07-07,Cross-Hamming,AV_vs_TaxMES,,,,,,,,,,,,,,,,,8.0
austria-climate.9xnndurbfm.2022-07-07,Cross-Hamming,AV_vs_TaxPhragmen,,,,,,,,,,,,,,,,,10.0
austria-climate.9xnndurbfm.2022-07-07,Traditional,SeqPhragmen,10.0,794.6,532.0,988.0,80.7219,1008.0,79.0,1800.1372,1359.0,1097.0,0.3034,444.0,0.1228,0.1518,10.594,0.8731,
austria-climate.9xnndurbfm.2022-07-07,Hamming_traditional,PAV_vs_SeqPhragmen,,,,,,,,,,,,,,,,,0.0
austria-climate.9xnndurbfm.2022-07-07,Hamming_traditional,PAV_vs_MES,,,,,,,,,,,,,,,,,0.0
austria-climate.9xnndurbfm.2022-07-07,Hamming_traditional,SeqPhragmen_vs_MES,,,,,,,,,,,,,,,,,0.0
austria-climate.9xnndurbfm.2022-07-07,Hamming_traditional,AV_vs_PAV,,,,,,,,,,,,,,,,,4.0
austria-climate.9xnndurbfm.2022-07-07,Hamming_traditional,AV_vs_SeqPhragmen,,,,,,,,,,,,,,,,,4.0
austria-climate.9xnndurbfm.2022-07-07,Hamming_traditional,AV_vs_MES,,,,,,,,,,,,,,,,,4.0
austria-climate.9xnndurbfm.2022-07-07,Cross-Hamming,PAV_vs_TaxMES,,,,,,,,,,,,,,,,,8.0
austria-climate.9xnndurbfm.2022-07-07,Cross-Hamming,PAV_vs_TaxPhragmen,,,,,,,,,,,,,,,,,10.0
austria-climate.9xnndurbfm.2022-07-07,Cross-Hamming,SeqPhragmen_vs_TaxPhragmen,,,,,,,,,,,,,,,,,10.0
austria-climate.9xnndurbfm.2022-07-07,Cross-Hamming,SeqPhragmen_vs_TaxMES,,,,,,,,,,,,,,,,,8.0
austria-climate.9xnndurbfm.2022-07-07,Cross-Hamming,MES_vs_TaxMES,,,,,,,,,,,,,,,,,8.0
austria-climate.9xnndurbfm.2022-07-07,Cross-Hamming,MES_vs_TaxPhragmen,,,,,,,,,,,,,,,,,10.0
austria-climate.9xnndurbfm.2022-07-07,Cross-Hamming,TaxPhragmen_vs_TaxMES,,,,,,,,,,,,,,,,,2.0
austria-climate.9xnndurbfm.2022-07-07,Cross-Hamming,AV_vs_TaxMES,,,,,,,,,,,,,,,,,8.0
austria-climate.9xnndurbfm.2022-07-07,Cross-Hamming,AV_vs_TaxPhragmen,,,,,,,,,,,,,,,,,10.0
austria-climate.9xnndurbfm.2022-07-07,Traditional,MES,10.0,794.6,532.0,988.0,80.7219,1008.0,79.0,1800.1372,1359.0,1097.0,0.3034,444.0,0.1228,0.1518,10.594,0.8731,
austria-climate.9xnndurbfm.2022-07-07,Hamming_traditional,PAV_vs_SeqPhragmen,,,,,,,,,,,,,,,,,0.0
austria-climate.9xnndurbfm.2022-07-07,Hamming_traditional,PAV_vs_MES,,,,,,,,,,,,,,,,,0.0
austria-climate.9xnndurbfm.2022-07-07,Hamming_traditional,SeqPhragmen_vs_MES,,,,,,,,,,,,,,,,,0.0
austria-climate.9xnndurbfm.2022-07-07,Hamming_traditional,AV_vs_PAV,,,,,,,,,,,,,,,,,4.0
austria-climate.9xnndurbfm.2022-07-07,Hamming_traditional,AV_vs_SeqPhragmen,,,,,,,,,,,,,,,,,4.0
austria-climate.9xnndurbfm.2022-07-07,Hamming_traditional,AV_vs_MES,,,,,,,,,,,,,,,,,4.0
austria-climate.9xnndurbfm.2022-07-07,Cross-Hamming,PAV_vs_TaxMES,,,,,,,,,,,,,,,,,8.0
austria-climate.9xnndurbfm.2022-07-07,Cross-Hamming,PAV_vs_TaxPhragmen,,,,,,,,,,,,,,,,,10.0
austria-climate.9xnndurbfm.2022-07-07,Cross-Hamming,SeqPhragmen_vs_TaxPhragmen,,,,,,,,,,,,,,,,,10.0
austria-climate.9xnndurbfm.2022-07-07,Cross-Hamming,SeqPhragmen_vs_TaxMES,,,,,,,,,,,,,,,,,8.0
austria-climate.9xnndurbfm.2022-07-07,Cross-Hamming,MES_vs_TaxMES,,,,,,,,,,,,,,,,,8.0
austria-climate.9xnndurbfm.2022-07-07,Cross-Hamming,MES_vs_TaxPhragmen,,,,,,,,,,,,,,,,,10.0
austria-climate.9xnndurbfm.2022-07-07,Cross-Hamming,TaxPhragmen_vs_TaxMES,,,,,,,,,,,,,,,,,2.0
austria-climate.9xnndurbfm.2022-07-07,Cross-Hamming,AV_vs_TaxMES,,,,,,,,,,,,,,,,,8.0
austria-climate.9xnndurbfm.2022-07-07,Cross-Hamming,AV_vs_TaxPhragmen,,,,,,,,,,,,,,,,,10.0
austria-climate.9xnndurbfm.2022-07-07,AV,AV,10.0,843.5,532.0,988.0,80.3828,1008.0,79.0,2019.3443,1404.0,1120.0,0.3097,429.0,0.1186,0.1628,10.594,0.8061,
austria-climate.9xnndurbfm.2022-07-07,Hamming_traditional,PAV_vs_SeqPhragmen,,,,,,,,,,,,,,,,,0.0
austria-climate.9xnndurbfm.2022-07-07,Hamming_traditional,PAV_vs_MES,,,,,,,,,,,,,,,,,0.0
austria-climate.9xnndurbfm.2022-07-07,Hamming_traditional,SeqPhragmen_vs_MES,,,,,,,,,,,,,,,,,0.0
austria-climate.9xnndurbfm.2022-07-07,Hamming_traditional,AV_vs_PAV,,,,,,,,,,,,,,,,,4.0
austria-climate.9xnndurbfm.2022-07-07,Hamming_traditional,AV_vs_SeqPhragmen,,,,,,,,,,,,,,,,,4.0
austria-climate.9xnndurbfm.2022-07-07,Hamming_traditional,AV_vs_MES,,,,,,,,,,,,,,,,,4.0
austria-climate.9xnndurbfm.2022-07-07,Cross-Hamming,PAV_vs_TaxMES,,,,,,,,,,,,,,,,,8.0
austria-climate.9xnndurbfm.2022-07-07,Cross-Hamming,PAV_vs_TaxPhragmen,,,,,,,,,,,,,,,,,10.0
austria-climate.9xnndurbfm.2022-07-07,Cross-Hamming,SeqPhragmen_vs_TaxPhragmen,,,,,,,,,,,,,,,,,10.0
austria-climate.9xnndurbfm.2022-07-07,Cross-Hamming,SeqPhragmen_vs_TaxMES,,,,,,,,,,,,,,,,,8.0
austria-climate.9xnndurbfm.2022-07-07,Cross-Hamming,MES_vs_TaxMES,,,,,,,,,,,,,,,,,8.0
austria-climate.9xnndurbfm.2022-07-07,Cross-Hamming,MES_vs_TaxPhragmen,,,,,,,,,,,,,,,,,10.0
austria-climate.9xnndurbfm.2022-07-07,Cross-Hamming,TaxPhragmen_vs_TaxMES,,,,,,,,,,,,,,,,,2.0
austria-climate.9xnndurbfm.2022-07-07,Cross-Hamming,AV_vs_TaxMES,,,,,,,,,,,,,,,,,8.0
austria-climate.9xnndurbfm.2022-07-07,Cross-Hamming,AV_vs_TaxPhragmen,,,,,,,,,,,,,,,,,10.0
austria-climate.9xnndurbfm.2022-07-07,Tax,TaxPhragmen,4.0,942.75,823.0,1008.0,83.2707,988.0,91.0,988.7171,823.0,1404.0,0.3883,287.0,0.0794,0.1522,10.594,0.2414,
austria-climate.9xnndurbfm.2022-07-07,Hamming_traditional,PAV_vs_SeqPhragmen,,,,,,,,,,,,,,,,,0.0
austria-climate.9xnndurbfm.2022-07-07,Hamming_traditional,PAV_vs_MES,,,,,,,,,,,,,,,,,0.0
austria-climate.9xnndurbfm.2022-07-07,Hamming_traditional,SeqPhragmen_vs_MES,,,,,,,,,,,,,,,,,0.0
austria-climate.9xnndurbfm.2022-07-07,Hamming_traditional,AV_vs_PAV,,,,,,,,,,,,,,,,,4.0
austria-climate.9xnndurbfm.2022-07-07,Hamming_traditional,AV_vs_SeqPhragmen,,,,,,,,,,,,,,,,,4.0
austria-climate.9xnndurbfm.2022-07-07,Hamming_traditional,AV_vs_MES,,,,,,,,,,,,,,,,,4.0
austria-climate.9xnndurbfm.2022-07-07,Cross-Hamming,PAV_vs_TaxMES,,,,,,,,,,,,,,,,,8.0
austria-climate.9xnndurbfm.2022-07-07,Cross-Hamming,PAV_vs_TaxPhragmen,,,,,,,,,,,,,,,,,10.0
austria-climate.9xnndurbfm.2022-07-07,Cross-Hamming,SeqPhragmen_vs_TaxPhragmen,,,,,,,,,,,,,,,,,10.0
austria-climate.9xnndurbfm.2022-07-07,Cross-Hamming,SeqPhragmen_vs_TaxMES,,,,,,,,,,,,,,,,,8.0
austria-climate.9xnndurbfm.2022-07-07,Cross-Hamming,MES_vs_TaxMES,,,,,,,,,,,,,,,,,8.0
austria-climate.9xnndurbfm.2022-07-07,Cross-Hamming,MES_vs_TaxPhragmen,,,,,,,,,,,,,,,,,10.0
austria-climate.9xnndurbfm.2022-07-07,Cross-Hamming,TaxPhragmen_vs_TaxMES,,,,,,,,,,,,,,,,,2.0
austria-climate.9xnndurbfm.2022-07-07,Cross-Hamming,AV_vs_TaxMES,,,,,,,,,,,,,,,,,8.0
austria-climate.9xnndurbfm.2022-07-07,Cross-Hamming,AV_vs_TaxPhragmen,,,,,,,,,,,,,,,,,10.0
austria-climate.9xnndurbfm.2022-07-07,Tax,TaxMES,4.0,946.75,823.0,1008.0,83.2597,972.0,25.0,997.3897,823.0,1482.0,0.4098,322.0,0.089,0.1629,10.594,0.2619,
austria-climate.9xnndurbfm.2022-07-07,Hamming_traditional,PAV_vs_SeqPhragmen,,,,,,,,,,,,,,,,,0.0
austria-climate.9xnndurbfm.2022-07-07,Hamming_traditional,PAV_vs_MES,,,,,,,,,,,,,,,,,0.0
austria-climate.9xnndurbfm.2022-07-07,Hamming_traditional,SeqPhragmen_vs_MES,,,,,,,,,,,,,,,,,0.0
austria-climate.9xnndurbfm.2022-07-07,Hamming_traditional,AV_vs_PAV,,,,,,,,,,,,,,,,,4.0
austria-climate.9xnndurbfm.2022-07-07,Hamming_traditional,AV_vs_SeqPhragmen,,,,,,,,,,,,,,,,,4.0
austria-climate.9xnndurbfm.2022-07-07,Hamming_traditional,AV_vs_MES,,,,,,,,,,,,,,,,,4.0
austria-climate.9xnndurbfm.2022-07-07,Cross-Hamming,PAV_vs_TaxMES,,,,,,,,,,,,,,,,,8.0
austria-climate.9xnndurbfm.2022-07-07,Cross-Hamming,PAV_vs_TaxPhragmen,,,,,,,,,,,,,,,,,10.0
austria-climate.9xnndurbfm.2022-07-07,Cross-Hamming,SeqPhragmen_vs_TaxPhragmen,,,,,,,,,,,,,,,,,10.0
austria-climate.9xnndurbfm.2022-07-07,Cross-Hamming,SeqPhragmen_vs_TaxMES,,,,,,,,,,,,,,,,,8.0
austria-climate.9xnndurbfm.2022-07-07,Cross-Hamming,MES_vs_TaxMES,,,,,,,,,,,,,,,,,8.0
austria-climate.9xnndurbfm.2022-07-07,Cross-Hamming,MES_vs_TaxPhragmen,,,,,,,,,,,,,,,,,10.0
austria-climate.9xnndurbfm.2022-07-07,Cross-Hamming,TaxPhragmen_vs_TaxMES,,,,,,,,,,,,,,,,,2.0
austria-climate.9xnndurbfm.2022-07-07,Cross-Hamming,AV_vs_TaxMES,,,,,,,,,,,,,,,,,8.0
austria-climate.9xnndurbfm.2022-07-07,Cross-Hamming,AV_vs_TaxPhragmen,,,,,,,,,,,,,,,,,10.0
bg2050-volunteers,Traditional,PAV,10.0,836.0,-212.0,1551.0,60.9419,1193.0,186.0,1317.3363,640.0,3249.0,0.412,1132.0,0.1435,0.1148,15.0724,1.0197,
bg2050-volunteers,Hamming_traditional,PAV_vs_SeqPhragmen,,,,,,,,,,,,,,,,,0.0
bg2050-volunteers,Hamming_traditional,PAV_vs_MES,,,,,,,,,,,,,,,,,0.0
bg2050-volunteers,Hamming_traditional,SeqPhragmen_vs_MES,,,,,,,,,,,,,,,,,0.0
bg2050-volunteers,Hamming_traditional,AV_vs_PAV,,,,,,,,,,,,,,,,,2.0
bg2050-volunteers,Hamming_traditional,AV_vs_SeqPhragmen,,,,,,,,,,,,,,,,,2.0
bg2050-volunteers,Hamming_traditional,AV_vs_MES,,,,,,,,,,,,,,,,,2.0
bg2050-volunteers,Cross-Hamming,PAV_vs_TaxMES,,,,,,,,,,,,,,,,,8.0
bg2050-volunteers,Cross-Hamming,PAV_vs_TaxPhragmen,,,,,,,,,,,,,,,,,7.0
bg2050-volunteers,Cross-Hamming,SeqPhragmen_vs_TaxPhragmen,,,,,,,,,,,,,,,,,7.0
bg2050-volunteers,Cross-Hamming,SeqPhragmen_vs_TaxMES,,,,,,,,,,,,,,,,,8.0
bg2050-volunteers,Cross-Hamming,MES_vs_TaxMES,,,,,,,,,,,,,,,,,8.0
bg2050-volunteers,Cross-Hamming,MES_vs_TaxPhragmen,,,,,,,,,,,,,,,,,7.0
bg2050-volunteers,Cross-Hamming,TaxPhragmen_vs_TaxMES,,,,,,,,,,,,,,,,,1.0
bg2050-volunteers,Cross-Hamming,AV_vs_TaxMES,,,,,,,,,,,,,,,,,8.0
bg2050-volunteers,Cross-Hamming,AV_vs_TaxPhragmen,,,,,,,,,,,,,,,,,7.0
bg2050-volunteers,Traditional,SeqPhragmen,10.0,836.0,-212.0,1551.0,60.9419,1193.0,186.0,1317.3363,640.0,3249.0,0.412,1132.0,0.1435,0.1148,15.0724,1.0197,
bg2050-volunteers,Hamming_traditional,PAV_vs_SeqPhragmen,,,,,,,,,,,,,,,,,0.0
bg2050-volunteers,Hamming_traditional,PAV_vs_MES,,,,,,,,,,,,,,,,,0.0
bg2050-volunteers,Hamming_traditional,SeqPhragmen_vs_MES,,,,,,,,,,,,,,,,,0.0
bg2050-volunteers,Hamming_traditional,AV_vs_PAV,,,,,,,,,,,,,,,,,2.0
bg2050-volunteers,Hamming_traditional,AV_vs_SeqPhragmen,,,,,,,,,,,,,,,,,2.0
bg2050-volunteers,Hamming_traditional,AV_vs_MES,,,,,,,,,,,,,,,,,2.0
bg2050-volunteers,Cross-Hamming,PAV_vs_TaxMES,,,,,,,,,,,,,,,,,8.0
bg2050-volunteers,Cross-Hamming,PAV_vs_TaxPhragmen,,,,,,,,,,,,,,,,,7.0
bg2050-volunteers,Cross-Hamming,SeqPhragmen_vs_TaxPhragmen,,,,,,,,,,,,,,,,,7.0
bg2050-volunteers,Cross-Hamming,SeqPhragmen_vs_TaxMES,,,,,,,,,,,,,,,,,8.0
bg2050-volunteers,Cross-Hamming,MES_vs_TaxMES,,,,,,,,,,,,,,,,,8.0
bg2050-volunteers,Cross-Hamming,MES_vs_TaxPhragmen,,,,,,,,,,,,,,,,,7.0
bg2050-volunteers,Cross-Hamming,TaxPhragmen_vs_TaxMES,,,,,,,,,,,,,,,,,1.0
bg2050-volunteers,Cross-Hamming,AV_vs_TaxMES,,,,,,,,,,,,,,,,,8.0
bg2050-volunteers,Cross-Hamming,AV_vs_TaxPhragmen,,,,,,,,,,,,,,,,,7.0
bg2050-volunteers,Traditional,MES,10.0,836.0,-212.0,1551.0,60.9419,1193.0,186.0,1317.3363,640.0,3249.0,0.412,1132.0,0.1435,0.1148,15.0724,1.0197,
bg2050-volunteers,Hamming_traditional,PAV_vs_SeqPhragmen,,,,,,,,,,,,,,,,,0.0
bg2050-volunteers,Hamming_traditional,PAV_vs_MES,,,,,,,,,,,,,,,,,0.0
bg2050-volunteers,Hamming_traditional,SeqPhragmen_vs_MES,,,,,,,,,,,,,,,,,0.0
bg2050-volunteers,Hamming_traditional,AV_vs_PAV,,,,,,,,,,,,,,,,,2.0
bg2050-volunteers,Hamming_traditional,AV_vs_SeqPhragmen,,,,,,,,,,,,,,,,,2.0
bg2050-volunteers,Hamming_traditional,AV_vs_MES,,,,,,,,,,,,,,,,,2.0
bg2050-volunteers,Cross-Hamming,PAV_vs_TaxMES,,,,,,,,,,,,,,,,,8.0
bg2050-volunteers,Cross-Hamming,PAV_vs_TaxPhragmen,,,,,,,,,,,,,,,,,7.0
bg2050-volunteers,Cross-Hamming,SeqPhragmen_vs_TaxPhragmen,,,,,,,,,,,,,,,,,7.0
bg2050-volunteers,Cross-Hamming,SeqPhragmen_vs_TaxMES,,,,,,,,,,,,,,,,,8.0
bg2050-volunteers,Cross-Hamming,MES_vs_TaxMES,,,,,,,,,,,,,,,,,8.0
bg2050-volunteers,Cross-Hamming,MES_vs_TaxPhragmen,,,,,,,,,,,,,,,,,7.0
bg2050-volunteers,Cross-Hamming,TaxPhragmen_vs_TaxMES,,,,,,,,,,,,,,,,,1.0
bg2050-volunteers,Cross-Hamming,AV_vs_TaxMES,,,,,,,,,,,,,,,,,8.0
bg2050-volunteers,Cross-Hamming,AV_vs_TaxPhragmen,,,,,,,,,,,,,,,,,7.0
bg2050-volunteers,AV,AV,10.0,933.6,51.0,1551.0,60.8099,1193.0,186.0,1385.6538,707.0,3232.0,0.4098,1075.0,0.1363,0.1088,15.0724,0.913,
bg2050-volunteers,Hamming_traditional,PAV_vs_SeqPhragmen,,,,,,,,,,,,,,,,,0.0
bg2050-volunteers,Hamming_traditional,PAV_vs_MES,,,,,,,,,,,,,,,,,0.0
bg2050-volunteers,Hamming_traditional,SeqPhragmen_vs_MES,,,,,,,,,,,,,,,,,0.0
bg2050-volunteers,Hamming_traditional,AV_vs_PAV,,,,,,,,,,,,,,,,,2.0
bg2050-volunteers,Hamming_traditional,AV_vs_SeqPhragmen,,,,,,,,,,,,,,,,,2.0
bg2050-volunteers,Hamming_traditional,AV_vs_MES,,,,,,,,,,,,,,,,,2.0
bg2050-volunteers,Cross-Hamming,PAV_vs_TaxMES,,,,,,,,,,,,,,,,,8.0
bg2050-volunteers,Cross-Hamming,PAV_vs_TaxPhragmen,,,,,,,,,,,,,,,,,7.0
bg2050-volunteers,Cross-Hamming,SeqPhragmen_vs_TaxPhragmen,,,,,,,,,,,,,,,,,7.0
bg2050-volunteers,Cross-Hamming,SeqPhragmen_vs_TaxMES,,,,,,,,,,,,,,,,,8.0
bg2050-volunteers,Cross-Hamming,MES_vs_TaxMES,,,,,,,,,,,,,,,,,8.0
bg2050-volunteers,Cross-Hamming,MES_vs_TaxPhragmen,,,,,,,,,,,,,,,,,7.0
bg2050-volunteers,Cross-Hamming,TaxPhragmen_vs_TaxMES,,,,,,,,,,,,,,,,,1.0
bg2050-volunteers,Cross-Hamming,AV_vs_TaxMES,,,,,,,,,,,,,,,,,8.0
bg2050-volunteers,Cross-Hamming,AV_vs_TaxPhragmen,,,,,,,,,,,,,,,,,7.0
bg2050-volunteers,Tax,TaxPhragmen,3.0,1463.6667,1384.0,1551.0,61.4208,1259.0,131.0,816.763,0.0,4503.0,0.571,603.0,0.0765,0.1385,15.0724,0.157,
bg2050-volunteers,Hamming_traditional,PAV_vs_SeqPhragmen,,,,,,,,,,,,,,,,,0.0
bg2050-volunteers,Hamming_traditional,PAV_vs_MES,,,,,,,,,,,,,,,,,0.0
bg2050-volunteers,Hamming_traditional,SeqPhragmen_vs_MES,,,,,,,,,,,,,,,,,0.0
bg2050-volunteers,Hamming_traditional,AV_vs_PAV,,,,,,,,,,,,,,,,,2.0
bg2050-volunteers,Hamming_traditional,AV_vs_SeqPhragmen,,,,,,,,,,,,,,,,,2.0
bg2050-volunteers,Hamming_traditional,AV_vs_MES,,,,,,,,,,,,,,,,,2.0
bg2050-volunteers,Cross-Hamming,PAV_vs_TaxMES,,,,,,,,,,,,,,,,,8.0
bg2050-volunteers,Cross-Hamming,PAV_vs_TaxPhragmen,,,,,,,,,,,,,,,,,7.0
bg2050-volunteers,Cross-Hamming,SeqPhragmen_vs_TaxPhragmen,,,,,,,,,,,,,,,,,7.0
bg2050-volunteers,Cross-Hamming,SeqPhragmen_vs_TaxMES,,,,,,,,,,,,,,,,,8.0
bg2050-volunteers,Cross-Hamming,MES_vs_TaxMES,,,,,,,,,,,,,,,,,8.0
bg2050-volunteers,Cross-Hamming,MES_vs_TaxPhragmen,,,,,,,,,,,,,,,,,7.0
bg2050-volunteers,Cross-Hamming,TaxPhragmen_vs_TaxMES,,,,,,,,,,,,,,,,,1.0
bg2050-volunteers,Cross-Hamming,AV_vs_TaxMES,,,,,,,,,,,,,,,,,8.0
bg2050-volunteers,Cross-Hamming,AV_vs_TaxPhragmen,,,,,,,,,,,,,,,,,7.0
bg2050-volunteers,Tax,TaxMES,2.0,1503.5,1456.0,1551.0,61.5996,1384.0,56.0,573.8698,0.0,5074.0,0.6434,462.0,0.0586,0.1434,15.0724,0.0921,
bg2050-volunteers,Hamming_traditional,PAV_vs_SeqPhragmen,,,,,,,,,,,,,,,,,0.0
bg2050-volunteers,Hamming_traditional,PAV_vs_MES,,,,,,,,,,,,,,,,,0.0
bg2050-volunteers,Hamming_traditional,SeqPhragmen_vs_MES,,,,,,,,,,,,,,,,,0.0
bg2050-volunteers,Hamming_traditional,AV_vs_PAV,,,,,,,,,,,,,,,,,2.0
bg2050-volunteers,Hamming_traditional,AV_vs_SeqPhragmen,,,,,,,,,,,,,,,,,2.0
bg2050-volunteers,Hamming_traditional,AV_vs_MES,,,,,,,,,,,,,,,,,2.0
bg2050-volunteers,Cross-Hamming,PAV_vs_TaxMES,,,,,,,,,,,,,,,,,8.0
bg2050-volunteers,Cross-Hamming,PAV_vs_TaxPhragmen,,,,,,,,,,,,,,,,,7.0
bg2050-volunteers,Cross-Hamming,SeqPhragmen_vs_TaxPhragmen,,,,,,,,,,,,,,,,,7.0
bg2050-volunteers,Cross-Hamming,SeqPhragmen_vs_TaxMES,,,,,,,,,,,,,,,,,8.0
bg2050-volunteers,Cross-Hamming,MES_vs_TaxMES,,,,,,,,,,,,,,,,,8.0
bg2050-volunteers,Cross-Hamming,MES_vs_TaxPhragmen,,,,,,,,,,,,,,,,,7.0
bg2050-volunteers,Cross-Hamming,TaxPhragmen_vs_TaxMES,,,,,,,,,,,,,,,,,1.0
bg2050-volunteers,Cross-Hamming,AV_vs_TaxMES,,,,,,,,,,,,,,,,,8.0
bg2050-volunteers,Cross-Hamming,AV_vs_TaxPhragmen,,,,,,,,,,,,,,,,,7.0
brexit-consensus,Traditional,PAV,10.0,107.9,35.0,152.0,-8.65,54.0,34.0,641.0147,712.5,15.0,0.0735,4.0,0.0196,0.1748,9.5686,0.7696,
brexit-consensus,Hamming_traditional,PAV_vs_SeqPhragmen,,,,,,,,,,,,,,,,,2.0
brexit-consensus,Hamming_traditional,PAV_vs_MES,,,,,,,,,,,,,,,,,2.0
brexit-consensus,Hamming_traditional,SeqPhragmen_vs_MES,,,,,,,,,,,,,,,,,0.0
brexit-consensus,Hamming_traditional,AV_vs_PAV,,,,,,,,,,,,,,,,,2.0
brexit-consensus,Hamming_traditional,AV_vs_SeqPhragmen,,,,,,,,,,,,,,,,,4.0
brexit-consensus,Hamming_traditional,AV_vs_MES,,,,,,,,,,,,,,,,,4.0
brexit-consensus,Cross-Hamming,PAV_vs_TaxMES,,,,,,,,,,,,,,,,,3.0
brexit-consensus,Cross-Hamming,PAV_vs_TaxPhragmen,,,,,,,,,,,,,,,,,3.0
brexit-consensus,Cross-Hamming,SeqPhragmen_vs_TaxPhragmen,,,,,,,,,,,,,,,,,3.0
brexit-consensus,Cross-Hamming,SeqPhragmen_vs_TaxMES,,,,,,,,,,,,,,,,,3.0
brexit-consensus,Cross-Hamming,MES_vs_TaxMES,,,,,,,,,,,,,,,,,3.0
brexit-consensus,Cross-Hamming,MES_vs_TaxPhragmen,,,,,,,,,,,,,,,,,3.0
brexit-consensus,Cross-Hamming,TaxPhragmen_vs_TaxMES,,,,,,,,,,,,,,,,,2.0
brexit-consensus,Cross-Hamming,AV_vs_TaxMES,,,,,,,,,,,,,,,,,3.0
brexit-consensus,Cross-Hamming,AV_vs_TaxPhragmen,,,,,,,,,,,,,,,,,3.0
brexit-consensus,Traditional,SeqPhragmen,10.0,98.5,-21.0,152.0,-6.3,73.0,18.0,617.0539,683.5,14.0,0.0686,4.0,0.0196,0.1782,9.5686,1.0735,
brexit-consensus,Hamming_traditional,PAV_vs_SeqPhragmen,,,,,,,,,,,,,,,,,2.0
brexit-consensus,Hamming_traditional,PAV_vs_MES,,,,,,,,,,,,,,,,,2.0
brexit-consensus,Hamming_traditional,SeqPhragmen_vs_MES,,,,,,,,,,,,,,,,,0.0
brexit-consensus,Hamming_traditional,AV_vs_PAV,,,,,,,,,,,,,,,,,2.0
brexit-consensus,Hamming_traditional,AV_vs_SeqPhragmen,,,,,,,,,,,,,,,,,4.0
brexit-consensus,Hamming_traditional,AV_vs_MES,,,,,,,,,,,,,,,,,4.0
brexit-consensus,Cross-Hamming,PAV_vs_TaxMES,,,,,,,,,,,,,,,,,3.0
brexit-consensus,Cross-Hamming,PAV_vs_TaxPhragmen,,,,,,,,,,,,,,,,,3.0
brexit-consensus,Cross-Hamming,SeqPhragmen_vs_TaxPhragmen,,,,,,,,,,,,,,,,,3.0
brexit-consensus,Cross-Hamming,SeqPhragmen_vs_TaxMES,,,,,,,,,,,,,,,,,3.0
brexit-consensus,Cross-Hamming,MES_vs_TaxMES,,,,,,,,,,,,,,,,,3.0
brexit-consensus,Cross-Hamming,MES_vs_TaxPhragmen,,,,,,,,,,,,,,,,,3.0
brexit-consensus,Cross-Hamming,TaxPhragmen_vs_TaxMES,,,,,,,,,,,,,,,,,2.0
brexit-consensus,Cross-Hamming,AV_vs_TaxMES,,,,,,,,,,,,,,,,,3.0
brexit-consensus,Cross-Hamming,AV_vs_TaxPhragmen,,,,,,,,,,,,,,,,,3.0
brexit-consensus,Traditional,MES,10.0,98.5,-21.0,152.0,-6.3,73.0,18.0,617.0539,683.5,14.0,0.0686,4.0,0.0196,0.1782,9.5686,1.0735,
brexit-consensus,Hamming_traditional,PAV_vs_SeqPhragmen,,,,,,,,,,,,,,,,,2.0
brexit-consensus,Hamming_traditional,PAV_vs_MES,,,,,,,,,,,,,,,,,2.0
brexit-consensus,Hamming_traditional,SeqPhragmen_vs_MES,,,,,,,,,,,,,,,,,0.0
brexit-consensus,Hamming_traditional,AV_vs_PAV,,,,,,,,,,,,,,,,,2.0
brexit-consensus,Hamming_traditional,AV_vs_SeqPhragmen,,,,,,,,,,,,,,,,,4.0
brexit-consensus,Hamming_traditional,AV_vs_MES,,,,,,,,,,,,,,,,,4.0
brexit-consensus,Cross-Hamming,PAV_vs_TaxMES,,,,,,,,,,,,,,,,,3.0
brexit-consensus,Cross-Hamming,PAV_vs_TaxPhragmen,,,,,,,,,,,,,,,,,3.0
brexit-consensus,Cross-Hamming,SeqPhragmen_vs_TaxPhragmen,,,,,,,,,,,,,,,,,3.0
brexit-consensus,Cross-Hamming,SeqPhragmen_vs_TaxMES,,,,,,,,,,,,,,,,,3.0
brexit-consensus,Cross-Hamming,MES_vs_TaxMES,,,,,,,,,,,,,,,,,3.0
brexit-consensus,Cross-Hamming,MES_vs_TaxPhragmen,,,,,,,,,,,,,,,,,3.0
brexit-consensus,Cross-Hamming,TaxPhragmen_vs_TaxMES,,,,,,,,,,,,,,,,,2.0
brexit-consensus,Cross-Hamming,AV_vs_TaxMES,,,,,,,,,,,,,,,,,3.0
brexit-consensus,Cross-Hamming,AV_vs_TaxPhragmen,,,,,,,,,,,,,,,,,3.0
brexit-consensus,AV,AV,10.0,106.6,22.0,152.0,-8.325,54.0,34.0,637.3824,720.0,15.0,0.0735,4.0,0.0196,0.1795,9.5686,0.848,
brexit-consensus,Hamming_traditional,PAV_vs_SeqPhragmen,,,,,,,,,,,,,,,,,2.0
brexit-consensus,Hamming_traditional,PAV_vs_MES,,,,,,,,,,,,,,,,,2.0
brexit-consensus,Hamming_traditional,SeqPhragmen_vs_MES,,,,,,,,,,,,,,,,,0.0
brexit-consensus,Hamming_traditional,AV_vs_PAV,,,,,,,,,,,,,,,,,2.0
brexit-consensus,Hamming_traditional,AV_vs_SeqPhragmen,,,,,,,,,,,,,,,,,4.0
brexit-consensus,Hamming_traditional,AV_vs_MES,,,,,,,,,,,,,,,,,4.0
brexit-consensus,Cross-Hamming,PAV_vs_TaxMES,,,,,,,,,,,,,,,,,3.0
brexit-consensus,Cross-Hamming,PAV_vs_TaxPhragmen,,,,,,,,,,,,,,,,,3.0
brexit-consensus,Cross-Hamming,SeqPhragmen_vs_TaxPhragmen,,,,,,,,,,,,,,,,,3.0
brexit-consensus,Cross-Hamming,SeqPhragmen_vs_TaxMES,,,,,,,,,,,,,,,,,3.0
brexit-consensus,Cross-Hamming,MES_vs_TaxMES,,,,,,,,,,,,,,,,,3.0
brexit-consensus,Cross-Hamming,MES_vs_TaxPhragmen,,,,,,,,,,,,,,,,,3.0
brexit-consensus,Cross-Hamming,TaxPhragmen_vs_TaxMES,,,,,,,,,,,,,,,,,2.0
brexit-consensus,Cross-Hamming,AV_vs_TaxMES,,,,,,,,,,,,,,,,,3.0
brexit-consensus,Cross-Hamming,AV_vs_TaxPhragmen,,,,,,,,,,,,,,,,,3.0
brexit-consensus,Tax,TaxPhragmen,7.0,128.2857,80.0,152.0,-3.8372,73.0,11.0,582.7647,699.0,15.0,0.0735,4.0,0.0196,0.1795,9.5686,0.2451,
brexit-consensus,Hamming_traditional,PAV_vs_SeqPhragmen,,,,,,,,,,,,,,,,,2.0
brexit-consensus,Hamming_traditional,PAV_vs_MES,,,,,,,,,,,,,,,,,2.0
brexit-consensus,Hamming_traditional,SeqPhragmen_vs_MES,,,,,,,,,,,,,,,,,0.0
brexit-consensus,Hamming_traditional,AV_vs_PAV,,,,,,,,,,,,,,,,,2.0
brexit-consensus,Hamming_traditional,AV_vs_SeqPhragmen,,,,,,,,,,,,,,,,,4.0
brexit-consensus,Hamming_traditional,AV_vs_MES,,,,,,,,,,,,,,,,,4.0
brexit-consensus,Cross-Hamming,PAV_vs_TaxMES,,,,,,,,,,,,,,,,,3.0
brexit-consensus,Cross-Hamming,PAV_vs_TaxPhragmen,,,,,,,,,,,,,,,,,3.0
brexit-consensus,Cross-Hamming,SeqPhragmen_vs_TaxPhragmen,,,,,,,,,,,,,,,,,3.0
brexit-consensus,Cross-Hamming,SeqPhragmen_vs_TaxMES,,,,,,,,,,,,,,,,,3.0
brexit-consensus,Cross-Hamming,MES_vs_TaxMES,,,,,,,,,,,,,,,,,3.0
brexit-consensus,Cross-Hamming,MES_vs_TaxPhragmen,,,,,,,,,,,,,,,,,3.0
brexit-consensus,Cross-Hamming,TaxPhragmen_vs_TaxMES,,,,,,,,,,,,,,,,,2.0
brexit-consensus,Cross-Hamming,AV_vs_TaxMES,,,,,,,,,,,,,,,,,3.0
brexit-consensus,Cross-Hamming,AV_vs_TaxPhragmen,,,,,,,,,,,,,,,,,3.0
brexit-consensus,Tax,TaxMES,7.0,127.2857,73.0,152.0,-3.6744,80.0,25.0,577.5147,643.5,15.0,0.0735,3.0,0.0147,0.1625,9.5686,0.3824,
brexit-consensus,Hamming_traditional,PAV_vs_SeqPhragmen,,,,,,,,,,,,,,,,,2.0
brexit-consensus,Hamming_traditional,PAV_vs_MES,,,,,,,,,,,,,,,,,2.0
brexit-consensus,Hamming_traditional,SeqPhragmen_vs_MES,,,,,,,,,,,,,,,,,0.0
brexit-consensus,Hamming_traditional,AV_vs_PAV,,,,,,,,,,,,,,,,,2.0
brexit-consensus,Hamming_traditional,AV_vs_SeqPhragmen,,,,,,,,,,,,,,,,,4.0
brexit-consensus,Hamming_traditional,AV_vs_MES,,,,,,,,,,,,,,,,,4.0
brexit-consensus,Cross-Hamming,PAV_vs_TaxMES,,,,,,,,,,,,,,,,,3.0
brexit-consensus,Cross-Hamming,PAV_vs_TaxPhragmen,,,,,,,,,,,,,,,,,3.0
brexit-consensus,Cross-Hamming,SeqPhragmen_vs_TaxPhragmen,,,,,,,,,,,,,,,,,3.0
brexit-consensus,Cross-Hamming,SeqPhragmen_vs_TaxMES,,,,,,,,,,,,,,,,,3.0
brexit-consensus,Cross-Hamming,MES_vs_TaxMES,,,,,,,,,,,,,,,,,3.0
brexit-consensus,Cross-Hamming,MES_vs_TaxPhragmen,,,,,,,,,,,,,,,,,3.0
brexit-consensus,Cross-Hamming,TaxPhragmen_vs_TaxMES,,,,,,,,,,,,,,,,,2.0
brexit-consensus,Cross-Hamming,AV_vs_TaxMES,,,,,,,,,,,,,,,,,3.0
brexit-consensus,Cross-Hamming,AV_vs_TaxPhragmen,,,,,,,,,,,,,,,,,3.0
canadian-electoral-reform,Traditional,PAV,10.0,102.4,80.0,123.0,20.4268,100.0,27.0,237.0982,107.0,168.0,0.375,14.0,0.0312,0.2982,6.3192,0.2455,
canadian-electoral-reform,Hamming_traditional,PAV_vs_SeqPhragmen,,,,,,,,,,,,,,,,,0.0
canadian-electoral-reform,Hamming_traditional,PAV_vs_MES,,,,,,,,,,,,,,,,,0.0
canadian-electoral-reform,Hamming_traditional,SeqPhragmen_vs_MES,,,,,,,,,,,,,,,,,0.0
canadian-electoral-reform,Hamming_traditional,AV_vs_PAV,,,,,,,,,,,,,,,,,6.0
canadian-electoral-reform,Hamming_traditional,AV_vs_SeqPhragmen,,,,,,,,,,,,,,,,,6.0
canadian-electoral-reform,Hamming_traditional,AV_vs_MES,,,,,,,,,,,,,,,,,6.0
canadian-electoral-reform,Cross-Hamming,PAV_vs_TaxMES,,,,,,,,,,,,,,,,,7.0
canadian-electoral-reform,Cross-Hamming,PAV_vs_TaxPhragmen,,,,,,,,,,,,,,,,,7.0
canadian-electoral-reform,Cross-Hamming,SeqPhragmen_vs_TaxPhragmen,,,,,,,,,,,,,,,,,7.0
canadian-electoral-reform,Cross-Hamming,SeqPhragmen_vs_TaxMES,,,,,,,,,,,,,,,,,7.0
canadian-electoral-reform,Cross-Hamming,MES_vs_TaxMES,,,,,,,,,,,,,,,,,7.0
canadian-electoral-reform,Cross-Hamming,MES_vs_TaxPhragmen,,,,,,,,,,,,,,,,,7.0
canadian-electoral-reform,Cross-Hamming,TaxPhragmen_vs_TaxMES,,,,,,,,,,,,,,,,,0.0
canadian-electoral-reform,Cross-Hamming,AV_vs_TaxMES,,,,,,,,,,,,,,,,,7.0
canadian-electoral-reform,Cross-Hamming,AV_vs_TaxPhragmen,,,,,,,,,,,,,,,,,7.0
canadian-electoral-reform,Traditional,SeqPhragmen,10.0,102.4,80.0,123.0,20.4268,100.0,27.0,237.0982,107.0,168.0,0.375,14.0,0.0312,0.2982,6.3192,0.2455,
canadian-electoral-reform,Hamming_traditional,PAV_vs_SeqPhragmen,,,,,,,,,,,,,,,,,0.0
canadian-electoral-reform,Hamming_traditional,PAV_vs_MES,,,,,,,,,,,,,,,,,0.0
canadian-electoral-reform,Hamming_traditional,SeqPhragmen_vs_MES,,,,,,,,,,,,,,,,,0.0
canadian-electoral-reform,Hamming_traditional,AV_vs_PAV,,,,,,,,,,,,,,,,,6.0
canadian-electoral-reform,Hamming_traditional,AV_vs_SeqPhragmen,,,,,,,,,,,,,,,,,6.0
canadian-electoral-reform,Hamming_traditional,AV_vs_MES,,,,,,,,,,,,,,,,,6.0
canadian-electoral-reform,Cross-Hamming,PAV_vs_TaxMES,,,,,,,,,,,,,,,,,7.0
canadian-electoral-reform,Cross-Hamming,PAV_vs_TaxPhragmen,,,,,,,,,,,,,,,,,7.0
canadian-electoral-reform,Cross-Hamming,SeqPhragmen_vs_TaxPhragmen,,,,,,,,,,,,,,,,,7.0
canadian-electoral-reform,Cross-Hamming,SeqPhragmen_vs_TaxMES,,,,,,,,,,,,,,,,,7.0
canadian-electoral-reform,Cross-Hamming,MES_vs_TaxMES,,,,,,,,,,,,,,,,,7.0
canadian-electoral-reform,Cross-Hamming,MES_vs_TaxPhragmen,,,,,,,,,,,,,,,,,7.0
canadian-electoral-reform,Cross-Hamming,TaxPhragmen_vs_TaxMES,,,,,,,,,,,,,,,,,0.0
canadian-electoral-reform,Cross-Hamming,AV_vs_TaxMES,,,,,,,,,,,,,,,,,7.0
canadian-electoral-reform,Cross-Hamming,AV_vs_TaxPhragmen,,,,,,,,,,,,,,,,,7.0
canadian-electoral-reform,Traditional,MES,10.0,102.4,80.0,123.0,20.4268,100.0,27.0,237.0982,107.0,168.0,0.375,14.0,0.0312,0.2982,6.3192,0.2455,
canadian-electoral-reform,Hamming_traditional,PAV_vs_SeqPhragmen,,,,,,,,,,,,,,,,,0.0
canadian-electoral-reform,Hamming_traditional,PAV_vs_MES,,,,,,,,,,,,,,,,,0.0
canadian-electoral-reform,Hamming_traditional,SeqPhragmen_vs_MES,,,,,,,,,,,,,,,,,0.0
canadian-electoral-reform,Hamming_traditional,AV_vs_PAV,,,,,,,,,,,,,,,,,6.0
canadian-electoral-reform,Hamming_traditional,AV_vs_SeqPhragmen,,,,,,,,,,,,,,,,,6.0
canadian-electoral-reform,Hamming_traditional,AV_vs_MES,,,,,,,,,,,,,,,,,6.0
canadian-electoral-reform,Cross-Hamming,PAV_vs_TaxMES,,,,,,,,,,,,,,,,,7.0
canadian-electoral-reform,Cross-Hamming,PAV_vs_TaxPhragmen,,,,,,,,,,,,,,,,,7.0
canadian-electoral-reform,Cross-Hamming,SeqPhragmen_vs_TaxPhragmen,,,,,,,,,,,,,,,,,7.0
canadian-electoral-reform,Cross-Hamming,SeqPhragmen_vs_TaxMES,,,,,,,,,,,,,,,,,7.0
canadian-electoral-reform,Cross-Hamming,MES_vs_TaxMES,,,,,,,,,,,,,,,,,7.0
canadian-electoral-reform,Cross-Hamming,MES_vs_TaxPhragmen,,,,,,,,,,,,,,,,,7.0
canadian-electoral-reform,Cross-Hamming,TaxPhragmen_vs_TaxMES,,,,,,,,,,,,,,,,,0.0
canadian-electoral-reform,Cross-Hamming,AV_vs_TaxMES,,,,,,,,,,,,,,,,,7.0
canadian-electoral-reform,Cross-Hamming,AV_vs_TaxPhragmen,,,,,,,,,,,,,,,,,7.0
canadian-electoral-reform,AV,AV,10.0,105.3,95.0,123.0,20.25,94.0,4.0,248.9665,103.0,183.0,0.4085,16.0,0.0357,0.2031,6.3192,0.2299,
canadian-electoral-reform,Hamming_traditional,PAV_vs_SeqPhragmen,,,,,,,,,,,,,,,,,0.0
canadian-electoral-reform,Hamming_traditional,PAV_vs_MES,,,,,,,,,,,,,,,,,0.0
canadian-electoral-reform,Hamming_traditional,SeqPhragmen_vs_MES,,,,,,,,,,,,,,,,,0.0
canadian-electoral-reform,Hamming_traditional,AV_vs_PAV,,,,,,,,,,,,,,,,,6.0
canadian-electoral-reform,Hamming_traditional,AV_vs_SeqPhragmen,,,,,,,,,,,,,,,,,6.0
canadian-electoral-reform,Hamming_traditional,AV_vs_MES,,,,,,,,,,,,,,,,,6.0
canadian-electoral-reform,Cross-Hamming,PAV_vs_TaxMES,,,,,,,,,,,,,,,,,7.0
canadian-electoral-reform,Cross-Hamming,PAV_vs_TaxPhragmen,,,,,,,,,,,,,,,,,7.0
canadian-electoral-reform,Cross-Hamming,SeqPhragmen_vs_TaxPhragmen,,,,,,,,,,,,,,,,,7.0
canadian-electoral-reform,Cross-Hamming,SeqPhragmen_vs_TaxMES,,,,,,,,,,,,,,,,,7.0
canadian-electoral-reform,Cross-Hamming,MES_vs_TaxMES,,,,,,,,,,,,,,,,,7.0
canadian-electoral-reform,Cross-Hamming,MES_vs_TaxPhragmen,,,,,,,,,,,,,,,,,7.0
canadian-electoral-reform,Cross-Hamming,TaxPhragmen_vs_TaxMES,,,,,,,,,,,,,,,,,0.0
canadian-electoral-reform,Cross-Hamming,AV_vs_TaxMES,,,,,,,,,,,,,,,,,7.0
canadian-electoral-reform,Cross-Hamming,AV_vs_TaxPhragmen,,,,,,,,,,,,,,,,,7.0
canadian-electoral-reform,Tax,TaxPhragmen,3.0,115.0,110.0,123.0,23.5614,108.0,28.0,88.779,0.0,253.0,0.5647,8.0,0.0179,0.3015,6.3192,0.0379,
canadian-electoral-reform,Hamming_traditional,PAV_vs_SeqPhragmen,,,,,,,,,,,,,,,,,0.0
canadian-electoral-reform,Hamming_traditional,PAV_vs_MES,,,,,,,,,,,,,,,,,0.0
canadian-electoral-reform,Hamming_traditional,SeqPhragmen_vs_MES,,,,,,,,,,,,,,,,,0.0
canadian-electoral-reform,Hamming_traditional,AV_vs_PAV,,,,,,,,,,,,,,,,,6.0
canadian-electoral-reform,Hamming_traditional,AV_vs_SeqPhragmen,,,,,,,,,,,,,,,,,6.0
canadian-electoral-reform,Hamming_traditional,AV_vs_MES,,,,,,,,,,,,,,,,,6.0
canadian-electoral-reform,Cross-Hamming,PAV_vs_TaxMES,,,,,,,,,,,,,,,,,7.0
canadian-electoral-reform,Cross-Hamming,PAV_vs_TaxPhragmen,,,,,,,,,,,,,,,,,7.0
canadian-electoral-reform,Cross-Hamming,SeqPhragmen_vs_TaxPhragmen,,,,,,,,,,,,,,,,,7.0
canadian-electoral-reform,Cross-Hamming,SeqPhragmen_vs_TaxMES,,,,,,,,,,,,,,,,,7.0
canadian-electoral-reform,Cross-Hamming,MES_vs_TaxMES,,,,,,,,,,,,,,,,,7.0
canadian-electoral-reform,Cross-Hamming,MES_vs_TaxPhragmen,,,,,,,,,,,,,,,,,7.0
canadian-electoral-reform,Cross-Hamming,TaxPhragmen_vs_TaxMES,,,,,,,,,,,,,,,,,0.0
canadian-electoral-reform,Cross-Hamming,AV_vs_TaxMES,,,,,,,,,,,,,,,,,7.0
canadian-electoral-reform,Cross-Hamming,AV_vs_TaxPhragmen,,,,,,,,,,,,,,,,,7.0
canadian-electoral-reform,Tax,TaxMES,3.0,115.0,110.0,123.0,23.5614,108.0,28.0,88.779,0.0,253.0,0.5647,8.0,0.0179,0.3015,6.3192,0.0379,
canadian-electoral-reform,Hamming_traditional,PAV_vs_SeqPhragmen,,,,,,,,,,,,,,,,,0.0
canadian-electoral-reform,Hamming_traditional,PAV_vs_MES,,,,,,,,,,,,,,,,,0.0
canadian-electoral-reform,Hamming_traditional,SeqPhragmen_vs_MES,,,,,,,,,,,,,,,,,0.0
canadian-electoral-reform,Hamming_traditional,AV_vs_PAV,,,,,,,,,,,,,,,,,6.0
canadian-electoral-reform,Hamming_traditional,AV_vs_SeqPhragmen,,,,,,,,,,,,,,,,,6.0
canadian-electoral-reform,Hamming_traditional,AV_vs_MES,,,,,,,,,,,,,,,,,6.0
canadian-electoral-reform,Cross-Hamming,PAV_vs_TaxMES,,,,,,,,,,,,,,,,,7.0
canadian-electoral-reform,Cross-Hamming,PAV_vs_TaxPhragmen,,,,,,,,,,,,,,,,,7.0
canadian-electoral-reform,Cross-Hamming,SeqPhragmen_vs_TaxPhragmen,,,,,,,,,,,,,,,,,7.0
canadian-electoral-reform,Cross-Hamming,SeqPhragmen_vs_TaxMES,,,,,,,,,,,,,,,,,7.0
canadian-electoral-reform,Cross-Hamming,MES_vs_TaxMES,,,,,,,,,,,,,,,,,7.0
canadian-electoral-reform,Cross-Hamming,MES_vs_TaxPhragmen,,,,,,,,,,,,,,,,,7.0
canadian-electoral-reform,Cross-Hamming,TaxPhragmen_vs_TaxMES,,,,,,,,,,,,,,,,,0.0
canadian-electoral-reform,Cross-Hamming,AV_vs_TaxMES,,,,,,,,,,,,,,,,,7.0
canadian-electoral-reform,Cross-Hamming,AV_vs_TaxPhragmen,,,,,,,,,,,,,,,,,7.0
football-concussions,Traditional,PAV,10.0,110.2,-9.0,190.0,4.5417,123.0,25.0,103.3141,0.0,772.0,0.5192,202.0,0.1358,0.1049,2.8426,0.6382,
football-concussions,Hamming_traditional,PAV_vs_SeqPhragmen,,,,,,,,,,,,,,,,,4.0
football-concussions,Hamming_traditional,PAV_vs_MES,,,,,,,,,,,,,,,,,4.0
football-concussions,Hamming_traditional,SeqPhragmen_vs_MES,,,,,,,,,,,,,,,,,0.0
football-concussions,Hamming_traditional,AV_vs_PAV,,,,,,,,,,,,,,,,,2.0
football-concussions,Hamming_traditional,AV_vs_SeqPhragmen,,,,,,,,,,,,,,,,,2.0
football-concussions,Hamming_traditional,AV_vs_MES,,,,,,,,,,,,,,,,,2.0
football-concussions,Cross-Hamming,PAV_vs_TaxMES,,,,,,,,,,,,,,,,,9.0
football-concussions,Cross-Hamming,PAV_vs_TaxPhragmen,,,,,,,,,,,,,,,,,9.0
football-concussions,Cross-Hamming,SeqPhragmen_vs_TaxPhragmen,,,,,,,,,,,,,,,,,9.0
football-concussions,Cross-Hamming,SeqPhragmen_vs_TaxMES,,,,,,,,,,,,,,,,,9.0
football-concussions,Cross-Hamming,MES_vs_TaxMES,,,,,,,,,,,,,,,,,9.0
football-concussions,Cross-Hamming,MES_vs_TaxPhragmen,,,,,,,,,,,,,,,,,9.0
football-concussions,Cross-Hamming,TaxPhragmen_vs_TaxMES,,,,,,,,,,,,,,,,,0.0
football-concussions,Cross-Hamming,AV_vs_TaxMES,,,,,,,,,,,,,,,,,9.0
football-concussions,Cross-Hamming,AV_vs_TaxPhragmen,,,,,,,,,,,,,,,,,9.0
football-concussions,Traditional,SeqPhragmen,10.0,101.3,-9.0,190.0,4.8507,141.0,38.0,93.6268,0.0,781.0,0.5252,225.0,0.1513,0.0897,2.8426,0.6947,
football-concussions,Hamming_traditional,PAV_vs_SeqPhragmen,,,,,,,,,,,,,,,,,4.0
football-concussions,Hamming_traditional,PAV_vs_MES,,,,,,,,,,,,,,,,,4.0
football-concussions,Hamming_traditional,SeqPhragmen_vs_MES,,,,,,,,,,,,,,,,,0.0
football-concussions,Hamming_traditional,AV_vs_PAV,,,,,,,,,,,,,,,,,2.0
football-concussions,Hamming_traditional,AV_vs_SeqPhragmen,,,,,,,,,,,,,,,,,2.0
football-concussions,Hamming_traditional,AV_vs_MES,,,,,,,,,,,,,,,,,2.0
football-concussions,Cross-Hamming,PAV_vs_TaxMES,,,,,,,,,,,,,,,,,9.0
football-concussions,Cross-Hamming,PAV_vs_TaxPhragmen,,,,,,,,,,,,,,,,,9.0
football-concussions,Cross-Hamming,SeqPhragmen_vs_TaxPhragmen,,,,,,,,,,,,,,,,,9.0
football-concussions,Cross-Hamming,SeqPhragmen_vs_TaxMES,,,,,,,,,,,,,,,,,9.0
football-concussions,Cross-Hamming,MES_vs_TaxMES,,,,,,,,,,,,,,,,,9.0
football-concussions,Cross-Hamming,MES_vs_TaxPhragmen,,,,,,,,,,,,,,,,,9.0
football-concussions,Cross-Hamming,TaxPhragmen_vs_TaxMES,,,,,,,,,,,,,,,,,0.0
football-concussions,Cross-Hamming,AV_vs_TaxMES,,,,,,,,,,,,,,,,,9.0
football-concussions,Cross-Hamming,AV_vs_TaxPhragmen,,,,,,,,,,,,,,,,,9.0
football-concussions,Traditional,MES,10.0,101.3,-9.0,190.0,4.8507,141.0,38.0,93.6268,0.0,781.0,0.5252,225.0,0.1513,0.0897,2.8426,0.6947,
football-concussions,Hamming_traditional,PAV_vs_SeqPhragmen,,,,,,,,,,,,,,,,,4.0
football-concussions,Hamming_traditional,PAV_vs_MES,,,,,,,,,,,,,,,,,4.0
football-concussions,Hamming_traditional,SeqPhragmen_vs_MES,,,,,,,,,,,,,,,,,0.0
football-concussions,Hamming_traditional,AV_vs_PAV,,,,,,,,,,,,,,,,,2.0
football-concussions,Hamming_traditional,AV_vs_SeqPhragmen,,,,,,,,,,,,,,,,,2.0
football-concussions,Hamming_traditional,AV_vs_MES,,,,,,,,,,,,,,,,,2.0
football-concussions,Cross-Hamming,PAV_vs_TaxMES,,,,,,,,,,,,,,,,,9.0
football-concussions,Cross-Hamming,PAV_vs_TaxPhragmen,,,,,,,,,,,,,,,,,9.0
football-concussions,Cross-Hamming,SeqPhragmen_vs_TaxPhragmen,,,,,,,,,,,,,,,,,9.0
football-concussions,Cross-Hamming,SeqPhragmen_vs_TaxMES,,,,,,,,,,,,,,,,,9.0
football-concussions,Cross-Hamming,MES_vs_TaxMES,,,,,,,,,,,,,,,,,9.0
football-concussions,Cross-Hamming,MES_vs_TaxPhragmen,,,,,,,,,,,,,,,,,9.0
football-concussions,Cross-Hamming,TaxPhragmen_vs_TaxMES,,,,,,,,,,,,,,,,,0.0
football-concussions,Cross-Hamming,AV_vs_TaxMES,,,,,,,,,,,,,,,,,9.0
football-concussions,Cross-Hamming,AV_vs_TaxPhragmen,,,,,,,,,,,,,,,,,9.0
football-concussions,AV,AV,10.0,103.6,-9.0,190.0,4.7708,123.0,25.0,97.6328,0.0,786.0,0.5286,219.0,0.1473,0.1037,2.8426,0.6886,
football-concussions,Hamming_traditional,PAV_vs_SeqPhragmen,,,,,,,,,,,,,,,,,4.0
football-concussions,Hamming_traditional,PAV_vs_MES,,,,,,,,,,,,,,,,,4.0
football-concussions,Hamming_traditional,SeqPhragmen_vs_MES,,,,,,,,,,,,,,,,,0.0
football-concussions,Hamming_traditional,AV_vs_PAV,,,,,,,,,,,,,,,,,2.0
football-concussions,Hamming_traditional,AV_vs_SeqPhragmen,,,,,,,,,,,,,,,,,2.0
football-concussions,Hamming_traditional,AV_vs_MES,,,,,,,,,,,,,,,,,2.0
football-concussions,Cross-Hamming,PAV_vs_TaxMES,,,,,,,,,,,,,,,,,9.0
football-concussions,Cross-Hamming,PAV_vs_TaxPhragmen,,,,,,,,,,,,,,,,,9.0
football-concussions,Cross-Hamming,SeqPhragmen_vs_TaxPhragmen,,,,,,,,,,,,,,,,,9.0
football-concussions,Cross-Hamming,SeqPhragmen_vs_TaxMES,,,,,,,,,,,,,,,,,9.0
football-concussions,Cross-Hamming,MES_vs_TaxMES,,,,,,,,,,,,,,,,,9.0
football-concussions,Cross-Hamming,MES_vs_TaxPhragmen,,,,,,,,,,,,,,,,,9.0
football-concussions,Cross-Hamming,TaxPhragmen_vs_TaxMES,,,,,,,,,,,,,,,,,0.0
football-concussions,Cross-Hamming,AV_vs_TaxMES,,,,,,,,,,,,,,,,,9.0
football-concussions,Cross-Hamming,AV_vs_TaxPhragmen,,,,,,,,,,,,,,,,,9.0
football-concussions,Tax,TaxPhragmen,1.0,190.0,190.0,190.0,7.4747,182.0,1.0,24.2771,0.0,1232.0,0.8285,65.0,0.0437,0.163,2.8426,0.0437,
football-concussions,Hamming_traditional,PAV_vs_SeqPhragmen,,,,,,,,,,,,,,,,,4.0
football-concussions,Hamming_traditional,PAV_vs_MES,,,,,,,,,,,,,,,,,4.0
football-concussions,Hamming_traditional,SeqPhragmen_vs_MES,,,,,,,,,,,,,,,,,0.0
football-concussions,Hamming_traditional,AV_vs_PAV,,,,,,,,,,,,,,,,,2.0
football-concussions,Hamming_traditional,AV_vs_SeqPhragmen,,,,,,,,,,,,,,,,,2.0
football-concussions,Hamming_traditional,AV_vs_MES,,,,,,,,,,,,,,,,,2.0
football-concussions,Cross-Hamming,PAV_vs_TaxMES,,,,,,,,,,,,,,,,,9.0
football-concussions,Cross-Hamming,PAV_vs_TaxPhragmen,,,,,,,,,,,,,,,,,9.0
football-concussions,Cross-Hamming,SeqPhragmen_vs_TaxPhragmen,,,,,,,,,,,,,,,,,9.0
football-concussions,Cross-Hamming,SeqPhragmen_vs_TaxMES,,,,,,,,,,,,,,,,,9.0
football-concussions,Cross-Hamming,MES_vs_TaxMES,,,,,,,,,,,,,,,,,9.0
football-concussions,Cross-Hamming,MES_vs_TaxPhragmen,,,,,,,,,,,,,,,,,9.0
football-concussions,Cross-Hamming,TaxPhragmen_vs_TaxMES,,,,,,,,,,,,,,,,,0.0
football-concussions,Cross-Hamming,AV_vs_TaxMES,,,,,,,,,,,,,,,,,9.0
football-concussions,Cross-Hamming,AV_vs_TaxPhragmen,,,,,,,,,,,,,,,,,9.0
football-concussions,Tax,TaxMES,1.0,190.0,190.0,190.0,7.4747,182.0,1.0,24.2771,0.0,1232.0,0.8285,65.0,0.0437,0.163,2.8426,0.0437,
football-concussions,Hamming_traditional,PAV_vs_SeqPhragmen,,,,,,,,,,,,,,,,,4.0
football-concussions,Hamming_traditional,PAV_vs_MES,,,,,,,,,,,,,,,,,4.0
football-concussions,Hamming_traditional,SeqPhragmen_vs_MES,,,,,,,,,,,,,,,,,0.0
football-concussions,Hamming_traditional,AV_vs_PAV,,,,,,,,,,,,,,,,,2.0
football-concussions,Hamming_traditional,AV_vs_SeqPhragmen,,,,,,,,,,,,,,,,,2.0
football-concussions,Hamming_traditional,AV_vs_MES,,,,,,,,,,,,,,,,,2.0
football-concussions,Cross-Hamming,PAV_vs_TaxMES,,,,,,,,,,,,,,,,,9.0
football-concussions,Cross-Hamming,PAV_vs_TaxPhragmen,,,,,,,,,,,,,,,,,9.0
football-concussions,Cross-Hamming,SeqPhragmen_vs_TaxPhragmen,,,,,,,,,,,,,,,,,9.0
football-concussions,Cross-Hamming,SeqPhragmen_vs_TaxMES,,,,,,,,,,,,,,,,,9.0
football-concussions,Cross-Hamming,MES_vs_TaxMES,,,,,,,,,,,,,,,,,9.0
football-concussions,Cross-Hamming,MES_vs_TaxPhragmen,,,,,,,,,,,,,,,,,9.0
football-concussions,Cross-Hamming,TaxPhragmen_vs_TaxMES,,,,,,,,,,,,,,,,,0.0
football-concussions,Cross-Hamming,AV_vs_TaxMES,,,,,,,,,,,,,,,,,9.0
football-concussions,Cross-Hamming,AV_vs_TaxPhragmen,,,,,,,,,,,,,,,,,9.0
london.youth.policing,Traditional,PAV,10.0,13.9,3.0,20.0,2.3462,14.0,21.0,88.8077,107.0,1.0,0.0385,1.0,0.0385,0.2243,7.3846,1.3846,
london.youth.policing,Hamming_traditional,PAV_vs_SeqPhragmen,,,,,,,,,,,,,,,,,2.0
london.youth.policing,Hamming_traditional,PAV_vs_MES,,,,,,,,,,,,,,,,,4.0
london.youth.policing,Hamming_traditional,SeqPhragmen_vs_MES,,,,,,,,,,,,,,,,,4.0
london.youth.policing,Hamming_traditional,AV_vs_PAV,,,,,,,,,,,,,,,,,4.0
london.youth.policing,Hamming_traditional,AV_vs_SeqPhragmen,,,,,,,,,,,,,,,,,2.0
london.youth.policing,Hamming_traditional,AV_vs_MES,,,,,,,,,,,,,,,,,2.0
london.youth.policing,Cross-Hamming,PAV_vs_TaxMES,,,,,,,,,,,,,,,,,3.0
london.youth.policing,Cross-Hamming,PAV_vs_TaxPhragmen,,,,,,,,,,,,,,,,,4.0
london.youth.policing,Cross-Hamming,SeqPhragmen_vs_TaxPhragmen,,,,,,,,,,,,,,,,,4.0
london.youth.policing,Cross-Hamming,SeqPhragmen_vs_TaxMES,,,,,,,,,,,,,,,,,3.0
london.youth.policing,Cross-Hamming,MES_vs_TaxMES,,,,,,,,,,,,,,,,,3.0
london.youth.policing,Cross-Hamming,MES_vs_TaxPhragmen,,,,,,,,,,,,,,,,,4.0
london.youth.policing,Cross-Hamming,TaxPhragmen_vs_TaxMES,,,,,,,,,,,,,,,,,1.0
london.youth.policing,Cross-Hamming,AV_vs_TaxMES,,,,,,,,,,,,,,,,,3.0
london.youth.policing,Cross-Hamming,AV_vs_TaxPhragmen,,,,,,,,,,,,,,,,,4.0
london.youth.policing,Traditional,SeqPhragmen,10.0,14.7,4.0,20.0,2.0385,14.0,21.0,93.1154,115.5,1.0,0.0385,1.0,0.0385,0.2277,7.3846,1.1923,
london.youth.policing,Hamming_traditional,PAV_vs_SeqPhragmen,,,,,,,,,,,,,,,,,2.0
london.youth.policing,Hamming_traditional,PAV_vs_MES,,,,,,,,,,,,,,,,,4.0
london.youth.policing,Hamming_traditional,SeqPhragmen_vs_MES,,,,,,,,,,,,,,,,,4.0
london.youth.policing,Hamming_traditional,AV_vs_PAV,,,,,,,,,,,,,,,,,4.0
london.youth.policing,Hamming_traditional,AV_vs_SeqPhragmen,,,,,,,,,,,,,,,,,2.0
london.youth.policing,Hamming_traditional,AV_vs_MES,,,,,,,,,,,,,,,,,2.0
london.youth.policing,Cross-Hamming,PAV_vs_TaxMES,,,,,,,,,,,,,,,,,3.0
london.youth.policing,Cross-Hamming,PAV_vs_TaxPhragmen,,,,,,,,,,,,,,,,,4.0
london.youth.policing,Cross-Hamming,SeqPhragmen_vs_TaxPhragmen,,,,,,,,,,,,,,,,,4.0
london.youth.policing,Cross-Hamming,SeqPhragmen_vs_TaxMES,,,,,,,,,,,,,,,,,3.0
london.youth.policing,Cross-Hamming,MES_vs_TaxMES,,,,,,,,,,,,,,,,,3.0
london.youth.policing,Cross-Hamming,MES_vs_TaxPhragmen,,,,,,,,,,,,,,,,,4.0
london.youth.policing,Cross-Hamming,TaxPhragmen_vs_TaxMES,,,,,,,,,,,,,,,,,1.0
london.youth.policing,Cross-Hamming,AV_vs_TaxMES,,,,,,,,,,,,,,,,,3.0
london.youth.policing,Cross-Hamming,AV_vs_TaxPhragmen,,,,,,,,,,,,,,,,,4.0
london.youth.policing,Traditional,MES,10.0,14.8,2.0,20.0,2.0,14.0,27.0,95.5385,115.0,1.0,0.0385,1.0,0.0385,0.2265,7.3846,1.1538,
london.youth.policing,Hamming_traditional,PAV_vs_SeqPhragmen,,,,,,,,,,,,,,,,,2.0
london.youth.policing,Hamming_traditional,PAV_vs_MES,,,,,,,,,,,,,,,,,4.0
london.youth.policing,Hamming_traditional,SeqPhragmen_vs_MES,,,,,,,,,,,,,,,,,4.0
london.youth.policing,Hamming_traditional,AV_vs_PAV,,,,,,,,,,,,,,,,,4.0
london.youth.policing,Hamming_traditional,AV_vs_SeqPhragmen,,,,,,,,,,,,,,,,,2.0
london.youth.policing,Hamming_traditional,AV_vs_MES,,,,,,,,,,,,,,,,,2.0
london.youth.policing,Cross-Hamming,PAV_vs_TaxMES,,,,,,,,,,,,,,,,,3.0
london.youth.policing,Cross-Hamming,PAV_vs_TaxPhragmen,,,,,,,,,,,,,,,,,4.0
london.youth.policing,Cross-Hamming,SeqPhragmen_vs_TaxPhragmen,,,,,,,,,,,,,,,,,4.0
london.youth.policing,Cross-Hamming,SeqPhragmen_vs_TaxMES,,,,,,,,,,,,,,,,,3.0
london.youth.policing,Cross-Hamming,MES_vs_TaxMES,,,,,,,,,,,,,,,,,3.0
london.youth.policing,Cross-Hamming,MES_vs_TaxPhragmen,,,,,,,,,,,,,,,,,4.0
london.youth.policing,Cross-Hamming,TaxPhragmen_vs_TaxMES,,,,,,,,,,,,,,,,,1.0
london.youth.policing,Cross-Hamming,AV_vs_TaxMES,,,,,,,,,,,,,,,,,3.0
london.youth.policing,Cross-Hamming,AV_vs_TaxPhragmen,,,,,,,,,,,,,,,,,4.0
london.youth.policing,AV,AV,10.0,15.7,8.0,20.0,1.6538,14.0,27.0,100.0385,125.0,1.0,0.0385,1.0,0.0385,0.2385,7.3846,0.9615,
london.youth.policing,Hamming_traditional,PAV_vs_SeqPhragmen,,,,,,,,,,,,,,,,,2.0
london.youth.policing,Hamming_traditional,PAV_vs_MES,,,,,,,,,,,,,,,,,4.0
london.youth.policing,Hamming_traditional,SeqPhragmen_vs_MES,,,,,,,,,,,,,,,,,4.0
london.youth.policing,Hamming_traditional,AV_vs_PAV,,,,,,,,,,,,,,,,,4.0
london.youth.policing,Hamming_traditional,AV_vs_SeqPhragmen,,,,,,,,,,,,,,,,,2.0
london.youth.policing,Hamming_traditional,AV_vs_MES,,,,,,,,,,,,,,,,,2.0
london.youth.policing,Cross-Hamming,PAV_vs_TaxMES,,,,,,,,,,,,,,,,,3.0
london.youth.policing,Cross-Hamming,PAV_vs_TaxPhragmen,,,,,,,,,,,,,,,,,4.0
london.youth.policing,Cross-Hamming,SeqPhragmen_vs_TaxPhragmen,,,,,,,,,,,,,,,,,4.0
london.youth.policing,Cross-Hamming,SeqPhragmen_vs_TaxMES,,,,,,,,,,,,,,,,,3.0
london.youth.policing,Cross-Hamming,MES_vs_TaxMES,,,,,,,,,,,,,,,,,3.0
london.youth.policing,Cross-Hamming,MES_vs_TaxPhragmen,,,,,,,,,,,,,,,,,4.0
london.youth.policing,Cross-Hamming,TaxPhragmen_vs_TaxMES,,,,,,,,,,,,,,,,,1.0
london.youth.policing,Cross-Hamming,AV_vs_TaxMES,,,,,,,,,,,,,,,,,3.0
london.youth.policing,Cross-Hamming,AV_vs_TaxPhragmen,,,,,,,,,,,,,,,,,4.0
london.youth.policing,Tax,TaxPhragmen,8.0,17.25,14.0,20.0,2.2143,14.0,21.0,92.9231,106.5,1.0,0.0385,1.0,0.0385,0.2245,7.3846,0.4231,
london.youth.policing,Hamming_traditional,PAV_vs_SeqPhragmen,,,,,,,,,,,,,,,,,2.0
london.youth.policing,Hamming_traditional,PAV_vs_MES,,,,,,,,,,,,,,,,,4.0
london.youth.policing,Hamming_traditional,SeqPhragmen_vs_MES,,,,,,,,,,,,,,,,,4.0
london.youth.policing,Hamming_traditional,AV_vs_PAV,,,,,,,,,,,,,,,,,4.0
london.youth.policing,Hamming_traditional,AV_vs_SeqPhragmen,,,,,,,,,,,,,,,,,2.0
london.youth.policing,Hamming_traditional,AV_vs_MES,,,,,,,,,,,,,,,,,2.0
london.youth.policing,Cross-Hamming,PAV_vs_TaxMES,,,,,,,,,,,,,,,,,3.0
london.youth.policing,Cross-Hamming,PAV_vs_TaxPhragmen,,,,,,,,,,,,,,,,,4.0
london.youth.policing,Cross-Hamming,SeqPhragmen_vs_TaxPhragmen,,,,,,,,,,,,,,,,,4.0
london.youth.policing,Cross-Hamming,SeqPhragmen_vs_TaxMES,,,,,,,,,,,,,,,,,3.0
london.youth.policing,Cross-Hamming,MES_vs_TaxMES,,,,,,,,,,,,,,,,,3.0
london.youth.policing,Cross-Hamming,MES_vs_TaxPhragmen,,,,,,,,,,,,,,,,,4.0
london.youth.policing,Cross-Hamming,TaxPhragmen_vs_TaxMES,,,,,,,,,,,,,,,,,1.0
london.youth.policing,Cross-Hamming,AV_vs_TaxMES,,,,,,,,,,,,,,,,,3.0
london.youth.policing,Cross-Hamming,AV_vs_TaxPhragmen,,,,,,,,,,,,,,,,,4.0
london.youth.policing,Tax,TaxMES,7.0,17.7143,15.0,20.0,2.6207,14.0,21.0,85.3846,99.0,1.0,0.0385,1.0,0.0385,0.2216,7.3846,0.4231,
london.youth.policing,Hamming_traditional,PAV_vs_SeqPhragmen,,,,,,,,,,,,,,,,,2.0
london.youth.policing,Hamming_traditional,PAV_vs_MES,,,,,,,,,,,,,,,,,4.0
london.youth.policing,Hamming_traditional,SeqPhragmen_vs_MES,,,,,,,,,,,,,,,,,4.0
london.youth.policing,Hamming_traditional,AV_vs_PAV,,,,,,,,,,,,,,,,,4.0
london.youth.policing,Hamming_traditional,AV_vs_SeqPhragmen,,,,,,,,,,,,,,,,,2.0
london.youth.policing,Hamming_traditional,AV_vs_MES,,,,,,,,,,,,,,,,,2.0
london.youth.policing,Cross-Hamming,PAV_vs_TaxMES,,,,,,,,,,,,,,,,,3.0
london.youth.policing,Cross-Hamming,PAV_vs_TaxPhragmen,,,,,,,,,,,,,,,,,4.0
london.youth.policing,Cross-Hamming,SeqPhragmen_vs_TaxPhragmen,,,,,,,,,,,,,,,,,4.0
london.youth.policing,Cross-Hamming,SeqPhragmen_vs_TaxMES,,,,,,,,,,,,,,,,,3.0
london.youth.policing,Cross-Hamming,MES_vs_TaxMES,,,,,,,,,,,,,,,,,3.0
london.youth.policing,Cross-Hamming,MES_vs_TaxPhragmen,,,,,,,,,,,,,,,,,4.0
london.youth.policing,Cross-Hamming,TaxPhragmen_vs_TaxMES,,,,,,,,,,,,,,,,,1.0
london.youth.policing,Cross-Hamming,AV_vs_TaxMES,,,,,,,,,,,,,,,,,3.0
london.youth.policing,Cross-Hamming,AV_vs_TaxPhragmen,,,,,,,,,,,,,,,,,4.0
march-on.operation-marchin-orders,Traditional,PAV,10.0,3062.5,1482.0,4156.0,74.4505,3300.0,27.0,15869.0964,17437.0,1009.0,0.1604,143.0,0.0227,0.1316,22.4336,0.7259,
march-on.operation-marchin-orders,Hamming_traditional,PAV_vs_SeqPhragmen,,,,,,,,,,,,,,,,,2.0
march-on.operation-marchin-orders,Hamming_traditional,PAV_vs_MES,,,,,,,,,,,,,,,,,2.0
march-on.operation-marchin-orders,Hamming_traditional,SeqPhragmen_vs_MES,,,,,,,,,,,,,,,,,2.0
march-on.operation-marchin-orders,Hamming_traditional,AV_vs_PAV,,,,,,,,,,,,,,,,,8.0
march-on.operation-marchin-orders,Hamming_traditional,AV_vs_SeqPhragmen,,,,,,,,,,,,,,,,,8.0
march-on.operation-marchin-orders,Hamming_traditional,AV_vs_MES,,,,,,,,,,,,,,,,,8.0
march-on.operation-marchin-orders,Cross-Hamming,PAV_vs_TaxMES,,,,,,,,,,,,,,,,,4.0
march-on.operation-marchin-orders,Cross-Hamming,PAV_vs_TaxPhragmen,,,,,,,,,,,,,,,,,4.0
march-on.operation-marchin-orders,Cross-Hamming,SeqPhragmen_vs_TaxPhragmen,,,,,,,,,,,,,,,,,6.0
march-on.operation-marchin-orders,Cross-Hamming,SeqPhragmen_vs_TaxMES,,,,,,,,,,,,,,,,,4.0
march-on.operation-marchin-orders,Cross-Hamming,MES_vs_TaxMES,,,,,,,,,,,,,,,,,4.0
march-on.operation-marchin-orders,Cross-Hamming,MES_vs_TaxPhragmen,,,,,,,,,,,,,,,,,4.0
march-on.operation-marchin-orders,Cross-Hamming,TaxPhragmen_vs_TaxMES,,,,,,,,,,,,,,,,,2.0
march-on.operation-marchin-orders,Cross-Hamming,AV_vs_TaxMES,,,,,,,,,,,,,,,,,4.0
march-on.operation-marchin-orders,Cross-Hamming,AV_vs_TaxPhragmen,,,,,,,,,,,,,,,,,6.0
march-on.operation-marchin-orders,Traditional,SeqPhragmen,10.0,2837.7,857.0,4156.0,75.4956,3300.0,27.0,14452.8814,15982.0,998.0,0.1587,163.0,0.0259,0.1288,22.4336,0.9707,
march-on.operation-marchin-orders,Hamming_traditional,PAV_vs_SeqPhragmen,,,,,,,,,,,,,,,,,2.0
march-on.operation-marchin-orders,Hamming_traditional,PAV_vs_MES,,,,,,,,,,,,,,,,,2.0
march-on.operation-marchin-orders,Hamming_traditional,SeqPhragmen_vs_MES,,,,,,,,,,,,,,,,,2.0
march-on.operation-marchin-orders,Hamming_traditional,AV_vs_PAV,,,,,,,,,,,,,,,,,8.0
march-on.operation-marchin-orders,Hamming_traditional,AV_vs_SeqPhragmen,,,,,,,,,,,,,,,,,8.0
march-on.operation-marchin-orders,Hamming_traditional,AV_vs_MES,,,,,,,,,,,,,,,,,8.0
march-on.operation-marchin-orders,Cross-Hamming,PAV_vs_TaxMES,,,,,,,,,,,,,,,,,4.0
march-on.operation-marchin-orders,Cross-Hamming,PAV_vs_TaxPhragmen,,,,,,,,,,,,,,,,,4.0
march-on.operation-marchin-orders,Cross-Hamming,SeqPhragmen_vs_TaxPhragmen,,,,,,,,,,,,,,,,,6.0
march-on.operation-marchin-orders,Cross-Hamming,SeqPhragmen_vs_TaxMES,,,,,,,,,,,,,,,,,4.0
march-on.operation-marchin-orders,Cross-Hamming,MES_vs_TaxMES,,,,,,,,,,,,,,,,,4.0
march-on.operation-marchin-orders,Cross-Hamming,MES_vs_TaxPhragmen,,,,,,,,,,,,,,,,,4.0
march-on.operation-marchin-orders,Cross-Hamming,TaxPhragmen_vs_TaxMES,,,,,,,,,,,,,,,,,2.0
march-on.operation-marchin-orders,Cross-Hamming,AV_vs_TaxMES,,,,,,,,,,,,,,,,,4.0
march-on.operation-marchin-orders,Cross-Hamming,AV_vs_TaxPhragmen,,,,,,,,,,,,,,,,,6.0
march-on.operation-marchin-orders,Traditional,MES,10.0,2943.2,857.0,4156.0,75.0051,3300.0,27.0,15317.6492,16712.0,1000.0,0.159,154.0,0.0245,0.1317,22.4336,0.8521,
march-on.operation-marchin-orders,Hamming_traditional,PAV_vs_SeqPhragmen,,,,,,,,,,,,,,,,,2.0
march-on.operation-marchin-orders,Hamming_traditional,PAV_vs_MES,,,,,,,,,,,,,,,,,2.0
march-on.operation-marchin-orders,Hamming_traditional,SeqPhragmen_vs_MES,,,,,,,,,,,,,,,,,2.0
march-on.operation-marchin-orders,Hamming_traditional,AV_vs_PAV,,,,,,,,,,,,,,,,,8.0
march-on.operation-marchin-orders,Hamming_traditional,AV_vs_SeqPhragmen,,,,,,,,,,,,,,,,,8.0
march-on.operation-marchin-orders,Hamming_traditional,AV_vs_MES,,,,,,,,,,,,,,,,,8.0
march-on.operation-marchin-orders,Cross-Hamming,PAV_vs_TaxMES,,,,,,,,,,,,,,,,,4.0
march-on.operation-marchin-orders,Cross-Hamming,PAV_vs_TaxPhragmen,,,,,,,,,,,,,,,,,4.0
march-on.operation-marchin-orders,Cross-Hamming,SeqPhragmen_vs_TaxPhragmen,,,,,,,,,,,,,,,,,6.0
march-on.operation-marchin-orders,Cross-Hamming,SeqPhragmen_vs_TaxMES,,,,,,,,,,,,,,,,,4.0
march-on.operation-marchin-orders,Cross-Hamming,MES_vs_TaxMES,,,,,,,,,,,,,,,,,4.0
march-on.operation-marchin-orders,Cross-Hamming,MES_vs_TaxPhragmen,,,,,,,,,,,,,,,,,4.0
march-on.operation-marchin-orders,Cross-Hamming,TaxPhragmen_vs_TaxMES,,,,,,,,,,,,,,,,,2.0
march-on.operation-marchin-orders,Cross-Hamming,AV_vs_TaxMES,,,,,,,,,,,,,,,,,4.0
march-on.operation-marchin-orders,Cross-Hamming,AV_vs_TaxPhragmen,,,,,,,,,,,,,,,,,6.0
march-on.operation-marchin-orders,AV,AV,10.0,3455.6,3236.0,4156.0,72.623,3239.0,22.0,19117.6562,21209.0,1046.0,0.1663,121.0,0.0192,0.1408,22.4336,0.2776,
march-on.operation-marchin-orders,Hamming_traditional,PAV_vs_SeqPhragmen,,,,,,,,,,,,,,,,,2.0
march-on.operation-marchin-orders,Hamming_traditional,PAV_vs_MES,,,,,,,,,,,,,,,,,2.0
march-on.operation-marchin-orders,Hamming_traditional,SeqPhragmen_vs_MES,,,,,,,,,,,,,,,,,2.0
march-on.operation-marchin-orders,Hamming_traditional,AV_vs_PAV,,,,,,,,,,,,,,,,,8.0
march-on.operation-marchin-orders,Hamming_traditional,AV_vs_SeqPhragmen,,,,,,,,,,,,,,,,,8.0
march-on.operation-marchin-orders,Hamming_traditional,AV_vs_MES,,,,,,,,,,,,,,,,,8.0
march-on.operation-marchin-orders,Cross-Hamming,PAV_vs_TaxMES,,,,,,,,,,,,,,,,,4.0
march-on.operation-marchin-orders,Cross-Hamming,PAV_vs_TaxPhragmen,,,,,,,,,,,,,,,,,4.0
march-on.operation-marchin-orders,Cross-Hamming,SeqPhragmen_vs_TaxPhragmen,,,,,,,,,,,,,,,,,6.0
march-on.operation-marchin-orders,Cross-Hamming,SeqPhragmen_vs_TaxMES,,,,,,,,,,,,,,,,,4.0
march-on.operation-marchin-orders,Cross-Hamming,MES_vs_TaxMES,,,,,,,,,,,,,,,,,4.0
march-on.operation-marchin-orders,Cross-Hamming,MES_vs_TaxPhragmen,,,,,,,,,,,,,,,,,4.0
march-on.operation-marchin-orders,Cross-Hamming,TaxPhragmen_vs_TaxMES,,,,,,,,,,,,,,,,,2.0
march-on.operation-marchin-orders,Cross-Hamming,AV_vs_TaxMES,,,,,,,,,,,,,,,,,4.0
march-on.operation-marchin-orders,Cross-Hamming,AV_vs_TaxPhragmen,,,,,,,,,,,,,,,,,6.0
march-on.operation-marchin-orders,Tax,TaxPhragmen,6.0,3536.8333,3105.0,4156.0,78.6761,3356.0,29.0,12054.2107,13527.0,1072.0,0.1705,135.0,0.0215,0.1358,22.4336,0.2787,
march-on.operation-marchin-orders,Hamming_traditional,PAV_vs_SeqPhragmen,,,,,,,,,,,,,,,,,2.0
march-on.operation-marchin-orders,Hamming_traditional,PAV_vs_MES,,,,,,,,,,,,,,,,,2.0
march-on.operation-marchin-orders,Hamming_traditional,SeqPhragmen_vs_MES,,,,,,,,,,,,,,,,,2.0
march-on.operation-marchin-orders,Hamming_traditional,AV_vs_PAV,,,,,,,,,,,,,,,,,8.0
march-on.operation-marchin-orders,Hamming_traditional,AV_vs_SeqPhragmen,,,,,,,,,,,,,,,,,8.0
march-on.operation-marchin-orders,Hamming_traditional,AV_vs_MES,,,,,,,,,,,,,,,,,8.0
march-on.operation-marchin-orders,Cross-Hamming,PAV_vs_TaxMES,,,,,,,,,,,,,,,,,4.0
march-on.operation-marchin-orders,Cross-Hamming,PAV_vs_TaxPhragmen,,,,,,,,,,,,,,,,,4.0
march-on.operation-marchin-orders,Cross-Hamming,SeqPhragmen_vs_TaxPhragmen,,,,,,,,,,,,,,,,,6.0
march-on.operation-marchin-orders,Cross-Hamming,SeqPhragmen_vs_TaxMES,,,,,,,,,,,,,,,,,4.0
march-on.operation-marchin-orders,Cross-Hamming,MES_vs_TaxMES,,,,,,,,,,,,,,,,,4.0
march-on.operation-marchin-orders,Cross-Hamming,MES_vs_TaxPhragmen,,,,,,,,,,,,,,,,,4.0
march-on.operation-marchin-orders,Cross-Hamming,TaxPhragmen_vs_TaxMES,,,,,,,,,,,,,,,,,2.0
march-on.operation-marchin-orders,Cross-Hamming,AV_vs_TaxMES,,,,,,,,,,,,,,,,,4.0
march-on.operation-marchin-orders,Cross-Hamming,AV_vs_TaxPhragmen,,,,,,,,,,,,,,,,,6.0
march-on.operation-marchin-orders,Tax,TaxMES,6.0,3578.6667,3314.0,4156.0,78.5596,3300.0,27.0,12312.0754,13778.0,1077.0,0.1713,136.0,0.0216,0.1356,22.4336,0.2519,
march-on.operation-marchin-orders,Hamming_traditional,PAV_vs_SeqPhragmen,,,,,,,,,,,,,,,,,2.0
march-on.operation-marchin-orders,Hamming_traditional,PAV_vs_MES,,,,,,,,,,,,,,,,,2.0
march-on.operation-marchin-orders,Hamming_traditional,SeqPhragmen_vs_MES,,,,,,,,,,,,,,,,,2.0
march-on.operation-marchin-orders,Hamming_traditional,AV_vs_PAV,,,,,,,,,,,,,,,,,8.0
march-on.operation-marchin-orders,Hamming_traditional,AV_vs_SeqPhragmen,,,,,,,,,,,,,,,,,8.0
march-on.operation-marchin-orders,Hamming_traditional,AV_vs_MES,,,,,,,,,,,,,,,,,8.0
march-on.operation-marchin-orders,Cross-Hamming,PAV_vs_TaxMES,,,,,,,,,,,,,,,,,4.0
march-on.operation-marchin-orders,Cross-Hamming,PAV_vs_TaxPhragmen,,,,,,,,,,,,,,,,,4.0
march-on.operation-marchin-orders,Cross-Hamming,SeqPhragmen_vs_TaxPhragmen,,,,,,,,,,,,,,,,,6.0
march-on.operation-marchin-orders,Cross-Hamming,SeqPhragmen_vs_TaxMES,,,,,,,,,,,,,,,,,4.0
march-on.operation-marchin-orders,Cross-Hamming,MES_vs_TaxMES,,,,,,,,,,,,,,,,,4.0
march-on.operation-marchin-orders,Cross-Hamming,MES_vs_TaxPhragmen,,,,,,,,,,,,,,,,,4.0
march-on.operation-marchin-orders,Cross-Hamming,TaxPhragmen_vs_TaxMES,,,,,,,,,,,,,,,,,2.0
march-on.operation-marchin-orders,Cross-Hamming,AV_vs_TaxMES,,,,,,,,,,,,,,,,,4.0
march-on.operation-marchin-orders,Cross-Hamming,AV_vs_TaxPhragmen,,,,,,,,,,,,,,,,,6.0
scoop-hivemind.affordable-housing,Traditional,PAV,10.0,146.4,105.0,179.0,13.0839,136.0,19.0,575.5748,468.0,98.0,0.2572,15.0,0.0394,0.211,11.9396,0.5276,
scoop-hivemind.affordable-housing,Hamming_traditional,PAV_vs_SeqPhragmen,,,,,,,,,,,,,,,,,2.0
scoop-hivemind.affordable-housing,Hamming_traditional,PAV_vs_MES,,,,,,,,,,,,,,,,,2.0
scoop-hivemind.affordable-housing,Hamming_traditional,SeqPhragmen_vs_MES,,,,,,,,,,,,,,,,,0.0
scoop-hivemind.affordable-housing,Hamming_traditional,AV_vs_PAV,,,,,,,,,,,,,,,,,4.0
scoop-hivemind.affordable-housing,Hamming_traditional,AV_vs_SeqPhragmen,,,,,,,,,,,,,,,,,2.0
scoop-hivemind.affordable-housing,Hamming_traditional,AV_vs_MES,,,,,,,,,,,,,,,,,2.0
scoop-hivemind.affordable-housing,Cross-Hamming,PAV_vs_TaxMES,,,,,,,,,,,,,,,,,5.0
scoop-hivemind.affordable-housing,Cross-Hamming,PAV_vs_TaxPhragmen,,,,,,,,,,,,,,,,,5.0
scoop-hivemind.affordable-housing,Cross-Hamming,SeqPhragmen_vs_TaxPhragmen,,,,,,,,,,,,,,,,,5.0
scoop-hivemind.affordable-housing,Cross-Hamming,SeqPhragmen_vs_TaxMES,,,,,,,,,,,,,,,,,5.0
scoop-hivemind.affordable-housing,Cross-Hamming,MES_vs_TaxMES,,,,,,,,,,,,,,,,,5.0
scoop-hivemind.affordable-housing,Cross-Hamming,MES_vs_TaxPhragmen,,,,,,,,,,,,,,,,,5.0
scoop-hivemind.affordable-housing,Cross-Hamming,TaxPhragmen_vs_TaxMES,,,,,,,,,,,,,,,,,0.0
scoop-hivemind.affordable-housing,Cross-Hamming,AV_vs_TaxMES,,,,,,,,,,,,,,,,,5.0
scoop-hivemind.affordable-housing,Cross-Hamming,AV_vs_TaxPhragmen,,,,,,,,,,,,,,,,,5.0
scoop-hivemind.affordable-housing,Traditional,SeqPhragmen,10.0,149.5,117.0,179.0,12.8839,129.0,61.0,595.1837,479.0,104.0,0.273,15.0,0.0394,0.2531,11.9396,0.5039,
scoop-hivemind.affordable-housing,Hamming_traditional,PAV_vs_SeqPhragmen,,,,,,,,,,,,,,,,,2.0
scoop-hivemind.affordable-housing,Hamming_traditional,PAV_vs_MES,,,,,,,,,,,,,,,,,2.0
scoop-hivemind.affordable-housing,Hamming_traditional,SeqPhragmen_vs_MES,,,,,,,,,,,,,,,,,0.0
scoop-hivemind.affordable-housing,Hamming_traditional,AV_vs_PAV,,,,,,,,,,,,,,,,,4.0
scoop-hivemind.affordable-housing,Hamming_traditional,AV_vs_SeqPhragmen,,,,,,,,,,,,,,,,,2.0
scoop-hivemind.affordable-housing,Hamming_traditional,AV_vs_MES,,,,,,,,,,,,,,,,,2.0
scoop-hivemind.affordable-housing,Cross-Hamming,PAV_vs_TaxMES,,,,,,,,,,,,,,,,,5.0
scoop-hivemind.affordable-housing,Cross-Hamming,PAV_vs_TaxPhragmen,,,,,,,,,,,,,,,,,5.0
scoop-hivemind.affordable-housing,Cross-Hamming,SeqPhragmen_vs_TaxPhragmen,,,,,,,,,,,,,,,,,5.0
scoop-hivemind.affordable-housing,Cross-Hamming,SeqPhragmen_vs_TaxMES,,,,,,,,,,,,,,,,,5.0
scoop-hivemind.affordable-housing,Cross-Hamming,MES_vs_TaxMES,,,,,,,,,,,,,,,,,5.0
scoop-hivemind.affordable-housing,Cross-Hamming,MES_vs_TaxPhragmen,,,,,,,,,,,,,,,,,5.0
scoop-hivemind.affordable-housing,Cross-Hamming,TaxPhragmen_vs_TaxMES,,,,,,,,,,,,,,,,,0.0
scoop-hivemind.affordable-housing,Cross-Hamming,AV_vs_TaxMES,,,,,,,,,,,,,,,,,5.0
scoop-hivemind.affordable-housing,Cross-Hamming,AV_vs_TaxPhragmen,,,,,,,,,,,,,,,,,5.0
scoop-hivemind.affordable-housing,Traditional,MES,10.0,149.5,117.0,179.0,12.8839,129.0,61.0,595.1837,479.0,104.0,0.273,15.0,0.0394,0.2531,11.9396,0.5039,
scoop-hivemind.affordable-housing,Hamming_traditional,PAV_vs_SeqPhragmen,,,,,,,,,,,,,,,,,2.0
scoop-hivemind.affordable-housing,Hamming_traditional,PAV_vs_MES,,,,,,,,,,,,,,,,,2.0
scoop-hivemind.affordable-housing,Hamming_traditional,SeqPhragmen_vs_MES,,,,,,,,,,,,,,,,,0.0
scoop-hivemind.affordable-housing,Hamming_traditional,AV_vs_PAV,,,,,,,,,,,,,,,,,4.0
scoop-hivemind.affordable-housing,Hamming_traditional,AV_vs_SeqPhragmen,,,,,,,,,,,,,,,,,2.0
scoop-hivemind.affordable-housing,Hamming_traditional,AV_vs_MES,,,,,,,,,,,,,,,,,2.0
scoop-hivemind.affordable-housing,Cross-Hamming,PAV_vs_TaxMES,,,,,,,,,,,,,,,,,5.0
scoop-hivemind.affordable-housing,Cross-Hamming,PAV_vs_TaxPhragmen,,,,,,,,,,,,,,,,,5.0
scoop-hivemind.affordable-housing,Cross-Hamming,SeqPhragmen_vs_TaxPhragmen,,,,,,,,,,,,,,,,,5.0
scoop-hivemind.affordable-housing,Cross-Hamming,SeqPhragmen_vs_TaxMES,,,,,,,,,,,,,,,,,5.0
scoop-hivemind.affordable-housing,Cross-Hamming,MES_vs_TaxMES,,,,,,,,,,,,,,,,,5.0
scoop-hivemind.affordable-housing,Cross-Hamming,MES_vs_TaxPhragmen,,,,,,,,,,,,,,,,,5.0
scoop-hivemind.affordable-housing,Cross-Hamming,TaxPhragmen_vs_TaxMES,,,,,,,,,,,,,,,,,0.0
scoop-hivemind.affordable-housing,Cross-Hamming,AV_vs_TaxMES,,,,,,,,,,,,,,,,,5.0
scoop-hivemind.affordable-housing,Cross-Hamming,AV_vs_TaxPhragmen,,,,,,,,,,,,,,,,,5.0
scoop-hivemind.affordable-housing,AV,AV,10.0,148.9,111.0,179.0,12.9226,129.0,61.0,591.5932,480.0,106.0,0.2782,16.0,0.042,0.2505,11.9396,0.5197,
scoop-hivemind.affordable-housing,Hamming_traditional,PAV_vs_SeqPhragmen,,,,,,,,,,,,,,,,,2.0
scoop-hivemind.affordable-housing,Hamming_traditional,PAV_vs_MES,,,,,,,,,,,,,,,,,2.0
scoop-hivemind.affordable-housing,Hamming_traditional,SeqPhragmen_vs_MES,,,,,,,,,,,,,,,,,0.0
scoop-hivemind.affordable-housing,Hamming_traditional,AV_vs_PAV,,,,,,,,,,,,,,,,,4.0
scoop-hivemind.affordable-housing,Hamming_traditional,AV_vs_SeqPhragmen,,,,,,,,,,,,,,,,,2.0
scoop-hivemind.affordable-housing,Hamming_traditional,AV_vs_MES,,,,,,,,,,,,,,,,,2.0
scoop-hivemind.affordable-housing,Cross-Hamming,PAV_vs_TaxMES,,,,,,,,,,,,,,,,,5.0
scoop-hivemind.affordable-housing,Cross-Hamming,PAV_vs_TaxPhragmen,,,,,,,,,,,,,,,,,5.0
scoop-hivemind.affordable-housing,Cross-Hamming,SeqPhragmen_vs_TaxPhragmen,,,,,,,,,,,,,,,,,5.0
scoop-hivemind.affordable-housing,Cross-Hamming,SeqPhragmen_vs_TaxMES,,,,,,,,,,,,,,,,,5.0
scoop-hivemind.affordable-housing,Cross-Hamming,MES_vs_TaxMES,,,,,,,,,,,,,,,,,5.0
scoop-hivemind.affordable-housing,Cross-Hamming,MES_vs_TaxPhragmen,,,,,,,,,,,,,,,,,5.0
scoop-hivemind.affordable-housing,Cross-Hamming,TaxPhragmen_vs_TaxMES,,,,,,,,,,,,,,,,,0.0
scoop-hivemind.affordable-housing,Cross-Hamming,AV_vs_TaxMES,,,,,,,,,,,,,,,,,5.0
scoop-hivemind.affordable-housing,Cross-Hamming,AV_vs_TaxPhragmen,,,,,,,,,,,,,,,,,5.0
scoop-hivemind.affordable-housing,Tax,TaxPhragmen,5.0,163.4,151.0,179.0,16.7188,154.0,13.0,351.6089,320.0,127.0,0.3333,13.0,0.0341,0.2268,11.9396,0.189,
scoop-hivemind.affordable-housing,Hamming_traditional,PAV_vs_SeqPhragmen,,,,,,,,,,,,,,,,,2.0
scoop-hivemind.affordable-housing,Hamming_traditional,PAV_vs_MES,,,,,,,,,,,,,,,,,2.0
scoop-hivemind.affordable-housing,Hamming_traditional,SeqPhragmen_vs_MES,,,,,,,,,,,,,,,,,0.0
scoop-hivemind.affordable-housing,Hamming_traditional,AV_vs_PAV,,,,,,,,,,,,,,,,,4.0
scoop-hivemind.affordable-housing,Hamming_traditional,AV_vs_SeqPhragmen,,,,,,,,,,,,,,,,,2.0
scoop-hivemind.affordable-housing,Hamming_traditional,AV_vs_MES,,,,,,,,,,,,,,,,,2.0
scoop-hivemind.affordable-housing,Cross-Hamming,PAV_vs_TaxMES,,,,,,,,,,,,,,,,,5.0
scoop-hivemind.affordable-housing,Cross-Hamming,PAV_vs_TaxPhragmen,,,,,,,,,,,,,,,,,5.0
scoop-hivemind.affordable-housing,Cross-Hamming,SeqPhragmen_vs_TaxPhragmen,,,,,,,,,,,,,,,,,5.0
scoop-hivemind.affordable-housing,Cross-Hamming,SeqPhragmen_vs_TaxMES,,,,,,,,,,,,,,,,,5.0
scoop-hivemind.affordable-housing,Cross-Hamming,MES_vs_TaxMES,,,,,,,,,,,,,,,,,5.0
scoop-hivemind.affordable-housing,Cross-Hamming,MES_vs_TaxPhragmen,,,,,,,,,,,,,,,,,5.0
scoop-hivemind.affordable-housing,Cross-Hamming,TaxPhragmen_vs_TaxMES,,,,,,,,,,,,,,,,,0.0
scoop-hivemind.affordable-housing,Cross-Hamming,AV_vs_TaxMES,,,,,,,,,,,,,,,,,5.0
scoop-hivemind.affordable-housing,Cross-Hamming,AV_vs_TaxPhragmen,,,,,,,,,,,,,,,,,5.0
scoop-hivemind.affordable-housing,Tax,TaxMES,5.0,163.4,151.0,179.0,16.7188,154.0,13.0,351.6089,320.0,127.0,0.3333,13.0,0.0341,0.2268,11.9396,0.189,
scoop-hivemind.affordable-housing,Hamming_traditional,PAV_vs_SeqPhragmen,,,,,,,,,,,,,,,,,2.0
scoop-hivemind.affordable-housing,Hamming_traditional,PAV_vs_MES,,,,,,,,,,,,,,,,,2.0
scoop-hivemind.affordable-housing,Hamming_traditional,SeqPhragmen_vs_MES,,,,,,,,,,,,,,,,,0.0
scoop-hivemind.affordable-housing,Hamming_traditional,AV_vs_PAV,,,,,,,,,,,,,,,,,4.0
scoop-hivemind.affordable-housing,Hamming_traditional,AV_vs_SeqPhragmen,,,,,,,,,,,,,,,,,2.0
scoop-hivemind.affordable-housing,Hamming_traditional,AV_vs_MES,,,,,,,,,,,,,,,,,2.0
scoop-hivemind.affordable-housing,Cross-Hamming,PAV_vs_TaxMES,,,,,,,,,,,,,,,,,5.0
scoop-hivemind.affordable-housing,Cross-Hamming,PAV_vs_TaxPhragmen,,,,,,,,,,,,,,,,,5.0
scoop-hivemind.affordable-housing,Cross-Hamming,SeqPhragmen_vs_TaxPhragmen,,,,,,,,,,,,,,,,,5.0
scoop-hivemind.affordable-housing,Cross-Hamming,SeqPhragmen_vs_TaxMES,,,,,,,,,,,,,,,,,5.0
scoop-hivemind.affordable-housing,Cross-Hamming,MES_vs_TaxMES,,,,,,,,,,,,,,,,,5.0
scoop-hivemind.affordable-housing,Cross-Hamming,MES_vs_TaxPhragmen,,,,,,,,,,,,,,,,,5.0
scoop-hivemind.affordable-housing,Cross-Hamming,TaxPhragmen_vs_TaxMES,,,,,,,,,,,,,,,,,0.0
scoop-hivemind.affordable-housing,Cross-Hamming,AV_vs_TaxMES,,,,,,,,,,,,,,,,,5.0
scoop-hivemind.affordable-housing,Cross-Hamming,AV_vs_TaxPhragmen,,,,,,,,,,,,,,,,,5.0
scoop-hivemind.biodiversity,Traditional,PAV,10.0,267.7,235.0,306.0,36.4474,286.0,24.0,1348.0019,1429.5,109.0,0.2034,12.0,0.0224,0.2652,10.209,0.3955,
scoop-hivemind.biodiversity,Hamming_traditional,PAV_vs_SeqPhragmen,,,,,,,,,,,,,,,,,0.0
scoop-hivemind.biodiversity,Hamming_traditional,PAV_vs_MES,,,,,,,,,,,,,,,,,4.0
scoop-hivemind.biodiversity,Hamming_traditional,SeqPhragmen_vs_MES,,,,,,,,,,,,,,,,,4.0
scoop-hivemind.biodiversity,Hamming_traditional,AV_vs_PAV,,,,,,,,,,,,,,,,,10.0
scoop-hivemind.biodiversity,Hamming_traditional,AV_vs_SeqPhragmen,,,,,,,,,,,,,,,,,10.0
scoop-hivemind.biodiversity,Hamming_traditional,AV_vs_MES,,,,,,,,,,,,,,,,,8.0
scoop-hivemind.biodiversity,Cross-Hamming,PAV_vs_TaxMES,,,,,,,,,,,,,,,,,6.0
scoop-hivemind.biodiversity,Cross-Hamming,PAV_vs_TaxPhragmen,,,,,,,,,,,,,,,,,4.0
scoop-hivemind.biodiversity,Cross-Hamming,SeqPhragmen_vs_TaxPhragmen,,,,,,,,,,,,,,,,,4.0
scoop-hivemind.biodiversity,Cross-Hamming,SeqPhragmen_vs_TaxMES,,,,,,,,,,,,,,,,,6.0
scoop-hivemind.biodiversity,Cross-Hamming,MES_vs_TaxMES,,,,,,,,,,,,,,,,,4.0
scoop-hivemind.biodiversity,Cross-Hamming,MES_vs_TaxPhragmen,,,,,,,,,,,,,,,,,6.0
scoop-hivemind.biodiversity,Cross-Hamming,TaxPhragmen_vs_TaxMES,,,,,,,,,,,,,,,,,2.0
scoop-hivemind.biodiversity,Cross-Hamming,AV_vs_TaxMES,,,,,,,,,,,,,,,,,6.0
scoop-hivemind.biodiversity,Cross-Hamming,AV_vs_TaxPhragmen,,,,,,,,,,,,,,,,,6.0
scoop-hivemind.biodiversity,Traditional,SeqPhragmen,10.0,267.7,235.0,306.0,36.4474,286.0,24.0,1348.0019,1429.5,109.0,0.2034,12.0,0.0224,0.2652,10.209,0.3955,
scoop-hivemind.biodiversity,Hamming_traditional,PAV_vs_SeqPhragmen,,,,,,,,,,,,,,,,,0.0
scoop-hivemind.biodiversity,Hamming_traditional,PAV_vs_MES,,,,,,,,,,,,,,,,,4.0
scoop-hivemind.biodiversity,Hamming_traditional,SeqPhragmen_vs_MES,,,,,,,,,,,,,,,,,4.0
scoop-hivemind.biodiversity,Hamming_traditional,AV_vs_PAV,,,,,,,,,,,,,,,,,10.0
scoop-hivemind.biodiversity,Hamming_traditional,AV_vs_SeqPhragmen,,,,,,,,,,,,,,,,,10.0
scoop-hivemind.biodiversity,Hamming_traditional,AV_vs_MES,,,,,,,,,,,,,,,,,8.0
scoop-hivemind.biodiversity,Cross-Hamming,PAV_vs_TaxMES,,,,,,,,,,,,,,,,,6.0
scoop-hivemind.biodiversity,Cross-Hamming,PAV_vs_TaxPhragmen,,,,,,,,,,,,,,,,,4.0
scoop-hivemind.biodiversity,Cross-Hamming,SeqPhragmen_vs_TaxPhragmen,,,,,,,,,,,,,,,,,4.0
scoop-hivemind.biodiversity,Cross-Hamming,SeqPhragmen_vs_TaxMES,,,,,,,,,,,,,,,,,6.0
scoop-hivemind.biodiversity,Cross-Hamming,MES_vs_TaxMES,,,,,,,,,,,,,,,,,4.0
scoop-hivemind.biodiversity,Cross-Hamming,MES_vs_TaxPhragmen,,,,,,,,,,,,,,,,,6.0
scoop-hivemind.biodiversity,Cross-Hamming,TaxPhragmen_vs_TaxMES,,,,,,,,,,,,,,,,,2.0
scoop-hivemind.biodiversity,Cross-Hamming,AV_vs_TaxMES,,,,,,,,,,,,,,,,,6.0
scoop-hivemind.biodiversity,Cross-Hamming,AV_vs_TaxPhragmen,,,,,,,,,,,,,,,,,6.0
scoop-hivemind.biodiversity,Traditional,MES,10.0,274.4,235.0,306.0,36.227,277.0,53.0,1414.0821,1630.0,106.0,0.1978,7.0,0.0131,0.3216,10.209,0.3041,
scoop-hivemind.biodiversity,Hamming_traditional,PAV_vs_SeqPhragmen,,,,,,,,,,,,,,,,,0.0
scoop-hivemind.biodiversity,Hamming_traditional,PAV_vs_MES,,,,,,,,,,,,,,,,,4.0
scoop-hivemind.biodiversity,Hamming_traditional,SeqPhragmen_vs_MES,,,,,,,,,,,,,,,,,4.0
scoop-hivemind.biodiversity,Hamming_traditional,AV_vs_PAV,,,,,,,,,,,,,,,,,10.0
scoop-hivemind.biodiversity,Hamming_traditional,AV_vs_SeqPhragmen,,,,,,,,,,,,,,,,,10.0
scoop-hivemind.biodiversity,Hamming_traditional,AV_vs_MES,,,,,,,,,,,,,,,,,8.0
scoop-hivemind.biodiversity,Cross-Hamming,PAV_vs_TaxMES,,,,,,,,,,,,,,,,,6.0
scoop-hivemind.biodiversity,Cross-Hamming,PAV_vs_TaxPhragmen,,,,,,,,,,,,,,,,,4.0
scoop-hivemind.biodiversity,Cross-Hamming,SeqPhragmen_vs_TaxPhragmen,,,,,,,,,,,,,,,,,4.0
scoop-hivemind.biodiversity,Cross-Hamming,SeqPhragmen_vs_TaxMES,,,,,,,,,,,,,,,,,6.0
scoop-hivemind.biodiversity,Cross-Hamming,MES_vs_TaxMES,,,,,,,,,,,,,,,,,4.0
scoop-hivemind.biodiversity,Cross-Hamming,MES_vs_TaxPhragmen,,,,,,,,,,,,,,,,,6.0
scoop-hivemind.biodiversity,Cross-Hamming,TaxPhragmen_vs_TaxMES,,,,,,,,,,,,,,,,,2.0
scoop-hivemind.biodiversity,Cross-Hamming,AV_vs_TaxMES,,,,,,,,,,,,,,,,,6.0
scoop-hivemind.biodiversity,Cross-Hamming,AV_vs_TaxPhragmen,,,,,,,,,,,,,,,,,6.0
scoop-hivemind.biodiversity,AV,AV,10.0,282.8,263.0,306.0,35.9507,266.0,51.0,1494.9664,1739.0,125.0,0.2332,10.0,0.0187,0.2899,10.209,0.1996,
scoop-hivemind.biodiversity,Hamming_traditional,PAV_vs_SeqPhragmen,,,,,,,,,,,,,,,,,0.0
scoop-hivemind.biodiversity,Hamming_traditional,PAV_vs_MES,,,,,,,,,,,,,,,,,4.0
scoop-hivemind.biodiversity,Hamming_traditional,SeqPhragmen_vs_MES,,,,,,,,,,,,,,,,,4.0
scoop-hivemind.biodiversity,Hamming_traditional,AV_vs_PAV,,,,,,,,,,,,,,,,,10.0
scoop-hivemind.biodiversity,Hamming_traditional,AV_vs_SeqPhragmen,,,,,,,,,,,,,,,,,10.0
scoop-hivemind.biodiversity,Hamming_traditional,AV_vs_MES,,,,,,,,,,,,,,,,,8.0
scoop-hivemind.biodiversity,Cross-Hamming,PAV_vs_TaxMES,,,,,,,,,,,,,,,,,6.0
scoop-hivemind.biodiversity,Cross-Hamming,PAV_vs_TaxPhragmen,,,,,,,,,,,,,,,,,4.0
scoop-hivemind.biodiversity,Cross-Hamming,SeqPhragmen_vs_TaxPhragmen,,,,,,,,,,,,,,,,,4.0
scoop-hivemind.biodiversity,Cross-Hamming,SeqPhragmen_vs_TaxMES,,,,,,,,,,,,,,,,,6.0
scoop-hivemind.biodiversity,Cross-Hamming,MES_vs_TaxMES,,,,,,,,,,,,,,,,,4.0
scoop-hivemind.biodiversity,Cross-Hamming,MES_vs_TaxPhragmen,,,,,,,,,,,,,,,,,6.0
scoop-hivemind.biodiversity,Cross-Hamming,TaxPhragmen_vs_TaxMES,,,,,,,,,,,,,,,,,2.0
scoop-hivemind.biodiversity,Cross-Hamming,AV_vs_TaxMES,,,,,,,,,,,,,,,,,6.0
scoop-hivemind.biodiversity,Cross-Hamming,AV_vs_TaxPhragmen,,,,,,,,,,,,,,,,,6.0
scoop-hivemind.biodiversity,Tax,TaxPhragmen,6.0,284.1667,263.0,306.0,39.1299,286.0,24.0,906.834,1127.5,137.0,0.2556,10.0,0.0187,0.3265,10.209,0.1287,
scoop-hivemind.biodiversity,Hamming_traditional,PAV_vs_SeqPhragmen,,,,,,,,,,,,,,,,,0.0
scoop-hivemind.biodiversity,Hamming_traditional,PAV_vs_MES,,,,,,,,,,,,,,,,,4.0
scoop-hivemind.biodiversity,Hamming_traditional,SeqPhragmen_vs_MES,,,,,,,,,,,,,,,,,4.0
scoop-hivemind.biodiversity,Hamming_traditional,AV_vs_PAV,,,,,,,,,,,,,,,,,10.0
scoop-hivemind.biodiversity,Hamming_traditional,AV_vs_SeqPhragmen,,,,,,,,,,,,,,,,,10.0
scoop-hivemind.biodiversity,Hamming_traditional,AV_vs_MES,,,,,,,,,,,,,,,,,8.0
scoop-hivemind.biodiversity,Cross-Hamming,PAV_vs_TaxMES,,,,,,,,,,,,,,,,,6.0
scoop-hivemind.biodiversity,Cross-Hamming,PAV_vs_TaxPhragmen,,,,,,,,,,,,,,,,,4.0
scoop-hivemind.biodiversity,Cross-Hamming,SeqPhragmen_vs_TaxPhragmen,,,,,,,,,,,,,,,,,4.0
scoop-hivemind.biodiversity,Cross-Hamming,SeqPhragmen_vs_TaxMES,,,,,,,,,,,,,,,,,6.0
scoop-hivemind.biodiversity,Cross-Hamming,MES_vs_TaxMES,,,,,,,,,,,,,,,,,4.0
scoop-hivemind.biodiversity,Cross-Hamming,MES_vs_TaxPhragmen,,,,,,,,,,,,,,,,,6.0
scoop-hivemind.biodiversity,Cross-Hamming,TaxPhragmen_vs_TaxMES,,,,,,,,,,,,,,,,,2.0
scoop-hivemind.biodiversity,Cross-Hamming,AV_vs_TaxMES,,,,,,,,,,,,,,,,,6.0
scoop-hivemind.biodiversity,Cross-Hamming,AV_vs_TaxPhragmen,,,,,,,,,,,,,,,,,6.0
scoop-hivemind.biodiversity,Tax,TaxMES,6.0,288.0,264.0,306.0,39.0552,281.0,42.0,930.3918,1150.0,141.0,0.2631,6.0,0.0112,0.3248,10.209,0.0914,
scoop-hivemind.biodiversity,Hamming_traditional,PAV_vs_SeqPhragmen,,,,,,,,,,,,,,,,,0.0
scoop-hivemind.biodiversity,Hamming_traditional,PAV_vs_MES,,,,,,,,,,,,,,,,,4.0
scoop-hivemind.biodiversity,Hamming_traditional,SeqPhragmen_vs_MES,,,,,,,,,,,,,,,,,4.0
scoop-hivemind.biodiversity,Hamming_traditional,AV_vs_PAV,,,,,,,,,,,,,,,,,10.0
scoop-hivemind.biodiversity,Hamming_traditional,AV_vs_SeqPhragmen,,,,,,,,,,,,,,,,,10.0
scoop-hivemind.biodiversity,Hamming_traditional,AV_vs_MES,,,,,,,,,,,,,,,,,8.0
scoop-hivemind.biodiversity,Cross-Hamming,PAV_vs_TaxMES,,,,,,,,,,,,,,,,,6.0
scoop-hivemind.biodiversity,Cross-Hamming,PAV_vs_TaxPhragmen,,,,,,,,,,,,,,,,,4.0
scoop-hivemind.biodiversity,Cross-Hamming,SeqPhragmen_vs_TaxPhragmen,,,,,,,,,,,,,,,,,4.0
scoop-hivemind.biodiversity,Cross-Hamming,SeqPhragmen_vs_TaxMES,,,,,,,,,,,,,,,,,6.0
scoop-hivemind.biodiversity,Cross-Hamming,MES_vs_TaxMES,,,,,,,,,,,,,,,,,4.0
scoop-hivemind.biodiversity,Cross-Hamming,MES_vs_TaxPhragmen,,,,,,,,,,,,,,,,,6.0
scoop-hivemind.biodiversity,Cross-Hamming,TaxPhragmen_vs_TaxMES,,,,,,,,,,,,,,,,,2.0
scoop-hivemind.biodiversity,Cross-Hamming,AV_vs_TaxMES,,,,,,,,,,,,,,,,,6.0
scoop-hivemind.biodiversity,Cross-Hamming,AV_vs_TaxPhragmen,,,,,,,,,,,,,,,,,6.0
scoop-hivemind.freshwater,Traditional,PAV,10.0,76.3,57.0,83.0,9.1286,77.0,17.0,503.4103,623.0,11.0,0.094,0.0,0.0,0.2942,9.2393,0.4017,
scoop-hivemind.freshwater,Hamming_traditional,PAV_vs_SeqPhragmen,,,,,,,,,,,,,,,,,0.0
scoop-hivemind.freshwater,Hamming_traditional,PAV_vs_MES,,,,,,,,,,,,,,,,,0.0
scoop-hivemind.freshwater,Hamming_traditional,SeqPhragmen_vs_MES,,,,,,,,,,,,,,,,,0.0
scoop-hivemind.freshwater,Hamming_traditional,AV_vs_PAV,,,,,,,,,,,,,,,,,6.0
scoop-hivemind.freshwater,Hamming_traditional,AV_vs_SeqPhragmen,,,,,,,,,,,,,,,,,6.0
scoop-hivemind.freshwater,Hamming_traditional,AV_vs_MES,,,,,,,,,,,,,,,,,6.0
scoop-hivemind.freshwater,Cross-Hamming,PAV_vs_TaxMES,,,,,,,,,,,,,,,,,3.0
scoop-hivemind.freshwater,Cross-Hamming,PAV_vs_TaxPhragmen,,,,,,,,,,,,,,,,,5.0
scoop-hivemind.freshwater,Cross-Hamming,SeqPhragmen_vs_TaxPhragmen,,,,,,,,,,,,,,,,,5.0
scoop-hivemind.freshwater,Cross-Hamming,SeqPhragmen_vs_TaxMES,,,,,,,,,,,,,,,,,3.0
scoop-hivemind.freshwater,Cross-Hamming,MES_vs_TaxMES,,,,,,,,,,,,,,,,,3.0
scoop-hivemind.freshwater,Cross-Hamming,MES_vs_TaxPhragmen,,,,,,,,,,,,,,,,,5.0
scoop-hivemind.freshwater,Cross-Hamming,TaxPhragmen_vs_TaxMES,,,,,,,,,,,,,,,,,2.0
scoop-hivemind.freshwater,Cross-Hamming,AV_vs_TaxMES,,,,,,,,,,,,,,,,,3.0
scoop-hivemind.freshwater,Cross-Hamming,AV_vs_TaxPhragmen,,,,,,,,,,,,,,,,,3.0
scoop-hivemind.freshwater,Traditional,SeqPhragmen,10.0,76.3,57.0,83.0,9.1286,77.0,17.0,503.4103,623.0,11.0,0.094,0.0,0.0,0.2942,9.2393,0.4017,
scoop-hivemind.freshwater,Hamming_traditional,PAV_vs_SeqPhragmen,,,,,,,,,,,,,,,,,0.0
scoop-hivemind.freshwater,Hamming_traditional,PAV_vs_MES,,,,,,,,,,,,,,,,,0.0
scoop-hivemind.freshwater,Hamming_traditional,SeqPhragmen_vs_MES,,,,,,,,,,,,,,,,,0.0
scoop-hivemind.freshwater,Hamming_traditional,AV_vs_PAV,,,,,,,,,,,,,,,,,6.0
scoop-hivemind.freshwater,Hamming_traditional,AV_vs_SeqPhragmen,,,,,,,,,,,,,,,,,6.0
scoop-hivemind.freshwater,Hamming_traditional,AV_vs_MES,,,,,,,,,,,,,,,,,6.0
scoop-hivemind.freshwater,Cross-Hamming,PAV_vs_TaxMES,,,,,,,,,,,,,,,,,3.0
scoop-hivemind.freshwater,Cross-Hamming,PAV_vs_TaxPhragmen,,,,,,,,,,,,,,,,,5.0
scoop-hivemind.freshwater,Cross-Hamming,SeqPhragmen_vs_TaxPhragmen,,,,,,,,,,,,,,,,,5.0
scoop-hivemind.freshwater,Cross-Hamming,SeqPhragmen_vs_TaxMES,,,,,,,,,,,,,,,,,3.0
scoop-hivemind.freshwater,Cross-Hamming,MES_vs_TaxMES,,,,,,,,,,,,,,,,,3.0
scoop-hivemind.freshwater,Cross-Hamming,MES_vs_TaxPhragmen,,,,,,,,,,,,,,,,,5.0
scoop-hivemind.freshwater,Cross-Hamming,TaxPhragmen_vs_TaxMES,,,,,,,,,,,,,,,,,2.0
scoop-hivemind.freshwater,Cross-Hamming,AV_vs_TaxMES,,,,,,,,,,,,,,,,,3.0
scoop-hivemind.freshwater,Cross-Hamming,AV_vs_TaxPhragmen,,,,,,,,,,,,,,,,,3.0
scoop-hivemind.freshwater,Traditional,MES,10.0,76.3,57.0,83.0,9.1286,77.0,17.0,503.4103,623.0,11.0,0.094,0.0,0.0,0.2942,9.2393,0.4017,
scoop-hivemind.freshwater,Hamming_traditional,PAV_vs_SeqPhragmen,,,,,,,,,,,,,,,,,0.0
scoop-hivemind.freshwater,Hamming_traditional,PAV_vs_MES,,,,,,,,,,,,,,,,,0.0
scoop-hivemind.freshwater,Hamming_traditional,SeqPhragmen_vs_MES,,,,,,,,,,,,,,,,,0.0
scoop-hivemind.freshwater,Hamming_traditional,AV_vs_PAV,,,,,,,,,,,,,,,,,6.0
scoop-hivemind.freshwater,Hamming_traditional,AV_vs_SeqPhragmen,,,,,,,,,,,,,,,,,6.0
scoop-hivemind.freshwater,Hamming_traditional,AV_vs_MES,,,,,,,,,,,,,,,,,6.0
scoop-hivemind.freshwater,Cross-Hamming,PAV_vs_TaxMES,,,,,,,,,,,,,,,,,3.0
scoop-hivemind.freshwater,Cross-Hamming,PAV_vs_TaxPhragmen,,,,,,,,,,,,,,,,,5.0
scoop-hivemind.freshwater,Cross-Hamming,SeqPhragmen_vs_TaxPhragmen,,,,,,,,,,,,,,,,,5.0
scoop-hivemind.freshwater,Cross-Hamming,SeqPhragmen_vs_TaxMES,,,,,,,,,,,,,,,,,3.0
scoop-hivemind.freshwater,Cross-Hamming,MES_vs_TaxMES,,,,,,,,,,,,,,,,,3.0
scoop-hivemind.freshwater,Cross-Hamming,MES_vs_TaxPhragmen,,,,,,,,,,,,,,,,,5.0
scoop-hivemind.freshwater,Cross-Hamming,TaxPhragmen_vs_TaxMES,,,,,,,,,,,,,,,,,2.0
scoop-hivemind.freshwater,Cross-Hamming,AV_vs_TaxMES,,,,,,,,,,,,,,,,,3.0
scoop-hivemind.freshwater,Cross-Hamming,AV_vs_TaxPhragmen,,,,,,,,,,,,,,,,,3.0
scoop-hivemind.freshwater,AV,AV,10.0,79.6,74.0,83.0,8.6571,70.0,15.0,542.2393,648.0,14.0,0.1197,0.0,0.0,0.2932,9.2393,0.2735,
scoop-hivemind.freshwater,Hamming_traditional,PAV_vs_SeqPhragmen,,,,,,,,,,,,,,,,,0.0
scoop-hivemind.freshwater,Hamming_traditional,PAV_vs_MES,,,,,,,,,,,,,,,,,0.0
scoop-hivemind.freshwater,Hamming_traditional,SeqPhragmen_vs_MES,,,,,,,,,,,,,,,,,0.0
scoop-hivemind.freshwater,Hamming_traditional,AV_vs_PAV,,,,,,,,,,,,,,,,,6.0
scoop-hivemind.freshwater,Hamming_traditional,AV_vs_SeqPhragmen,,,,,,,,,,,,,,,,,6.0
scoop-hivemind.freshwater,Hamming_traditional,AV_vs_MES,,,,,,,,,,,,,,,,,6.0
scoop-hivemind.freshwater,Cross-Hamming,PAV_vs_TaxMES,,,,,,,,,,,,,,,,,3.0
scoop-hivemind.freshwater,Cross-Hamming,PAV_vs_TaxPhragmen,,,,,,,,,,,,,,,,,5.0
scoop-hivemind.freshwater,Cross-Hamming,SeqPhragmen_vs_TaxPhragmen,,,,,,,,,,,,,,,,,5.0
scoop-hivemind.freshwater,Cross-Hamming,SeqPhragmen_vs_TaxMES,,,,,,,,,,,,,,,,,3.0
scoop-hivemind.freshwater,Cross-Hamming,MES_vs_TaxMES,,,,,,,,,,,,,,,,,3.0
scoop-hivemind.freshwater,Cross-Hamming,MES_vs_TaxPhragmen,,,,,,,,,,,,,,,,,5.0
scoop-hivemind.freshwater,Cross-Hamming,TaxPhragmen_vs_TaxMES,,,,,,,,,,,,,,,,,2.0
scoop-hivemind.freshwater,Cross-Hamming,AV_vs_TaxMES,,,,,,,,,,,,,,,,,3.0
scoop-hivemind.freshwater,Cross-Hamming,AV_vs_TaxPhragmen,,,,,,,,,,,,,,,,,3.0
scoop-hivemind.freshwater,Tax,TaxPhragmen,7.0,80.5714,76.0,83.0,11.4795,81.0,18.0,388.6838,483.0,14.0,0.1197,0.0,0.0,0.2821,9.2393,0.188,
scoop-hivemind.freshwater,Hamming_traditional,PAV_vs_SeqPhragmen,,,,,,,,,,,,,,,,,0.0
scoop-hivemind.freshwater,Hamming_traditional,PAV_vs_MES,,,,,,,,,,,,,,,,,0.0
scoop-hivemind.freshwater,Hamming_traditional,SeqPhragmen_vs_MES,,,,,,,,,,,,,,,,,0.0
scoop-hivemind.freshwater,Hamming_traditional,AV_vs_PAV,,,,,,,,,,,,,,,,,6.0
scoop-hivemind.freshwater,Hamming_traditional,AV_vs_SeqPhragmen,,,,,,,,,,,,,,,,,6.0
scoop-hivemind.freshwater,Hamming_traditional,AV_vs_MES,,,,,,,,,,,,,,,,,6.0
scoop-hivemind.freshwater,Cross-Hamming,PAV_vs_TaxMES,,,,,,,,,,,,,,,,,3.0
scoop-hivemind.freshwater,Cross-Hamming,PAV_vs_TaxPhragmen,,,,,,,,,,,,,,,,,5.0
scoop-hivemind.freshwater,Cross-Hamming,SeqPhragmen_vs_TaxPhragmen,,,,,,,,,,,,,,,,,5.0
scoop-hivemind.freshwater,Cross-Hamming,SeqPhragmen_vs_TaxMES,,,,,,,,,,,,,,,,,3.0
scoop-hivemind.freshwater,Cross-Hamming,MES_vs_TaxMES,,,,,,,,,,,,,,,,,3.0
scoop-hivemind.freshwater,Cross-Hamming,MES_vs_TaxPhragmen,,,,,,,,,,,,,,,,,5.0
scoop-hivemind.freshwater,Cross-Hamming,TaxPhragmen_vs_TaxMES,,,,,,,,,,,,,,,,,2.0
scoop-hivemind.freshwater,Cross-Hamming,AV_vs_TaxMES,,,,,,,,,,,,,,,,,3.0
scoop-hivemind.freshwater,Cross-Hamming,AV_vs_TaxPhragmen,,,,,,,,,,,,,,,,,3.0
scoop-hivemind.freshwater,Tax,TaxMES,7.0,81.2857,80.0,83.0,11.411,77.0,17.0,395.3932,489.0,14.0,0.1197,0.0,0.0,0.2827,9.2393,0.188,
scoop-hivemind.freshwater,Hamming_traditional,PAV_vs_SeqPhragmen,,,,,,,,,,,,,,,,,0.0
scoop-hivemind.freshwater,Hamming_traditional,PAV_vs_MES,,,,,,,,,,,,,,,,,0.0
scoop-hivemind.freshwater,Hamming_traditional,SeqPhragmen_vs_MES,,,,,,,,,,,,,,,,,0.0
scoop-hivemind.freshwater,Hamming_traditional,AV_vs_PAV,,,,,,,,,,,,,,,,,6.0
scoop-hivemind.freshwater,Hamming_traditional,AV_vs_SeqPhragmen,,,,,,,,,,,,,,,,,6.0
scoop-hivemind.freshwater,Hamming_traditional,AV_vs_MES,,,,,,,,,,,,,,,,,6.0
scoop-hivemind.freshwater,Cross-Hamming,PAV_vs_TaxMES,,,,,,,,,,,,,,,,,3.0
scoop-hivemind.freshwater,Cross-Hamming,PAV_vs_TaxPhragmen,,,,,,,,,,,,,,,,,5.0
scoop-hivemind.freshwater,Cross-Hamming,SeqPhragmen_vs_TaxPhragmen,,,,,,,,,,,,,,,,,5.0
scoop-hivemind.freshwater,Cross-Hamming,SeqPhragmen_vs_TaxMES,,,,,,,,,,,,,,,,,3.0
scoop-hivemind.freshwater,Cross-Hamming,MES_vs_TaxMES,,,,,,,,,,,,,,,,,3.0
scoop-hivemind.freshwater,Cross-Hamming,MES_vs_TaxPhragmen,,,,,,,,,,,,,,,,,5.0
scoop-hivemind.freshwater,Cross-Hamming,TaxPhragmen_vs_TaxMES,,,,,,,,,,,,,,,,,2.0
scoop-hivemind.freshwater,Cross-Hamming,AV_vs_TaxMES,,,,,,,,,,,,,,,,,3.0
scoop-hivemind.freshwater,Cross-Hamming,AV_vs_TaxPhragmen,,,,,,,,,,,,,,,,,3.0
scoop-hivemind.taxes,Traditional,PAV,10.0,172.0,87.0,232.0,2.3261,178.0,80.0,949.1557,1279.0,66.0,0.1976,30.0,0.0898,0.1751,19.5689,1.0988,
scoop-hivemind.taxes,Hamming_traditional,PAV_vs_SeqPhragmen,,,,,,,,,,,,,,,,,2.0
scoop-hivemind.taxes,Hamming_traditional,PAV_vs_MES,,,,,,,,,,,,,,,,,2.0
scoop-hivemind.taxes,Hamming_traditional,SeqPhragmen_vs_MES,,,,,,,,,,,,,,,,,0.0
scoop-hivemind.taxes,Hamming_traditional,AV_vs_PAV,,,,,,,,,,,,,,,,,4.0
scoop-hivemind.taxes,Hamming_traditional,AV_vs_SeqPhragmen,,,,,,,,,,,,,,,,,6.0
scoop-hivemind.taxes,Hamming_traditional,AV_vs_MES,,,,,,,,,,,,,,,,,6.0
scoop-hivemind.taxes,Cross-Hamming,PAV_vs_TaxMES,,,,,,,,,,,,,,,,,6.0
scoop-hivemind.taxes,Cross-Hamming,PAV_vs_TaxPhragmen,,,,,,,,,,,,,,,,,6.0
scoop-hivemind.taxes,Cross-Hamming,SeqPhragmen_vs_TaxPhragmen,,,,,,,,,,,,,,,,,4.0
scoop-hivemind.taxes,Cross-Hamming,SeqPhragmen_vs_TaxMES,,,,,,,,,,,,,,,,,4.0
scoop-hivemind.taxes,Cross-Hamming,MES_vs_TaxMES,,,,,,,,,,,,,,,,,4.0
scoop-hivemind.taxes,Cross-Hamming,MES_vs_TaxPhragmen,,,,,,,,,,,,,,,,,4.0
scoop-hivemind.taxes,Cross-Hamming,TaxPhragmen_vs_TaxMES,,,,,,,,,,,,,,,,,0.0
scoop-hivemind.taxes,Cross-Hamming,AV_vs_TaxMES,,,,,,,,,,,,,,,,,6.0
scoop-hivemind.taxes,Cross-Hamming,AV_vs_TaxPhragmen,,,,,,,,,,,,,,,,,6.0
scoop-hivemind.taxes,Traditional,SeqPhragmen,10.0,173.6,87.0,232.0,2.2101,170.0,34.0,965.4431,1220.5,59.0,0.1766,23.0,0.0689,0.1667,19.5689,1.003,
scoop-hivemind.taxes,Hamming_traditional,PAV_vs_SeqPhragmen,,,,,,,,,,,,,,,,,2.0
scoop-hivemind.taxes,Hamming_traditional,PAV_vs_MES,,,,,,,,,,,,,,,,,2.0
scoop-hivemind.taxes,Hamming_traditional,SeqPhragmen_vs_MES,,,,,,,,,,,,,,,,,0.0
scoop-hivemind.taxes,Hamming_traditional,AV_vs_PAV,,,,,,,,,,,,,,,,,4.0
scoop-hivemind.taxes,Hamming_traditional,AV_vs_SeqPhragmen,,,,,,,,,,,,,,,,,6.0
scoop-hivemind.taxes,Hamming_traditional,AV_vs_MES,,,,,,,,,,,,,,,,,6.0
scoop-hivemind.taxes,Cross-Hamming,PAV_vs_TaxMES,,,,,,,,,,,,,,,,,6.0
scoop-hivemind.taxes,Cross-Hamming,PAV_vs_TaxPhragmen,,,,,,,,,,,,,,,,,6.0
scoop-hivemind.taxes,Cross-Hamming,SeqPhragmen_vs_TaxPhragmen,,,,,,,,,,,,,,,,,4.0
scoop-hivemind.taxes,Cross-Hamming,SeqPhragmen_vs_TaxMES,,,,,,,,,,,,,,,,,4.0
scoop-hivemind.taxes,Cross-Hamming,MES_vs_TaxMES,,,,,,,,,,,,,,,,,4.0
scoop-hivemind.taxes,Cross-Hamming,MES_vs_TaxPhragmen,,,,,,,,,,,,,,,,,4.0
scoop-hivemind.taxes,Cross-Hamming,TaxPhragmen_vs_TaxMES,,,,,,,,,,,,,,,,,0.0
scoop-hivemind.taxes,Cross-Hamming,AV_vs_TaxMES,,,,,,,,,,,,,,,,,6.0
scoop-hivemind.taxes,Cross-Hamming,AV_vs_TaxPhragmen,,,,,,,,,,,,,,,,,6.0
scoop-hivemind.taxes,Traditional,MES,10.0,173.6,87.0,232.0,2.2101,170.0,34.0,965.4431,1220.5,59.0,0.1766,23.0,0.0689,0.1667,19.5689,1.003,
scoop-hivemind.taxes,Hamming_traditional,PAV_vs_SeqPhragmen,,,,,,,,,,,,,,,,,2.0
scoop-hivemind.taxes,Hamming_traditional,PAV_vs_MES,,,,,,,,,,,,,,,,,2.0
scoop-hivemind.taxes,Hamming_traditional,SeqPhragmen_vs_MES,,,,,,,,,,,,,,,,,0.0
scoop-hivemind.taxes,Hamming_traditional,AV_vs_PAV,,,,,,,,,,,,,,,,,4.0
scoop-hivemind.taxes,Hamming_traditional,AV_vs_SeqPhragmen,,,,,,,,,,,,,,,,,6.0
scoop-hivemind.taxes,Hamming_traditional,AV_vs_MES,,,,,,,,,,,,,,,,,6.0
scoop-hivemind.taxes,Cross-Hamming,PAV_vs_TaxMES,,,,,,,,,,,,,,,,,6.0
scoop-hivemind.taxes,Cross-Hamming,PAV_vs_TaxPhragmen,,,,,,,,,,,,,,,,,6.0
scoop-hivemind.taxes,Cross-Hamming,SeqPhragmen_vs_TaxPhragmen,,,,,,,,,,,,,,,,,4.0
scoop-hivemind.taxes,Cross-Hamming,SeqPhragmen_vs_TaxMES,,,,,,,,,,,,,,,,,4.0
scoop-hivemind.taxes,Cross-Hamming,MES_vs_TaxMES,,,,,,,,,,,,,,,,,4.0
scoop-hivemind.taxes,Cross-Hamming,MES_vs_TaxPhragmen,,,,,,,,,,,,,,,,,4.0
scoop-hivemind.taxes,Cross-Hamming,TaxPhragmen_vs_TaxMES,,,,,,,,,,,,,,,,,0.0
scoop-hivemind.taxes,Cross-Hamming,AV_vs_TaxMES,,,,,,,,,,,,,,,,,6.0
scoop-hivemind.taxes,Cross-Hamming,AV_vs_TaxPhragmen,,,,,,,,,,,,,,,,,6.0
scoop-hivemind.taxes,AV,AV,10.0,187.0,162.0,232.0,1.2391,178.0,80.0,1066.1796,1488.0,81.0,0.2425,24.0,0.0719,0.1836,19.5689,0.7126,
scoop-hivemind.taxes,Hamming_traditional,PAV_vs_SeqPhragmen,,,,,,,,,,,,,,,,,2.0
scoop-hivemind.taxes,Hamming_traditional,PAV_vs_MES,,,,,,,,,,,,,,,,,2.0
scoop-hivemind.taxes,Hamming_traditional,SeqPhragmen_vs_MES,,,,,,,,,,,,,,,,,0.0
scoop-hivemind.taxes,Hamming_traditional,AV_vs_PAV,,,,,,,,,,,,,,,,,4.0
scoop-hivemind.taxes,Hamming_traditional,AV_vs_SeqPhragmen,,,,,,,,,,,,,,,,,6.0
scoop-hivemind.taxes,Hamming_traditional,AV_vs_MES,,,,,,,,,,,,,,,,,6.0
scoop-hivemind.taxes,Cross-Hamming,PAV_vs_TaxMES,,,,,,,,,,,,,,,,,6.0
scoop-hivemind.taxes,Cross-Hamming,PAV_vs_TaxPhragmen,,,,,,,,,,,,,,,,,6.0
scoop-hivemind.taxes,Cross-Hamming,SeqPhragmen_vs_TaxPhragmen,,,,,,,,,,,,,,,,,4.0
scoop-hivemind.taxes,Cross-Hamming,SeqPhragmen_vs_TaxMES,,,,,,,,,,,,,,,,,4.0
scoop-hivemind.taxes,Cross-Hamming,MES_vs_TaxMES,,,,,,,,,,,,,,,,,4.0
scoop-hivemind.taxes,Cross-Hamming,MES_vs_TaxPhragmen,,,,,,,,,,,,,,,,,4.0
scoop-hivemind.taxes,Cross-Hamming,TaxPhragmen_vs_TaxMES,,,,,,,,,,,,,,,,,0.0
scoop-hivemind.taxes,Cross-Hamming,AV_vs_TaxMES,,,,,,,,,,,,,,,,,6.0
scoop-hivemind.taxes,Cross-Hamming,AV_vs_TaxPhragmen,,,,,,,,,,,,,,,,,6.0
scoop-hivemind.taxes,Tax,TaxPhragmen,6.0,203.5,178.0,232.0,5.7746,170.0,34.0,751.3982,1030.0,74.0,0.2216,10.0,0.0299,0.1798,19.5689,0.2305,
scoop-hivemind.taxes,Hamming_traditional,PAV_vs_SeqPhragmen,,,,,,,,,,,,,,,,,2.0
scoop-hivemind.taxes,Hamming_traditional,PAV_vs_MES,,,,,,,,,,,,,,,,,2.0
scoop-hivemind.taxes,Hamming_traditional,SeqPhragmen_vs_MES,,,,,,,,,,,,,,,,,0.0
scoop-hivemind.taxes,Hamming_traditional,AV_vs_PAV,,,,,,,,,,,,,,,,,4.0
scoop-hivemind.taxes,Hamming_traditional,AV_vs_SeqPhragmen,,,,,,,,,,,,,,,,,6.0
scoop-hivemind.taxes,Hamming_traditional,AV_vs_MES,,,,,,,,,,,,,,,,,6.0
scoop-hivemind.taxes,Cross-Hamming,PAV_vs_TaxMES,,,,,,,,,,,,,,,,,6.0
scoop-hivemind.taxes,Cross-Hamming,PAV_vs_TaxPhragmen,,,,,,,,,,,,,,,,,6.0
scoop-hivemind.taxes,Cross-Hamming,SeqPhragmen_vs_TaxPhragmen,,,,,,,,,,,,,,,,,4.0
scoop-hivemind.taxes,Cross-Hamming,SeqPhragmen_vs_TaxMES,,,,,,,,,,,,,,,,,4.0
scoop-hivemind.taxes,Cross-Hamming,MES_vs_TaxMES,,,,,,,,,,,,,,,,,4.0
scoop-hivemind.taxes,Cross-Hamming,MES_vs_TaxPhragmen,,,,,,,,,,,,,,,,,4.0
scoop-hivemind.taxes,Cross-Hamming,TaxPhragmen_vs_TaxMES,,,,,,,,,,,,,,,,,0.0
scoop-hivemind.taxes,Cross-Hamming,AV_vs_TaxMES,,,,,,,,,,,,,,,,,6.0
scoop-hivemind.taxes,Cross-Hamming,AV_vs_TaxPhragmen,,,,,,,,,,,,,,,,,6.0
scoop-hivemind.taxes,Tax,TaxMES,6.0,203.5,178.0,232.0,5.7746,170.0,34.0,751.3982,1030.0,74.0,0.2216,10.0,0.0299,0.1798,19.5689,0.2305,
scoop-hivemind.taxes,Hamming_traditional,PAV_vs_SeqPhragmen,,,,,,,,,,,,,,,,,2.0
scoop-hivemind.taxes,Hamming_traditional,PAV_vs_MES,,,,,,,,,,,,,,,,,2.0
scoop-hivemind.taxes,Hamming_traditional,SeqPhragmen_vs_MES,,,,,,,,,,,,,,,,,0.0
scoop-hivemind.taxes,Hamming_traditional,AV_vs_PAV,,,,,,,,,,,,,,,,,4.0
scoop-hivemind.taxes,Hamming_traditional,AV_vs_SeqPhragmen,,,,,,,,,,,,,,,,,6.0
scoop-hivemind.taxes,Hamming_traditional,AV_vs_MES,,,,,,,,,,,,,,,,,6.0
scoop-hivemind.taxes,Cross-Hamming,PAV_vs_TaxMES,,,,,,,,,,,,,,,,,6.0
scoop-hivemind.taxes,Cross-Hamming,PAV_vs_TaxPhragmen,,,,,,,,,,,,,,,,,6.0
scoop-hivemind.taxes,Cross-Hamming,SeqPhragmen_vs_TaxPhragmen,,,,,,,,,,,,,,,,,4.0
scoop-hivemind.taxes,Cross-Hamming,SeqPhragmen_vs_TaxMES,,,,,,,,,,,,,,,,,4.0
scoop-hivemind.taxes,Cross-Hamming,MES_vs_TaxMES,,,,,,,,,,,,,,,,,4.0
scoop-hivemind.taxes,Cross-Hamming,MES_vs_TaxPhragmen,,,,,,,,,,,,,,,,,4.0
scoop-hivemind.taxes,Cross-Hamming,TaxPhragmen_vs_TaxMES,,,,,,,,,,,,,,,,,0.0
scoop-hivemind.taxes,Cross-Hamming,AV_vs_TaxMES,,,,,,,,,,,,,,,,,6.0
scoop-hivemind.taxes,Cross-Hamming,AV_vs_TaxPhragmen,,,,,,,,,,,,,,,,,6.0
scoop-hivemind.ubi,Traditional,PAV,10.0,135.8,125.0,145.0,24.4167,128.0,1.0,789.5983,1093.5,45.0,0.1923,9.0,0.0385,0.1749,7.5171,0.3419,
scoop-hivemind.ubi,Hamming_traditional,PAV_vs_SeqPhragmen,,,,,,,,,,,,,,,,,2.0
scoop-hivemind.ubi,Hamming_traditional,PAV_vs_MES,,,,,,,,,,,,,,,,,2.0
scoop-hivemind.ubi,Hamming_traditional,SeqPhragmen_vs_MES,,,,,,,,,,,,,,,,,2.0
scoop-hivemind.ubi,Hamming_traditional,AV_vs_PAV,,,,,,,,,,,,,,,,,0.0
scoop-hivemind.ubi,Hamming_traditional,AV_vs_SeqPhragmen,,,,,,,,,,,,,,,,,2.0
scoop-hivemind.ubi,Hamming_traditional,AV_vs_MES,,,,,,,,,,,,,,,,,2.0
scoop-hivemind.ubi,Cross-Hamming,PAV_vs_TaxMES,,,,,,,,,,,,,,,,,4.0
scoop-hivemind.ubi,Cross-Hamming,PAV_vs_TaxPhragmen,,,,,,,,,,,,,,,,,4.0
scoop-hivemind.ubi,Cross-Hamming,SeqPhragmen_vs_TaxPhragmen,,,,,,,,,,,,,,,,,4.0
scoop-hivemind.ubi,Cross-Hamming,SeqPhragmen_vs_TaxMES,,,,,,,,,,,,,,,,,6.0
scoop-hivemind.ubi,Cross-Hamming,MES_vs_TaxMES,,,,,,,,,,,,,,,,,4.0
scoop-hivemind.ubi,Cross-Hamming,MES_vs_TaxPhragmen,,,,,,,,,,,,,,,,,4.0
scoop-hivemind.ubi,Cross-Hamming,TaxPhragmen_vs_TaxMES,,,,,,,,,,,,,,,,,2.0
scoop-hivemind.ubi,Cross-Hamming,AV_vs_TaxMES,,,,,,,,,,,,,,,,,4.0
scoop-hivemind.ubi,Cross-Hamming,AV_vs_TaxPhragmen,,,,,,,,,,,,,,,,,4.0
scoop-hivemind.ubi,Traditional,SeqPhragmen,10.0,135.1,125.0,145.0,24.5333,135.0,31.0,781.7308,1096.5,46.0,0.1966,10.0,0.0427,0.2036,7.5171,0.3333,
scoop-hivemind.ubi,Hamming_traditional,PAV_vs_SeqPhragmen,,,,,,,,,,,,,,,,,2.0
scoop-hivemind.ubi,Hamming_traditional,PAV_vs_MES,,,,,,,,,,,,,,,,,2.0
scoop-hivemind.ubi,Hamming_traditional,SeqPhragmen_vs_MES,,,,,,,,,,,,,,,,,2.0
scoop-hivemind.ubi,Hamming_traditional,AV_vs_PAV,,,,,,,,,,,,,,,,,0.0
scoop-hivemind.ubi,Hamming_traditional,AV_vs_SeqPhragmen,,,,,,,,,,,,,,,,,2.0
scoop-hivemind.ubi,Hamming_traditional,AV_vs_MES,,,,,,,,,,,,,,,,,2.0
scoop-hivemind.ubi,Cross-Hamming,PAV_vs_TaxMES,,,,,,,,,,,,,,,,,4.0
scoop-hivemind.ubi,Cross-Hamming,PAV_vs_TaxPhragmen,,,,,,,,,,,,,,,,,4.0
scoop-hivemind.ubi,Cross-Hamming,SeqPhragmen_vs_TaxPhragmen,,,,,,,,,,,,,,,,,4.0
scoop-hivemind.ubi,Cross-Hamming,SeqPhragmen_vs_TaxMES,,,,,,,,,,,,,,,,,6.0
scoop-hivemind.ubi,Cross-Hamming,MES_vs_TaxMES,,,,,,,,,,,,,,,,,4.0
scoop-hivemind.ubi,Cross-Hamming,MES_vs_TaxPhragmen,,,,,,,,,,,,,,,,,4.0
scoop-hivemind.ubi,Cross-Hamming,TaxPhragmen_vs_TaxMES,,,,,,,,,,,,,,,,,2.0
scoop-hivemind.ubi,Cross-Hamming,AV_vs_TaxMES,,,,,,,,,,,,,,,,,4.0
scoop-hivemind.ubi,Cross-Hamming,AV_vs_TaxPhragmen,,,,,,,,,,,,,,,,,4.0
scoop-hivemind.ubi,Traditional,MES,10.0,135.4,125.0,145.0,24.4833,132.0,16.0,785.1538,1084.0,47.0,0.2009,8.0,0.0342,0.2001,7.5171,0.3291,
scoop-hivemind.ubi,Hamming_traditional,PAV_vs_SeqPhragmen,,,,,,,,,,,,,,,,,2.0
scoop-hivemind.ubi,Hamming_traditional,PAV_vs_MES,,,,,,,,,,,,,,,,,2.0
scoop-hivemind.ubi,Hamming_traditional,SeqPhragmen_vs_MES,,,,,,,,,,,,,,,,,2.0
scoop-hivemind.ubi,Hamming_traditional,AV_vs_PAV,,,,,,,,,,,,,,,,,0.0
scoop-hivemind.ubi,Hamming_traditional,AV_vs_SeqPhragmen,,,,,,,,,,,,,,,,,2.0
scoop-hivemind.ubi,Hamming_traditional,AV_vs_MES,,,,,,,,,,,,,,,,,2.0
scoop-hivemind.ubi,Cross-Hamming,PAV_vs_TaxMES,,,,,,,,,,,,,,,,,4.0
scoop-hivemind.ubi,Cross-Hamming,PAV_vs_TaxPhragmen,,,,,,,,,,,,,,,,,4.0
scoop-hivemind.ubi,Cross-Hamming,SeqPhragmen_vs_TaxPhragmen,,,,,,,,,,,,,,,,,4.0
scoop-hivemind.ubi,Cross-Hamming,SeqPhragmen_vs_TaxMES,,,,,,,,,,,,,,,,,6.0
scoop-hivemind.ubi,Cross-Hamming,MES_vs_TaxMES,,,,,,,,,,,,,,,,,4.0
scoop-hivemind.ubi,Cross-Hamming,MES_vs_TaxPhragmen,,,,,,,,,,,,,,,,,4.0
scoop-hivemind.ubi,Cross-Hamming,TaxPhragmen_vs_TaxMES,,,,,,,,,,,,,,,,,2.0
scoop-hivemind.ubi,Cross-Hamming,AV_vs_TaxMES,,,,,,,,,,,,,,,,,4.0
scoop-hivemind.ubi,Cross-Hamming,AV_vs_TaxPhragmen,,,,,,,,,,,,,,,,,4.0
scoop-hivemind.ubi,AV,AV,10.0,135.8,125.0,145.0,24.4167,128.0,1.0,789.5983,1093.5,45.0,0.1923,9.0,0.0385,0.1749,7.5171,0.3419,
scoop-hivemind.ubi,Hamming_traditional,PAV_vs_SeqPhragmen,,,,,,,,,,,,,,,,,2.0
scoop-hivemind.ubi,Hamming_traditional,PAV_vs_MES,,,,,,,,,,,,,,,,,2.0
scoop-hivemind.ubi,Hamming_traditional,SeqPhragmen_vs_MES,,,,,,,,,,,,,,,,,2.0
scoop-hivemind.ubi,Hamming_traditional,AV_vs_PAV,,,,,,,,,,,,,,,,,0.0
scoop-hivemind.ubi,Hamming_traditional,AV_vs_SeqPhragmen,,,,,,,,,,,,,,,,,2.0
scoop-hivemind.ubi,Hamming_traditional,AV_vs_MES,,,,,,,,,,,,,,,,,2.0
scoop-hivemind.ubi,Cross-Hamming,PAV_vs_TaxMES,,,,,,,,,,,,,,,,,4.0
scoop-hivemind.ubi,Cross-Hamming,PAV_vs_TaxPhragmen,,,,,,,,,,,,,,,,,4.0
scoop-hivemind.ubi,Cross-Hamming,SeqPhragmen_vs_TaxPhragmen,,,,,,,,,,,,,,,,,4.0
scoop-hivemind.ubi,Cross-Hamming,SeqPhragmen_vs_TaxMES,,,,,,,,,,,,,,,,,6.0
scoop-hivemind.ubi,Cross-Hamming,MES_vs_TaxMES,,,,,,,,,,,,,,,,,4.0
scoop-hivemind.ubi,Cross-Hamming,MES_vs_TaxPhragmen,,,,,,,,,,,,,,,,,4.0
scoop-hivemind.ubi,Cross-Hamming,TaxPhragmen_vs_TaxMES,,,,,,,,,,,,,,,,,2.0
scoop-hivemind.ubi,Cross-Hamming,AV_vs_TaxMES,,,,,,,,,,,,,,,,,4.0
scoop-hivemind.ubi,Cross-Hamming,AV_vs_TaxPhragmen,,,,,,,,,,,,,,,,,4.0
scoop-hivemind.ubi,Tax,TaxPhragmen,6.0,139.3333,133.0,145.0,31.0469,135.0,31.0,498.2564,700.0,56.0,0.2393,9.0,0.0385,0.1919,7.5171,0.1709,
scoop-hivemind.ubi,Hamming_traditional,PAV_vs_SeqPhragmen,,,,,,,,,,,,,,,,,2.0
scoop-hivemind.ubi,Hamming_traditional,PAV_vs_MES,,,,,,,,,,,,,,,,,2.0
scoop-hivemind.ubi,Hamming_traditional,SeqPhragmen_vs_MES,,,,,,,,,,,,,,,,,2.0
scoop-hivemind.ubi,Hamming_traditional,AV_vs_PAV,,,,,,,,,,,,,,,,,0.0
scoop-hivemind.ubi,Hamming_traditional,AV_vs_SeqPhragmen,,,,,,,,,,,,,,,,,2.0
scoop-hivemind.ubi,Hamming_traditional,AV_vs_MES,,,,,,,,,,,,,,,,,2.0
scoop-hivemind.ubi,Cross-Hamming,PAV_vs_TaxMES,,,,,,,,,,,,,,,,,4.0
scoop-hivemind.ubi,Cross-Hamming,PAV_vs_TaxPhragmen,,,,,,,,,,,,,,,,,4.0
scoop-hivemind.ubi,Cross-Hamming,SeqPhragmen_vs_TaxPhragmen,,,,,,,,,,,,,,,,,4.0
scoop-hivemind.ubi,Cross-Hamming,SeqPhragmen_vs_TaxMES,,,,,,,,,,,,,,,,,6.0
scoop-hivemind.ubi,Cross-Hamming,MES_vs_TaxMES,,,,,,,,,,,,,,,,,4.0
scoop-hivemind.ubi,Cross-Hamming,MES_vs_TaxPhragmen,,,,,,,,,,,,,,,,,4.0
scoop-hivemind.ubi,Cross-Hamming,TaxPhragmen_vs_TaxMES,,,,,,,,,,,,,,,,,2.0
scoop-hivemind.ubi,Cross-Hamming,AV_vs_TaxMES,,,,,,,,,,,,,,,,,4.0
scoop-hivemind.ubi,Cross-Hamming,AV_vs_TaxPhragmen,,,,,,,,,,,,,,,,,4.0
scoop-hivemind.ubi,Tax,TaxMES,6.0,139.6667,135.0,145.0,31.0156,133.0,4.0,500.547,701.0,57.0,0.2436,8.0,0.0342,0.1895,7.5171,0.1752,
scoop-hivemind.ubi,Hamming_traditional,PAV_vs_SeqPhragmen,,,,,,,,,,,,,,,,,2.0
scoop-hivemind.ubi,Hamming_traditional,PAV_vs_MES,,,,,,,,,,,,,,,,,2.0
scoop-hivemind.ubi,Hamming_traditional,SeqPhragmen_vs_MES,,,,,,,,,,,,,,,,,2.0
scoop-hivemind.ubi,Hamming_traditional,AV_vs_PAV,,,,,,,,,,,,,,,,,0.0
scoop-hivemind.ubi,Hamming_traditional,AV_vs_SeqPhragmen,,,,,,,,,,,,,,,,,2.0
scoop-hivemind.ubi,Hamming_traditional,AV_vs_MES,,,,,,,,,,,,,,,,,2.0
scoop-hivemind.ubi,Cross-Hamming,PAV_vs_TaxMES,,,,,,,,,,,,,,,,,4.0
scoop-hivemind.ubi,Cross-Hamming,PAV_vs_TaxPhragmen,,,,,,,,,,,,,,,,,4.0
scoop-hivemind.ubi,Cross-Hamming,SeqPhragmen_vs_TaxPhragmen,,,,,,,,,,,,,,,,,4.0
scoop-hivemind.ubi,Cross-Hamming,SeqPhragmen_vs_TaxMES,,,,,,,,,,,,,,,,,6.0
scoop-hivemind.ubi,Cross-Hamming,MES_vs_TaxMES,,,,,,,,,,,,,,,,,4.0
scoop-hivemind.ubi,Cross-Hamming,MES_vs_TaxPhragmen,,,,,,,,,,,,,,,,,4.0
scoop-hivemind.ubi,Cross-Hamming,TaxPhragmen_vs_TaxMES,,,,,,,,,,,,,,,,,2.0
scoop-hivemind.ubi,Cross-Hamming,AV_vs_TaxMES,,,,,,,,,,,,,,,,,4.0
scoop-hivemind.ubi,Cross-Hamming,AV_vs_TaxPhragmen,,,,,,,,,,,,,,,,,4.0
ssis.land-bank-farmland.2rumnecbeh.2021-08-01,Traditional,PAV,10.0,202.4,-14.0,288.0,19.5124,195.0,41.0,1175.6535,1272.5,55.0,0.1361,19.0,0.047,0.2322,23.9406,0.9257,
ssis.land-bank-farmland.2rumnecbeh.2021-08-01,Hamming_traditional,PAV_vs_SeqPhragmen,,,,,,,,,,,,,,,,,4.0
ssis.land-bank-farmland.2rumnecbeh.2021-08-01,Hamming_traditional,PAV_vs_MES,,,,,,,,,,,,,,,,,2.0
ssis.land-bank-farmland.2rumnecbeh.2021-08-01,Hamming_traditional,SeqPhragmen_vs_MES,,,,,,,,,,,,,,,,,2.0
ssis.land-bank-farmland.2rumnecbeh.2021-08-01,Hamming_traditional,AV_vs_PAV,,,,,,,,,,,,,,,,,4.0
ssis.land-bank-farmland.2rumnecbeh.2021-08-01,Hamming_traditional,AV_vs_SeqPhragmen,,,,,,,,,,,,,,,,,6.0
ssis.land-bank-farmland.2rumnecbeh.2021-08-01,Hamming_traditional,AV_vs_MES,,,,,,,,,,,,,,,,,6.0
ssis.land-bank-farmland.2rumnecbeh.2021-08-01,Cross-Hamming,PAV_vs_TaxMES,,,,,,,,,,,,,,,,,4.0
ssis.land-bank-farmland.2rumnecbeh.2021-08-01,Cross-Hamming,PAV_vs_TaxPhragmen,,,,,,,,,,,,,,,,,4.0
ssis.land-bank-farmland.2rumnecbeh.2021-08-01,Cross-Hamming,SeqPhragmen_vs_TaxPhragmen,,,,,,,,,,,,,,,,,6.0
ssis.land-bank-farmland.2rumnecbeh.2021-08-01,Cross-Hamming,SeqPhragmen_vs_TaxMES,,,,,,,,,,,,,,,,,6.0
ssis.land-bank-farmland.2rumnecbeh.2021-08-01,Cross-Hamming,MES_vs_TaxMES,,,,,,,,,,,,,,,,,6.0
ssis.land-bank-farmland.2rumnecbeh.2021-08-01,Cross-Hamming,MES_vs_TaxPhragmen,,,,,,,,,,,,,,,,,6.0
ssis.land-bank-farmland.2rumnecbeh.2021-08-01,Cross-Hamming,TaxPhragmen_vs_TaxMES,,,,,,,,,,,,,,,,,0.0
ssis.land-bank-farmland.2rumnecbeh.2021-08-01,Cross-Hamming,AV_vs_TaxMES,,,,,,,,,,,,,,,,,4.0
ssis.land-bank-farmland.2rumnecbeh.2021-08-01,Cross-Hamming,AV_vs_TaxPhragmen,,,,,,,,,,,,,,,,,4.0
ssis.land-bank-farmland.2rumnecbeh.2021-08-01,Traditional,SeqPhragmen,10.0,198.5,-14.0,288.0,19.6502,203.0,78.0,1139.2896,1258.5,53.0,0.1312,17.0,0.0421,0.2071,23.9406,0.9678,
ssis.land-bank-farmland.2rumnecbeh.2021-08-01,Hamming_traditional,PAV_vs_SeqPhragmen,,,,,,,,,,,,,,,,,4.0
ssis.land-bank-farmland.2rumnecbeh.2021-08-01,Hamming_traditional,PAV_vs_MES,,,,,,,,,,,,,,,,,2.0
ssis.land-bank-farmland.2rumnecbeh.2021-08-01,Hamming_traditional,SeqPhragmen_vs_MES,,,,,,,,,,,,,,,,,2.0
ssis.land-bank-farmland.2rumnecbeh.2021-08-01,Hamming_traditional,AV_vs_PAV,,,,,,,,,,,,,,,,,4.0
ssis.land-bank-farmland.2rumnecbeh.2021-08-01,Hamming_traditional,AV_vs_SeqPhragmen,,,,,,,,,,,,,,,,,6.0
ssis.land-bank-farmland.2rumnecbeh.2021-08-01,Hamming_traditional,AV_vs_MES,,,,,,,,,,,,,,,,,6.0
ssis.land-bank-farmland.2rumnecbeh.2021-08-01,Cross-Hamming,PAV_vs_TaxMES,,,,,,,,,,,,,,,,,4.0
ssis.land-bank-farmland.2rumnecbeh.2021-08-01,Cross-Hamming,PAV_vs_TaxPhragmen,,,,,,,,,,,,,,,,,4.0
ssis.land-bank-farmland.2rumnecbeh.2021-08-01,Cross-Hamming,SeqPhragmen_vs_TaxPhragmen,,,,,,,,,,,,,,,,,6.0
ssis.land-bank-farmland.2rumnecbeh.2021-08-01,Cross-Hamming,SeqPhragmen_vs_TaxMES,,,,,,,,,,,,,,,,,6.0
ssis.land-bank-farmland.2rumnecbeh.2021-08-01,Cross-Hamming,MES_vs_TaxMES,,,,,,,,,,,,,,,,,6.0
ssis.land-bank-farmland.2rumnecbeh.2021-08-01,Cross-Hamming,MES_vs_TaxPhragmen,,,,,,,,,,,,,,,,,6.0
ssis.land-bank-farmland.2rumnecbeh.2021-08-01,Cross-Hamming,TaxPhragmen_vs_TaxMES,,,,,,,,,,,,,,,,,0.0
ssis.land-bank-farmland.2rumnecbeh.2021-08-01,Cross-Hamming,AV_vs_TaxMES,,,,,,,,,,,,,,,,,4.0
ssis.land-bank-farmland.2rumnecbeh.2021-08-01,Cross-Hamming,AV_vs_TaxPhragmen,,,,,,,,,,,,,,,,,4.0
ssis.land-bank-farmland.2rumnecbeh.2021-08-01,Traditional,MES,10.0,199.2,-14.0,288.0,19.6254,203.0,78.0,1146.0297,1274.0,56.0,0.1386,19.0,0.047,0.2112,23.9406,0.9926,
ssis.land-bank-farmland.2rumnecbeh.2021-08-01,Hamming_traditional,PAV_vs_SeqPhragmen,,,,,,,,,,,,,,,,,4.0
ssis.land-bank-farmland.2rumnecbeh.2021-08-01,Hamming_traditional,PAV_vs_MES,,,,,,,,,,,,,,,,,2.0
ssis.land-bank-farmland.2rumnecbeh.2021-08-01,Hamming_traditional,SeqPhragmen_vs_MES,,,,,,,,,,,,,,,,,2.0
ssis.land-bank-farmland.2rumnecbeh.2021-08-01,Hamming_traditional,AV_vs_PAV,,,,,,,,,,,,,,,,,4.0
ssis.land-bank-farmland.2rumnecbeh.2021-08-01,Hamming_traditional,AV_vs_SeqPhragmen,,,,,,,,,,,,,,,,,6.0
ssis.land-bank-farmland.2rumnecbeh.2021-08-01,Hamming_traditional,AV_vs_MES,,,,,,,,,,,,,,,,,6.0
ssis.land-bank-farmland.2rumnecbeh.2021-08-01,Cross-Hamming,PAV_vs_TaxMES,,,,,,,,,,,,,,,,,4.0
ssis.land-bank-farmland.2rumnecbeh.2021-08-01,Cross-Hamming,PAV_vs_TaxPhragmen,,,,,,,,,,,,,,,,,4.0
ssis.land-bank-farmland.2rumnecbeh.2021-08-01,Cross-Hamming,SeqPhragmen_vs_TaxPhragmen,,,,,,,,,,,,,,,,,6.0
ssis.land-bank-farmland.2rumnecbeh.2021-08-01,Cross-Hamming,SeqPhragmen_vs_TaxMES,,,,,,,,,,,,,,,,,6.0
ssis.land-bank-farmland.2rumnecbeh.2021-08-01,Cross-Hamming,MES_vs_TaxMES,,,,,,,,,,,,,,,,,6.0
ssis.land-bank-farmland.2rumnecbeh.2021-08-01,Cross-Hamming,MES_vs_TaxPhragmen,,,,,,,,,,,,,,,,,6.0
ssis.land-bank-farmland.2rumnecbeh.2021-08-01,Cross-Hamming,TaxPhragmen_vs_TaxMES,,,,,,,,,,,,,,,,,0.0
ssis.land-bank-farmland.2rumnecbeh.2021-08-01,Cross-Hamming,AV_vs_TaxMES,,,,,,,,,,,,,,,,,4.0
ssis.land-bank-farmland.2rumnecbeh.2021-08-01,Cross-Hamming,AV_vs_TaxPhragmen,,,,,,,,,,,,,,,,,4.0
ssis.land-bank-farmland.2rumnecbeh.2021-08-01,AV,AV,10.0,221.9,184.0,288.0,18.8233,198.0,15.0,1256.052,1433.0,57.0,0.1411,18.0,0.0446,0.2032,23.9406,0.5965,
ssis.land-bank-farmland.2rumnecbeh.2021-08-01,Hamming_traditional,PAV_vs_SeqPhragmen,,,,,,,,,,,,,,,,,4.0
ssis.land-bank-farmland.2rumnecbeh.2021-08-01,Hamming_traditional,PAV_vs_MES,,,,,,,,,,,,,,,,,2.0
ssis.land-bank-farmland.2rumnecbeh.2021-08-01,Hamming_traditional,SeqPhragmen_vs_MES,,,,,,,,,,,,,,,,,2.0
ssis.land-bank-farmland.2rumnecbeh.2021-08-01,Hamming_traditional,AV_vs_PAV,,,,,,,,,,,,,,,,,4.0
ssis.land-bank-farmland.2rumnecbeh.2021-08-01,Hamming_traditional,AV_vs_SeqPhragmen,,,,,,,,,,,,,,,,,6.0
ssis.land-bank-farmland.2rumnecbeh.2021-08-01,Hamming_traditional,AV_vs_MES,,,,,,,,,,,,,,,,,6.0
ssis.land-bank-farmland.2rumnecbeh.2021-08-01,Cross-Hamming,PAV_vs_TaxMES,,,,,,,,,,,,,,,,,4.0
ssis.land-bank-farmland.2rumnecbeh.2021-08-01,Cross-Hamming,PAV_vs_TaxPhragmen,,,,,,,,,,,,,,,,,4.0
ssis.land-bank-farmland.2rumnecbeh.2021-08-01,Cross-Hamming,SeqPhragmen_vs_TaxPhragmen,,,,,,,,,,,,,,,,,6.0
ssis.land-bank-farmland.2rumnecbeh.2021-08-01,Cross-Hamming,SeqPhragmen_vs_TaxMES,,,,,,,,,,,,,,,,,6.0
ssis.land-bank-farmland.2rumnecbeh.2021-08-01,Cross-Hamming,MES_vs_TaxMES,,,,,,,,,,,,,,,,,6.0
ssis.land-bank-farmland.2rumnecbeh.2021-08-01,Cross-Hamming,MES_vs_TaxPhragmen,,,,,,,,,,,,,,,,,6.0
ssis.land-bank-farmland.2rumnecbeh.2021-08-01,Cross-Hamming,TaxPhragmen_vs_TaxMES,,,,,,,,,,,,,,,,,0.0
ssis.land-bank-farmland.2rumnecbeh.2021-08-01,Cross-Hamming,AV_vs_TaxMES,,,,,,,,,,,,,,,,,4.0
ssis.land-bank-farmland.2rumnecbeh.2021-08-01,Cross-Hamming,AV_vs_TaxPhragmen,,,,,,,,,,,,,,,,,4.0
ssis.land-bank-farmland.2rumnecbeh.2021-08-01,Tax,TaxPhragmen,6.0,244.3333,203.0,288.0,21.1847,198.0,15.0,904.9703,1042.0,56.0,0.1386,17.0,0.0421,0.1784,23.9406,0.3193,
ssis.land-bank-farmland.2rumnecbeh.2021-08-01,Hamming_traditional,PAV_vs_SeqPhragmen,,,,,,,,,,,,,,,,,4.0
ssis.land-bank-farmland.2rumnecbeh.2021-08-01,Hamming_traditional,PAV_vs_MES,,,,,,,,,,,,,,,,,2.0
ssis.land-bank-farmland.2rumnecbeh.2021-08-01,Hamming_traditional,SeqPhragmen_vs_MES,,,,,,,,,,,,,,,,,2.0
ssis.land-bank-farmland.2rumnecbeh.2021-08-01,Hamming_traditional,AV_vs_PAV,,,,,,,,,,,,,,,,,4.0
ssis.land-bank-farmland.2rumnecbeh.2021-08-01,Hamming_traditional,AV_vs_SeqPhragmen,,,,,,,,,,,,,,,,,6.0
ssis.land-bank-farmland.2rumnecbeh.2021-08-01,Hamming_traditional,AV_vs_MES,,,,,,,,,,,,,,,,,6.0
ssis.land-bank-farmland.2rumnecbeh.2021-08-01,Cross-Hamming,PAV_vs_TaxMES,,,,,,,,,,,,,,,,,4.0
ssis.land-bank-farmland.2rumnecbeh.2021-08-01,Cross-Hamming,PAV_vs_TaxPhragmen,,,,,,,,,,,,,,,,,4.0
ssis.land-bank-farmland.2rumnecbeh.2021-08-01,Cross-Hamming,SeqPhragmen_vs_TaxPhragmen,,,,,,,,,,,,,,,,,6.0
ssis.land-bank-farmland.2rumnecbeh.2021-08-01,Cross-Hamming,SeqPhragmen_vs_TaxMES,,,,,,,,,,,,,,,,,6.0
ssis.land-bank-farmland.2rumnecbeh.2021-08-01,Cross-Hamming,MES_vs_TaxMES,,,,,,,,,,,,,,,,,6.0
ssis.land-bank-farmland.2rumnecbeh.2021-08-01,Cross-Hamming,MES_vs_TaxPhragmen,,,,,,,,,,,,,,,,,6.0
ssis.land-bank-farmland.2rumnecbeh.2021-08-01,Cross-Hamming,TaxPhragmen_vs_TaxMES,,,,,,,,,,,,,,,,,0.0
ssis.land-bank-farmland.2rumnecbeh.2021-08-01,Cross-Hamming,AV_vs_TaxMES,,,,,,,,,,,,,,,,,4.0
ssis.land-bank-farmland.2rumnecbeh.2021-08-01,Cross-Hamming,AV_vs_TaxPhragmen,,,,,,,,,,,,,,,,,4.0
ssis.land-bank-farmland.2rumnecbeh.2021-08-01,Tax,TaxMES,6.0,244.3333,203.0,288.0,21.1847,198.0,15.0,904.9703,1042.0,56.0,0.1386,17.0,0.0421,0.1784,23.9406,0.3193,
ssis.land-bank-farmland.2rumnecbeh.2021-08-01,Hamming_traditional,PAV_vs_SeqPhragmen,,,,,,,,,,,,,,,,,4.0
ssis.land-bank-farmland.2rumnecbeh.2021-08-01,Hamming_traditional,PAV_vs_MES,,,,,,,,,,,,,,,,,2.0
ssis.land-bank-farmland.2rumnecbeh.2021-08-01,Hamming_traditional,SeqPhragmen_vs_MES,,,,,,,,,,,,,,,,,2.0
ssis.land-bank-farmland.2rumnecbeh.2021-08-01,Hamming_traditional,AV_vs_PAV,,,,,,,,,,,,,,,,,4.0
ssis.land-bank-farmland.2rumnecbeh.2021-08-01,Hamming_traditional,AV_vs_SeqPhragmen,,,,,,,,,,,,,,,,,6.0
ssis.land-bank-farmland.2rumnecbeh.2021-08-01,Hamming_traditional,AV_vs_MES,,,,,,,,,,,,,,,,,6.0
ssis.land-bank-farmland.2rumnecbeh.2021-08-01,Cross-Hamming,PAV_vs_TaxMES,,,,,,,,,,,,,,,,,4.0
ssis.land-bank-farmland.2rumnecbeh.2021-08-01,Cross-Hamming,PAV_vs_TaxPhragmen,,,,,,,,,,,,,,,,,4.0
ssis.land-bank-farmland.2rumnecbeh.2021-08-01,Cross-Hamming,SeqPhragmen_vs_TaxPhragmen,,,,,,,,,,,,,,,,,6.0
ssis.land-bank-farmland.2rumnecbeh.2021-08-01,Cross-Hamming,SeqPhragmen_vs_TaxMES,,,,,,,,,,,,,,,,,6.0
ssis.land-bank-farmland.2rumnecbeh.2021-08-01,Cross-Hamming,MES_vs_TaxMES,,,,,,,,,,,,,,,,,6.0
ssis.land-bank-farmland.2rumnecbeh.2021-08-01,Cross-Hamming,MES_vs_TaxPhragmen,,,,,,,,,,,,,,,,,6.0
ssis.land-bank-farmland.2rumnecbeh.2021-08-01,Cross-Hamming,TaxPhragmen_vs_TaxMES,,,,,,,,,,,,,,,,,0.0
ssis.land-bank-farmland.2rumnecbeh.2021-08-01,Cross-Hamming,AV_vs_TaxMES,,,,,,,,,,,,,,,,,4.0
ssis.land-bank-farmland.2rumnecbeh.2021-08-01,Cross-Hamming,AV_vs_TaxPhragmen,,,,,,,,,,,,,,,,,4.0
vtaiwan.uberx,Traditional,PAV,10.0,500.8,399.0,654.0,75.5455,487.0,65.0,1349.6814,650.0,705.0,0.367,63.0,0.0328,0.1579,6.1916,0.3811,
vtaiwan.uberx,Hamming_traditional,PAV_vs_SeqPhragmen,,,,,,,,,,,,,,,,,0.0
vtaiwan.uberx,Hamming_traditional,PAV_vs_MES,,,,,,,,,,,,,,,,,0.0
vtaiwan.uberx,Hamming_traditional,SeqPhragmen_vs_MES,,,,,,,,,,,,,,,,,0.0
vtaiwan.uberx,Hamming_traditional,AV_vs_PAV,,,,,,,,,,,,,,,,,4.0
vtaiwan.uberx,Hamming_traditional,AV_vs_SeqPhragmen,,,,,,,,,,,,,,,,,4.0
vtaiwan.uberx,Hamming_traditional,AV_vs_MES,,,,,,,,,,,,,,,,,4.0
vtaiwan.uberx,Cross-Hamming,PAV_vs_TaxMES,,,,,,,,,,,,,,,,,7.0
vtaiwan.uberx,Cross-Hamming,PAV_vs_TaxPhragmen,,,,,,,,,,,,,,,,,6.0
vtaiwan.uberx,Cross-Hamming,SeqPhragmen_vs_TaxPhragmen,,,,,,,,,,,,,,,,,6.0
vtaiwan.uberx,Cross-Hamming,SeqPhragmen_vs_TaxMES,,,,,,,,,,,,,,,,,7.0
vtaiwan.uberx,Cross-Hamming,MES_vs_TaxMES,,,,,,,,,,,,,,,,,7.0
vtaiwan.uberx,Cross-Hamming,MES_vs_TaxPhragmen,,,,,,,,,,,,,,,,,6.0
vtaiwan.uberx,Cross-Hamming,TaxPhragmen_vs_TaxMES,,,,,,,,,,,,,,,,,1.0
vtaiwan.uberx,Cross-Hamming,AV_vs_TaxMES,,,,,,,,,,,,,,,,,7.0
vtaiwan.uberx,Cross-Hamming,AV_vs_TaxPhragmen,,,,,,,,,,,,,,,,,6.0
vtaiwan.uberx,Traditional,SeqPhragmen,10.0,500.8,399.0,654.0,75.5455,487.0,65.0,1349.6814,650.0,705.0,0.367,63.0,0.0328,0.1579,6.1916,0.3811,
vtaiwan.uberx,Hamming_traditional,PAV_vs_SeqPhragmen,,,,,,,,,,,,,,,,,0.0
vtaiwan.uberx,Hamming_traditional,PAV_vs_MES,,,,,,,,,,,,,,,,,0.0
vtaiwan.uberx,Hamming_traditional,SeqPhragmen_vs_MES,,,,,,,,,,,,,,,,,0.0
vtaiwan.uberx,Hamming_traditional,AV_vs_PAV,,,,,,,,,,,,,,,,,4.0
vtaiwan.uberx,Hamming_traditional,AV_vs_SeqPhragmen,,,,,,,,,,,,,,,,,4.0
vtaiwan.uberx,Hamming_traditional,AV_vs_MES,,,,,,,,,,,,,,,,,4.0
vtaiwan.uberx,Cross-Hamming,PAV_vs_TaxMES,,,,,,,,,,,,,,,,,7.0
vtaiwan.uberx,Cross-Hamming,PAV_vs_TaxPhragmen,,,,,,,,,,,,,,,,,6.0
vtaiwan.uberx,Cross-Hamming,SeqPhragmen_vs_TaxPhragmen,,,,,,,,,,,,,,,,,6.0
vtaiwan.uberx,Cross-Hamming,SeqPhragmen_vs_TaxMES,,,,,,,,,,,,,,,,,7.0
vtaiwan.uberx,Cross-Hamming,MES_vs_TaxMES,,,,,,,,,,,,,,,,,7.0
vtaiwan.uberx,Cross-Hamming,MES_vs_TaxPhragmen,,,,,,,,,,,,,,,,,6.0
vtaiwan.uberx,Cross-Hamming,TaxPhragmen_vs_TaxMES,,,,,,,,,,,,,,,,,1.0
vtaiwan.uberx,Cross-Hamming,AV_vs_TaxMES,,,,,,,,,,,,,,,,,7.0
vtaiwan.uberx,Cross-Hamming,AV_vs_TaxPhragmen,,,,,,,,,,,,,,,,,6.0
vtaiwan.uberx,Traditional,MES,10.0,500.8,399.0,654.0,75.5455,487.0,65.0,1349.6814,650.0,705.0,0.367,63.0,0.0328,0.1579,6.1916,0.3811,
vtaiwan.uberx,Hamming_traditional,PAV_vs_SeqPhragmen,,,,,,,,,,,,,,,,,0.0
vtaiwan.uberx,Hamming_traditional,PAV_vs_MES,,,,,,,,,,,,,,,,,0.0
vtaiwan.uberx,Hamming_traditional,SeqPhragmen_vs_MES,,,,,,,,,,,,,,,,,0.0
vtaiwan.uberx,Hamming_traditional,AV_vs_PAV,,,,,,,,,,,,,,,,,4.0
vtaiwan.uberx,Hamming_traditional,AV_vs_SeqPhragmen,,,,,,,,,,,,,,,,,4.0
vtaiwan.uberx,Hamming_traditional,AV_vs_MES,,,,,,,,,,,,,,,,,4.0
vtaiwan.uberx,Cross-Hamming,PAV_vs_TaxMES,,,,,,,,,,,,,,,,,7.0
vtaiwan.uberx,Cross-Hamming,PAV_vs_TaxPhragmen,,,,,,,,,,,,,,,,,6.0
vtaiwan.uberx,Cross-Hamming,SeqPhragmen_vs_TaxPhragmen,,,,,,,,,,,,,,,,,6.0
vtaiwan.uberx,Cross-Hamming,SeqPhragmen_vs_TaxMES,,,,,,,,,,,,,,,,,7.0
vtaiwan.uberx,Cross-Hamming,MES_vs_TaxMES,,,,,,,,,,,,,,,,,7.0
vtaiwan.uberx,Cross-Hamming,MES_vs_TaxPhragmen,,,,,,,,,,,,,,,,,6.0
vtaiwan.uberx,Cross-Hamming,TaxPhragmen_vs_TaxMES,,,,,,,,,,,,,,,,,1.0
vtaiwan.uberx,Cross-Hamming,AV_vs_TaxMES,,,,,,,,,,,,,,,,,7.0
vtaiwan.uberx,Cross-Hamming,AV_vs_TaxPhragmen,,,,,,,,,,,,,,,,,6.0
vtaiwan.uberx,AV,AV,10.0,506.2,399.0,654.0,75.2567,453.0,62.0,1375.5429,650.0,727.0,0.3784,64.0,0.0333,0.1595,6.1916,0.3805,
vtaiwan.uberx,Hamming_traditional,PAV_vs_SeqPhragmen,,,,,,,,,,,,,,,,,0.0
vtaiwan.uberx,Hamming_traditional,PAV_vs_MES,,,,,,,,,,,,,,,,,0.0
vtaiwan.uberx,Hamming_traditional,SeqPhragmen_vs_MES,,,,,,,,,,,,,,,,,0.0
vtaiwan.uberx,Hamming_traditional,AV_vs_PAV,,,,,,,,,,,,,,,,,4.0
vtaiwan.uberx,Hamming_traditional,AV_vs_SeqPhragmen,,,,,,,,,,,,,,,,,4.0
vtaiwan.uberx,Hamming_traditional,AV_vs_MES,,,,,,,,,,,,,,,,,4.0
vtaiwan.uberx,Cross-Hamming,PAV_vs_TaxMES,,,,,,,,,,,,,,,,,7.0
vtaiwan.uberx,Cross-Hamming,PAV_vs_TaxPhragmen,,,,,,,,,,,,,,,,,6.0
vtaiwan.uberx,Cross-Hamming,SeqPhragmen_vs_TaxPhragmen,,,,,,,,,,,,,,,,,6.0
vtaiwan.uberx,Cross-Hamming,SeqPhragmen_vs_TaxMES,,,,,,,,,,,,,,,,,7.0
vtaiwan.uberx,Cross-Hamming,MES_vs_TaxMES,,,,,,,,,,,,,,,,,7.0
vtaiwan.uberx,Cross-Hamming,MES_vs_TaxPhragmen,,,,,,,,,,,,,,,,,6.0
vtaiwan.uberx,Cross-Hamming,TaxPhragmen_vs_TaxMES,,,,,,,,,,,,,,,,,1.0
vtaiwan.uberx,Cross-Hamming,AV_vs_TaxMES,,,,,,,,,,,,,,,,,7.0
vtaiwan.uberx,Cross-Hamming,AV_vs_TaxPhragmen,,,,,,,,,,,,,,,,,6.0
vtaiwan.uberx,Tax,TaxPhragmen,4.0,596.0,480.0,654.0,86.7927,487.0,65.0,749.9302,480.0,925.0,0.4815,49.0,0.0255,0.1594,6.1916,0.0968,
vtaiwan.uberx,Hamming_traditional,PAV_vs_SeqPhragmen,,,,,,,,,,,,,,,,,0.0
vtaiwan.uberx,Hamming_traditional,PAV_vs_MES,,,,,,,,,,,,,,,,,0.0
vtaiwan.uberx,Hamming_traditional,SeqPhragmen_vs_MES,,,,,,,,,,,,,,,,,0.0
vtaiwan.uberx,Hamming_traditional,AV_vs_PAV,,,,,,,,,,,,,,,,,4.0
vtaiwan.uberx,Hamming_traditional,AV_vs_SeqPhragmen,,,,,,,,,,,,,,,,,4.0
vtaiwan.uberx,Hamming_traditional,AV_vs_MES,,,,,,,,,,,,,,,,,4.0
vtaiwan.uberx,Cross-Hamming,PAV_vs_TaxMES,,,,,,,,,,,,,,,,,7.0
vtaiwan.uberx,Cross-Hamming,PAV_vs_TaxPhragmen,,,,,,,,,,,,,,,,,6.0
vtaiwan.uberx,Cross-Hamming,SeqPhragmen_vs_TaxPhragmen,,,,,,,,,,,,,,,,,6.0
vtaiwan.uberx,Cross-Hamming,SeqPhragmen_vs_TaxMES,,,,,,,,,,,,,,,,,7.0
vtaiwan.uberx,Cross-Hamming,MES_vs_TaxMES,,,,,,,,,,,,,,,,,7.0
vtaiwan.uberx,Cross-Hamming,MES_vs_TaxPhragmen,,,,,,,,,,,,,,,,,6.0
vtaiwan.uberx,Cross-Hamming,TaxPhragmen_vs_TaxMES,,,,,,,,,,,,,,,,,1.0
vtaiwan.uberx,Cross-Hamming,AV_vs_TaxMES,,,,,,,,,,,,,,,,,7.0
vtaiwan.uberx,Cross-Hamming,AV_vs_TaxPhragmen,,,,,,,,,,,,,,,,,6.0
vtaiwan.uberx,Tax,TaxMES,3.0,634.6667,600.0,654.0,88.8196,487.0,65.0,629.9927,0.0,993.0,0.5169,42.0,0.0219,0.165,6.1916,0.0437,
vtaiwan.uberx,Hamming_traditional,PAV_vs_SeqPhragmen,,,,,,,,,,,,,,,,,0.0
vtaiwan.uberx,Hamming_traditional,PAV_vs_MES,,,,,,,,,,,,,,,,,0.0
vtaiwan.uberx,Hamming_traditional,SeqPhragmen_vs_MES,,,,,,,,,,,,,,,,,0.0
vtaiwan.uberx,Hamming_traditional,AV_vs_PAV,,,,,,,,,,,,,,,,,4.0
vtaiwan.uberx,Hamming_traditional,AV_vs_SeqPhragmen,,,,,,,,,,,,,,,,,4.0
vtaiwan.uberx,Hamming_traditional,AV_vs_MES,,,,,,,,,,,,,,,,,4.0
vtaiwan.uberx,Cross-Hamming,PAV_vs_TaxMES,,,,,,,,,,,,,,,,,7.0
vtaiwan.uberx,Cross-Hamming,PAV_vs_TaxPhragmen,,,,,,,,,,,,,,,,,6.0
vtaiwan.uberx,Cross-Hamming,SeqPhragmen_vs_TaxPhragmen,,,,,,,,,,,,,,,,,6.0
vtaiwan.uberx,Cross-Hamming,SeqPhragmen_vs_TaxMES,,,,,,,,,,,,,,,,,7.0
vtaiwan.uberx,Cross-Hamming,MES_vs_TaxMES,,,,,,,,,,,,,,,,,7.0
vtaiwan.uberx,Cross-Hamming,MES_vs_TaxPhragmen,,,,,,,,,,,,,,,,,6.0
vtaiwan.uberx,Cross-Hamming,TaxPhragmen_vs_TaxMES,,,,,,,,,,,,,,,,,1.0
vtaiwan.uberx,Cross-Hamming,AV_vs_TaxMES,,,,,,,,,,,,,,,,,7.0
vtaiwan.uberx,Cross-Hamming,AV_vs_TaxPhragmen,,,,,,,,,,,,,,,,,6.0
