comment-id,comment,total-votes,total-agrees,total-disagrees,total-passes,group-a-votes,group-a-agrees,group-a-disagrees,group-a-passes,group-b-votes,group-b-agrees,group-b-disagrees,group-b-passes
0,"I hope we invest in greenspaces throughout the city, so we're never far from nature, even as we grow",1177,943,33,201,293,160,22,111,884,783,11,90
1,"I hope in 2050, I'll still see folks studying their Bibles in the early mornings.",3692,1547,977,1168,628,361,79,188,3064,1186,898,980
2,"Let's make our community known as the tech hub of the Southeast",939,332,194,413,253,62,54,137,686,270,140,276
3,"I hope that the IMPACT Center will have changed STEM education in our region",510,205,31,274,143,32,12,99,367,173,19,175
4,"BG should continue to foster a spirit of collaboration. It’s our differentiator.",887,488,63,336,242,56,49,137,645,432,14,199
5,"I hope BG still feels like a safe place to raise a family in 2050.",1285,1026,25,234,331,235,12,84,954,791,13,150
8,"I hope that BG will have its own famous identity apart from Nashville.",1525,898,122,505,383,152,52,179,1142,746,70,326
9,"BG will have a comprehensive public transit system in 2050.",1531,1062,119,350,382,121,93,168,1149,941,26,182
10,"I hope White Squirrel’s beer will be world-famous and majorly distributed.",437,146,68,223,129,30,29,70,308,116,39,153
11,"Maybe BG and Warren County will be unified into one Metro Agency like Louisville.",496,183,95,218,151,31,48,72,345,152,47,146
12,"I want BG to feel welcoming to all who come here, including those who may not feel welcome now.",2219,1342,223,654,483,70,155,258,1736,1272,68,396
13,"I imagine that BG has a chance to be known for artists, like a haven outside of Nashville for creatives and academics.",1587,910,173,504,402,98,109,195,1185,812,64,309
15,"I want to see more public art, and an art museum, like Crystal Bridges.",1212,602,141,469,312,39,91,182,900,563,50,287
16,"I’d love to see a place that’s more focused on allergen-friendly and organic food and produce.",498,210,57,231,142,23,26,93,356,187,31,138
18,"I want BG to be filled with more single/multi family housing, and not just condos as we plan for adding housing options.",469,243,35,191,129,40,13,76,340,203,22,115
19,"We will have attracted innovative talent through an expanded computer science program at WKU",582,247,61,274,171,44,30,97,411,203,31,177
20,"I’d like to see more farm-to-table restaurants here, especially given our agricultural strength",1192,936,40,216,309,181,25,103,883,755,15,113
21,"BG will continue welcoming people from diverse perspectives who want to contribute to our community.",3000,1869,419,712,592,97,269,226,2408,1772,150,486
22,"I hope that Mammoth Cave and Lost River Cave will be more heavily advertised and known around the world.",1427,916,85,426,355,153,42,160,1072,763,43,266
23,"I dream that the city will have free rides to all healthcare facilities for all those in need.",1454,821,178,455,368,78,110,180,1086,743,68,275
24,"We will not be overly reliant on manufacturing jobs in BG.",799,396,109,294,234,68,48,118,565,328,61,176
25,"I would like to see more opportunities for homeless/mental health needs in Bowling Green.",1675,1130,162,383,411,110,118,183,1264,1020,44,200
26,"I dream that we will have several Korean restaurants so we don't have to drive far for mandoo and bibimbap.",749,262,128,359,206,16,64,126,543,246,64,233
27,"I would like to see more single family homes than condos.",932,500,80,352,264,126,21,117,668,374,59,235
28,"I would love to see a dedicated Arts & Entertainment District created in downtown Bowling Green.",1503,898,160,445,370,91,101,178,1133,807,59,267
29,"I hope we value green spaces, parks and farms in appropriate locations as much as industry in 2050.",1004,794,26,184,265,152,16,97,739,642,10,87
30,"I would like to see more development on the river that would include canoeing and kayaking.",1646,1175,108,363,392,203,44,145,1254,972,64,218
31,"I would like to see Economic Development invest in more diversified businesses than just industrial recruitment.",910,555,44,311,234,72,35,127,676,483,9,184
32,"Quality development with amenities like the Lovers Lane district should be more the norm than a special district.",1615,919,118,578,400,178,39,183,1215,741,79,395
33,"The unique character of our neighborhoods should be preserved as much as possible.",875,570,27,278,236,110,11,115,639,460,16,163
34,"A commuter service to Nashville airport / Broadway would be nice to have by 2050.",1263,841,97,325,325,144,55,126,938,697,42,199
35,"I would like to see more beautification along corridors to BG.",1495,951,115,429,380,171,50,159,1115,780,65,270
36,"BG should be an attractive community for global talent where a variety of people want to live.",1253,779,100,374,325,87,67,171,928,692,33,203
37,"I hope the BG of 2050 provides more ESL support to our international community, so they can become more integrated into our workforce.",2077,1224,277,576,476,91,180,205,1601,1133,97,371
38,"BG should continue to focus on parks and quality of life.",1105,870,33,202,293,162,24,107,812,708,9,95
39,"Bowling Green will have multiple effectively located food pantries open to those in need.",1455,924,116,415,365,111,77,177,1090,813,39,238
40,"I would like to see diversified development on Exit 28 to enhance and beautify the area near one of our biggest draws - the National Corvette Museum.",1392,843,107,442,338,147,40,151,1054,696,67,291
41,"It is my hope that Bowling Green would strengthen and enforce its signage ordinance. Abandoned interstate and other signage is a bad look for BG.",395,199,29,167,115,35,11,69,280,164,18,98
42,"Bowling Green should address food dessert challenges and work to solve the problem with high quality options.",1217,584,179,454,327,41,106,180,890,543,73,274
43,"In 2050, BG will have a stronger student [and student family] community and support network between K-12 schools, not just within them.",994,553,62,379,259,73,42,144,735,480,20,235
44,"I hope that people will value and use the public transit system.",1663,1107,108,448,399,120,74,205,1264,987,34,243
45,"I hope to see art galleries in BG by 2050.",2024,1122,257,645,458,96,139,223,1566,1026,118,422
46,"BG should encourage a variety of housing styles.",962,598,57,307,269,100,38,131,693,498,19,176
47,"Bowling Green needs great places to dance during the weekends, not just country music line dancing.",916,402,127,387,256,50,60,146,660,352,67,241
48,"BG should take stronger measures to encourage the revitalization and/or restoration of dilapidated historic properties.",1079,783,52,244,289,139,30,120,790,644,22,124
49,"We need better outdoor advertising options on I-65.",169,28,60,81,47,2,10,35,122,26,50,46
50,"BG should encourage more walking downtown versus parking lots.",1114,697,100,317,284,100,48,136,830,597,52,181
51,"We need to expand or bolster public educational resources like the public library.",1642,1168,139,335,408,159,86,163,1234,1009,53,172
52,"BG should do more inclusive intercultural celebrations for international individuals.",3364,1486,783,1095,623,25,379,219,2741,1461,404,876
53,"BG needs a Catholic High School by 2050.",266,41,104,121,79,13,18,48,187,28,86,73
54,"Historic properties should be preserved as best as possible.",1077,796,40,241,289,163,22,104,788,633,18,137
55,"BG needs more locals to organize festivals and special events in the heart of downtown.",1473,915,110,448,370,136,62,172,1103,779,48,276
56,"I would like to see an increase in staff of BG police and WC sheriffs department to have more officers for our growing community.",3293,1887,510,896,609,407,50,152,2684,1480,460,744
57,"BG needs more indoor attractions for families, such as educational museums that are free or low cost to the general public.",1365,1022,76,267,347,173,50,124,1018,849,26,143
58,"I would like to see more private education options for our children.",1984,635,713,636,457,187,105,165,1527,448,608,471
59,"I would like more support for non-tech startups.",563,262,36,265,163,38,21,104,400,224,15,161
60,"I would like to see the city address vacant buildings in downtown and have a process for taxing owners.",738,448,38,252,197,70,17,110,541,378,21,142
61,"BG needs a children’s museum by 2050.",1367,889,131,347,339,133,63,143,1028,756,68,204
62,"I would like to see BG developed as an attractive destination for international students.",1261,531,242,488,338,20,155,163,923,511,87,325
63,"I would like to see more outdoor activities for the community in BG.",1244,961,30,253,314,187,21,106,930,774,9,147
64,"Bowling Green should develop more and better mental health services options.",1082,743,58,281,284,110,44,130,798,633,14,151
65,"My dream is to have an official Packer Backer Bar in BG.",91,2,35,54,35,1,10,24,56,1,25,30
66,"BG should take measures to be known as an advanced automotive manufacturing tech hub.",456,169,56,231,140,33,20,87,316,136,36,144
67,"I would like to see better road infrastructure around and inside Bowling Green in the future, especially as traffic increases.",1078,846,27,205,289,185,9,95,789,661,18,110
68,"Cultural and art festivals (music, etc) should continue and increase in number and diversity, reflecting the community.",2194,1386,260,548,484,106,165,213,1710,1280,95,335
69,"We will not criminalize homelessness in the future.",3231,1439,683,1109,614,58,298,258,2617,1381,385,851
70,"I hope we only allow right turns when entering Scottsville Rd from service roads, and use J turns to change directions, eliminating stoplights.",180,39,38,103,57,8,11,38,123,31,27,65
71,"We should incorporate large roundabouts at our major intersections to eliminate poorly timed stoplights in the future.",653,333,106,214,186,77,38,71,467,256,68,143
72,"We need more affordable housing options in the Bowling Green of 2050.",1249,850,92,307,326,119,62,145,923,731,30,162
73,"I feel we should build communities within housing developments that have grocery, stores, and more within walking distance--not just houses.",1500,1073,105,322,359,139,67,153,1141,934,38,169
74,"We need more FREE parking in the Bowling Green of the future.",871,571,84,216,220,113,15,92,651,458,69,124
75,"We will have reliable alternative methods of travel: walking, cycling, and public transport.",1556,1173,93,290,374,149,67,158,1182,1024,26,132
76,"We have great schools, but I would like to see all schools offering excellent education and opportunities. Public or private remains a choice.",1058,621,67,370,262,130,14,118,796,491,53,252
77,"I would like to see greenways in scenic areas for safer walking and bike riding.",1277,990,51,236,335,161,42,132,942,829,9,104
78,"I would love to see more public art.",2143,1359,239,545,479,119,136,224,1664,1240,103,321
79,"We will have modernized healthcare facilities.",1019,727,36,256,265,137,23,105,754,590,13,151
80,"I would like to see BG's businesses & locals embrace, welcome, & accept new businesses, instead of having one major dynamo partner per industry.",888,503,36,349,241,63,20,158,647,440,16,191
81,"We will have more healthcare options on the edge of town instead of concentrating them all downtown.",797,453,62,282,227,82,24,121,570,371,38,161
82,"We will have more health care specialists so we don't have to depend so much on Nashville.",1044,783,39,222,286,176,22,88,758,607,17,134
83,"I hope we preserve green space as we grow!",1070,879,20,171,287,169,17,101,783,710,3,70
84,"We will embrace R&D and micro factories to encourage more innovation and entrepreneurism in the automotive sector.",583,249,55,279,168,45,23,100,415,204,32,179
85,"In the future, our public transit will go to county parks.",1028,641,71,316,277,86,49,142,751,555,22,174
86,"We will be open to new businesses expanding into our region, as well as encouraging locally headquartered startups. (Both can be true.)",1522,974,67,481,355,162,32,161,1167,812,35,320
87,"We will have a digital version of events in the future that will be as used as SOKY Happening’s physical magazine today.",977,493,82,402,270,83,48,139,707,410,34,263
88,"We will have more pre-k options for students in the future, that are both affordable and available.",894,588,50,256,247,96,29,122,647,492,21,134
89,"We will have invested in the jobs and infrastructure to build the right solutions to road management early so that the growth won't hit us hard.",1167,859,40,268,301,159,24,118,866,700,16,150
90,"In the future, we'll be able to compete on pay with major cities for the best talent in the country.",1120,674,83,363,310,119,47,144,810,555,36,219
91,"We will have tax exemptions and other incentives for daycare providers, or for companies to offer daycare for their employees.",898,535,85,278,248,81,45,122,650,454,40,156
92,"We will have tax exemptions for companies who offer on-site healthcare and behavioral health.",618,276,82,260,189,48,42,99,429,228,40,161
93,"I would like to see us increase development of the riverfront, connecting it with downtown.",1479,1122,89,268,371,211,44,116,1108,911,45,152
94,"We should prioritize developing the county as much as we are developing the city. County development will aide in traffic / overpopulation.",660,367,92,201,185,68,35,82,475,299,57,119
95,"I hope we have more healthy food options and less greasy foods.",1197,861,66,270,301,148,30,123,896,713,36,147
96,"Bowling Green will increase its entertainment options, such as more concerts/sporting events.",1703,1168,119,416,430,203,56,171,1273,965,63,245
97,"BG will have better shopping options.",1503,909,135,459,373,166,59,148,1130,743,76,311
98,"Alvaton will get a major grocery store.",384,184,25,175,118,42,9,67,266,142,16,108
99,"We will have entertainment options for families without children.",1182,712,90,380,317,118,47,152,865,594,43,228
100,"I hope we have stricter guidelines for new buildings. More cheap-looking metal buildings in prominent locations will continue to make our city look bad.",737,456,52,229,213,102,19,92,524,354,33,137
101,"We will find a solution to combat panhandling. It makes a bad impression on visitors to our city. And it’s annoying!",2809,1846,304,659,553,426,22,105,2256,1420,282,554
102,"We will have other transportation options that are greener and cleaner.",1807,1149,193,465,431,98,132,201,1376,1051,61,264
103,"We will have more intentional and comprehensive visioning and innovative land-use planning with smart growth zoning to prevent uncontrolled sprawl.",972,621,59,292,273,119,40,114,699,502,19,178
104,"We'll have a community of local ambassadors that advocate/create unique experiences that discourage travel to Nashville and beyond.",429,148,60,221,132,17,25,90,297,131,35,131
105,"Locals will know our city’s history/how we grew/why we’re here. It’s compelling/organic to have more immersive experiences like Unseen BG.",1334,725,113,496,338,102,61,175,996,623,52,321
106,"BG will continue collaborating with other KY cities to provide unique tourist/staycation-drive experiences showcasing our stories.",1429,896,96,437,371,152,50,169,1058,744,46,268
107,"Locals in 2050 will understand that tourism, biz travel, & hospitality are important to our economy, saving locals thousands in tax dollars annually.",1604,1030,97,477,380,167,50,163,1224,863,47,314
108,"I hope we will continue advocating for revitalization of Downtown and utilizing its existing neighborhoods’ input/education/history on projects.",1093,785,35,273,288,122,31,135,805,663,4,138
109,"Downtown parking will mimic the WKU campus' design, encouraging more walkability/community spaces instead of dead asphalt.",982,606,71,305,260,90,45,125,722,516,26,180
110,"We'll continue telling grassroots stories & growing from them as neighbors...even when it’s uncomfortable/unsettling, like Jonesville & Shake Rag.",1384,748,133,503,354,77,86,191,1030,671,47,312
111,"Still growing out of the December 2021 tornadoes, BG and Warren County combined will have a shared disaster preparedness plan in 2050.",990,736,23,231,270,147,16,107,720,589,7,124
112,"In 2050, Bowling Green will provide sufficient shelter and services for the homeless population.",2308,1432,323,553,510,129,183,198,1798,1303,140,355
113,"In 2050, BG will no longer have individuals who have issues with meeting their basic needs.",929,519,80,330,257,50,49,158,672,469,31,172
114,"The BG of the future will not have developers purchasing lots and creating pay-to-park lots because it is detrimental to downtown growth.",849,534,80,235,232,103,35,94,617,431,45,141
115,"I hope our transit system will no longer be difficult to understand for many residents in the BG community.",1268,822,68,378,309,84,51,174,959,738,17,204
116,"By 2050, our transit system will expand to industrial areas.",1105,687,76,342,316,105,58,153,789,582,18,189
117,"In 2050, I will be able to afford to live here.",996,614,76,306,266,107,39,120,730,507,37,186
118,"In 2050, schools will be fully funded and not lacking in resources.",1219,842,81,296,318,122,54,142,901,720,27,154
119,"In 2050, BG will have a 5k walk / run in addition to the current BG marathon.",330,102,55,173,104,17,20,67,226,85,35,106
120,"We will have a full-fledged local transit service in 2050, even if there is limited capacity.",1452,920,136,396,363,95,97,171,1089,825,39,225
121,"The BG of 2050 will have a lot more nightlife.",1412,669,226,517,359,83,99,177,1053,586,127,340
122,"I hope we develop US 31W Bypass as a live shopping district with a great walking experience.",1357,959,78,320,343,165,42,136,1014,794,36,184
123,"We will develop Lover’s Lane to be ""5th Avenue"" of the town.",880,276,178,426,222,45,56,121,658,231,122,305
124,"The BG of the future will have improved highway signs that are in line with our beautification of I-65.",1309,682,126,501,321,122,49,150,988,560,77,351
125,"BG will avoid the onerous zoning many cities have, which inhibit growth and reduce affordability. We will keep it simple.",347,144,28,175,102,22,9,71,245,122,19,104
126,"In 2050, BG should have a permanent indoor ice rink.",1254,599,238,417,311,123,76,112,943,476,162,305
127,"I hope more businesses embrace putting up more American flags around town in 2050.",3233,1288,908,1037,605,364,55,186,2628,924,853,851
128,"As BG welcomes everyone, every incoming culture will work hard to blend in while preserving core southern culture.",1834,819,391,624,437,128,113,196,1397,691,278,428
129,"As BG welcomes folks from all over, we will share Kentucky traditions we want to keep and continue to build a distinctive BGKY culture.",1184,696,75,413,306,115,41,150,878,581,34,263
130,"We will have a tourist welcome center at the Corvette Museum I-65 exit, where the majority of tourists are entering our city.",1030,522,119,389,291,115,48,128,739,407,71,261
131,"In 2050, BG will have an upscale amphitheater.",2343,1492,241,610,491,222,95,174,1852,1270,146,436
132,"BG will name our neighborhoods and create maps to identify them in the future. (See nashvilleguru.com for example.)",970,439,97,434,261,60,49,152,709,379,48,282
133,"We will have high-speed rail that connects Pikeville, to Lexington, to Louisville, to BG, to Nashville.",1378,839,158,381,353,118,80,155,1025,721,78,226
134,"In the Bowling Green of the future, we will preserve our willingness to work together across entities, cultures, and generations.",1524,985,114,425,374,98,84,192,1150,887,30,233
135,"We will maintain the unique identities of Smiths Grove, Oakland, Woodburn, and Plum Springs in the future.",933,549,75,309,253,122,24,107,680,427,51,202
136,"In the future, we will allow all types of development, anywhere in the county.",139,19,56,64,43,1,12,30,96,18,44,34
137,"In the Bowling Green of 2050, development should only be allowed where adequate infrastructure exists.",616,367,32,217,179,78,13,88,437,289,19,129
138,"Existing roads will be improved for increased mobility through developed areas, rather than building new roads further out into the county.",767,438,52,277,220,97,21,102,547,341,31,175
139,"New roads will be constructed in rural areas to bypass and ultimately avoid traffic congestion.",1020,583,115,322,288,136,39,113,732,447,76,209
140,"The airport will be moved, and the current site redeveloped, by 2050.",523,266,60,197,141,60,19,62,382,206,41,135
141,"In 2050, not all parks will be sports complexes.",954,594,65,295,254,103,32,119,700,491,33,176
142,"I hope our new developments will fill in gaps of already developed areas by 2050.",582,275,35,272,159,44,16,99,423,231,19,173
143,"In 2050, existing roads will be improved & new roads constructed throughout the county to improve mobility that handles future growth.",1190,877,53,260,303,166,27,110,887,711,26,150
144,"By 2050, we will eliminate J Turns on Scottsville Road in Alvaton.",96,4,31,61,35,0,6,29,61,4,25,32
145,"The Bowling Green of the future will have sidewalks and parking that connect neighborhoods to the city.",1279,900,67,312,332,135,45,152,947,765,22,160
146,"Downtown will have a new residential tower that allows more people to live in the area and support the sustainability of local businesses.",1036,528,157,351,279,75,74,130,757,453,83,221
147,"Whenever large attractions are advertised by our visitors bureau, they will be tied to a smaller adjacent business (i.e. Beech Bend + Smokey Pig).",562,239,55,268,156,37,23,96,406,202,32,172
148,"BG attractions will continue collaborating to make the region a destination for holidays (Halloween, Christmas, etc.) with combined special tours and offers.",1738,1060,151,527,413,158,69,186,1325,902,82,341
149,"We will have a focus to preserve the Southern hospitality we are known for, which will be critical  in differentiating us as a travel destination.",1772,1056,150,566,426,247,28,151,1346,809,122,415
150,"BG will be known as a transportation destination: planes, trains & automobiles. We will capitalize on that to support other entertainment endeavors.",893,437,125,331,244,64,56,124,649,373,69,207
151,"The Church Street area of downtown and the west end will no longer have a sewage smell that is prominent (especially after rainfall).",874,511,32,331,237,93,18,126,637,418,14,205
152,"Scottsville Rd through the mall area will be 6 lanes-3 on each side-to help bottlenecks due to light sequencing.",1195,584,187,424,294,127,34,133,901,457,153,291
153,"In 2050, our public transit options will be more inclusive.",1881,1153,174,554,422,87,107,228,1459,1066,67,326
154,"We will have more international cuisine options in the future, with more authentic restaurants (Mediterranean, Greek, Italian, Middle Eastern, African, Moroccan, etc.).",1717,1040,190,487,395,103,115,177,1322,937,75,310
155,"I would like to see BG be a place you can afford to live (affordable housing) and work.",985,713,38,234,269,119,31,119,716,594,7,115
156,"We will add additional trolleys for hop on/hop off service in the future.",1485,869,164,452,364,107,84,173,1121,762,80,279
157,"We will have more daycares in 2050!",733,404,53,276,202,62,26,114,531,342,27,162
158,"We will plan infrastructure to accommodate self-driving vehicles.",142,26,48,68,47,3,10,34,95,23,38,34
159,"We will have the infrastructure to support flying/hovering vehicles.",177,28,72,77,51,5,10,36,126,23,62,41
160,"In 2050, we'll have more infrastructure to support electric bikes.",914,431,150,333,246,38,86,122,668,393,64,211
161,"In the future, we will influence retail stores to offer the same scale and variety as they do in larger communities.",1037,504,103,430,274,76,43,155,763,428,60,275
162,"Our arts community will thrive and attract top talent and performers to our city on a regular basis.",1572,1026,142,404,410,125,95,190,1162,901,47,214
163,"We will celebrate the art and history of KY to those who choose to land here for the long term.",1113,625,88,400,295,79,53,163,818,546,35,237
164,"We will ensure neighborhoods with the highest transportation barriers have access to public transportation.",1155,773,73,309,298,91,57,150,857,682,16,159
165,"In the future, there will be no more parking lots--only parking garages to preserve greenspace.",834,376,148,310,222,46,58,118,612,330,90,192
166,"I hope BG is a national leader in meeting the 4 pillars of self-sufficiency: Transportation, Employment, Childcare and Housing.",1247,869,58,320,321,121,42,158,926,748,16,162
167,"We will have a robust Angel Investor community to provide access to further development  and expand entrepreneurship opportunities.",491,192,52,247,145,23,26,96,346,169,26,151
168,"We will make BG a premium “day-destination” for Murfreesboro-Nashville-Franklin-Louisville residents.",1369,754,158,457,362,134,68,160,1007,620,90,297
169,"By 2050, Bowling Green will diversify our industry sectors!",783,379,57,347,224,54,39,131,559,325,18,216
170,"BG will be a leader in flexible work options to meet the needs / desires of the Gen Z / Gen A workforce.",1309,602,239,468,334,53,125,156,975,549,114,312
171,"We will invest in a work campers RV pad near the Transpark or South Industrial Park to host seasonal workers.",252,68,52,132,80,9,17,54,172,59,35,78
172,"Local employers will adopt work-based learning models (co-ops, internships, apprenticeships, etc.) to find / sustain a viable workforce.",1020,665,37,318,268,113,23,132,752,552,14,186
173,"In 2050, BG will incentivize entrepreneurship by investing more in small business accelerator programs.",886,553,40,293,242,93,21,128,644,460,19,165
174,"As BG grows, we will mitigate ""food deserts"" by incentivizing grocery chains, public transportation planning, and new farmers market locations.",1289,838,89,362,336,98,64,174,953,740,25,188
175,"We will create community gardens in residential areas that contribute to better access to healthy food for all.",1151,785,81,285,315,121,49,145,836,664,32,140
176,"We will have increased density in housing downtown, with more vertical development and condo ownership opportunities.",686,323,120,243,186,49,37,100,500,274,83,143
177,"We will have more regulations on locations of smoke and vape shops in proximity to schools and daycares.",1166,689,126,351,299,160,33,106,867,529,93,245
179,"We will add a new parking garage downtown that is welcoming, similar to Nashville Airport's lighting, space, and color.",676,281,101,294,190,51,34,105,486,230,67,189
180,"In 2050, we'll have a commuter pool setup for daily commuters to Nashville that allow residents to share a journey.",793,380,80,333,210,50,38,122,583,330,42,211
181,"We will have multiple free concerts in Downtown parks/spaces at once, i.e. Fountain Row Friday music @ Fountain & Circus Square, Riverfront, Shake Rag, SoKy Market.",1394,918,82,394,351,137,45,169,1043,781,37,225
182,"We will have more signage, events, and attractions dedicated to BG’s rich music heritage - Ernest Hogan, Sam Bush, Nappy Roots, Cage the Elephant, etc.",1040,517,135,388,292,76,68,148,748,441,67,240
183,"Duncan Hines Days will grow into a signature/legacy BG event w/free accessible activities, engrained into our culinary & education culture.",1541,790,179,572,386,122,85,179,1155,668,94,393
184,"The Duncan Hines brand will invest in BG as its signature event host, naming an element of a major public park/space, i.e. Riverfront Park.",1328,649,142,537,360,134,53,173,968,515,89,364
185,"Fountain Square will remain at the heart of the City, but Downtown will continue to grow from WKU's Hill to the Riverfront.",1409,1040,50,319,364,188,29,147,1045,852,21,172
186,"The Riverfront’s Whitewater Park will draw river/outdoor recreation enthusiasts/tourists to Downtown. This was a river town once & will be again in 2050!",1803,1298,110,395,413,220,47,146,1390,1078,63,249
187,"A trolley/bus loop will activate for all Downtown events to carry attendees across Fountain Square > Circus Square > Shake Rag > Riverfront > SoKY Market.",1284,834,93,357,335,121,54,160,949,713,39,197
188,"We will normalize closing major downtown streets for community-wide events as they grow, i.e. Harvest Fest, Duncan Hines Days, Downtown Lights Up.",1285,792,120,373,346,129,68,149,939,663,52,224
189,"We'll have more niche cafes, like cat cafes or arcade cafes, as part of the growth of our entertainment scene.",1238,615,224,399,349,80,105,164,889,535,119,235
190,"BG will have a bourbon distillery.",1319,617,260,442,331,106,88,137,988,511,172,305
191,"We will have a satellite tasting room for a major Bourbon Trail distillery.",987,392,196,399,263,58,79,126,724,334,117,273
192,"Downtown BG will have a couple of boutique hotels which tell our unique story (like the Graduate brand by Hilton that highlights WKU or KY).",1736,836,256,644,427,138,90,199,1309,698,166,445
193,"We will have historic/nightly walking tours year-round instead of seasonally to support the hospitality workforce for more tour guides.",850,384,101,365,218,45,42,131,632,339,59,234
194,"Lost River Cave will activate its Cavern Nite Club once a year with a themed ball.",1061,551,104,406,281,77,52,152,780,474,52,254
195,"We'll have more Love BGKY art installations around the community with custom/unique components that reflect a business, attraction, etc.",1317,636,212,469,352,65,97,190,965,571,115,279
196,"Downtown’s parking structure will have parking attendants to guide entry and exit and make the parking less confusing.",271,69,80,122,77,5,19,53,194,64,61,69
197,"In 2050, K-12 schools will introduce our kids to the heart of our City through field trips to public parks, spaces, events, and venues downtown.",1320,846,91,383,337,127,51,159,983,719,40,224
198,"In 2050, Shake Rag histories live on through the Southern Queen Hotel, Mustang Club, Shake Rag Spirits Lounge, & George Washington Carver Center.",1254,647,135,472,323,55,83,185,931,592,52,287
199,"Downtown’s parking structure will have exterior projecting signage that shows you can actually park and dine there.",1382,833,97,452,343,141,38,164,1039,692,59,288
200,"The Fringe will remain a Downtown food truck park destination concept offering complementary options compared to Downtown restaurants.",833,401,72,360,226,60,41,125,607,341,31,235
201,"Downtown infrastructure will continue to support all major venues activated at once, offering ample parking without any legitimate issues.",1018,667,50,301,259,111,28,120,759,556,22,181
202,"We'll keep expanding Operation PRIDE & incorporate ""rewilding"" areas of green space w/ native plants and trees which require less maintenance cost.",1163,784,112,267,313,121,57,135,850,663,55,132
203,"We'll use our airport for public events, starting with food truck and open air concerts.",944,479,120,345,269,90,54,125,675,389,66,220
204,"In 2050, we'll focus on ALL parts of BG/WC, and not just Downtown.",909,635,39,235,257,133,21,103,652,502,18,132
205,"In 2050, we'll have an Amtrak stop in Bowling Green.",1368,941,118,309,349,161,62,126,1019,780,56,183
206,"In 2050, our community will continue to support the public library's work to provide access to services and programming for all!",1337,1037,64,236,326,126,56,144,1011,911,8,92
207,"The history, heritage, and ""specialness"" of historic properties will continue to be preserved.",1096,752,60,284,295,147,36,112,801,605,24,172
208,"In 2050, we won't preserve properties just for the sake of preserving them.",168,35,37,96,47,7,3,37,121,28,34,59
209,"In 2050, BG will maintain its unique identity and NOT just be ""northern Nashville.""",1398,918,72,408,355,165,35,155,1043,753,37,253
210,"In the future, we'll have fewer chain restaurants and more unique, farm-to-table dining experiences.",1056,724,71,261,267,130,30,107,789,594,41,154
211,"We'll have a high-tech cafe hangout with high speed internet for VR, gaming, education collaboration, and business.",628,214,112,302,193,28,49,116,435,186,63,186
212,"We will invest in our existing arts experiences like the Kentucky Museum, Downing, and Riverview, and most locals will know they exist.",1418,941,103,374,359,120,71,168,1059,821,32,206
213,"BG in 2050 will have a Fairness Ordinance.",2837,1002,717,1118,566,29,322,215,2271,973,395,903
214,"BG will achieve Zero Waste by 2050, using policy initiatives across fields like what San Francisco is doing to create a healthier city.",2656,1136,635,885,554,52,288,214,2102,1084,347,671
215,"BG will invest in The STEAM Factory, supporting small-scale artistic innovation that complements technological and industrial initiatives.",452,182,39,231,126,11,29,86,326,171,10,145
216,"We'll create a solar energy incentive program for homeowners, helping transition to renewable energy with many homes having high solar rankings.",2012,1065,330,617,455,67,174,214,1557,998,156,403
217,"We'll model Seattle’s Racial Equity Toolkit, a framework for city agencies to solicit the input of communities of color in policymaking.",2097,657,634,806,482,8,301,173,1615,649,333,633
218,"BG will maintain its identity as home of the Corvette.",1884,1199,149,536,433,257,32,144,1451,942,117,392
219,"The Kentucky Museum will remain financially self-sufficient & able to be the region's arts and history hub as a WKU-affiliated private 501(c)(3).",944,529,48,367,240,72,29,139,704,457,19,228
220,"With the access to WKU, BG will have its own Science Museum.",1188,793,79,316,321,131,51,139,867,662,28,177
221,"We'll have a vape-free ordinance for restaurants and other places of business.",1575,974,204,397,366,201,58,107,1209,773,146,290
222,"We'll lift zoning restrictions for regulated, in-home childcare to alleviate extreme childcare waitlists.",226,77,39,110,75,10,12,53,151,67,27,57
223,"Each park will be connected by Greenway trails for safer accessibility.",1082,698,68,316,277,91,42,144,805,607,26,172
224,"We'll have more family friendly entertainment options in 2050.",1249,914,52,283,316,197,22,97,933,717,30,186
225,"We'll have more family friendly breweries with yard games in 2050.",1445,694,266,485,368,108,97,163,1077,586,169,322
226,"In 2050, Bowling Green will have multiple piano bars.",467,128,132,207,133,23,42,68,334,105,90,139
227,"In the future, we'll have a comedy club.",630,318,80,232,176,55,36,85,454,263,44,147
228,"Bowling Green will have multiple minature golf courses in the future.",663,240,146,277,193,55,36,102,470,185,110,175
229,"Bowling Green will get a Top Golf by 2050.",1418,431,466,521,350,80,117,153,1068,351,349,368
230,"In the future, the 31W Bypass will look less like asphalt-land, with more trees and grass.",1127,831,62,234,303,156,29,118,824,675,33,116
231,"Bowling Green will have a large artisan mall akin to ""The Factory"" in Franklin, TN.",723,308,97,318,198,39,46,113,525,269,51,205
232,"The Bowling Green of 2050 will offer enough housing options for all income levels.",1407,995,87,325,352,130,58,164,1055,865,29,161
233,"In 2050, we'll have various ""districts"" throughout Warren County with their own style, color(s), etc.",701,250,120,331,198,35,45,118,503,215,75,213
234,"By 2050, we'll require new downtown building owners to have retailers locate on their first floor, facing the street.",332,116,52,164,99,21,17,61,233,95,35,103
235,"We'll implement affordable ""planned communities,"" designed with 250+ single-family dwellings, in and around Warren County.",493,206,63,224,142,25,35,82,351,181,28,142
236,"By 2050, we'll encourage and support new hobby farms throughout Warren County.",546,314,25,207,158,66,12,80,388,248,13,127
237,"We'll have zoning that includes options for more affordable options like Accessory Dwelling Units and Higher Density.",368,138,40,190,125,16,24,85,243,122,16,105
238,"We'll focus more attention on recruiting tech businesses to Warren County.",1086,545,115,426,292,101,44,147,794,444,71,279
239,"Bowling Green will have a larger convention center attached to an upper-scale hotel property in order to attract meetings and conventions.",1662,876,238,548,386,139,83,164,1276,737,155,384
240,"We'll better embrace and support New Americans to become entrepreneurs in the future.",1545,782,221,542,379,57,140,182,1166,725,81,360
241,"In order for Bowling Green to remain easily accessible in the future, additional interchanges to I-65 & I-165 will be developed.",1284,662,165,457,325,135,47,143,959,527,118,314
242,"The BG of 2050 values, attracts, and takes care of people of all ages and perspectives.",1137,734,75,328,298,91,56,151,839,643,19,177
243,"Beech Bend will become an even larger destination point for visitors in the future, with better access to the area.",1049,512,151,386,297,127,46,124,752,385,105,262
244,"Bowling Green will be seen as the 'hub' for all surrounding counties, and we'll be focused on promoting the region, not just Warren County.",1210,746,85,379,310,123,46,141,900,623,39,238
245,"We'll have high-speed rail along I-65, connecting Louisville, the Bourbon Trail, and Nashville to Bowling Green.",1444,903,168,373,380,135,93,152,1064,768,75,221
246,"In 2050, we should tax smoke and vape shops.",697,381,66,250,189,81,20,88,508,300,46,162
247,"In the future, we'll help pay for public parks through taxing smoke and vape shops.",385,152,58,175,123,26,28,69,262,126,30,106
248,"We'll see more programs that help farmers evolve and continue to prosper in the future.",1032,764,33,235,261,138,18,105,771,626,15,130
249,"I hope we have a bus system going from Bowling Green to Nashville and back.",1743,982,228,533,407,100,110,197,1336,882,118,336
250,"In the future, we'll have infrastructure for food rescue, food growing, and food tree planting.",890,509,53,328,240,60,34,146,650,449,19,182
251,"Warren County has some of the most productive agriculture ground in the Commonwealth. I’d like to see some of it left/preserved in 2050.",1042,772,24,246,273,166,12,95,769,606,12,151
252,"We will focus on developing local restaurants and shops that have longevity, rather than chains and fast food.",1142,880,46,216,306,158,29,119,836,722,17,97
253,"Bowling Green will prioritize building more unique outdoor fitness parks to encourage year-round physical activity.",1389,893,104,392,333,142,47,144,1056,751,57,248
254,"We'll have more community-supported agriculture (CSA) programs to make fresh, locally-grown food accessible to all families.",1154,868,47,239,309,144,34,131,845,724,13,108
255,"We'll create and incentivize a network of wellness coaches in schools and workplaces to guide healthier living and preventative care for all ages.",836,417,110,309,237,62,57,118,599,355,53,191
256,"In 2050, the city will incentivize small, local fitness businesses.",417,163,52,202,131,29,21,81,286,134,31,121
257,"We'll establish mandatory nutrition and physical education programs in schools that continue throughout high school for healthier futures.",712,347,112,253,216,71,52,93,496,276,60,160
258,"BG will improve the walking/cycling paths that connect neighborhoods to parks, schools, and downtown for safer, healthier commutes.",1328,1012,71,245,339,160,48,131,989,852,23,114
259,"Bowling Green will be a leader in preventative medicine and healthy living.",1186,826,61,299,312,153,35,124,874,673,26,175
260,"Bowling Green will have an annual wellness festival celebrating local health experts, fitness programs, and nutrition initiatives.",1015,501,130,384,271,76,59,136,744,425,71,248
261,"The city will promote active family days in parks where physical activities, sports, and health education are the focus.",1183,767,63,353,327,132,43,152,856,635,20,201
262,"BG will encourage local businesses to offer employee wellness programs (fitness classes, mental health support, and healthy meal options).",1220,766,109,345,314,98,72,144,906,668,37,201
263,"We'll create incentives for restaurants and grocery stores to offer healthier, locally-sourced menu options and produce at affordable prices.",1242,814,96,332,318,124,58,136,924,690,38,196
264,"We'll require fitness and nutrition education classes in schools to foster lifelong healthy habits.",1198,689,123,386,312,136,54,122,886,553,69,264
265,"Constitutional rights training will be required for all public servants in 2050.",358,168,40,150,102,27,20,55,256,141,20,95
266,"We'll provide tax incentives for companies that implement employee wellness programs.",850,435,89,326,224,56,46,122,626,379,43,204
267,"Bowling Green will establish a citywide ""Blue Zones Project"" to create environments where residents naturally live healthier, longer lives.",360,143,42,175,109,12,24,73,251,131,18,102
268,"We'll convert vacant lots into urban farms, where residents can grow and harvest their own fresh produce.",1312,758,158,396,316,100,59,157,996,658,99,239
269,"We'll implement a ""Prescription Produce"" program where doctors prescribe fresh fruits and vegetables to patients with diet-related conditions.",208,62,38,108,59,5,10,44,149,57,28,64
270,"BG will have a “Wellness Hour” where all city offices and businesses encourage a break for light physical activity and mental well-being.",907,369,175,363,234,41,76,117,673,328,99,246
271,"In the future, housing and subdivisions will be separated from industry by buffers like parks or commercial properties.",960,564,63,333,244,103,27,114,716,461,36,219
272,"We'll have a floating, fitness-themed river park along the Barren River with paddleboarding, yoga on docks, and riverside trails.",1794,1016,225,553,419,148,82,189,1375,868,143,364
273,"In 2050, property development will be accomplished by private land owners and onlyguided and encouraged by government.",108,14,29,65,36,4,2,30,72,10,27,35
274,"In 2050, we'll have a citywide ""Healthy Lifestyle"" campaign to promote fitness, nutrition, and mental wellness across all age groups.",1113,640,101,372,303,105,52,146,810,535,49,226
275,"We'll expand public access to affordable, organic, and locally sourced foods through farmers markets and grocery partnerships.",1202,898,53,251,310,140,38,132,892,758,15,119
276,"We'll establish a ""Wellness Week"" each year with free health screenings, fitness classes, and nutrition workshops citywide.",1178,624,150,404,295,78,69,148,883,546,81,256
277,"Bowling Green will leverage its geographic location to act as a bridge for the “north to south"" in the future.",834,413,79,342,245,75,37,133,589,338,42,209
278,"The city will do everything they can to incentivize affordable housing in the future.",1611,1033,167,411,404,118,102,184,1207,915,65,227
279,"I'd love for us to have a cultural/ethnic museum with exhibits (rotated or not) from around the world, highlighting the diversity of BG.",2791,1346,545,900,565,48,286,231,2226,1298,259,669
280,"I hope we have trolleys that are unique or painted/decorated on different themes in the future.",1099,510,162,427,277,60,74,143,822,450,88,284
281,"In 2050, we'll encourage the use of trolleys to avoid communiting downtown in personal cars.",1157,619,177,361,295,72,83,140,862,547,94,221
282,"In the future, Bowling Green will have true bakeries, like those we find in Europe.",945,545,84,316,273,92,46,135,672,453,38,181
283,"In the future, we'll have a couple of true/real seafood restaurants.",1137,519,174,444,285,91,62,132,852,428,112,312
284,"I hope there's more collaboration between WKU & local small businesses for internship opportunities. Students (future professionals) would benefit tremendously!",1042,731,46,265,288,140,30,118,754,591,16,147
285,"In the future, we'll have a Whole Foods in BG.",1503,873,192,438,358,157,62,139,1145,716,130,299
286,"In 2050, we'll have a Trader Joe's in our community.",1123,742,111,270,297,152,48,97,826,590,63,173
287,"In the future, we'll have an upscale outlet!",1326,524,287,515,340,103,79,158,986,421,208,357
288,"In 2050, Bowling Green's philosophy will be that the best government is one that governs least.",731,233,145,353,200,72,20,108,531,161,125,245
289,"The Bowling Green of 2050 will have policies and venues that promote a culture of live music.",1077,727,46,304,281,106,32,143,796,621,14,161
290,"In 2050, Bowling Green will be seen throughout the state as Kentucky’s front porch to the south.",2093,1166,212,715,482,218,63,201,1611,948,149,514
291,"BG/WC will incorporate its rich history and story into its ever burgeoning growth by 2050.",732,364,47,321,211,61,29,121,521,303,18,200
292,"In 2050, Bowling Green will be a distinctive, uniquely Kentucky part of greater Nashville with a distinctive national identity,",820,354,139,327,233,59,56,118,587,295,83,209
293,"Bowling Green will maintain its spirit of service leadership.",989,609,40,340,249,109,16,124,740,500,24,216
294,"Bowling Green will be known nationally for its focus on working to keep key stakeholders aligned and the ease of collaboration here.",607,198,68,341,182,24,23,135,425,174,45,206
295,"Bowling Green will be a national model for focusing on the local instead of national culture wars.",569,248,52,269,164,46,20,98,405,202,32,171
296,"Bowling Green will remain a place where you can move here from anywhere and make a difference.",1101,695,70,336,289,96,46,147,812,599,24,189
297,"In 2050, no one will graduate from WKU and feel that they can’t pursue their career in the region if they want to.",1183,680,109,394,308,102,54,152,875,578,55,242
298,"Local manufacturers will band together to fund campaigns to attract talent to the region, instead of taking talent from one another.",721,325,59,337,214,46,36,132,507,279,23,205
299,"We'll have clearly defined pathways for students from high school to SKYCTC / WKU into high wage / high demand careers.",1103,707,66,330,299,137,36,126,804,570,30,204
300,"In 2050, we'll have strong 2 + 2 degree programs between SKYCTC and WKU.",603,343,28,232,176,60,14,102,427,283,14,130
301,"In 2050, we will have a robust vision in Bowling Green for 2075.",382,148,33,201,117,25,14,78,265,123,19,123
302,"In 2050, Bowling Green will have a host of restaurants/other hangout places that stay open after 9 pm & a stong clientele to support them.",1260,781,92,387,320,115,56,149,940,666,36,238
303,"Places to hang out will  invest in sound control so that you don’t have trouble hearing your table mates.",257,82,36,139,76,10,15,51,181,72,21,88
304,"Locally owned businesses will continue promoting one another and building partnerships across them—and even grow that vibe.",1131,817,24,290,305,138,20,147,826,679,4,143
305,"Bowling Green will even further embrace a regional attitude & will become the focal point for promoting attractions/stories of the region.",888,476,58,354,235,63,36,136,653,413,22,218
306,"Bowling Green will embrace considering the I-165 corridor and the Western Kentucky Coalfields area as part of the greater Bowling Green area.",168,39,20,109,52,5,3,44,116,34,17,65
307,"Bowling Green will have some places that serve mutton and burgoo.",171,39,35,97,46,3,10,33,125,36,25,64
308,"Bowling Green will further elevate products made in Kentucky and promote Kentucky products and culture from around the Commonwealth.",1187,874,28,285,320,179,18,123,867,695,10,162
309,"BG will further embrace its local storytellers—engaging even more with the media from local writers, filmmakers, musicians, & other creators.",1271,756,116,399,322,81,68,173,949,675,48,226
310,"Bowling Green will lean into embracing a “post-partisan mindset” and not let national politics define how we solve problems together.",533,250,46,237,156,31,24,101,377,219,22,136
311,"We will have more oversight of smoke and vape shops to prevent underage use in the future.",1461,911,123,427,341,177,43,121,1120,734,80,306
312,"I would really like a renovated movie theater in Bowling Green that is a fun and comfortable experience. Ours is very outdated.",1061,684,85,292,293,145,38,110,768,539,47,182
313,"Would like to see traffic issues combatted on Scottsville Road",818,656,14,148,220,151,7,62,598,505,7,86
314,"We should have an independent art house theater that offers new and old films!",1055,490,155,410,277,48,82,147,778,442,73,263
315,"More public art pieces like murals, statues, and more!",6,4,0,2,0,0,0,0,6,4,0,2
316,"Eliminate the stench of the dog food that hangs over BG! It makes my tummy so hungry",5,4,1,0,0,0,0,0,5,4,1,0
317,"Rainbow crosswalk",610,133,203,274,176,3,87,86,434,130,116,188
318,"We need an indoor ice rink to help grow youth hockey. We’re so close to an NHL market, there is support for an indoor rink!",8,6,1,1,1,0,1,0,7,6,0,1
319,"Is there some way we could not have the entire city smell like dog food? I know that would discourage me from making my home in BG.",168,64,26,78,57,14,6,37,111,50,20,41
320,"Government hot dog stands on every corner. That way, no matter where you go, you can get a little hot dog & fill up that hungwy tummy!",383,63,191,129,121,9,61,51,262,54,130,78
321,"Tickle parlor",125,9,67,49,40,1,16,23,85,8,51,26
322,"Laser tag and ball pit center. For adults",266,76,60,130,81,11,16,54,185,65,44,76
323,"I want more fun adult night-life activities that aren't based around alcohol!",980,679,57,244,260,120,27,113,720,559,30,131
324,"Skydiving",101,11,36,54,33,0,9,24,68,11,27,30
325,"More panhandlers",143,7,88,48,45,2,18,25,98,5,70,23
326,"Public bathhouse",153,19,64,70,50,1,18,31,103,18,46,39
327,"Skyscrapers",124,28,44,52,44,6,11,27,80,22,33,25
328,"Top Golf",8,4,2,2,1,0,1,0,7,4,1,2
329,"Coconut trees downtown",131,14,61,56,41,2,11,28,90,12,50,28
330,"More small coffee shops",207,63,51,93,72,7,19,46,135,56,32,47
331,"More temporary housing for those who are struggling to find affordable housing.",1497,867,201,429,363,69,118,176,1134,798,83,253
332,"More vape and smoke shops",107,4,74,29,41,3,20,18,66,1,54,11
333,"More car wash places",92,3,58,31,36,0,17,19,56,3,41,12
334,"BG will be more walkable and not be a victim to car dependent infrastructure",9,6,2,1,1,0,1,0,8,6,1,1
335,"I want less chain coffee shops like 7 Brews popping up everywhere. Let's invest in great local coffee shops to have more locations.",7,4,2,1,1,0,1,0,6,4,1,1
336,"Less vape and smoke shops!!!",1036,673,110,253,280,175,27,78,756,498,83,175
337,"Safety and Freedom",2,1,0,1,0,0,0,0,2,1,0,1
338,"I don't want us s to sell out to so many multifamily housing units. Have you referred to studies or guidelines?  Balance you sell outs.",113,21,20,72,40,5,3,32,73,16,17,40
339,"Probably with all the immigration you are going to have to.  Leaving someone else to pay the bill.",4,2,1,1,1,1,0,0,3,1,1,1
340,"Yesterday's news",2,1,0,1,0,0,0,0,2,1,0,1
341,"Enough is enough.",2,1,0,1,0,0,0,0,2,1,0,1
342,"No confidence in our local leaders.",2,1,0,1,0,0,0,0,2,1,0,1
343,"who knows.  Money talks",3,1,2,0,0,0,0,0,3,1,2,0
344,"We are not trying to grow the demographic that prefers those",2,1,0,1,0,0,0,0,2,1,0,1
345,"Of course, to a responsible extent.",3,1,1,1,1,0,1,0,2,1,0,1
346,"who cares",5,1,3,1,1,0,1,0,4,1,2,1
347,"More people willing to do an honest days work.  Will make this question  mute.",2,1,0,1,0,0,0,0,2,1,0,1
348,"Stop this nonsense.  You already know the answer and it doesn't mean local gov is doing well",2,1,0,1,0,0,0,0,2,1,0,1
349,"Locals already know, city govt. will mess this up.",2,1,0,1,0,0,0,0,2,1,0,1
350,"Hope not, taxes spent on ones who don't contribute. Get them jobs and opportunities, not a playground to spend our money at the new outlet.",4,2,0,2,0,0,0,0,4,2,0,2
351,"See more of what made us great.  Less money grabs by local leaders.",2,1,1,0,0,0,0,0,2,1,1,0
352,"Preserve our history, what makes this place great.  Stop selling out.",5,3,2,0,1,0,1,0,4,3,1,0
353,"We need effective solutions for homelessness so that our parks don't become their bedrooms e.g. Circus Square Park.",864,634,41,189,238,143,22,73,626,491,19,116
354,"There will be more LOCAL grocery options.",1035,713,55,267,276,127,33,116,759,586,22,151
355,"In the future there will be a cheap, accessible and efficient public transportation system through all of Warren county and not just BG!",0,0,0,0,0,0,0,0,0,0,0,0
356,"Diverse educational options will become the norm in Bowling Green and Warren Co.",2,1,0,1,0,0,0,0,2,1,0,1
357,"There will be more entertainment options for 18-21 year olds",1132,617,127,388,299,88,69,142,833,529,58,246
358,"We need an art museum downtown that features local, regional and national talent",637,336,67,234,191,32,49,110,446,304,18,124
359,"I'd love to see a Trader Joes in BG",1,1,0,0,0,0,0,0,1,1,0,0
360,"In 2050, BG will have more outdoor hangout options like White Squirrel, maybe a Tin Roof.",1242,792,98,352,310,108,59,143,932,684,39,209
361,"In 2050, I would like to see another public golf course in BG.",499,132,160,207,154,36,40,78,345,96,120,129
362,"BG needs more large-scale retail to sustain our population. Many of us drive to Nashville when we need anything besides groceries.",991,513,168,310,291,99,64,128,700,414,104,182
363,"Less discount/bargain basement type retailers.",486,154,108,224,144,32,25,87,342,122,83,137
364,"In 2050, I would like to see the downtown be more brought to life and have more activities / places to hangout.",1,1,0,0,0,0,0,0,1,1,0,0
365,"BG will have a vibrant riverfront with restaurants/bars to hangout and enjoy music.",1418,1101,77,240,369,220,48,101,1049,881,29,139
366,"I hope Bowling Green continues to value public education in a way that provides opportunities for all students to learn and thrive.",896,677,25,194,243,111,20,112,653,566,5,82
367,"I want Bowling Green to retain its feel as a hometown. To be a place that people want to raise their families.",1092,833,29,230,294,209,10,75,798,624,19,155
368,"BG will have a better night life instead of hallway bars",1,1,0,0,0,0,0,0,1,1,0,0
369,"The Bowling Green of 2050 should have infrastructure that meets the demands of our growing community.",818,640,16,162,239,144,11,84,579,496,5,78
370,"BGKY will have a professional soccer and basketball teams who will play in state-of-the-art facilities who can host more than just sports.",1,1,0,0,0,0,0,0,1,1,0,0
371,"Demolish the current mall and build something akin to the Summit in Lexington.",1,1,0,0,0,0,0,0,1,1,0,0
372,"It would be cool to have some amazing bike parks and trails like Bentonville, AR",810,447,73,290,220,57,48,115,590,390,25,175
373,"I’d love to have a Montessori Elementary school.",160,51,24,85,50,6,8,36,110,45,16,49
374,"We need more quality  healthcare options",770,523,37,210,229,113,19,97,541,410,18,113
375,"More development downtown,",0,0,0,0,0,0,0,0,0,0,0,0
376,"By 2050, there will be a North Warren High School",143,46,14,83,48,7,7,34,95,39,7,49
377,"There will be a horse race track in BGKY that will rival Kenland",1,1,0,0,0,0,0,0,1,1,0,0
378,"WKU will be a R1 institution and BGKY will be the reach capital of Kentucky",1,1,0,0,0,0,0,0,1,1,0,0
379,"We will do a better job of mixed use developments to combine residential and shopping/eating.",883,606,33,244,238,104,18,116,645,502,15,128
380,"We need more outdoor recreation activities and events",1,1,0,0,0,0,0,0,1,1,0,0
381,"BG will have more Montessori, private or homeschool co-op options that go through high school age.",266,103,46,117,82,32,8,42,184,71,38,75
382,"BG will have and support more holistic and homeopathic medical professionals.",387,162,67,158,127,34,21,72,260,128,46,86
384,"Metro government",1,1,0,0,0,0,0,0,1,1,0,0
385,"Better infrastructure and a well equip road department to maintain all improvements",1,1,0,0,0,0,0,0,1,1,0,0
386,"Less stoplights",112,23,27,62,42,6,7,29,70,17,20,33
387,"Less car lots",359,159,33,167,123,37,13,73,236,122,20,94
388,"Less billboards",322,154,34,134,100,34,10,56,222,120,24,78
389,"More roundabouts",528,278,86,164,152,55,35,62,376,223,51,102
390,"More children activities",716,454,43,219,190,82,19,89,526,372,24,130
391,"A southern bypass before a northern one",78,13,7,58,30,6,2,22,48,7,5,36
392,"No northern bypass",1,1,0,0,0,0,0,0,1,1,0,0
393,"More turn lanes",152,45,15,92,52,10,3,39,100,35,12,53
394,"Higher wages for all employees",672,393,45,234,194,56,31,107,478,337,14,127
395,"Affordable and attainable housing",1,1,0,0,0,0,0,0,1,1,0,0
396,"Higher paying jobs",596,381,18,197,186,76,12,98,410,305,6,99
397,"The airport will be moved!",1,1,0,0,0,0,0,0,1,1,0,0
398,"More safe childcare in BG-including LEGAL in-homes. Zoning encourages illegal care and we’re falling behind other towns who are succeeding.",191,74,12,105,71,7,10,54,120,67,2,51
399,"Hope to see more indoor playgrounds available that are inclusive of abilities and ages (toddler+). Families need more things to do together!",1,1,0,0,0,0,0,0,1,1,0,0
400,"Would love see more accesible parks built like Roland Bland",452,243,16,193,140,36,14,90,312,207,2,103
401,"Keeping small businesses success a priority",904,684,17,203,255,147,10,98,649,537,7,105
402,"Greenwood mall would be upgraded by 2050. Sit down restaurants inside it. Fun activities for kids. Stores + vendors that are updated!",1191,826,97,268,309,189,29,91,882,637,68,177
403,"More Montessori schools!",124,33,22,69,47,9,6,32,77,24,16,37
404,"The quality of care for our children being a continual action instead of a passing thought. (Less kids falling through the cracks at school)",646,381,36,229,195,68,27,100,451,313,9,129
405,"Schools being cared for and updated as generations change.",940,668,35,237,247,105,25,117,693,563,10,120
406,"Passenger train service in BG- Nashville, Chicago or NOLA- here we come!",1504,1076,135,293,372,160,84,128,1132,916,51,165
407,"Increase quality research and educational programs in AI and Quantum Computing to prepare young people for the future.",252,79,43,130,79,13,14,52,173,66,29,78
408,"Warren County will have a new exit/entrance off I-65 in southern Warren County",407,191,51,165,131,51,13,67,276,140,38,98
409,"The Greenwood Mall land will be reimagined after the Mall closes.",511,280,34,197,154,63,16,75,357,217,18,122
410,"I would like to see more healthy churches throughout the different cultures/languages/people groups across our city.",1,1,0,0,0,0,0,0,1,1,0,0
411,"By 2050, BG will have an ampitheatre or an upscale music venue to capitalize on and compliment the music scene in Nashville.",1,1,0,0,0,0,0,0,1,1,0,0
412,"By 2050, WKU will have more competitive sports programs and attract more of the community to its sporting events",634,269,117,248,177,51,39,87,457,218,78,161
413,"Bowling Green will have music venues of different sizes to attract regional and national touring artists",1107,695,82,330,308,104,46,158,799,591,36,172
414,"Bowling Green will have a Rural King",112,21,23,68,39,5,5,29,73,16,18,39
415,"Bowling Green will have a Trader Joe's",1,1,0,0,0,0,0,0,1,1,0,0
416,"We will focus on emerging technologies such as AI, quantum computing, and space exploration.",154,25,40,89,53,3,14,36,101,22,26,53
417,"Bowling Green will become the AI capital of the South!",252,37,109,106,83,9,21,53,169,28,88,53
418,"Embrace Sam Bush as the Father of Newgrass Music and encourage venues to book newgrass music and festivals.",182,54,22,106,52,6,4,42,130,48,18,64
419,"Tax residents less",512,232,89,191,153,68,12,73,359,164,77,118
420,"How many family units does the Salvation Army have? 4? There’s no where else for parents with children to go, these family units STAY FULL.",1,1,0,0,0,0,0,0,1,1,0,0
421,"We need a Trader Joe's!",0,0,0,0,0,0,0,0,0,0,0,0
422,"Edible landscaping, less concrete, more trees. Bike paths, walkable. County-wide recycling. Improved water quality. Stop internet monopoly",1,1,0,0,0,0,0,0,1,1,0,0
423,"Preserve all green space, for every tree removed 2 are planted. No urban sprawl, preserve our natural rural areas",1,1,0,0,0,0,0,0,1,1,0,0
424,"BG needs to address the excess free parking in Downtown",88,11,22,55,33,2,4,27,55,9,18,28
425,"The Historic District needs to do more to protect historic houses",0,0,0,0,0,0,0,0,0,0,0,0
426,"Bicycle and pedestrian infrastructure need to be a priority to position itself as a viable transportation option to alleviate car dependency",1587,1003,190,394,404,104,114,186,1183,899,76,208
427,"Zoning laws should be changed to allow for more diverse and robust housing options.",764,328,117,319,213,27,67,119,551,301,50,200
428,"There should be a focus on fighting the NIMBY mentality as the town continues to grow",194,63,19,112,62,4,14,44,132,59,5,68
429,"We need more parking and less towing.",486,282,42,162,149,65,14,70,337,217,28,92
430,"We need better bike lanes; we need one that will encompass all of BG and not break up and put us back in the street or on the sidewalk.",1339,785,167,387,347,93,91,163,992,692,76,224
431,"BG needs affordable housing options for the 55+ members of the community. Their housing needs are different than younger families.",938,656,55,227,265,116,34,115,673,540,21,112
432,"Better connection between Greenways and accessibility between downtown and county. Safe pedestrian access across Cemetery Road, I65, etc.",1,1,0,0,0,0,0,0,1,1,0,0
433,"More live music venues for weekday/weekend activities. Smaller and more intimate spaces.",1,1,0,0,0,0,0,0,1,1,0,0
434,"A better road system. Nashville is creeping up on us. All the traffic is going to need a better system to get up and down Scottsville Rd.",1,1,0,0,0,0,0,0,1,1,0,0
435,"Improved outdoor recreation opportunities and connection to the great Mammoth Cave NP area.",1,1,0,0,0,0,0,0,1,1,0,0
436,"Would love you see a higher end shopping/entertainment center, similar to The Summit in Lexington. To bring more shopping options.",2013,1097,319,597,455,199,88,168,1558,898,231,429
437,"I hope we have an AtHome, HomeGoods, TraderJoes more places to shop. Seems we just get the smaller versions of everything or NOT at all.",1,1,0,0,0,0,0,0,1,1,0,0
438,"Expand workforce development and education. We must strengthen our tech training, promote apprenticeships, and incentivize trade workers.",1086,790,42,254,292,160,25,107,794,630,17,147
439,"Possibly expanding BWG airport to bring more opportunities for people to visit and for residents to have more opportunities to use",622,371,80,171,182,74,36,72,440,297,44,99
440,"I’d like to see at least one coffeeshop where nobody is hosting a Bible study. No hate, I just want something different.",756,187,287,282,206,14,117,75,550,173,170,207
441,"That we stop having so many silos & all come together as one. Everyone stops trying to compete against one another and work together as one.",226,70,24,132,83,9,15,59,143,61,9,73
442,"I think it is critically important to revitalize the passenger rail system to Nash/Lou, as well as reliable public transit. Too many cars!",1,1,0,0,0,0,0,0,1,1,0,0
443,"That we will have a place that doesn't charge to advertise local events. It is hard to get local events out if you are on a low budget.",548,272,46,230,162,35,25,102,386,237,21,128
444,"I hope to see WKU expand over the years. I also hope to see the downtown area preserved and the community events/concerts.",0,0,0,0,0,0,0,0,0,0,0,0
445,"Louisville Road clean up",833,512,24,297,237,119,9,109,596,393,15,188
446,"BG will build more sports facilities for our youth and more entertainment. Right now we travel to Louisville and Nashville for night life.",1,1,0,0,0,0,0,0,1,1,0,0
447,"I think a nice mall could be really beneficial. A lot of people here travel to Nashville when business could stay here.",817,360,138,319,226,75,38,113,591,285,100,206
448,"Affordable housing with walking distance to shopping",1241,843,93,305,328,100,64,164,913,743,29,141
449,"I would love a GOOD Chinese restaurant in Bowling Green.",286,125,25,136,85,24,9,52,201,101,16,84
450,"additional interchanges to I-65 & I-165",569,254,85,230,166,63,26,77,403,191,59,153
451,"In 2050, Bowling Green will have more energy efficient methods of transportation, a safer LGBTQIA+ community, and more dedication to arts.",1,1,0,0,0,0,0,0,1,1,0,0
452,"I think a nice mall could be beneficial. A lot of people travel to Nashville for somewhere nice to shop when business could stay here.",0,0,0,0,0,0,0,0,0,0,0,0
453,"I hope we have more family friendly things that there's no drinking,beer, alcohol not allowed. For kids  and family's. Dancing, concerts.",473,219,73,181,147,58,16,73,326,161,57,108
454,"I believe we should include an upscale dining/entertainment option for the over 35 group where people don’t want to travel for this amenity!",347,146,33,168,120,25,17,78,227,121,16,90
455,"I believe the future BG should include and encourage more single family home options and ownership!",1,1,0,0,0,0,0,0,1,1,0,0
456,"The BG of 2050 will have a robust system of support for homeless/transient individuals that will solve the need for panhandling",3,2,0,1,0,0,0,0,3,2,0,1
457,"We will have a merged government between Bowling Green City and Warren County to reduce expenses and increase services.",1,1,0,0,0,0,0,0,1,1,0,0
458,"Our parks, communities, schools will be entirely accessible via sidewalks and biking paths/trails.",1,1,0,0,0,0,0,0,1,1,0,0
459,"All parks, neighborhoods, & downtown will be accessible via public transportation (a comprehensive, affordable public bus & trolly system).",1,1,0,0,0,0,0,0,1,1,0,0
460,"Plentiful outdoor family entertainment options (mini golf, amphitheater, breweries, riverfront walking paths, outdoor local dining options).",1,1,0,0,0,0,0,0,1,1,0,0
461,"I would love to see a massive indoor athletic facility with at least 4-5 multipurpose full size fields. See grand park in Indianapolis.",778,315,147,316,215,64,55,96,563,251,92,220
462,"I think bowling green needs a YMCA. A place that allows familes to go and live a healthier life style.",912,601,72,239,258,130,35,93,654,471,37,146
463,"We'll have options like quaint  wine clubs, jazz and piano bars.",1,1,0,0,0,0,0,0,1,1,0,0
464,"Large Indoor waterpark",1262,478,347,437,334,97,104,133,928,381,243,304
466,"Social clubs spanning the ages, will bring people together (weekly gatherings for bingo, hiking, singles, retired, travel, art, volleyball)",1005,668,61,276,280,109,44,127,725,559,17,149
467,"Our Fountain Square Park will host monthly 'Art in the Park' events to showcase local artists & vendors.",1052,638,92,322,307,105,56,146,745,533,36,176
468,"We'll have a few local bookstore/coffee shop businesses.",1,1,0,0,0,0,0,0,1,1,0,0
469,"We'll have storefront Cat Cafes to support our local Humane Society.",915,357,223,335,270,51,101,118,645,306,122,217
470,"BG will find its identity by fostering an environment that encourages our artists and entrepreneurs to stay instead of fleeing to Nashville.",915,553,79,283,272,72,50,150,643,481,29,133
471,"We would have a large amphitheater with large name talents regularly performing",1,1,0,0,0,0,0,0,1,1,0,0
472,"Bowling Green would be the first stop from the South on the Bourbon Trail",1146,522,197,427,319,85,80,154,827,437,117,273
473,"By 2050, BG will be offering more support to small businesses to ensure their longevity in our town.",1,1,0,0,0,0,0,0,1,1,0,0
474,"Provide more affordable housing. Transform the old BG bank building at the corner of Main and College into a parking structure.",0,0,0,0,0,0,0,0,0,0,0,0
475,"City and County governments should establish more jointly operated services, assuring like quality services and responses & stable funding.",324,171,14,139,110,33,7,70,214,138,7,69
476,"By 2050 BG will be a safe place to live with less drugs and less homelessness.",1106,795,51,260,316,216,20,80,790,579,31,180
477,"BG in 2050 will upkeep the downtown area, specifically downtown across the tracks. It could be so nice, but right now it’s dilapidated.",1105,727,54,324,285,136,27,122,820,591,27,202
478,"Bowling Green will embrace the Missing Middle Housing and mixed use developments that lead to vibrant communities.",1,1,0,0,0,0,0,0,1,1,0,0
479,"Bowling Green's building code will be updated to allow multiple kinds of housing to be built that are affordable and attractive.",832,486,66,280,231,71,38,122,601,415,28,158
480,"Bowling green will embrace and encourage regenerative agriculture and promote farm to table restaurants.",1,1,0,0,0,0,0,0,1,1,0,0
481,"Better, more reliable public transportation with comfortable, safe bus stops. More pavilions, not just a sign on the side of the road.",1,1,0,0,0,0,0,0,1,1,0,0
482,"In 2050 BG will be a completely walkable city!! More sidewalks with city limits, so we can rely more on our bodies instead of cars.",1139,811,86,242,289,109,51,129,850,702,35,113
483,"In 2050 it will be SAFE to walk along Scottsville Rd!",892,584,64,244,241,101,29,111,651,483,35,133
484,"Downtown will be vibrant, safe, full of denser housing, and a true destination for people to visit.",1,1,0,0,0,0,0,0,1,1,0,0
485,"Better-found support for new parents. Access to information and groups.",598,312,49,237,178,41,33,104,420,271,16,133
486,"Vape shops, tattoo parlors and CBD/medical marijuana dispensaries negatively affect areas and should be strictly zoned to be made invisible.",1,1,0,0,1,1,0,0,0,0,0,0
487,"More trees and greenery, less asphalt. More nature, less industrial.",1,1,0,0,0,0,0,0,1,1,0,0
488,"We will stop allowing our farm land and countryside to be gobbled up by giant suburban development, instead encouraging gentle density.",415,256,31,128,124,61,10,53,291,195,21,75
489,"In 2050 BG will be more community-driven and less finance-driven.",689,347,73,269,199,44,45,110,490,303,28,159
490,"Billboards will be banned in Bowling Green so you can appreciate the beauty around you without feeling attacked by ads.",300,147,43,110,113,43,17,53,187,104,26,57
491,"Build an indoor track facility for K-12 athletes. Indoor Track is now a official KHSAA sport and demand is enormous. Local facility = $ too!",924,419,132,373,253,69,57,127,671,350,75,246
492,"Bowling Green will approach homelessness with a Carrot AND stick mentality. Not tolerated, but help is provided to get on your feet.",499,204,91,204,160,60,26,74,339,144,65,130
493,"More family-friendly public green spaces and a riverwalk. Like Owensboro’s Smother’s Park/Riverwalk. We’re bigger than Owensboro, we need it",1212,948,44,220,326,204,30,92,886,744,14,128
494,"Playgrounds in public parks use something other than mulch for playgrounds.",238,96,18,124,80,25,5,50,158,71,13,74
495,"Indoor Track Part 2. Only options are Louisville, Danville, Maysville. Meets ALWAYS fill with waitlist. Big opportunity for city of BG",0,0,0,0,0,0,0,0,0,0,0,0
496,"More growth between bedroom communities such as Plum Springs, Smith’s Grove, Alvaton so we all become a part of BG.",711,311,116,284,206,52,53,101,505,259,63,183
497,"Bowling Green needs affordable housing options that aren't apartments or tightly packed subdivisions.",825,523,64,238,240,91,41,108,585,432,23,130
498,"Shops and markets within neighborhoods with suitable sidewalks so we don’t need to rely on cars/public transport.",1,1,0,0,0,0,0,0,1,1,0,0
499,"Trams, bus routes, and bikeways will be expanded, clean, and well policed so people feel safe and that public transit is a viable alternativ",1031,717,78,236,293,103,59,131,738,614,19,105
500,"In 2050, BG will celebrate and embrace the richness of diverse cultures, beliefs, identities, and abilities.",1992,1094,341,557,468,51,219,198,1524,1043,122,359
501,"There needs to be plans to build a Outter Loop from I-65 exit 28 to I-165.",250,103,30,117,81,28,7,46,169,75,23,71
502,"There needs to be an extention of Lovers Lane across the Barren River to McFadin Station Street.",85,12,9,64,36,2,4,30,49,10,5,34
503,"We must make sure we have sufficient water, sewer, and electric capacity in Northern Warren County to grow the community in that direction.",773,526,25,222,242,118,14,110,531,408,11,112
504,"SkyPAC will have better marketing to showcase who’s coming to town. I never find out until after!",738,437,61,240,225,95,28,102,513,342,33,138
505,"We must have business parks and offices for new tech companies throughout the community (Lover’s Lane, Downtown BG etc).",653,289,81,283,201,55,31,115,452,234,50,168
506,"Trader Joe’s and Whole Foods, plus year round farmer’s markets and easily accessible farm-to-table goods.",1,1,0,0,0,0,0,0,1,1,0,0
507,"Public museums, family-friendly",1,1,0,0,0,0,0,0,1,1,0,0
508,"Better marketing for small business so the community knows they exist.",852,554,46,252,247,102,22,123,605,452,24,129
509,"More activities and places for families especially with young children",1,1,0,0,0,0,0,0,1,1,0,0
510,"BG needs more roads. We also need to invest more in education. Skilled people want strong public schools and universities.",0,0,0,0,0,0,0,0,0,0,0,0
511,"We will continue to find ways to make the traffic flow and congestion easier to navigate.",995,835,16,144,257,183,10,64,738,652,6,80
512,"Better transportation system for people without cars and/or transportation.",1213,861,84,268,339,113,65,161,874,748,19,107
513,"Pass fairness ordinance - somehow show we welcome all people.  We get to the promised land by loving and welcoming all - unconditionally.",1,1,0,0,0,0,0,0,1,1,0,0
514,"Bowling Green needs more entertainment buildings, all we have is a bowling alley and 2 movie theatres",0,0,0,0,0,0,0,0,0,0,0,0
515,"We need to be prepared for growth of 150,000.",285,133,18,134,96,30,10,56,189,103,8,78
516,"BG will be a safe place for all where people in leadership and protective positions take care of everyone regardless of gender identity.",2321,1193,458,670,512,53,254,205,1809,1140,204,465
517,"I hope BG grows to the size of Lexington and brings in a lot more money for the campus to grow WKU and its sports programs.",554,182,165,207,169,37,61,71,385,145,104,136
518,"I would love to see an attraction like a children's science museum in BG.",0,0,0,0,0,0,0,0,0,0,0,0
519,"BG should relocate the airport to allow for alternative travel routes because Scottsville rd is a mess.",1,1,0,0,0,0,0,0,1,1,0,0
520,"Smoke and Vape shops will have more oversight not to be able to stick out so much with their neon lights and tacky looking store fronts.",855,493,94,268,239,126,27,86,616,367,67,182
521,"I hope we preserve the history of Bowling Green and continue finding ways to involve tourists such as the walking tours.",1047,705,40,302,297,132,26,139,750,573,14,163
522,"In BG 2050, I would like to see the ugly horses/flag displays from the highways be eliminated or replaced with something tasteful.",445,84,188,173,140,18,56,66,305,66,132,107
523,"In BG2050, we will compassionately prioritize the health and safety of BG residents experiencing poverty/homelessness.",1556,945,176,435,390,73,119,198,1166,872,57,237
524,"I hope Bowling Green grows with green spaces, affordable housing, and local businesses while maintaining its charm and natural beauty.",1006,793,31,182,279,141,28,110,727,652,3,72
525,"We will creatively use ALL of the empty buildings we already have before letting developers cash in and leave even more empty buildings.",913,634,58,221,259,115,40,104,654,519,18,117
526,"BG 2050 will call on our local government to use a portion of the thousands they spend on downtown festivals to house and feed people.",187,54,39,94,54,4,14,36,133,50,25,58
527,"It would be great to create a recreation center that was a space where the community could access affordable fitness classes, and gym space",790,477,49,264,224,75,29,120,566,402,20,144
528,"BG needs a Trader Joe's",0,0,0,0,0,0,0,0,0,0,0,0
529,"We will have good roads to support our growth.",1,1,0,0,0,0,0,0,1,1,0,0
530,"By 2050, we should have more museums for art, natural history and science.",1160,749,111,300,321,108,76,137,839,641,35,163
531,"We will have more community gardens and more talks and teachings on how to grow and use your own food",962,664,55,243,271,112,35,124,691,552,20,119
532,"By 2050, we will have a focus of parks with more natural trails and nature spaces, not sports complexes.",826,571,53,202,236,111,28,97,590,460,25,105
533,"A specialty grocery store! I'm missing some the special, unique items you can only get from a Whole Foods, Trader Joes, or a Sprouts.",0,0,0,0,0,0,0,0,0,0,0,0
534,"Landlords will be required to accept Section 8 vouchers.",134,36,30,68,48,1,13,34,86,35,17,34
535,"An area similar to The Summitt at Fritz Farms in Lexington - higher end shopping.",0,0,0,0,0,0,0,0,0,0,0,0
536,"I hope to see longstanding small businesses that are supported by the Bowling Green community.",0,0,0,0,0,0,0,0,0,0,0,0
537,"In BG2050, “beautification” will mean health and happiness for residents. Not the bulldozing and raiding of homeless camps.",1160,497,242,421,339,39,147,153,821,458,95,268
538,"More (free) parking options close to the square.",652,434,51,167,193,104,14,75,459,330,37,92
539,"In 2050, Bowling Green will have a children's hospital",892,538,92,262,272,112,56,104,620,426,36,158
540,"Bowling Green will offer train service to/from Nashville, enabling people from both cities to avoid the interstate and enjoy activities",1247,929,100,218,344,165,62,117,903,764,38,101
541,"Scottsville Road in Bowling Green in 2050 will be expanded and have better traffic flow",1,1,0,0,0,0,0,0,1,1,0,0
542,"We need more entertainment options (namely concerts and venues)",1,1,0,0,0,0,0,0,1,1,0,0
543,"Bowling Green needs a (reliable) air carrier to help our economy.   Build more incentives to attract airlines to do business with us.",280,129,41,110,95,29,20,46,185,100,21,64
544,"Bowling Green in 2050 will have more fire stations and firefighters as our community grows",698,479,22,197,214,117,12,85,484,362,10,112
545,"We will handle the increased traffic by adding lanes and by using traffic engineering to better time stop lights.",1,1,0,0,0,0,0,0,1,1,0,0
546,"BG needs a shopping district similar to The Summit in Lexington or The Hills in Nashville.  Lovers Lane would be perfect.",1,1,0,0,0,0,0,0,1,1,0,0
547,"We will become a stop on an Amtrak route, allowing mass transit to the largest cities near us.",1541,1093,156,292,376,168,89,119,1165,925,67,173
548,"More industries like finance, tech, and others on the same level of the recent boom of manufacturing plants in the area",950,569,73,308,256,99,28,129,694,470,45,179
549,"I would like Bowling Green to model the river front after cities like Owensboro and Cincinnati.  There is a lot of wasted potential there.",1199,899,60,240,325,193,38,94,874,706,22,146
550,"Developers should fund the improvements and upgrades to infrastructure(roads, utilities, etc) as part of their projects",770,515,45,210,235,105,26,104,535,410,19,106
551,"Developers should partner with and local government(s) to fund the improvements and upgrades to infrastructure as part of their projects",1,1,0,0,0,0,0,0,1,1,0,0
552,"Future development should only be allowed where adequate infrastructure currently exits",368,182,27,159,119,48,8,63,249,134,19,96
553,"Government should incentivize developers to create affordable housing",482,252,53,177,150,32,37,81,332,220,16,96
554,"There will be a county-wide composting service available to all households and subsidized by BG/WC gov’t to make it financially accessible.",896,434,128,334,267,56,76,135,629,378,52,199
555,"The community will support the efforts of our Humane Society to find homes for all animals and prevent animal cruelty.",722,476,41,205,214,89,30,95,508,387,11,110
556,"In 2050, BG needs a venue that can bring in A-list live music.",1061,591,124,346,297,94,57,146,764,497,67,200
557,"Between now and 2050, we need to incentivize repurposing of empty retail space, instead of constantly building new retail buildings.",920,707,29,184,261,153,20,88,659,554,9,96
558,"Bowling Green will have more bicyclists, with more safe bike paths.",1253,743,163,347,353,107,98,148,900,636,65,199
559,"Our inclusion and diversity will be encouraged and supported to attract and protect more LGBTQIA+ individuals and talents across many fields",4136,1579,1531,1026,647,20,494,133,3489,1559,1037,893
560,"We will have more vegan and vegetarian restaurant foods available.",1113,482,227,404,313,40,121,152,800,442,106,252
561,"Bowling Green has the potential to be very cool and unique via architecture. So many buildings here lack creativity. Expensive < Creativity.",624,321,54,249,195,58,31,106,429,263,23,143
562,"We will be a leading city in giving New Americans their best shot at life, liberty, and the pursuit of happiness.",1,1,0,0,0,0,0,0,1,1,0,0
563,"Greenwood mall is extremely outdated with its selection. We need better shopping like the malls in nashville, better retail names.",0,0,0,0,0,0,0,0,0,0,0,0
564,"We need to help grow youth hockey in this area, being so close to an NHL market!",320,119,49,152,101,21,23,57,219,98,26,95
565,"I want less chain coffee shops like 7 Brews popping up everywhere.",324,164,36,124,113,52,10,51,211,112,26,73
566,"Let's invest in great local coffee shops to have more locations.",330,120,73,137,106,14,25,67,224,106,48,70
567,"Less money grabs by local leaders.",296,126,19,151,92,23,5,64,204,103,14,87
568,"In 2050, we will have confidence in our local leaders.",500,270,35,195,166,62,19,85,334,208,16,110
569,"More celebrations of our diverse communities.",1,1,0,0,0,0,0,0,1,1,0,0
570,"More affordable housing opportunities and the decriminalization of homelessness.",1,1,0,0,0,0,0,0,1,1,0,0
571,"The Capitol becomes the arthouse hub for our community.",700,361,65,274,212,50,41,121,488,311,24,153
572,"Bowling Green will find a way to make Greenwood Mall a thriving, beating heart of the city again.",1039,624,153,262,268,135,40,93,771,489,113,169
573,"I want to see an annual Punk Rock Flea Market thrive downtown by 2050.",266,69,67,130,86,3,30,53,180,66,37,77
574,"Build an open-air outlet mall, with outdoor seating areas and interesting landscape/art to replace mall we have now.",887,446,157,284,244,82,50,112,643,364,107,172
575,"Downtown should be full of locally owned restaurants, bars, shops, and other business types. Less law offices and vacant buildings!",896,636,52,208,246,132,25,89,650,504,27,119
576,"Better public transportation, especially for those without a vehicle or the elderly who can’t drive.",0,0,0,0,0,0,0,0,0,0,0,0
577,"More affordable housing options",1,1,0,0,0,0,0,0,1,1,0,0
578,"Concerts! We need an outside concert venue, and SKYPAC needs better bookings. CONCERTS CONCERTS CONCERTS! MUSIC is needed!",0,0,0,0,0,0,0,0,0,0,0,0
579,"We need better, expanded, and more accessible public transit options (more routes, more frequent buses, longer hours, weekends included)",1,1,0,0,0,0,0,0,1,1,0,0
580,"BG needs to have more activities (e.g. Pins Mechanical, Puttshack, breweries, concerts)",1030,588,100,342,280,95,57,128,750,493,43,214
581,"We should loosen zoning restrictions on ADUs and mobile homes to increase affordable housing options.",233,55,74,104,89,6,40,43,144,49,34,61
582,"More trees and greenery, less asphalt.",900,684,29,187,257,142,19,96,643,542,10,91
583,"More nature, less industrial.",703,450,42,211,201,83,22,96,502,367,20,115
584,"BGKY will have a professional soccer team who will play in a state-of-the-art facility that can host more than just sports.",236,55,73,108,76,9,33,34,160,46,40,74
585,"I sure hope we manage to get a Fairness Ordinance by 2050",1,1,0,0,0,0,0,0,1,1,0,0
586,"We will PRESERVE our historic places, especially ones related to African American history. Documentaries and historic signs aren’t enough.",1619,897,227,495,412,68,142,202,1207,829,85,293
587,"BGKY will have a professional basketball team who will play in a state-of-the-art facility that can host more than just sports.",156,27,59,70,47,3,16,28,109,24,43,42
588,"We need a more walkable city with different kinds of housing. Not just 3 story apartment complexes",937,627,50,260,266,96,31,139,671,531,19,121
589,"BG to build a large event venue to attract big name music artists, to house a professional sports team, and other forms of entertainment",1146,551,237,358,322,101,85,136,824,450,152,222
590,"City ordinance to limit the number of smoke shops and where they can be located",1,1,0,0,0,0,0,0,1,1,0,0
591,"In 2050, BG should aim to be a developed city from Riverfront to WKU where people choose to come to eat, play, and shop OVER Scottsville Rd.",1173,836,57,280,310,147,40,123,863,689,17,157
592,"Vape shops negatively affect areas and should be strictly zoned to be made invisible.",870,447,151,272,232,114,37,81,638,333,114,191
593,"Tattoo parlors negatively affect areas and should be strictly zoned to be made invisible.",190,28,91,71,53,11,12,30,137,17,79,41
594,"CBD/medical marijuana dispensaries negatively affect areas and should be strictly zoned to be made invisible.",1299,447,420,432,327,152,61,114,972,295,359,318
595,"A children's museum, a science center, an aquarium would be amazing. Enriching indoor activities for our children",1,1,0,0,0,0,0,0,1,1,0,0
596,"We don't need a northern bypass",84,15,14,55,35,3,3,29,49,12,11,26
597,"There will be a horse race track in BGKY that will rival Keeneland.",374,74,166,134,110,14,41,55,264,60,125,79
598,"WKU will be an R1 research institution.",249,89,30,130,81,13,13,55,168,76,17,75
599,"BGKY will be the research capitol of Kentucky.",234,79,32,123,85,13,16,56,149,66,16,67
600,"Bowling Green will embrace missing middle housing.",328,161,20,147,106,27,12,67,222,134,8,80
601,"Bowling Green will be a caring inclusive community where no one has food insecurities, is without healthcare and a home to live in.",1256,688,150,418,348,56,101,191,908,632,49,227
602,"I hope those 90,000 people have a place to live, & I'm curious what that increase will do to rental & homeownership costs for my family.",1,1,0,0,0,0,0,0,1,1,0,0
603,"By 2050, I hope that BG will cast off the chains of capital, with its workers no longer toiling to enrich the parasitic bourgeoisie class.",174,34,46,94,65,4,21,40,109,30,25,54
604,"The Greenway trail is a nice idea, but feels unsafe in lower-income parts. I would love to see improved safety.",1107,727,65,315,300,183,20,97,807,544,45,218
605,"Limiting vape and smoke shops",1,1,0,0,0,0,0,0,1,1,0,0
606,"As BG grows, the county and city governments will take a more active part, representing people who voted for and against them.",299,141,26,132,105,26,14,65,194,115,12,67
607,"A well-maintained movie theater that shows both major studio & independent studio films",753,447,61,245,214,79,33,102,539,368,28,143
608,"Locally owned book, music, & movie stores",841,505,59,277,249,83,33,133,592,422,26,144
609,"I would like to see more indoor activities for families (playgrounds, etc) in addition to our great parks!",1,1,0,0,0,0,0,0,1,1,0,0
610,"Development of skyscraper multifamily housing in the city",1,1,0,0,0,0,0,0,1,1,0,0
611,"Health Scores posted on main entrances of all food servicing areas",217,91,22,104,76,20,7,49,141,71,15,55
612,"More shopping. Bringing larger and unique stores to Bowling Green.",1528,874,198,456,383,170,65,148,1145,704,133,308
613,"protect children and families",381,204,18,159,123,53,5,65,258,151,13,94
614,"There should be an annual regional cattle festival in BG where an actual cattle drive happens in downtown BG similar to San Antonio's.",148,26,48,74,46,3,9,34,102,23,39,40
615,"bicyclists should ride on sidewalks",102,17,38,47,44,5,11,28,58,12,27,19
616,"Arena League Football team",130,21,40,69,45,4,14,27,85,17,26,42
617,"BG will have a Trump Hotel by 2050",102,5,69,28,41,2,19,20,61,3,50,8
618,"Hawaiian pizza is a",0,0,0,0,0,0,0,0,0,0,0,0
619,"Testing submission",0,0,0,0,0,0,0,0,0,0,0,0
620,"Why did it fall",0,0,0,0,0,0,0,0,0,0,0,0
621,"More Electric car hookups to around the area",1019,375,264,380,266,28,123,115,753,347,141,265
622,"Rename Scottsville Road to Warren County Road like Trump renamed the Gulf of Mexico to the Gulf of America!",106,9,59,38,41,3,14,24,65,6,45,14
623,"Create a DOGE in Warren County Government",233,63,100,70,75,26,16,33,158,37,84,37
624,"We need a sky bridge to connect both sides of Scottsville road for pedestrian safety",698,365,109,224,207,67,52,88,491,298,57,136
625,"We need a Dave and Busters in the mall",226,58,74,94,71,17,18,36,155,41,56,58
626,"Bus shelters for outside BG - for my children",590,273,73,244,177,28,46,103,413,245,27,141
627,"Enough of pushing this. We already have “equal opportunities”",1,1,0,0,0,0,0,0,1,1,0,0
628,"Let’s work to keep the mall open",214,78,34,102,74,17,9,48,140,61,25,54
629,"We need zoning regulations- stop approving every neighborhood and apartment development. Protect farms like Lexington did.",486,292,31,163,152,72,15,65,334,220,16,98
630,"Our downtown focuses on actual development to revitalize it instead of  pretending small festivals and entertainment district are the cure.",247,113,21,113,84,23,9,52,163,90,12,61
631,"Create an art district to help promote artists and individuals to downtown. Offer incentives like Paducah, Berea, and Asheville.",1480,880,174,426,380,83,115,182,1100,797,59,244
632,"A second medical facility",1,1,0,0,0,0,0,0,1,1,0,0
633,"Another hospital",272,97,47,128,79,23,12,44,193,74,35,84
634,"Form a metro government like Lexington/Fayette & Louisville/Jefferson to consolidate and unit services",1,1,0,0,0,0,0,0,1,1,0,0
635,"BG needs a 2nd hospital",1,1,0,0,0,0,0,0,1,1,0,0
636,"By 2050, BG has two full service hospitals and ambulance services.",1,1,0,0,0,0,0,0,1,1,0,0
637,"More grocery stores not located in just the central part of town",898,591,46,261,262,111,29,122,636,480,17,139
638,"Our greenways will be monitored more for cleanliness and safety.",930,671,36,223,250,125,23,102,680,546,13,121
639,"Our downtown historic areas need protection with historic overlays like Charleston, SC does for ex.  Could have saved the Southern Queen",384,191,33,160,128,32,19,77,256,159,14,83
640,"By 2050, we’ll have to build, or significantly remodel our current jail.",224,79,19,126,72,16,6,50,152,63,13,76
641,"In 2050, the Riverfront must be a vital part of the community w/ recreation, restaurant, playgrounds, retail, desserts. See Greenville, SC.",1,1,0,0,1,1,0,0,0,0,0,0
642,"I would like to see us develop density downtown to the river and within the city, rather than developing farmland on the city’s periphery.",1,1,0,0,0,0,0,0,1,1,0,0
643,"We will have renewable energy sources and climate friendly infrastructure.",1407,835,187,385,377,73,136,168,1030,762,51,217
644,"On major roads it would be nice to get utility lines underground. Our town looks like something out of the Wild West.",696,448,45,203,222,122,18,82,474,326,27,121
645,"More green spaces to visit. Keep the green in Bowling Green!",1,1,0,0,0,0,0,0,1,1,0,0
646,"Better public transportation throught the county.",1,1,0,0,1,1,0,0,0,0,0,0
647,"We will have a whole foods or Trader Joes. Somewhere that sells whole foods",1,1,0,0,1,1,0,0,0,0,0,0
648,"Bowing Green would have a flag that is simple and communicates our past and our dreams for the future",283,73,69,141,95,6,27,62,188,67,42,79
649,"More power lines/utilities moved underground for beautification, especially ByPass",719,529,28,162,190,123,9,58,529,406,19,104
650,"Fewer homeless individuals, improved ways to help them",753,533,34,186,213,109,20,84,540,424,14,102
651,"Flights out of BG instead of having to drive an hour!!",1003,631,118,254,274,144,46,84,729,487,72,170
652,"The Louisville science museum has already shown interest in BG, let’s make sure we can make something like that happen!",1006,748,45,213,285,141,29,115,721,607,16,98
653,"I hope the level of collaboration across different entities remains untarnished.",290,134,4,152,91,17,1,73,199,117,3,79
654,"Better public golf courses!!!",634,170,180,284,190,45,39,106,444,125,141,178
655,"The I-165 to I-65 interchange will be renovated to make it safer and more efficient.",485,227,40,218,143,41,13,89,342,186,27,129
656,"Need to have businesses more In that area for fun and entertainment too",1,1,0,0,0,0,0,0,1,1,0,0
657,"By 2050, SkyPac needs to become a venue for top music artists - especially those that call Nashville home.",1197,837,71,289,329,173,38,118,868,664,33,171
658,"Bowling Green will have a larger airport, offering commercial flights across the country.",812,488,144,180,227,112,39,76,585,376,105,104
659,"Bowling Green will have larger and well kept movie theaters that people will want to go to.",1044,617,100,327,297,137,42,118,747,480,58,209
660,"I would love to see Med Center Health and WKU merge or collaborate much more with each other. The talent we could attract is immense.",456,216,35,205,134,39,19,76,322,177,16,129
661,"The county will be served with full time firefighters, not solely volunteers.",684,491,29,164,200,118,14,68,484,373,15,96
662,"Integrate home school highschool aged students into competitive sports programs that set them up well for college athletics.",252,83,47,122,84,18,11,55,168,65,36,67
663,"Better road infrastructure.",949,746,27,176,259,168,11,80,690,578,16,96
664,"A well equipped roads department to maintain roads/ improvements",851,632,20,199,251,145,11,95,600,487,9,104
665,"Hope to see more indoor playgrounds available that are inclusive of abilities and ages (toddler+).",655,394,43,218,173,60,25,88,482,334,18,130
666,"Families need more things to do together!",965,624,46,295,266,141,21,104,699,483,25,191
667,"Bg would have pedestrian bridges over extremely busy intersections for cyclist and walkers",821,535,74,212,238,93,42,103,583,442,32,109
668,"We will make more greenways or bike lanes in the surrounding counties not just inside of bowling green",909,516,122,271,271,75,77,119,638,441,45,152
669,"Drivers will be more aware of cyclist and pedestrians",910,576,65,269,253,85,42,126,657,491,23,143
670,"There will be more bicycle parking , possibly bicycle garages",1061,474,180,407,316,54,96,166,745,420,84,241
671,"One stop shop refugee/new American housing development, on site job training, English courses, etc for new American success.",1046,454,231,361,309,37,148,124,737,417,83,237
672,"No more seven brews.",187,75,26,86,57,19,7,31,130,56,19,55
673,"Preserve all green space, for every tree removed 2 are planted.",825,542,45,238,235,104,31,100,590,438,14,138
674,"No urban sprawl, preserve our natural rural areas",328,186,34,108,103,45,11,47,225,141,23,61
675,"Build within city limits. Homes not apartments.  Reconsider moving the airport.",421,193,33,195,130,42,12,76,291,151,21,119
676,"Connection to the great Mammoth Cave NP area.",638,347,43,248,186,59,27,100,452,288,16,148
677,"Trader Joe’s please!!!!!",0,0,0,0,0,0,0,0,0,0,0,0
678,"We’ll have built a better connection between local agriculture and local cuisine",842,632,20,190,249,132,14,103,593,500,6,87
679,"I would like to see more restaurants",179,47,39,93,65,7,16,42,114,40,23,51
680,"I would love to see more authentic Asian stores and restaurants here in BG.. a more diverse community.. and some karaoke bars for sure!",0,0,0,0,0,0,0,0,0,0,0,0
681,"As BG and Warren County grows there needs to be affordable housing.  We also need to keep our diverse communities and nieghborhoods.",1,1,0,0,0,0,0,0,1,1,0,0
682,"I’d love to see more green spaces, better transit, local businesses thriving, and a walkable, connected, and sustainable community.",0,0,0,0,0,0,0,0,0,0,0,0
683,"We need to build appartment building and business down town in 10-stories or higher building and quit taking up all the farm land.",393,183,59,151,129,44,22,63,264,139,37,88
684,"Enlarge and merge our park and recreation centers to meet the growth.",973,661,49,263,279,124,31,124,694,537,18,139
685,"Develop heritage trails from the Rail park, Shake Rag, African American Museum, Aviation Park, Hobson House, Downtown, KY Museum and others.",892,546,68,278,258,68,51,139,634,478,17,139
686,"Professional soccer franchise",26,6,8,12,7,2,2,3,19,4,6,9
687,"Better emergency services. In particular, funding EMS and replacing volunteer fire departments with paid staff.",700,470,22,208,206,101,15,90,494,369,7,118
688,"I believe having a do all turf field or several turf and grass fields would be a great idea for tournaments and to rent out for teams",96,20,17,59,41,6,6,29,55,14,11,30
689,"High rises in downtown",341,104,106,131,113,24,32,57,228,80,74,74
690,"Widen major roads and invest in studies for future infrastructure development. Work with the state on maintaining and updating state roads.",1,1,0,0,0,0,0,0,1,1,0,0
691,"BG should have more transportation options to the airport",789,474,63,252,232,74,45,113,557,400,18,139
692,"Widen and attempt to beautify the bypass. Especially between campus and Broadway.",1075,720,73,282,290,156,22,112,785,564,51,170
693,"Develop areas away from Scottsville road",857,641,31,185,243,139,15,89,614,502,16,96
694,"Better planning and zoning to beautify Nashville road",819,510,39,270,244,108,25,111,575,402,14,159
695,"State of the art sports complexes",476,178,100,198,155,36,44,75,321,142,56,123
696,"More green space and walking trails",817,621,31,165,229,113,20,96,588,508,11,69
697,"Utilities will be underground",618,423,27,168,184,109,14,61,434,314,13,107
698,"Business signs will have a maximum height",180,78,11,91,62,16,7,39,118,62,4,52
699,"Need more indoor spaces for children to play for free",735,449,62,224,217,86,37,94,518,363,25,130
700,"More spaces for the homeless to go to get them off the streets",653,370,61,222,198,56,40,102,455,314,21,120
701,"BG will have a Trader Joe’s",1,1,0,0,0,0,0,0,1,1,0,0
702,"BG will have an updated movie theater.",1,1,0,0,0,0,0,0,1,1,0,0
703,"Wish there were more angle funds and vcs to help aspiring entrepreneurs to industry such as technology startups.",167,49,15,103,61,9,6,46,106,40,9,57
704,"BG will still be a welcome place for immigrants",3110,1727,608,775,598,67,315,216,2512,1660,293,559
705,"BG will have more unskilled jobs",99,16,15,68,42,4,5,33,57,12,10,35
706,"Special needs children will be treated better",591,375,18,198,170,57,10,103,421,318,8,95
707,"A good idea in theory, just impractical.",1,1,0,0,0,0,0,0,1,1,0,0
708,"While franchised businesses are needed for growth, we mustn’t let them choke out the local businesses of the same kind.",706,497,21,188,219,104,13,102,487,393,8,86
709,"Hopefully locally funded extended education programs ...outside regular schools that are free to public. To teach skills that they can use",605,347,51,207,171,50,26,95,434,297,25,112
710,"A public Par 3 golf course (lighting optional for night play).",390,121,89,180,122,32,25,65,268,89,64,115
711,"High quality, owner occupied, tiny home (unattached - 4 walls) neighborhood ~1,000 sqft for entry level affordability or downsizing",1,1,0,0,0,0,0,0,1,1,0,0
712,"Small daily carrier option from BG airport into ATL for easy air travel.",400,197,44,159,121,34,18,69,279,163,26,90
713,"I would like to see development along the river like Owensboro for family activities (parks, shops, restaurants), not just water sports.",1146,880,55,211,325,197,33,95,821,683,22,116
714,"More diverse child care options - including supporting legal in-home certified and licensed providers.",243,108,17,118,82,17,8,57,161,91,9,61
715,"Have diversified and reasonably accessible/priced entertainment in existing venues and create opportunities for new venues as well",1,1,0,0,0,0,0,0,1,1,0,0
716,"Spread the love and grow BG better into other parts of town, taking pressure and traffic away from Scottsville Rd.",984,727,38,219,283,141,29,113,701,586,9,106
717,"Updated movie theater and destination shopping opportunities.",1,1,0,0,0,0,0,0,1,1,0,0
718,"[TEST] comment submission",0,0,0,0,0,0,0,0,0,0,0,0
719,"Healthy food options and an expanse in to other grocers - Fresh Market, Trader Joe’s, etc.",841,636,37,168,237,134,17,86,604,502,20,82
720,"[TEST] Chrome comment submit 2",0,0,0,0,0,0,0,0,0,0,0,0
721,"Centralize and support farmer’s market opportunities",884,685,24,175,254,148,13,93,630,537,11,82
722,"BG should be a walkable downtown, to live, shop, and run businesses.  Prioritize our historic buildings and history.  Get the railway!",0,0,0,0,0,0,0,0,0,0,0,0
723,"I would like to see our churches throughout the different cultures/languages/people groups across our city all full and thriving.",109,36,15,58,45,9,5,31,64,27,10,27
724,"In the future, I hope that the Salvation Army has ample family units for parents with children to have a place to stay if they need it.",722,435,43,244,214,81,23,110,508,354,20,134
725,"In 2050, I hope that Bowling Green embraces edible landscaping throughout the city.",302,111,44,147,102,14,22,66,200,97,22,81
726,"I'd like to see less concrete in our city and more trees.",897,613,52,232,264,121,27,116,633,492,25,116
727,"I hope that we have county-wide recycling in the future.",1000,754,67,179,274,136,48,90,726,618,19,89
728,"I hope we have improved water quality throughout Warren County.",732,510,24,198,224,117,10,97,508,393,14,101
729,"I hope we have no internet monopolies in 2050.",387,209,17,161,118,45,7,66,269,164,10,95
730,"In 2050, I hope that we have better connections across all our Greenways.",823,543,38,242,240,97,30,113,583,446,8,129
731,"In 2050, I want to have safe pedestrian access across all of Cemetery Road.",707,437,51,219,211,67,38,106,496,370,13,113
732,"In the future, I hope we have safe pedestrian crossings around all interstate entrances throughout Bowling Green/Warren County.",789,480,62,247,225,70,40,115,564,410,22,132
733,"I hope we'll have more small, more intimate music venues.",845,484,66,295,245,72,42,131,600,412,24,164
734,"I hope we have an AtHome.",73,5,12,56,31,2,4,25,42,3,8,31
735,"I hope we have a HomeGoods.",415,165,58,192,132,45,9,78,283,120,49,114
736,"The immigrant populations in BG are essential to growth. It is the only thing differentiating us from any other city",2995,1247,891,857,590,24,401,165,2405,1223,490,692
737,"Immigrants are essential.",2924,1354,695,875,573,34,336,203,2351,1320,359,672
738,"History is a way to interpret now.",1,1,0,0,0,0,0,0,1,1,0,0
739,"Absolutely essential.",1,1,0,0,0,0,0,0,1,1,0,0
740,"We need to  focus on our downtown area which still is lacking any draw for retail traffic in daytime or food and non college at night",1080,707,58,315,300,133,33,134,780,574,25,181
741,"And give reason for visitors.",1,1,0,0,0,0,0,0,1,1,0,0
742,"I hope to see WKU expand over the years.",625,261,123,241,183,46,49,88,442,215,74,153
743,"That adds interest and flavor",1,1,0,0,0,0,0,0,1,1,0,0
744,"I hope to see the downtown area preserved.",854,656,24,174,243,136,15,92,611,520,9,82
745,"Probably not….malls are a thing of the past",1,1,0,0,0,0,0,0,1,1,0,0
746,"No. Malls are a thing of the past.",1,1,0,0,0,0,0,0,1,1,0,0
747,"Our roads are good. Traffic flow is an issue.",143,64,12,67,53,14,4,35,90,50,8,32
748,"BG will build more sports facilities for our youth.",877,439,121,317,257,89,54,114,620,350,67,203
749,"Only if the downtown area grows.",1,1,0,0,0,0,0,0,1,1,0,0
750,"No one will visit downtown development if they can’t get there via major roads ( Scottsville road)",146,41,23,82,45,8,4,33,101,33,19,49
751,"Our public transit is terrible. The bus keeps no schedule on time. It is very unreliable.",165,59,16,90,67,14,8,45,98,45,8,45
752,"In 2050, Bowling Green will have more energy efficient methods of transportation.",692,409,66,217,213,43,55,115,479,366,11,102
753,"In 2050, Bowling Green will have a safer LGBTQIA+ community.",3669,1540,1098,1031,632,30,428,174,3037,1510,670,857
754,"We do not use SKYPAC now.",26,7,7,12,7,2,2,3,19,5,5,9
755,"Focus on efforts to improve the city ….. the hotels will follow.",177,63,17,97,70,12,7,51,107,51,10,46
756,"We could but downtown needs someone developing it other than who is working on it now. No draw at all.",1,1,0,0,0,0,0,0,1,1,0,0
757,"It is now. People do it every day.",1,1,0,0,0,0,0,0,1,1,0,0
758,"Riverfront walking paths.",1050,833,31,186,296,185,17,94,754,648,14,92
759,"Outdoor local dining options.",919,644,35,240,276,133,20,123,643,511,15,117
760,"I don’t think so.",1,1,0,0,0,0,0,0,1,1,0,0
761,"Hard to do when someone in the federal government is destroying the department of education.",1,1,0,0,0,0,0,0,1,1,0,0
762,"What would that be?",1,1,0,0,0,0,0,0,1,1,0,0
763,"Somewhere most of us could not afford?",1,1,0,0,0,0,0,0,1,1,0,0
764,"What is the IMPACT Center?",1,1,0,0,0,0,0,0,1,1,0,0
765,"We'll have quaint wine clubs.",228,73,43,112,73,9,15,49,155,64,28,63
766,"We'll have jazz bars.",430,188,65,177,144,31,40,73,286,157,25,104
767,"Why?",1,1,0,0,0,0,0,0,1,1,0,0
768,"We'll have a few local bookstores with coffee shops.",1097,700,95,302,305,113,65,127,792,587,30,175
769,"We need local restaurants with price points accessible to families and CONSISTENT quality.",362,172,30,160,122,37,14,71,240,135,16,89
770,"No. Worthless and the don’t provide shade. And the look silly.",1,1,0,0,0,0,0,0,1,1,0,0
771,"We need expand our resources for these people in need.",1017,523,130,364,294,50,98,146,723,473,32,218
772,"We need health care options with high quality medical specialists for children and seniors who cannot easily travel to Nashville.",824,630,26,168,235,124,19,92,589,506,7,76
773,"We will transform the old BG bank building at the corner of Main and College into a parking structure.",104,17,33,54,43,5,8,30,61,12,25,24
774,"Are you kidding?",1,1,0,0,0,0,0,0,1,1,0,0
775,"You might want to define what “southern culture” means. This question is a bit concerning.",1,1,0,0,0,0,0,0,1,1,0,0
776,"We will have more aquatic center type facilities in different parts of the county.",736,436,63,237,222,88,36,98,514,348,27,139
777,"If it’s free",1,1,0,0,0,0,0,0,1,1,0,0
778,"Bowling Green will embrace and encourage regenerative agriculture.",634,396,31,207,198,65,24,109,436,331,7,98
779,"I hope we will have comfortable, safe bus stops with more pavilions and not just a sign on the side of the road.",1278,878,91,309,344,119,72,153,934,759,19,156
780,"BG needs to attract higher quality retail such as Trader Joe’s, REI, Whole Foods",1,1,0,0,0,0,0,0,1,1,0,0
781,"The County will prohibit Developers from serving on the Board of Planning and Zoning",519,339,27,153,169,81,11,77,350,258,16,76
782,"Would like to see those who make traffic patterns be forced to drive 31W and Scottsville Rd",84,28,15,41,30,6,4,20,54,22,11,21
783,"Lots of BG is flat, and with protected bike lanes, people could get around around on e-bikes and reduce traffic on the roads",937,511,109,317,272,55,75,142,665,456,34,175
784,"Year round farmer’s markets and easily accessible farm-to-table goods.",964,783,27,154,272,183,13,76,692,600,14,78
785,"Having 100 people on a “panel” like this would  hinder actual improvement of Bowling Green.  Trim it down, necessary people only",89,14,26,49,37,5,4,28,52,9,22,21
786,"Making BG attractive to successful and meaningful companies that bring well paying jobs. More high paying jobs = more money in local economy",1134,783,51,300,320,171,26,123,814,612,25,177
787,"Less apartment complexes that after 5-10 years become rundown.  Have stricter building regulations. Less smoke shops. More meaningful stores",1,1,0,0,1,1,0,0,0,0,0,0
788,"Expansion of Fire, EMS & Police.  More than just one ambulance service. More ambulance “bays” across city for faster response time",1,1,0,0,1,1,0,0,0,0,0,0
789,"Crack down on repeat offenders that are arrested dozens of times (yes there are ALOT in BG already)  Have the judges actually uphold the law",1,1,0,0,1,1,0,0,0,0,0,0
790,"Would have family-friendly Public museums",618,380,38,200,200,70,28,102,418,310,10,98
791,"The city must support WKU and Athletics. Also create an economy that is attractive to WKU grads so they stay and pour back into the city",1,1,0,0,1,1,0,0,0,0,0,0
792,"The news organizations HAVE to be better! We continue to lose talented broadcasters and reporters to other instate markets",494,267,31,196,157,67,15,75,337,200,16,121
793,"Lean in to the heritage of being a commerce center by adding a Costco and Trader Joe’s.",1,1,0,0,0,0,0,0,1,1,0,0
794,"BG will have a WholeFoods and/or Sprouts.",1,1,0,0,0,0,0,0,1,1,0,0
795,"A train that goes to Nashville and Louisville with connections to the airports and downtown",1128,818,95,215,311,149,62,100,817,669,33,115
796,"Public library with welcoming space to visit, lounge, participate in activities, etc. For example: Blount County and Williamson County",509,286,42,181,150,47,30,73,359,239,12,108
798,"A Fairness ordinance",1,1,0,0,0,0,0,0,1,1,0,0
799,"Improved active transit infrastructure, including a network of connected greenways/biking paths instead of disjointed segments",962,677,61,224,276,107,45,124,686,570,16,100
800,"Bowling Green will have more healthy and responsible eating options owned by locals",790,562,29,199,231,106,19,106,559,456,10,93
801,"Complete Street ordinance like Cinci—when in need of repair, streets replaced ones including wide sidewalks and PROTECTED bike lanes",1,1,0,0,0,0,0,0,1,1,0,0
802,"Bike lanes that are wide enough and protected from traffic with a barrier.",1089,623,158,308,294,79,85,130,795,544,73,178
803,"BG should be a stop on a train routes through Cincinnati and Nashville",1058,766,87,205,285,135,56,94,773,631,31,111
804,"Roadsides, berms, traffic islands, etc. planted with native plants instead of grass.",738,484,49,205,227,93,33,101,511,391,16,104
805,"We will have a skyline in downtown BG with verticality to increase density downtown.",290,101,59,130,102,23,22,57,188,78,37,73
806,"In 2050, the Amtrak stop will be available to all in Bowling Green!",1158,812,99,247,313,141,67,105,845,671,32,142
807,"Subsidies for property owners esp. local homeowners to install solar power",866,417,156,293,255,46,91,118,611,371,65,175
808,"Fairness ordinance",1,1,0,0,0,0,0,0,1,1,0,0
809,"Term limits for city commissioners",570,332,31,207,172,71,19,82,398,261,12,125
810,"Wildlife corridors",339,177,24,138,113,26,15,72,226,151,9,66
811,"Community gardens",939,648,69,222,245,102,41,102,694,546,28,120
812,"Stop the trains from being so loud at night",80,8,23,49,33,1,8,24,47,7,15,25
813,"More therapists in public schools",918,516,117,285,276,73,80,123,642,443,37,162
814,"Schools teaching classes on emotional intelligence starting at a young age",679,335,87,257,205,32,60,113,474,303,27,144
815,"Shop/home ec and life skills classes required in high schools (basic cooking, sewing, finances, taxes, health insurance, etc.)",794,485,59,250,242,126,27,89,552,359,32,161
816,"International restaurants and minority-owned businesses",1,1,0,0,0,0,0,0,1,1,0,0
817,"Pedestrian and cyclist access crossing Scottsville Rd",1018,647,101,270,276,94,56,126,742,553,45,144
818,"I’d love to see BG have adequate public transit.  An all hours, year round bus system with frequent stops, more than once an hour.",1279,875,108,296,329,98,79,152,950,777,29,144
819,"Vegan- and vegetarian- specific restaurants",1,1,0,0,0,0,0,0,1,1,0,0
820,"*Safe* bike lanes/a greenway that connects the whole town. Not just sections here and there that are poorly maintained and an afterthought.",1117,752,97,268,309,113,66,130,808,639,31,138
821,"Free parking downtown should be the standard",467,311,34,122,154,75,11,68,313,236,23,54
822,"Bowling Green needs an independent book store.",889,457,100,332,276,68,56,152,613,389,44,180
823,"A children’s museum/science museum. That participates in Museums For All - which allows low income families free or extremely reduced entry.",1,1,0,0,0,0,0,0,1,1,0,0
824,"We need corporate center high rises.",153,33,42,78,57,8,13,36,96,25,29,42
825,"We need an 8 lane outer bypass loop with wider roads.",163,39,45,79,54,10,11,33,109,29,34,46
826,"We need an amphitheater for major concerts and events.",1466,981,151,334,377,179,73,125,1089,802,78,209
827,"We need a new level 3 trauma medical center with better emergency services.",429,259,18,152,144,72,10,62,285,187,8,90
828,"We need a major renovation of the downtown riverfront like Owensboro.",1066,770,56,240,291,167,32,92,775,603,24,148
829,"We need to increase police forces for narcotics and counterterrorism threat teams.",2459,1140,522,797,529,327,45,157,1930,813,477,640
830,"We need to develop downtown riverfront skyline corporate buildings.",312,114,67,131,108,28,20,60,204,86,47,71
831,"We need to force out the trap-house hotels that have spread throughout the city.",94,23,11,60,35,8,3,24,59,15,8,36
832,"We need a major concert and venue center like the KFC Yum center.",1042,400,286,356,290,62,106,122,752,338,180,234
833,"Free public transit",1003,531,168,304,280,61,98,121,723,470,70,183
834,"We need to bring in University of Louisville Healthcare for psychological medical school teaching facilities like UK shut down.",120,33,15,72,42,5,5,32,78,28,10,40
835,"Preservation of historic areas instead of gentrification",622,361,44,217,202,62,24,116,420,299,20,101
836,"Shelters for unhoused folks that are not religiously affiliated",2002,946,441,615,483,55,230,198,1519,891,211,417
837,"Whitewater rafting, we have a Harley Store, add an Indian store, restaurant on the river front to watch the whitewater events.",0,0,0,0,0,0,0,0,0,0,0,0
838,"Wildlife-safe street lights that are reddish in color and reflected downward",421,162,66,193,129,19,29,81,292,143,37,112
839,"Improvement of light pollution (looking at you, Cherry Hall)",1,1,0,0,0,0,0,0,1,1,0,0
840,"Public safety overhaul - unified communication center, better EMS (ambulance) response, paid firefighters in County, City staffed for growth",1,1,0,0,1,1,0,0,0,0,0,0
841,"Expand and develop our airport as an area travel hub.",665,392,89,184,203,96,38,69,462,296,51,115
842,"The homeless population & panhandling is ruining the safety of our town. Walking around in our town feels more and more unsafe, day or night",46,23,5,18,18,10,0,8,28,13,5,10
843,"I would love to see BG have a better more open and welcoming music scene with more venues. It needs improvement",1,1,0,0,0,0,0,0,1,1,0,0
844,"Resource officers in all schools. Let’s prioritize the safety of our children!",1301,799,128,374,357,208,32,117,944,591,96,257
846,"I would love to see more activities for kids that are not sports",569,390,21,158,164,80,12,72,405,310,9,86
848,"Recycling pick-up",1097,843,82,172,288,142,56,90,809,701,26,82
849,"A lot more places to play pickleball. And more indoor pickleball options that are not privately owned and overpriced.",163,47,24,92,62,9,12,41,101,38,12,51
850,"A shopping center with shops and restaurants like Homegoods, Trader Joe’s, Carabas, Cheesecake Factory, and places we travel for now",1186,725,164,297,318,160,43,115,868,565,121,182
851,"Movie theater with reclining seats",475,237,54,184,148,56,27,65,327,181,27,119
852,"WALKABILITY",1062,793,62,207,294,126,44,124,768,667,18,83
853,"A lake",92,11,34,47,38,3,12,23,54,8,22,24
854,"Affordable housing, low income housing, expanded section 8 housing",1,1,0,0,1,1,0,0,0,0,0,0
855,"More thrift stores like St. Teresa’s",258,90,45,123,81,16,21,44,177,74,24,79
856,"More programs to feed and keep the homeless population safer.",1,1,0,0,1,1,0,0,0,0,0,0
857,"Safer places for entertainment (bowling alley, mini golf, parks)",918,649,32,237,269,154,17,98,649,495,15,139
858,"More restaurants and grocery stores on the north side",544,345,18,181,170,79,10,81,374,266,8,100
859,"A public ice hockey rink like Owensboro.",465,206,81,178,161,47,36,78,304,159,45,100
860,"Child free places",130,27,40,63,48,7,13,28,82,20,27,35
861,"Improve Scottsville road traffic",1,1,0,0,0,0,0,0,1,1,0,0
862,"Commuter parking available easily accessible off I65 and I165 exits in Bowling Green.",271,115,27,129,99,21,16,62,172,94,11,67
863,"Neighborhood communities with all necessities walkable",960,676,64,220,272,110,45,117,688,566,19,103
864,"Fix the flooding issues and sink holes",599,397,33,169,183,94,15,74,416,303,18,95
865,"Dave & Busters, Real laser tag, paintball, top golf.  Places to go, things to do especially for teens.",1,1,0,0,1,1,0,0,0,0,0,0
866,"Work toward relocating the airport to a location that allows for a higher volume of air traffic.",632,365,65,202,196,85,26,85,436,280,39,117
867,"Farm-to-table grocery options that are open daily/standard business hours instead of a few days a week like farmer's markets",955,696,40,219,260,122,29,109,695,574,11,110
868,"Traffic (esp. Scottsville Rd) will be improved by reducing car reliance, NOT adding more lanes to the ""strode""",665,333,92,240,198,44,52,102,467,289,40,138
869,"Election days will be public holidays so employees have an easier time accessing polling locations",502,253,77,172,159,39,37,83,343,214,40,89
870,"I want to see the Louisville rd area grow just as much as the other parts of town do",773,452,50,271,209,91,20,98,564,361,30,173
871,"We need trader Joe’s!",1,1,0,0,0,0,0,0,1,1,0,0
872,"New reflectors on roads such as Cave Mill, where there are no streetlights.",697,500,19,178,210,105,12,93,487,395,7,85
873,"A zoo might be a unreasonable ask but wouldn’t that be amazing!",560,217,153,190,164,50,41,73,396,167,112,117
874,"I want a better renovated movie theater",1,1,0,0,1,1,0,0,0,0,0,0
875,"Bring recycling back to Bowling Green!!!",930,696,64,170,253,128,40,85,677,568,24,85
876,"More design review oversight on new development—the community should work to create additional design review boards for different areas.",309,133,33,143,110,29,17,64,199,104,16,79
877,"Protect and increase green space and parks.",1,1,0,0,0,0,0,0,1,1,0,0
878,"Expand the historic overlay or design review downtown to prevent more homes from being torn down to build cheap, unattractive apartments.",606,385,37,184,182,83,19,80,424,302,18,104
879,"Implement fines for property owners who allow properties to be vacant/in disrepair over a certain number of years—or incentives to invest.",702,431,59,212,219,99,29,91,483,332,30,121
880,"Get the level of barren river back up if we are going to invest in riverfront!",117,31,7,79,44,10,3,31,73,21,4,48
881,"Ensure we remain a two hospital community; choice is key and promotes competition. We already struggle to serve all.",512,309,27,176,171,85,8,78,341,224,19,98
882,"Scottsville Rd will be 3 lanes bypass will back to two lanes. It will have at least one more high school and middle school.",100,17,17,66,36,5,5,26,64,12,12,40
883,"More incentives for small business owners.",899,621,31,247,254,130,16,108,645,491,15,139
884,"Signage ordinances/restrictions throughout city (height, color etc).",302,127,51,124,102,33,16,53,200,94,35,71
885,"Be strategic about how many apartment builds are allowed per year etc..or restrict areas.",526,283,59,184,144,76,13,55,382,207,46,129
886,"BG in 2050 will have a fairness ordinance and become a safe space for ALL people.",1,1,0,0,0,0,0,0,1,1,0,0
887,"Public transportation will be more readily available in multiple forms",1115,790,74,251,312,99,63,150,803,691,11,101
888,"BG will have more public art. Everything from murals and art installations to museums and festivals.",1296,826,134,336,343,90,96,157,953,736,38,179
889,"Bowling Green will have more socialization hubs for youth and adults",1128,748,61,319,311,130,39,142,817,618,22,177
890,"Unique park experiences would be fun to have (bike parks, etc.)",1033,707,66,260,280,121,47,112,753,586,19,148
891,"Improve traffic and infrastructure; re-calibrate the traffic lights on major thoroughfares so that flow is improved...i",1,1,0,0,0,0,0,0,1,1,0,0
892,"BG needs to address traffic issues. Traffic is backed up all over BG at all times of the day.",0,0,0,0,0,0,0,0,0,0,0,0
893,"Remove invasive species and non-natives (especially trees) from spaces such as parks and campus",251,115,21,115,90,25,9,56,161,90,12,59
894,"A Bowling Green passenger train to and from downtown Nashville.",1,1,0,0,0,0,0,0,1,1,0,0
895,"I hope that as citizens we always collaborate with cleanliness and decoration so that the city has an excellent environment",793,534,35,224,224,111,20,93,569,423,15,131
896,"Fewer refugees and immigrants. Our schools, hospitals and tax base has it's limits. I know it sounds mean but it's just being honest.",2673,806,1230,637,533,329,66,138,2140,477,1164,499
897,"We need more green spaces and more public transit options.",1,1,0,0,0,0,0,0,1,1,0,0
898,"movie theater with recline seats, restaurants that aren’t mex or coffee shops. bigger airport. Address the scottsville rd traffic issue.",1,1,0,0,0,0,0,0,1,1,0,0
899,"Plant more trees, stop allowing developers to put houses and apartments everywhere!",610,372,72,166,191,89,31,71,419,283,41,95
900,"Save some green spaces, save some of the beautiful land.",1,1,0,0,0,0,0,0,1,1,0,0
901,"Stop the apartments and Jagoe homes taking every bit of green space we have! Stop the millionaire developers!",520,312,53,155,157,77,21,59,363,235,32,96
902,"Plant more trees. At the rate we are going, there will be none by 2050.",711,535,31,145,200,103,21,76,511,432,10,69
903,"I would love to see work shops for kids and adults. Like computer, job search, resume writing, teach languages, sew and cooking classes, etc",599,366,39,194,188,75,28,85,411,291,11,109
904,"Drug education programs and other initiatives to combat drug use. Especially among young people.",485,274,41,170,152,62,19,71,333,212,22,99
905,"An all year ice skating rink",1,1,0,0,0,0,0,0,1,1,0,0
906,"the capitalist pigs who buy up all the major parking lots downtown just to profit off lower class downtown workers need to go!",436,184,71,181,139,27,37,75,297,157,34,106
907,"Our local landscaping will feature native plants",657,427,30,200,203,83,19,101,454,344,11,99
908,"Will have bustling art collectives",231,98,25,108,87,7,20,60,144,91,5,48
909,"Will have a dog park near Buchanon park",188,65,23,100,65,10,14,41,123,55,9,59
910,"all the old rich racist farts who hold power over this town will hopefully be gone",296,97,64,135,98,10,31,57,198,87,33,78
911,"Large scale community art opportunities",473,218,66,189,156,18,48,90,317,200,18,99
912,"Beautiful, shaded, and safe sidewalks to make no-car transportation accessible and allow folks to walk the whole city!",897,646,56,195,254,95,44,115,643,551,12,80
913,"City center has essential stores (no car req’d) & housing densities decrease further from city center, preserving land/decrease congestion.",271,123,17,131,89,16,13,60,182,107,4,71
914,"hopefully weed will be legal in ky and we will have small business dispensaries providing safe locally grown thc products",988,319,318,351,267,34,138,95,721,285,180,256
915,"get rid of tax cuts for the church. organized religion is the root of all problems in this world",276,67,122,87,93,9,49,35,183,58,73,52
916,"down with the sleezy lawyer landlords hoarding beautiful downtown homes and letting them rot while charging high ass rent to college kids",377,173,41,163,129,34,22,73,248,139,19,90
917,"Find a way to help downtown retail/office/business stay longer, it seems like so many come and go constantly.",766,512,36,218,232,98,25,109,534,414,11,109
918,"We need greater initiatives to create a community in bowling green . We don’t just want to live in bowling green but need to be part of it",457,239,27,191,140,29,20,91,317,210,7,100
919,"In 2050, the WKU to Rivefront area will need to be developed as the center of work, play, eat, and shopping if BG is every a real city.",1,1,0,0,1,1,0,0,0,0,0,0
920,"We will have an indoor, modern community pool.",883,525,119,239,245,101,53,91,638,424,66,148
921,"Turn hospital hill into a ski area in the winter",71,2,30,39,29,0,7,22,42,2,23,17
922,"Adopt Uniform Residential Landlord Tenant Act (URLTA)",85,18,7,60,38,1,4,33,47,17,3,27
923,"City and County boards should directly reflect the demographics of community.",514,272,59,183,152,31,36,85,362,241,23,98
924,"We need better health care in Bowling Green.",548,359,30,159,173,91,15,67,375,268,15,92
925,"Publics, Costco, Trader Joes, Golden Corral!!",1,1,0,0,1,1,0,0,0,0,0,0
926,"We’re done . lol help Morgantown and Russellville out.",72,5,19,48,32,1,5,26,40,4,14,22
927,"YMCA!",110,56,12,42,36,14,3,19,74,42,9,23
928,"Grow more experienced drivers",140,52,14,74,51,12,3,36,89,40,11,38
929,"Will there be meetings about making BG smaller?? That’s a group I would be interested in.",1,1,0,0,1,1,0,0,0,0,0,0
930,"We need to address the traffic problem. Traffic is backed up all over BG at all times of the day.",1,1,0,0,1,1,0,0,0,0,0,0
931,"That the current silos that try to run BG will work together",138,46,7,85,54,11,5,38,84,35,2,47
932,"A Trolley or small electric shuttle bus running from 7am to 10pm regularly from the parking garage to the Fountain Sg area.",290,127,41,122,95,16,21,58,195,111,20,64
933,"Our Riverfront could be preserved as a true nature park with walking in a forest concept and places for children to play with naturally.",661,452,28,181,203,97,12,94,458,355,16,87
934,"More individual solar installations",493,209,85,199,155,20,51,84,338,189,34,115
935,"All new public and commercial buildings could have rooftop solar or parking lots with solar coverings.",1,1,0,0,0,0,0,0,1,1,0,0
936,"The artificial turf will be replaced with grass and shade trees at the downtown parking garage.",286,114,50,122,105,21,22,62,181,93,28,60
937,"BG will have uniform neighborhood policies like requiring manicured lawns, sidewalks, no street parking, and maintenance upkeep.",1120,313,443,364,308,90,98,120,812,223,345,244
938,"We need a Trader Joe’s",1,1,0,0,0,0,0,0,1,1,0,0
939,"We need Sheriffs and Police depts to have trained mediators to handle mental/ domestic/ drugged persons when arresting.",752,489,57,206,234,86,40,108,518,403,17,98
940,"NATURAL riverfront walking paths. No pavement!",392,197,49,146,125,34,26,65,267,163,23,81
941,"We do not need more fitness theming at Riverfront park.",96,23,14,59,40,8,2,30,56,15,12,29
942,"A concerted effort to plant and nurture street trees all along the By-Pass and in the parking lots that are rarely full.",777,508,53,216,232,90,36,106,545,418,17,110
943,"Four lanes on scottsville road to improve traffic flow",500,221,86,193,152,57,16,79,348,164,70,114
944,"We need affordable houses where people want to stay forever - not starter homes.",675,440,46,189,195,79,34,82,480,361,12,107
945,"More education on the resources that are available for people with Parkinson’s in the Bowling Green area so they don’t have to travel",154,61,6,87,51,5,4,42,103,56,2,45
946,"Better transportation for people who are older and who can’t get on a typical bus",692,450,31,211,215,80,25,110,477,370,6,101
947,"More nutritionists that will teach you how to eat correctly and with natural foods",449,189,65,195,150,27,39,84,299,162,26,111
948,"The community will have more cultural fusion public events to celebrate the people groups from all over the world that call BG home.",1466,728,281,457,394,27,186,181,1072,701,95,276
949,"Bowling Green will have commercial flights in and out of our regional airport.",678,409,110,159,196,88,45,63,482,321,65,96
950,"We will be seen as a welcoming community to multicultural families",2066,1252,294,520,483,66,204,213,1583,1186,90,307
951,"Downtown will be filled with local, unique businesses with daytime and evening entertainment.",862,649,22,191,246,127,17,102,616,522,5,89
952,"Bowling Green will attract the bourbon industry and be an easily accessible part of the Bourbon Trail.",1046,548,181,317,285,101,77,107,761,447,104,210
953,"Trader Joe’s!",1,1,0,0,0,0,0,0,1,1,0,0
954,"Trader Joe’s in the lot off the Bypass/Cabell Dr intersection",960,559,108,293,292,114,56,122,668,445,52,171
955,"Whole Foods!!",1,1,0,0,0,0,0,0,1,1,0,0
956,"Better Public Transportation!",1,1,0,0,0,0,0,0,1,1,0,0
957,"More walkable neighborhoods and streets",929,755,35,139,244,137,26,81,685,618,9,58
958,"Organized and well advertised Makers Markets",416,206,33,177,141,33,25,83,275,173,8,94
959,"More adult only spaces that aren’t just bars",548,266,65,217,180,47,38,95,368,219,27,122
960,"BG needs community pools. The water park is nice but lower income families may not be able to afford that. Pools with a small cover",580,301,82,197,180,52,43,85,400,249,39,112
961,"Small Business support from the state",499,275,27,197,149,41,22,86,350,234,5,111
962,"The downtown area will have several signature events that attract tourists. International Festival is a great start. We need 2-4 more.",1007,597,101,309,301,70,79,152,706,527,22,157
963,"Everyone in Warren County should be WKU fans.",105,12,46,47,39,5,13,21,66,7,33,26
964,"We’ll be a destination for live music. Hot Rods stadium and every local restaurant with an outdoor area could be a hub for entertainment.",1,1,0,0,0,0,0,0,1,1,0,0
965,"More multilingual assistance for Spanish and Arabic speakers specifically",1652,703,386,563,414,29,233,152,1238,674,153,411
966,"Less Empty buildings and lower rent! More real people owning property.",1,1,0,0,0,0,0,0,1,1,0,0
967,"We’ll attract local artists and have spaces for them to create and sell. See Medford, OR and Cody, WY for great small town examples.",889,483,95,311,259,44,64,151,630,439,31,160
968,"We’ll have a power infrastructure that supports growth and weathers storms better. Less outages and faster response times.",712,496,25,191,227,111,18,98,485,385,7,93
969,"More paved walking and biking trails in safe and well-lit areas or existing parks that are not adjacent to a roadway.",1,1,0,0,0,0,0,0,1,1,0,0
970,"We’ll have shuttles from BG to Mammoth Cave. As Mammoth Cave expands their dining and entertainment options, BG should meet visitor needs.",681,365,79,237,204,58,40,106,477,307,39,131
971,"More shopping districts that include LOCAL shops, restaurants, and cafes and less banks, apartments, and hotels.",748,490,45,213,208,88,24,96,540,402,21,117
972,"We’ll work with our talented local farmers and chefs to offer farm to table experiences. Example: Meadow Lark Farm Dinners in Colorado.",923,644,50,229,257,110,34,113,666,534,16,116
973,"Expand the trolley to offer different types of tours - cultural tours, food tours, and more that get customers to our local businesses.",975,618,84,273,266,83,56,127,709,535,28,146
974,"A professional soccer team that unites the community",1,1,0,0,0,0,0,0,1,1,0,0
975,"A professional basketball team",1,1,0,0,0,0,0,0,1,1,0,0
976,"Prioritize ensuring buildings are not vacant. Incorporate multi use building plans into growth.",1,1,0,0,0,0,0,0,1,1,0,0
977,"Install sidewalks and shoulders on roads throughout town. Widen Smallhouse Road and other key arteries.",1,1,0,0,0,0,0,0,1,1,0,0
978,"Re-calibrate the traffic lights on major thoroughfares so that flow is improved.",608,446,18,144,200,129,9,62,408,317,9,82
979,"We will handle increased traffic by adding lanes to key roads throughout Warren County.",1224,801,123,300,321,185,27,109,903,616,96,191
980,"BG could use a convention center as nerdy cons are more popular and more common. Also we need a Tim Horton's.",1,1,0,0,0,0,0,0,1,1,0,0
981,"BG will no longer waste money on pointless projects & use the money to build up community activities.",171,60,16,95,61,16,6,39,110,44,10,56
982,"I hope to see more engaging attractions for both children and adults.",1,1,0,0,0,0,0,0,1,1,0,0
983,"BG will not shut down at 8pm. Places will stay open later. More restaurants will have late night hours. More breakfast options",1,1,0,0,1,1,0,0,0,0,0,0
984,"BG in 2050 will have live music, parks, and walkable green space from the river to downtown!",1,1,0,0,0,0,0,0,1,1,0,0
985,"BG in 2050 will have walkable markets, bars, stores, restaurants, mom and pop shops near neighborhoods!",1,1,0,0,0,0,0,0,1,1,0,0
986,"BG will have a new annual signature event other than Duncan Hines days.",529,289,34,206,166,59,20,87,363,230,14,119
987,"BG in 2050 will have the brightest students in city and county schools!",495,305,22,168,136,63,6,67,359,242,16,101
988,"In 2050 BG will have significantly less chain food options and more local options.",1,1,0,0,0,0,0,0,1,1,0,0
989,"Slow growth",114,35,17,62,39,11,5,23,75,24,12,39
990,"Want more International restaurants",779,372,111,296,246,35,75,136,533,337,36,160
991,"Want to see more minority-owned businesses",1460,701,240,519,376,32,154,190,1084,669,86,329
992,"We will have a sportscenter to compete with Owensboro for sporting events.",734,351,110,273,208,78,41,89,526,273,69,184
993,"Bowling Green will have a freestanding birth center to attract modern, growing families looking for evidence-based care options.",358,140,40,178,113,21,22,70,245,119,18,108
994,"In 2050 Bowling Green will have a well paved greenway that connects all of the city.",1,1,0,0,0,0,0,0,1,1,0,0
995,"In 2050 Bowling Green will have a Fairness Ordinance.",1,1,0,0,0,0,0,0,1,1,0,0
996,"In 2050 Bowling Green will have affordable childcare options.",794,533,41,220,237,89,28,120,557,444,13,100
997,"Our stormwater & karst ecosystem work overtime in weather events and will work harder as we grow. Support its maintenance & utilities teams.",752,541,16,195,208,102,13,93,544,439,3,102
998,"SKYPAC will get better bookings.",707,445,27,235,222,98,16,108,485,347,11,127
999,"I hope we will use SKyPAC to its full potential in 2050.",906,680,21,205,258,136,14,108,648,544,7,97
1000,"In 2050, I hope we have fewer apartment complexes that become run down after 5-10 years.",671,445,31,195,209,119,12,78,462,326,19,117
1001,"I hope we'll have an aquarium.",188,75,34,79,62,12,18,32,126,63,16,47
1002,"I would love to see more authentic Asian stores here in BG.",217,64,37,116,82,6,23,53,135,58,14,63
1003,"I would love to see more authentic Asian restaurants here in BG.",734,352,104,278,215,47,64,104,519,305,40,174
1004,"We need some karaoke bars for sure!",184,55,31,98,67,14,13,40,117,41,18,58
1005,"We need to be a more diverse community.",1582,562,482,538,428,8,260,160,1154,554,222,378
1006,"We need to keep our diverse communities and neighborhoods.",1023,549,137,337,276,33,87,156,747,516,50,181
1007,"Higher quality grocery stores. More healthy options for dining.",1,1,0,0,0,0,0,0,1,1,0,0
1008,"I'd love to see a more sustainable community.",564,330,35,199,172,44,27,101,392,286,8,98
1009,"Grow up. Not wider. Improve walkability and access to amenities.",1,1,0,0,0,0,0,0,1,1,0,0
1010,"Widen our major roads.",407,199,58,150,127,52,12,63,280,147,46,87
1011,"Invest in studies for future infrastructure development.",842,551,46,245,245,109,26,110,597,442,20,135
1012,"I hope we'll work with the state on maintaining and updating state roads.",592,419,11,162,173,100,6,67,419,319,5,95
1013,"Do a carrying capacity study for how much BG needs for X amount of population.",280,116,21,143,97,22,11,64,183,94,10,79
1014,"Create a historic preservation/improvement grant program to incentivize property/biz owners to update their buildings.",461,258,39,164,161,46,31,84,300,212,8,80
1015,"We'll have neighborhoods with high quality, owner occupied tiny homes for entry level home ownership or downsizing.",613,345,60,208,187,59,36,92,426,286,24,116
1016,"I hope we'll have diversified and reasonably accessible/priced entertainment in existing venues.",797,509,47,241,236,77,37,122,561,432,10,119
1017,"We need one central -easy to locate - updated daily communication place to get information on any and all non commercial events.",464,255,34,175,142,47,21,74,322,208,13,101
1018,"We will have shopping in Bowling Green that is a destination for those not living here.",565,291,76,198,175,65,32,78,390,226,44,120
1019,"Require every developer to plant and properly maintain,  a city parks arborist approved, future shade tree on every home lot built.",505,281,60,164,167,55,37,75,338,226,23,89
1020,"Do away with voting districts.  If you live in the County - you vote for any person running in the county.",101,30,19,52,34,8,8,18,67,22,11,34
1021,"Do away with district voting just as they did away with commissioner district voting. 3 empty seats - top 3 vote getters win.",67,10,8,49,25,3,4,18,42,7,4,31
1022,"Every apartment building must have an elevator.",145,49,23,73,46,4,10,32,99,45,13,41
1023,"More community/family events (like the fall festival and tree lighting) throughout the year.",901,692,27,182,259,144,19,96,642,548,8,86
1024,"Let the GM company enhance and beautify Exit 28",282,111,25,146,87,20,6,61,195,91,19,85
1025,"We need a system for integrating all refugees and immigrants, that seamlessly absorbs them into the community.",1003,477,190,336,291,45,117,129,712,432,73,207
1026,"BG needs more collaboration, diversity, to increase the art scene",537,216,113,208,179,7,79,93,358,209,34,115
1027,"We need a public transportation system that runs in 2 directions, frequently and easily accessed.",1,1,0,0,0,0,0,0,1,1,0,0
1028,"Infrastructure for water/sewer needs to be invested in the county",584,393,24,167,179,89,14,76,405,304,10,91
1029,"An affordable housing trust fund created and funded by both county and city taxes",345,117,66,162,112,7,42,63,233,110,24,99
1030,"Rehab projects to improve the low-income housing stock",473,273,37,163,148,33,30,85,325,240,7,78
1031,"We will have a smooth system for teaching immigrants English and absorbing them into our city, as contributing members of the city.",946,536,125,285,265,70,73,122,681,466,52,163
1032,"Science and art center/museum",1,1,0,0,0,0,0,0,1,1,0,0
1033,"More diversity on county/city boards with 4 year term maximum",718,347,126,245,213,29,82,102,505,318,44,143
1034,"Roadway infrastructure for bike lanes and safety",1,1,0,0,0,0,0,0,1,1,0,0
1035,"We need an expansion of Fire, EMS & Police.",829,492,57,280,248,145,15,88,581,347,42,192
1036,"More investment in the north part of the county",433,229,26,178,141,50,14,77,292,179,12,101
1037,"We need more than just one ambulance service.",339,202,9,128,116,54,5,57,223,148,4,71
1038,"IT jobs",228,101,19,108,85,27,10,48,143,74,9,60
1039,"We need more ambulance “bays” across city for faster response time.",480,266,19,195,155,64,10,81,325,202,9,114
1040,"STEM education and jobs",249,132,14,103,83,25,7,51,166,107,7,52
1041,"Public transit in county/all of city",1,1,0,0,0,0,0,0,1,1,0,0
1042,"We need to crack down on repeat offenders that are arrested dozens of times (yes there are A LOT in BG already).",708,387,51,270,215,126,6,83,493,261,45,187
1043,"In 2050, our judges will actually uphold the law.",142,48,5,89,57,10,5,42,85,38,0,47
1044,"Make sure companies pay a true living wage to receive a tax credit, be transparent",560,287,60,213,181,37,43,101,379,250,17,112
1045,"Combine city/county government",1,1,0,0,0,0,0,0,1,1,0,0
1046,"The county needs full time fire service not volunteer",567,365,27,175,168,82,14,72,399,283,13,103
1047,"In 2050, the city will show more support for WKU.",331,131,53,147,116,28,26,62,215,103,27,85
1048,"In 2050, the city will show more support for WKU Athletics.",216,65,41,110,79,17,18,44,137,48,23,66
1049,"We will value the nonprofits and support their impactful work",823,567,53,203,231,75,41,115,592,492,12,88
1050,"The faith community will be collaborative",514,239,67,208,148,62,13,73,366,177,54,135
1051,"We will have train service",1,1,0,0,0,0,0,0,1,1,0,0
1052,"We will have a two sheet ice facility for public use, hockey teams, and figure skating",513,251,67,195,151,58,30,63,362,193,37,132
1053,"We will have 4, 55+ communities with amenities",438,209,45,184,140,45,26,69,298,164,19,115
1054,"We will embrace multi-gen households",433,190,46,197,151,30,27,94,282,160,19,103
1055,"Farmers will be supported",783,619,17,147,219,138,9,72,564,481,8,75
1056,"We will have a pro soccer team",136,23,48,65,49,6,17,26,87,17,31,39
1057,"We will have an online community calendar that people know about",839,592,51,196,241,120,32,89,598,472,19,107
1058,"We will have food tours",221,85,23,113,79,11,18,50,142,74,5,63
1059,"We will see the beauty in our diversity and quit hiding it to one part of town",734,329,127,278,207,14,81,112,527,315,46,166
1060,"Companies in the transparks create their own ride share services to cut down on traffic congestion",550,295,38,217,178,56,25,97,372,239,13,120
1061,"Companies in the transparks create daycares and allow nursing moms to take breaks to feed their kids from birth to 6 months old",603,331,49,223,189,42,36,111,414,289,13,112
1062,"We will ban pay day lending",146,48,13,85,46,8,0,38,100,40,13,47
1063,"We will have charter or magnet schools",550,161,187,202,177,66,35,76,373,95,152,126
1064,"We will have forest schools that are pre-k through 3rd grade",86,17,11,58,34,2,4,28,52,15,7,30
1065,"Elementary schools will have recess that is play/social not on screens",412,266,10,136,124,65,3,56,288,201,7,80
1066,"In 2050 BG will have multiple clean, decent dance clubs for all styles.",240,84,35,121,79,13,18,48,161,71,17,73
1067,"BG will celebrate the rich diversity of cultures it contains all year round like it does for the International Festival!",1937,1030,329,578,462,44,208,210,1475,986,121,368
1068,"Bowling Green will prioritize mid-to-low income housing to prevent homelessness for its community members",1285,757,172,356,346,70,118,158,939,687,54,198
1069,"Arts festivals to showcase the impressive array of artists and musicians in the Bowling Green area",1044,681,89,274,298,95,64,139,746,586,25,135
1070,"Focus on sustainability and protecting the nature, waterways, etc. I’d love to see more seeded/pollinator wildflowers along roadways.",0,0,0,0,0,0,0,0,0,0,0,0
1071,"We need to create ""warm lines"" with community funded story teams for citizens in crisis, including mental health crises.",307,113,35,159,99,1,24,74,208,112,11,85
1072,"By 2050, BG will have created programs to help young people learn to farm sustainably AND profitably.",607,412,24,171,172,80,14,78,435,332,10,93
1073,"Bowling Green will work with the surrounding counties and the state to prepare for abnormal weather situations.",681,432,32,217,211,81,21,109,470,351,11,108
1074,"BG will have integrated medical care options to support people with complex health needs, including acupuncture and medical herbalism.",486,244,58,184,154,34,31,89,332,210,27,95
1075,"Improve connectivity of Greenways.",700,478,30,192,199,76,20,103,501,402,10,89
1076,"BG 2050 will be a bicycle friendly community via greenways, bike lanes, and dedicated bike routes to get around town.",1,1,0,0,0,0,0,0,1,1,0,0
1077,"Curbside recycling for all of Warren county.",1065,788,88,189,294,137,64,93,771,651,24,96
1078,"BG needs an arts district with gallery space, shops with hands-on activities, and opportunities to purchase from local artisans.",1236,757,137,342,328,83,89,156,908,674,48,186
1079,"Renter's rights",517,212,81,224,162,17,53,92,355,195,28,132
1080,"Dedicated nature areas with hiking trails.",920,732,31,157,263,149,22,92,657,583,9,65
1081,"We should improve drainage for roads so we don't have so many flooded roadways",605,434,15,156,173,96,6,71,432,338,9,85
1082,"Parks to simply enjoy the outdoors (lounging/picnic). Most our parks now are for a dedicated purpose such as disc golf or other activity.",592,392,38,162,177,88,18,71,415,304,20,91
1083,"Traffic can be improved by spreading out the commercial district so that places like Rich Pond have groceries, restaurants, and shopping.",761,533,45,183,207,103,22,82,554,430,23,101
1084,"Bowling  Green could be a leader in supporting visual and performing artists as a place to live and work.",695,403,67,225,213,44,48,121,482,359,19,104
1085,"Have city government that runs our city like it is the 3rd largest city in Kentucky, because it actually is. *Officials that are appointed*",166,62,22,82,54,15,11,28,112,47,11,54
1086,"Have a bike route that goes around the whole city. Recycling and composting pick up.",915,602,89,224,248,83,61,104,667,519,28,120
1087,"BG needs a vibrant arts district like Broad Ripple in Indianapolis",312,120,40,152,100,8,24,68,212,112,16,84
1088,"Traffic planning BEFORE our roads and streets become inadequate for traffic flow.  Preserve our trees and historic buildings.",893,737,25,131,259,170,14,75,634,567,11,56
1089,"We need another type of grocery store like Trader Joe’s, Whole Foods, or even Publix",0,0,0,0,0,0,0,0,0,0,0,0
1090,"We need some restaurants with outdoor seating for nice weather days.",728,499,37,192,215,105,15,95,513,394,22,97
1091,"We need more places for over 50 adults can meet other adults",348,144,28,176,104,21,13,70,244,123,15,106
1092,"Incentivize retail to grow in areas AWAY from Scottsville Rd. Some corridors are neglected, despite massive population growth. 6880 is one.",542,357,30,155,173,78,16,79,369,279,14,76
1093,"First off we need to structure bg to be able to handle that many people the roads are subpar for the people that we have here now",1,1,0,0,0,0,0,0,1,1,0,0
1094,"No paid parking like Nashville we are going to end up spending 15 an hour to go shopping downtown if we don't get a grip on it quick",279,151,33,95,96,42,13,41,183,109,20,54
1095,"We need more family and teen areas to hang out.",747,488,50,209,214,95,30,89,533,393,20,120
1096,"I would love to see a big hands on museum, for all ages.",753,496,55,202,217,88,39,90,536,408,16,112
1097,"I would love to see a Dave and Busters take over the old Sears building.",573,215,117,241,183,46,42,95,390,169,75,146
1098,"It would be awesome to have a drive in Movie theater",527,272,67,188,176,69,27,80,351,203,40,108
1099,"I'd like to see more sidewalks on scottsville road and on Cumberland Trace road",715,429,70,216,234,84,44,106,481,345,26,110
1100,"Our roads need to catch up with our population, too many apartments where the roads can’t take it. More family, friendly activities indoors.",0,0,0,0,0,0,0,0,0,0,0,0
1101,"A new modern airport hub, maybe Southwest or Delta, as well as an option like UPS hub for package transport.",339,160,55,124,115,37,24,54,224,123,31,70
1102,"Move the service drives on each side of Scottsville Road to BEHIND the businesses. This will create more space for traffic",95,20,12,63,33,5,0,28,62,15,12,35
1103,"We need a state of the art movie theater in BG!",1,1,0,0,0,0,0,0,1,1,0,0
1104,"We will have access to more educational opportunities such as private, or homeschooling, not just public schools.",1,1,0,0,0,0,0,0,1,1,0,0
1105,"We will invest in an airport that can offer flights domestically in the USA",1,1,0,0,0,0,0,0,1,1,0,0
1106,"I understand the push for downtown. What if we spread out and have multiple venues for entertainment.",702,388,56,258,213,84,25,104,489,304,31,154
1107,"more kid friendly activities. Zoo, cooking classes, science museum, photography classes, stem related , etc. that don’t break cost a lot",1,1,0,0,1,1,0,0,0,0,0,0
1108,"A new airport",1,1,0,0,1,1,0,0,0,0,0,0
1109,"Nashville has too many people. I’d like to see us have smaller communities. Big is not always great!",272,127,35,110,100,47,7,46,172,80,28,64
1110,"Affordable housing for all, tiny houses, apts for seniors only which are not low income  No Panhandling  PD cite traffic violations in city",1,1,0,0,0,0,0,0,1,1,0,0
1111,"We need sidewalks in the safer parts of bg where people actually walk and jog in the early hours.",738,542,25,171,228,114,21,93,510,428,4,78
1112,"I would like an external infrastructure review on the 31-W Bypass and other major reviews to inform what roads look like in the future.
",364,203,12,149,110,40,6,64,254,163,6,85
1113,"Bg needs indoor sporting facilities. Most cities are turning their small malls like ours into indoor walking/running/sports facilities",985,588,96,301,282,129,45,108,703,459,51,193
1114,"We need a ""Complete Streets"" ordinance that cities like Cincinnati have, to design roads that enable pedestrians, bicyclists, motorists, and public transit.",546,322,45,179,169,45,31,93,377,277,14,86
1115,"I want us to have a children's museum or science museum that is part of the Museums for All program, which allows free or extremely reduced entry to low income families.",958,679,69,210,277,120,50,107,681,559,19,103
1116,"I'd like to see an Indian store/restaurant on the riverfront.",151,40,24,87,52,4,12,36,99,36,12,51
1117,"I hope we improve light pollution in the city, including places like Cherry Hall at WKU.",150,49,18,83,57,7,9,41,93,42,9,42
1118,"Greenwood mall needs to go. Replace with outdoor shopping like Greenhills",204,64,39,101,76,21,14,41,128,43,25,60
1119,"Make BG a place to raise a family again. Too many drugs, too much violence.",671,352,84,235,208,128,16,64,463,224,68,171
1120,"We need a unified public safety communication center.",344,156,23,165,122,27,18,77,222,129,5,88
1124,"BG50 will have converted our low quality mall into a safe indoor fitness/sports venue with fields,walking tracks etc",387,151,63,173,130,32,28,70,257,119,35,103
1125,"I hope BG is a major stop on an Amtrak route that would connect us to Nashville and Louisville.",1,1,0,0,0,0,0,0,1,1,0,0
1126,"BG50 will have moved our land-locked, unsafe airport to a developing area such as north/south Warren",1,1,0,0,1,1,0,0,0,0,0,0
1127,"BG50 will have removed the unsafe menace of panhandling and homeless criminals",1395,713,234,448,361,254,12,95,1034,459,222,353
1128,"I would love to see BG have a more open and welcoming music scene.",665,402,40,223,197,62,30,105,468,340,10,118
1129,"In 2050, the airport will be run by a service provider that have good attitudes and are a great face for Bowling Green.",180,73,11,96,67,17,4,46,113,56,7,50
1130,"Bowling Green will have expanded section 8 housing in 2050.",217,75,36,106,70,7,17,46,147,68,19,60
1131,"Bowling Green will get a Dave & Busters.",225,60,59,106,70,12,18,40,155,48,41,66
1132,"Bowling Green will have a laser tag venue.",241,74,56,111,84,12,31,41,157,62,25,70
1133,"Bowling Green will have great paintball options.",127,33,30,64,42,5,8,29,85,28,22,35
1134,"We will have more places to go and things to do for our teens.",773,528,33,212,226,112,22,92,547,416,11,120
1135,"We will take the 31W Bypass back to two lanes on each side.",158,49,44,65,51,14,11,26,107,35,33,39
1136,"We need shopping areas, including grocery stores, to be developed out in the county so everything is not focused around Scottsville Road.",919,694,45,180,258,147,25,86,661,547,20,94
1137,"We will have at least one more high school by 2050.",311,133,23,155,102,33,5,64,209,100,18,91
1138,"We will have at least one more middle school by 2050.",322,143,21,158,107,35,10,62,215,108,11,96
1139,"Better options for recycling",1,1,0,0,0,0,0,0,1,1,0,0
1140,"TRADER JOES OR BUST",1,1,0,0,0,0,0,0,1,1,0,0
1141,"We need an Apple Store",139,31,45,63,53,8,12,33,86,23,33,30
1142,"By 2050. I would like to see a bourbon distillery in BG! Linking Bowling Green to the Bourbon Trail and increasing tourism.",774,385,139,250,226,69,65,92,548,316,74,158
1143,"BG will have an indoor track to attract large meets, so athletes do not have to travel to Louisville or beyond.",530,236,72,222,157,35,35,87,373,201,37,135
1144,"BG will have more independent small businesses: a bookstore, bakeries, a yarn shop… etc",818,577,46,195,227,97,29,101,591,480,17,94
1145,"I would love to see a Trader Joe’s show up in BG!",0,0,0,0,0,0,0,0,0,0,0,0
1146,"Better healthcare.",527,366,13,148,155,77,8,70,372,289,5,78
1147,"Greenwood mall will be turned into an outdoor shopping area, with space included for entertainment and dining.",1,1,0,0,0,0,0,0,1,1,0,0
1148,"I agree",1,1,0,0,0,0,0,0,1,1,0,0
1149,"More sidewalks and promotion of walking trails, greenways, and hikes.",1,1,0,0,0,0,0,0,1,1,0,0
1150,"All utilities should participate in a data sharing initiative to ensure development corridors can be planned preumtively",205,90,8,107,61,13,4,44,144,77,4,63
1151,"I wish we can come together to talk about what we disagree without being judgmental.",199,89,12,98,68,16,5,47,131,73,7,51
1152,"The parallel Scottsville roads between exit 22 and Lovers Lane should be consolidated. The layout can’t facilitate the growth you’re naming.",110,33,14,63,37,8,1,28,73,25,13,35
1153,"Money should be invested to bury overhead electric lines to achieve a look more similar to Lover’s Lane",596,381,49,166,184,95,23,66,412,286,26,100
1154,"Murals around town that help make our city as beautiful as we know it is!  & supporting a local BG mural artist to do it! I know a girl!",992,634,113,245,292,101,70,121,700,533,43,124
1155,"Will there be more childcare available?",1,1,0,0,1,1,0,0,0,0,0,0
1156,"Will there be a directory of all local, small businesses, non-profits to list their business for free & attach events easily?",1,1,0,0,1,1,0,0,0,0,0,0
1157,"Better coordinated promotion of local events - to encourage nightlife and civic engagement. Soky happenings is not enough.",679,446,31,202,200,78,23,99,479,368,8,103
1158,"Will we have a place people wanting to open a food truck can go & get all the requirements in one place & help getting started?",1,1,0,0,1,1,0,0,0,0,0,0
1159,"Will there be a place that small business owners/ local businesses can go to share & get ideas or mentor each other?",1,1,0,0,1,1,0,0,0,0,0,0
1160,"A reasonable place for short term retail leases. Giving folks who want to setup a month, weekend … a place to share their talents & skills",302,132,33,137,98,20,18,60,204,112,15,77
1161,"Encourage recycling and make it more accessible",1,1,0,0,0,0,0,0,1,1,0,0
1162,"Will we have a place for food trucks to setup outside of downtown?",1,1,0,0,1,1,0,0,0,0,0,0
1163,"Will we have an area to bring children entrepreneurs to work on & sell their products? Allowing them a safe place to learn how to run a bus.",1,1,0,0,1,1,0,0,0,0,0,0
1164,"Will companies & business in town work together instead of trying to compete with each other.",1,1,0,0,1,1,0,0,0,0,0,0
1165,"in 2050 I hope Bowling Green will have a higher density to help prevent urban sprawl",346,155,32,159,126,30,18,78,220,125,14,81
1166,"Will we have a free directory of all churches in town to assist new people to BG to getting plugged in easily.",1,1,0,0,1,1,0,0,0,0,0,0
1167,"We could use one more coffee shop, bank or car wash? :)",1,1,0,0,1,1,0,0,0,0,0,0
1168,"One large farmers market. That adds a kids section to it.",557,274,71,212,166,67,28,71,391,207,43,141
1169,"WKU will grow & have more students. With more majors & minors added for the newer generations",383,185,53,145,129,32,32,65,254,153,21,80
1170,"Stop overlooking small businesses that are staples in our town just because they aren't members of the chamber.",368,220,16,132,107,41,10,56,261,179,6,76
1171,"Update the target",139,32,26,81,42,7,4,31,97,25,22,50
1172,"Wine and tapas bar",212,73,35,104,72,9,17,46,140,64,18,58
1173,"I think we need to stop building so many 7brews and start building places that we can hangout and have fun at.",1,1,0,0,0,0,0,0,1,1,0,0
1174,"KY is 4th in the nation in the number of refugee arrivals compared to other states. I think BG needs to drastically reduce our current rate.",2320,792,951,577,505,327,49,129,1815,465,902,448
1175,"There needs to be an active airport for locals to use. We should not be relying on Nashville for our travel.",1,1,0,0,0,0,0,0,1,1,0,0
1176,"The road system needs to simplified. There are too many one lane queuing. So lines and up being 20 cars deep",282,138,24,120,93,38,7,48,189,100,17,72
1177,"Bowling Green will get a Sprouts grocery store.",66,8,7,51,27,1,3,23,39,7,4,28
1178,"Bowling Green will get an REI.",97,22,21,54,38,5,8,25,59,17,13,29
1179,"Bowling Green will have a Costco.",402,218,43,141,124,48,17,59,278,170,26,82
1180,"The greenwood mall will become a place to be.",170,69,27,74,53,16,6,31,117,53,21,43
1181,"More small businesses downtown, more entertainment options, more roundabouts, commerce expand towards Alvaton",1,1,0,0,1,1,0,0,0,0,0,0
1182,"A good football team and the rest of the money and expansion will come naturally.",120,16,43,61,42,5,11,26,78,11,32,35
1183,"An organic grocery store that focuses on minimally processed nutrient dense whole foods.",678,402,56,220,201,79,28,94,477,323,28,126
1184,"Preserve and enhance downtown without making it touristy like Franklin TN",252,119,27,106,88,25,13,50,164,94,14,56
1185,"Increase WCPS teacher pay!",749,467,82,200,228,75,56,97,521,392,26,103
1186,"More running/walking trails",1,1,0,0,0,0,0,0,1,1,0,0
1187,"More community parks to have cookouts and family get togethers and safe place for children to play and pet friendly.",630,411,36,183,187,79,27,81,443,332,9,102
1188,"Elected leaders will focus on development of areas with existing infrastructure instead of allowing urban sprawl.",431,268,29,134,129,58,12,59,302,210,17,75
1189,"Discontinue use of our public parks for Drag Shows and Pride Celebrations.",3421,1300,1520,601,590,412,70,108,2831,888,1450,493
1190,"It’s 2050 and we are still bumpin Fetty",47,2,16,29,19,1,5,13,28,1,11,16
1191,"We need more people to hire the federal prisoners that are put in the halfway house program !",197,68,32,97,63,3,19,41,134,65,13,56
1192,"BG should have a permanent ice rink.",0,0,0,0,0,0,0,0,0,0,0,0
1193,"With this projected 2050 growth, BG will need more support for law enforcement, DCBS, victim services & community mental health.",1,1,0,0,0,0,0,0,1,1,0,0
1194,"2050 BG needs a Crimes Against Children Unit!",165,66,9,90,56,13,3,40,109,53,6,50
1195,"We will be a city w/ our own unique KY brand/identity (ie Keep Austin Weird)",460,220,54,186,140,31,32,77,320,189,22,109
1196,"The community needs a ymca and an indoor public pool",1,1,0,0,1,1,0,0,0,0,0,0
1197,"An evidence-based reentry program to reduce recidivism rates; with increased population comes increased crime.",232,110,22,100,92,31,17,44,140,79,5,56
1198,"In the midst of development, that historic buildings will be preserved",754,575,22,157,214,114,19,81,540,461,3,76
1199,"Increased stores east of i65 to reduce the traffic burden on Scottsville Rd.",1,1,0,0,0,0,0,0,1,1,0,0
1200,"Revitalize the down town area and preserve the old buildings. More activity for adults and children.",0,0,0,0,0,0,0,0,0,0,0,0
1201,"The preservation of old tree growth and inclusion of native landscaping with new developments",709,534,27,148,200,99,14,87,509,435,13,61
1203,"Have a large community center in the county that has not only a sports complex but also provides a community theater program",493,257,48,188,148,36,26,86,345,221,22,102
1204,"Start thinking of bowling green as more than just the downtown area. There’s a whole county of opportunity and businesses",391,230,20,141,127,50,10,67,264,180,10,74
1205,"Implement a county recycling program again",1,1,0,0,1,1,0,0,0,0,0,0
1206,"We need more big brand grocer options on the outskirts of town to appeal to the incoming counties.",667,385,69,213,189,72,29,88,478,313,40,125
1207,"Faster progress toward a new exit on 65.",123,44,15,64,48,11,2,35,75,33,13,29
1208,"we need to improve the roads wider roads more access to the downtown area, More roundabouts synchronize stop lights.",1,1,0,0,0,0,0,0,1,1,0,0
1209,"More sidewalks. I see many people walking on the streets Cumberland trace for example",739,560,36,143,222,117,26,79,517,443,10,64
1210,"we need more hiking trails",714,481,44,189,224,104,25,95,490,377,19,94
1211,"More outdoor activities during nice weather that support local businesses like farmer’s markets.",1,1,0,0,0,0,0,0,1,1,0,0
1212,"Captain obvious here…… Roads roads roads!",0,0,0,0,0,0,0,0,0,0,0,0
1213,"City investment to beautify older neighborhoods.",796,523,78,195,242,112,43,87,554,411,35,108
1214,"Engage neighbors to keep their lawns and homes clean and maintained.",835,427,115,293,224,104,25,95,611,323,90,198
1215,"Better transportation for all neighborhoods.",1,1,0,0,0,0,0,0,1,1,0,0
1216,"More healthcare hospital options.",1,1,0,0,0,0,0,0,1,1,0,0
1217,"I think we should have commercial airlines in and out of the airport.",1,1,0,0,0,0,0,0,1,1,0,0
1218,"We need to start building tall buildings downtown. To attract larger communities that can utilize the spaces",346,127,103,116,101,25,34,42,245,102,69,74
1219,"Perhaps a centralized place where all event venues can be listed w/ events including wedding etc.",264,110,21,133,98,27,11,60,166,83,10,73
1220,"Airport needs to be moved to accommodate our massive growth",1,1,0,0,0,0,0,0,1,1,0,0
1221,"BG will have an entertainment district with live music venues and nightlife.",1193,781,111,301,308,118,59,131,885,663,52,170
1222,"BG will have smart traffic signals to improve flow and reduce congestion.",829,641,29,159,228,148,19,61,601,493,10,98
1223,"BG will have a walkable, vibrant arts district with studios and galleries.",1132,708,111,313,295,67,75,153,837,641,36,160
1224,"BG will have free public Wi-Fi in downtown and major public spaces.",676,432,54,190,212,77,35,100,464,355,19,90
1225,"BG will have new dog parks and pet-friendly public spaces.",671,362,90,219,202,64,48,90,469,298,42,129
1226,"BG will have expanded healthcare facilities to meet growing demand.",1,1,0,0,0,0,0,0,1,1,0,0
1227,"BG will have an artist-in-residence program bringing creatives to BG.",423,182,58,183,137,9,37,91,286,173,21,92
1228,"BG will have new public sculptures and murals reflecting BG’s heritage.",918,513,117,288,272,66,77,129,646,447,40,159
1229,"BG will have expanded cultural exchange programs with sister cities.",329,136,40,153,111,11,27,73,218,125,13,80
1230,"BG will have a regional music festival showcasing Bluegrass and more.",1020,632,81,307,282,115,43,124,738,517,38,183
1231,"BG will have a Southern food and bourbon festival highlighting Kentucky flavors.",1090,631,125,334,299,106,66,127,791,525,59,207
1232,"BG will offer new business incentives to revitalize downtown storefronts.",867,586,49,232,261,112,34,115,606,474,15,117
1233,"BG will revitalize historic buildings for multi-use retail, dining, and office spaces.",677,510,17,150,202,103,11,88,475,407,6,62
1234,"BG will offer more apprenticeship programs connecting students to industries.",729,521,22,186,219,121,11,87,510,400,11,99
1235,"BG will implement regional and national tourism campaigns highlighting BG’s unique attractions.",502,263,45,194,154,56,24,74,348,207,21,120
1236,"BG will have an annual business pitch competition with funding for winners.",135,41,17,77,51,8,7,36,84,33,10,41
1237,"BG will have an expanded and updated conference and event center to draw conventions.",1,1,0,0,0,0,0,0,1,1,0,0
1238,"BG will have a city-backed online marketplace for local artisans and makers.",411,187,49,175,129,24,26,79,282,163,23,96
1239,"BG will have remote work incentives to attract digital professionals.",411,186,57,168,131,27,29,75,280,159,28,93
1240,"BG will have pop-up retail spaces for testing new business ideas.",586,297,61,228,171,48,27,96,415,249,34,132
1241,"BG will have stronger tourism branding to position BG as a weekend destination.",1104,662,112,330,301,121,57,123,803,541,55,207
1242,"BG will have expanded film industry incentives to attract movie productions.",236,85,43,108,81,12,21,48,155,73,22,60
1243,"BG will have a “Buy Local” campaign to support small businesses year-round.",932,673,29,230,254,124,11,119,678,549,18,111
1244,"The county and region will work together on expanded cave tourism with adventure and eco-tour options.",828,517,47,264,242,97,30,115,586,420,17,149
1245,"BG will have a more accessible and robust bourbon and craft beer trail featuring Kentucky distilleries.",645,296,119,230,201,53,62,86,444,243,57,144
1246,"BG will have new boutique hotels downtown with historic charm.",846,427,103,316,233,82,36,115,613,345,67,201
1247,"BG will work with the museum on expanded Corvette Museum experiences with track days & VR.",340,135,36,169,106,36,11,59,234,99,25,110
1248,"BG will have weekend getaway packages promoting local attractions.",559,281,61,217,180,57,31,92,379,224,30,125
1249,"BG will have self-guided walking tour available like an interactive Civil War history trail with AR experiences.",283,121,42,120,97,20,23,54,186,101,19,66
1250,"BG will offer food and wine tours highlighting local flavors.",824,447,95,282,241,74,54,113,583,373,41,169
1251,"BG will have expanded agritourism with farm stays and harvest festivals.",804,560,43,201,244,120,24,100,560,440,19,101
1252,"A bagel shop that serves New York style bagels and sandwiches.",405,180,58,167,126,27,34,65,279,153,24,102
1253,"BG will have a culinary school offering short courses for visitors.",573,268,82,223,187,59,42,86,386,209,40,137
1254,"I hope Bg is a national leader in manufacturing and transportation and I also would like to see bg have a professional soccer team",1,1,0,0,0,0,0,0,1,1,0,0
1255,"BG will expand its tourism efforts into agritourism with a comprehensive farm to table plan and event support for local events on farms.",997,700,59,238,293,149,33,111,704,551,26,127
1256,"BG will attract a flagship bourbon distillery to establish a BG location.",574,246,113,215,193,55,58,80,381,191,55,135
1257,"BG will create a Bowling Green Bourbon & Spirits Trail with local producers.",463,168,102,193,148,26,46,76,315,142,56,117
1258,"The community will be safer and more health conscious with walk/bike paths throughout BG that are well-lit and policed.",818,586,45,187,233,100,32,101,585,486,13,86
1259,"BG will offer incentives for small-batch distillers to open in BG.",611,267,117,227,181,43,60,78,430,224,57,149
1260,"BG will host a bourbon cocktail competition with top local bartenders and mixologists.",525,171,121,233,168,27,55,86,357,144,66,147
1261,"BG will have a downtown bourbon tasting room featuring Kentucky brands.",801,380,146,275,233,73,69,91,568,307,77,184
1262,"More things for children to do. When they have idle time they will get into trouble.",555,329,27,199,180,80,13,87,375,249,14,112
1263,"Will have safer roads with more roundabouts and fewer traffic lights.",0,0,0,0,0,0,0,0,0,0,0,0
1264,"BG will engage WKU students in this BG50 brainstorming. How can we retain them in the region and keep their youth in our economy?",916,551,72,293,237,78,47,112,679,473,25,181
1265,"BG will launch a WKU Digital Marketing & E-Commerce Accelerator to help local businesses adapt to online sales.",293,118,36,139,88,17,19,52,205,101,17,87
1266,"BG will launch a BG Storytelling Festival to celebrate local legends, folklore, and first-hand historical accounts.",575,301,65,209,171,42,27,102,404,259,38,107
1267,"We should have public shared gardens where produce is given out for free.",503,265,70,168,146,27,38,81,357,238,32,87
1268,"BG will work with WKU on an Oral History Project to record and archive local residents’ personal histories for future generations.",542,271,52,219,173,38,34,101,369,233,18,118
1269,"BG will host an Annual Historic Homes Tour and open BG’s most historic residences for guided public tours.",421,187,43,191,142,36,21,85,279,151,22,106
1270,"I hope to see a shake shack in the VERY NEAR future. I don’t want to have to wait 25 years lol.",94,17,24,53,33,2,5,26,61,15,19,27
1271,"BG will revitalize lost neighborhoods with plaques & memorials to recognize sites lost to urban renewal. Incorporate into a walking tour.",353,130,59,164,125,9,35,81,228,121,24,83
1272,"BG will develop a local history app with self-guided tours with photos, stories, and expert narration.",491,231,55,205,162,30,39,93,329,201,16,112
1273,"BG will establish a Bowling Green Historical Society, a nonprofit dedicated to preserving and promoting BG’s history.",565,314,50,201,165,53,27,85,400,261,23,116
1274,"BG will create a time capsule project with community contributions locked away for future generations.",317,97,67,153,112,18,32,62,205,79,35,91
1275,"More affordable/ discounted grocery stores including a larger vicinity Aldis and a Trader Joe’s",1,1,0,0,0,0,0,0,1,1,0,0
1276,"Sustainable electricity options in BG",643,389,57,197,196,46,45,105,447,343,12,92
1277,"BG will capitalize on our unique history. Ex. bootlegging history with hidden bar experiences and guided prohibition-themed pub crawls.",615,291,81,243,203,52,45,106,412,239,36,137
1278,"BG will fully revitalize Capitol Arts and use it as a hub for concerts, film festivals, and live theater to attract creative tourism.",1,1,0,0,0,0,0,0,1,1,0,0
1279,"BG will expand events around Hilltopper football and basketball to include weekend-long fan experiences with local partnerships.",554,216,107,231,173,47,43,83,381,169,64,148
1280,"More cherry blossom trees all over the county!",462,232,54,176,135,45,25,65,327,187,29,111
1281,"We will have a Publix",286,112,38,136,94,33,12,49,192,79,26,87
1282,"We will have a Golden Corral!",69,5,29,35,28,1,9,18,41,4,20,17
1283,"I look for there to be a major interstate addition that connects I-165 to I-65 on the north side of town near the trans park area.",99,33,16,50,33,6,2,25,66,27,14,25
1284,"We need more meetings about making BG smaller.",93,13,38,42,36,4,12,20,57,9,26,22
1285,"Recreational marijuana will be legal in Bowling Green.",1527,515,571,441,391,57,232,102,1136,458,339,339
1286,"The by-pass will be turned into a 5 lane road, all utilities are buried and businesses are all shopping/food based.",446,194,77,175,142,49,21,72,304,145,56,103
1287,"All new public and commercial buildings could have rooftop solar.",576,277,83,216,167,25,52,90,409,252,31,126
1288,"All new public and commercial buildings could have parking lots with solar coverings.",307,135,43,129,94,13,30,51,213,122,13,78
1289,"I would like to see more authentic Asian restaurants and bakeries similar to ones you see in bigger cities.",389,175,49,165,128,15,37,76,261,160,12,89
1290,"Hot Rods Stadium could be a hub for entertainment.",958,646,56,256,252,125,26,101,706,521,30,155
1291,"Every local restaurant with an outdoor area could be a hub for entertainment.",414,186,45,183,132,35,24,73,282,151,21,110
1292,"I would like to see more kids activities that are focused on STEAM learning.",430,246,29,155,135,49,17,69,295,197,12,86
1293,"I would like to have more modern upscale shopping areas.",382,164,62,156,123,30,26,67,259,134,36,89
1294,"Designation of Lost River Cave as a state park or a natural preserve",597,365,42,190,189,82,25,82,408,283,17,108
1295,"We will have lower rent in 2050.",413,176,59,178,140,24,30,86,273,152,29,92
1296,"We will have fewer empty buildings in the future.",702,499,21,182,206,106,12,88,496,393,9,94
1297,"Investments to protect and restore our historical buildings and sites",501,342,21,138,158,64,16,78,343,278,5,60
1298,"I would like to see events like “First Fridays/First Saturdays” that exhibit local art galleries and food trucks.",613,400,39,174,194,66,36,92,419,334,3,82
1299,"We will have more rental properties owned by individuals and small businesses.",120,44,12,64,40,7,5,28,80,37,7,36
1300,"Preserving our rich farmlands and greater protections for farmers",489,354,16,119,141,90,7,44,348,264,9,75
1301,"Collaboration with land trusts to preserve natural marvels in the county",386,253,14,119,127,53,9,65,259,200,5,54
1302,"More paved walking and biking trails in safe and well-lit areas.",730,540,35,155,216,106,27,83,514,434,8,72
1303,"More parks that are not adjacent to a roadway.",495,253,33,209,159,31,23,105,336,222,10,104
1304,"Sidewalks!!! Especially along Scottsville road and the bypass",1,1,0,0,0,0,0,0,1,1,0,0
1305,"Investments in infrastructure to create walkable and bike-able roads.",1,1,0,0,0,0,0,0,1,1,0,0
1306,"Solar infrastructure in parking lots and on rooftops. And more green rooftops!",637,358,92,187,202,45,68,89,435,313,24,98
1307,"Higher quality grocery stores.",649,395,52,202,213,89,31,93,436,306,21,109
1308,"More healthy options for dining.",589,383,32,174,186,76,22,88,403,307,10,86
1309,"Bowling Green will need more Christian School choices",467,138,194,135,147,66,28,53,320,72,166,82
1310,"Passenger railroad to Nashville/ Louisville/ Chicago!",1,1,0,0,0,0,0,0,1,1,0,0
1311,"Turning our vacant lots into thriving natural landscapes",549,363,37,149,179,68,26,85,370,295,11,64
1312,"Stormwater infrastructure at drakes creek (twin bridges) and barren river",1,1,0,0,0,0,0,0,1,1,0,0
1313,"More accessibility around city council meetings and town halls",250,138,14,98,95,35,10,50,155,103,4,48
1314,"BG will be able to attract a regional airline for flights to a few US destinations",1,1,0,0,0,0,0,0,1,1,0,0
1315,"Install sidewalks and shoulders on roads throughout town.",817,592,49,176,247,113,43,91,570,479,6,85
1316,"Building upwards, not outwards! We continue to build on top of our natural heritage and ideal farming lands",242,143,16,83,68,32,6,30,174,111,10,53
1317,"Widen Smallhouse Road.",678,305,112,261,215,84,38,93,463,221,74,168
1318,"Big changes to Greenwood Mall! Supporting longevity of site and inviting stakeholders in successful businesses, like Publix or trader joes",1,1,0,0,0,0,0,0,1,1,0,0
1319,"Communication channels between city council/ board on upcoming meetings. More public input like this initiative",466,298,16,152,154,69,10,75,312,229,6,77
1320,"I want to see a metro-Warren government established so services are more readily available to everyone in Warren County and Bowling Green",1,1,0,0,1,1,0,0,0,0,0,0
1321,"Building connections with local artists. Mor art and murals!",1,1,0,0,0,0,0,0,1,1,0,0
1322,"BG could use a convention center as nerdy cons are more popular and more common.",157,51,19,87,58,7,13,38,99,44,6,49
1323,"We need a Tim Horton's.",80,13,18,49,30,4,6,20,50,9,12,29
1324,"Community farms!",412,254,33,125,145,49,26,70,267,205,7,55
1325,"We will have more breakfast options.",338,146,36,156,123,36,16,71,215,110,20,85
1326,"Converting vacant buildings into affordable/emergency housing",472,253,62,157,161,33,45,83,311,220,17,74
1327,"Greater financial support for our public schools.  our KY schools rely the most on federal funding and need local investors",529,294,76,159,184,52,52,80,345,242,24,79
1328,"Taking notes from cities that are committed to sustainability and utilizing toolkits to drive positive change and accommodations",314,154,26,134,107,15,19,73,207,139,7,61
1329,"Carbon sequestration techniques for our factories",104,32,12,60,40,2,6,32,64,30,6,28
1330,"Turning ScottsvilleRd from a mini interstate to a tree-lined, walkable, and bike accessible avenue connecting our nbrhds & economic district",388,208,58,122,129,36,33,60,259,172,25,62
1331,"Widen the Bypass stretch back to 4 lanes.  Since there is vacant lots on the stretch close to WKU, we can still have bike lanes and 4 lanes.",1,1,0,0,0,0,0,0,1,1,0,0
1332,"Navigate strategies to manage our landfill to increase it’s capacity, and also invest in city-wide recycling and composting services",536,375,30,131,188,86,24,78,348,289,6,53
1333,"Local mandates to preserve natural areas and plant native trees and crops that will increase climate-resilience",383,244,30,109,123,37,22,64,260,207,8,45
1334,"Morgantown Rd/ Russellville Rd/ Vets memorial will expand w population. Making efforts to turn this area a thriving district",295,155,18,122,96,29,13,54,199,126,5,68
1336,"Reducing number of fast food chains. It’s what we’re known for and its not a good impression",203,97,29,77,68,21,11,36,135,76,18,41
1337,"Training our law enforcement to prioritize HARM REDUCTION and CIVILIAN RIGHTS",1,1,0,0,0,0,0,0,1,1,0,0
1338,"Livable wages. This comes with prioritizing our local businesses and lowering the costs of living",393,251,27,115,137,42,24,71,256,209,3,44
1340,"Revitalizing the Greenwood mall area to be walkable and full of trees. From Lowe’s to Scottsville Rd.",445,286,38,121,152,70,24,58,293,216,14,63
1341,"Cave Mill road by Natcher will be better lit",208,100,10,98,72,21,6,45,136,79,4,53
1342,"Bowling Green needs more indoor activities for families and teens.",1,1,0,0,0,0,0,0,1,1,0,0
1343,"Our children and further generations will inherit our city. Giving high schoolers the opportunity to interact w and shadow our leaders",248,139,12,97,92,30,8,54,156,109,4,43
1344,"Creating safe areas for children and youth to interact with their community and natural environment",351,252,9,90,127,54,7,66,224,198,2,24
1345,"Smarter parking infrastrucure, and less car dependency",1,1,0,0,0,0,0,0,1,1,0,0
1346,"I like the size of our airport, and think in its current state it could accommodate greater commercial flights",1,1,0,0,0,0,0,0,1,1,0,0
1347,"Greenways connecting bypass, Campbell ln, and scottsville rd",386,237,25,124,134,47,20,67,252,190,5,57
1348,"Utilizing our blueways to promote water recreation and safety",367,237,12,118,137,53,11,73,230,184,1,45
1349,"Creating buffers around our waterways and green spaces to protect them and conserve them",424,285,16,123,152,60,12,80,272,225,4,43
1350,"Sustainable practices for lawn care around the community, planting native species that do not require pesticides or mowing on public land.",1,1,0,0,0,0,0,0,1,1,0,0
1351,"Encourage use of environmentally friendly lawn care and planting of native species.",290,166,16,108,102,23,13,66,188,143,3,42
1352,"Investing to protect our historical district! The Capitol! Downtown! Riverfront! Hobson house! Etc!",1,1,0,0,0,0,0,0,1,1,0,0
1353,"Opportunities for AP/ dual credit students to meet/shadow local officials",263,119,30,114,92,24,15,53,171,95,15,61
1354,"Collaboration with WKU to increase opportunities for arts and sports",1,1,0,0,0,0,0,0,1,1,0,0
1355,"Collaboration with land trusts to preserve historic sites, farmlands, and greenspaces",1,1,0,0,0,0,0,0,1,1,0,0
1356,"Investment from Corvette Museum to increase educational opportunities and support development of area near exit 28",1,1,0,0,0,0,0,0,1,1,0,0
1357,"Invest in our parks! Make these spaces safe and accessible for all. with up to date infrastructure that encourages learning and play",1,1,0,0,0,0,0,0,1,1,0,0
1358,"Mandates to preserve our downtown historical buildings and make this area more green with native trees and plants!",1,1,0,0,0,0,0,0,1,1,0,0
1359,"We will be known as a community that proactively limits air and water pollution so that our citizens can maintain healthy lifestyles.",445,258,52,135,157,36,43,78,288,222,9,57
1360,"Focus on sustainability and protecting the nature, waterways, etc.",691,516,35,140,232,104,31,97,459,412,4,43
1361,"I’d love to see more seeded/pollinator wildflowers along roadways.",628,453,34,141,207,94,27,86,421,359,7,55
1362,"Indoor Sports Complex – Develop a multi-sport facility for year-round training.",1,1,0,0,0,0,0,0,1,1,0,0
1363,"BG would have a children’s museum or science/space center.",1,1,0,0,0,0,0,0,1,1,0,0
1364,"We will be a a city centered around Christ. Helping all people come to know him!",1260,502,452,306,375,211,60,104,885,291,392,202
1365,"Sports Complex (soccer,baseball,football,lacrosse,volleyball,basketball etc.)",1,1,0,0,0,0,0,0,1,1,0,0
1366,"Glow-in-the-Dark Parks & Trails – Solar-powered pathways that light up at night.",388,215,44,129,141,38,30,73,247,177,14,56
1367,"As a community we will prioritize our school systems. Allowing each child to know they have a purpose in this world.",408,271,26,111,140,50,17,73,268,221,9,38
1368,"I hope there would be playground/park with a really big covered structure pavilion with basketball and other activities for rainy days",414,243,24,147,146,52,18,76,268,191,6,71
1369,"Food Truck Plaza-a space for food trucks to set up.",312,190,22,100,108,37,19,52,204,153,3,48
1370,"PD cite traffic violations in city",95,28,10,57,40,9,2,29,55,19,8,28
1371,"Kids activities like Cooking classes, photography classes which are affordable",532,334,28,170,178,70,20,88,354,264,8,82
1372,"Build magnet/charter schools to help foster high performance students rather than more elementary schools",1,1,0,0,1,1,0,0,0,0,0,0
1373,"More promotion of walking trails, greenways, and hikes",647,474,27,146,212,100,22,90,435,374,5,56
1374,"Planned communities, attention to infrastructure needs, flood plains, community gardens and green spaces.",1,1,0,0,0,0,0,0,1,1,0,0
1375,"BG will have a pediatric urgent care and a pediatric ER.",1,1,0,0,0,0,0,0,1,1,0,0
1376,"I would like more nature parks with hiking trails.",0,0,0,0,0,0,0,0,0,0,0,0
1377,"Bowling Green will have a new commercial airport with regional flights.",1,1,0,0,0,0,0,0,1,1,0,0
1378,"Bowling Green will have an indoor drive in movie theater",81,13,27,41,33,5,4,24,48,8,23,17
1379,"Expand Baker Arboretum to a full botanical gardens area and event center.",377,248,24,105,134,51,15,68,243,197,9,37
1380,"Need a large YMCA with indoor pool like scottsville, Kentucky has currently.",1,0,0,1,1,0,0,1,0,0,0,0
1381,"Expand opportunities for our youth to stay in BG, beyond training for factory work",1,1,0,0,0,0,0,0,1,1,0,0
1382,"I would love a river scene and a thoughtful resolution to traffic issues that will be so much worse if we double in size.",1,1,0,0,0,0,0,0,1,1,0,0
1383,"BG will have an intentional and mapped out underground stormwater system.",276,175,5,96,94,38,4,52,182,137,1,44
1384,"In 2050 we will have school choice and multiple options for our children.",1,1,0,0,0,0,0,0,1,1,0,0
1385,"A great offering would be a fruit tree for each home that wants one. Neighbors can trade, and our city has more sustainability as a result.",219,91,25,103,73,12,17,44,146,79,8,59
1386,"We need diverse voices in local leadership. BG is a city full of transplants who have no representatives in local government.",353,145,90,118,122,13,57,52,231,132,33,66
1388,"Renters will have a set and determined amount of rights protecting them",1,1,0,0,0,0,0,0,1,1,0,0
1389,"Business spaces for lease cannot be empty for more than a year. Prioritize small businesses not tax write offs",275,136,27,112,100,28,19,53,175,108,8,59
1390,"More music fest.  More free parking especially in downtown.",0,0,0,0,0,0,0,0,0,0,0,0
1391,"Public parks should include more floral/plant/tree fauna instead of regular landscaping.",408,259,19,130,144,52,13,79,264,207,6,51
1392,"Wildflower corridors everywhere possible. Eliminate carbon emissions from mowing unnecessarily  and protect the bees!",1,1,0,0,0,0,0,0,1,1,0,0
1393,"I would love to see hang out spots for teens.",1,1,0,0,0,0,0,0,1,1,0,0
1394,"I would love to see more coworking spaces!",165,65,14,86,51,7,5,39,114,58,9,47
1395,"Specialized health professionals for the treatment of eating disorders.",253,122,23,108,93,20,18,55,160,102,5,53
1396,"Affordable housing, especially for those with felony convictions",213,78,36,99,70,3,19,48,143,75,17,51
1397,"Stop building overly priced duplexes and condos. Make housing affordable again for the Kentuckians who love this county!",1,1,0,0,0,0,0,0,1,1,0,0
1398,"We will have comprehensive wrap-around services so BG leads the nation in decreased rates of homelessness",298,149,33,116,99,16,22,61,199,133,11,55
1399,"BG will have more social, public space available for hanging out, working, read, being around others, etc",1,1,0,0,0,0,0,0,1,1,0,0
1400,"BG will have eliminated food deserts with locally owned markets showcasing produce and meat made in the local community.",1,1,0,0,0,0,0,0,1,1,0,0
1401,"Dinner Train from our Train Museum to South Union Tavern and back to promote our history in the region.",169,85,11,73,54,14,6,34,115,71,5,39
1402,"Passenger Train commute to Nashville and Louisville.  Helps lower our carbon footprint/emissions and keeps our roadways safer.",1,1,0,0,0,0,0,0,1,1,0,0
1403,"BG will provide a service that sends someone out to your house to help set up your garden.",119,31,31,57,44,6,13,25,75,25,18,32
1404,"BG will have community garden spaces that are designed to help increase fresh food intake in food deserts.",398,254,25,119,150,54,19,77,248,200,6,42
1405,"B.G / Warren County P & Z should slow growth and allow our infrastructure to catch up and keep a balance of harmony in our community.",1,1,0,0,0,0,0,0,1,1,0,0
1406,"BG will offer more businesses with fun activities such as adult arcades, go karts, or Lazer tag.",1,1,0,0,0,0,0,0,1,1,0,0
1407,"BG will encourage it's citizens to live an active life style by offering free exercise equipment in its parks.",1,1,0,0,0,0,0,0,1,1,0,0
1408,"BG will have more community pools and splash pads.",1,1,0,0,0,0,0,0,1,1,0,0
1409,"Promote financial literacy within our K-12 schools",452,334,19,99,164,91,13,60,288,243,6,39
1410,"More opportunities for senior citizens to age in place.",330,234,9,87,120,62,8,50,210,172,1,37
1411,"More affordable housing for low-income people not having to work 3 jobs to afford outrageous rentals.",0,0,0,0,0,0,0,0,0,0,0,0
1412,"I would love to see the lines in the roads to be repainted so you can see them at night and in the  rain.",251,179,4,68,87,46,3,38,164,133,1,30
1413,"I’d love to see red light cameras so people will stop running the lights. There are too many accidents daily from those running lights!",126,51,34,41,42,15,11,16,84,36,23,25
1414,"turn one of the abandoned buildings downtown into an artistic communal living center/hostel",315,104,72,139,112,7,43,62,203,97,29,77
1415,"Our roads can’t accommodate the current population. We will need to get really creative with roads, or improve public transportation.",1,1,0,0,0,0,0,0,1,1,0,0
1416,"Convert Sugar Maple “Shopping Center” into temporary housing for homeless and low income",86,18,25,43,29,1,8,20,57,17,17,23
1417,"More entry level homes vs. apartments and multi- million dollar homes",1,1,0,0,0,0,0,0,1,1,0,0
1418,"More farm to table restaurants",0,0,0,0,0,0,0,0,0,0,0,0
1419,"Creation of an indoor multi sport complex in a central location.",1,1,0,0,1,1,0,0,0,0,0,0
1420,"BG will restore the lost tree canopy from tornado and storm damage. We will also create new ones!",448,328,16,104,160,81,15,64,288,247,1,40
1421,"B.G. should not have any bike lanes until they are warranted",54,5,25,24,23,3,5,15,31,2,20,9
1422,"BG will have more education for young adults teaching about sustainable farming",264,152,13,99,96,28,12,56,168,124,1,43
1423,"A fully staffed and developed public safety system: fire, ems, sheriff, emergency mgmt",1,1,0,0,1,1,0,0,0,0,0,0
1424,"B.G. needs more options when it comes to internet access.",320,194,26,100,104,43,16,45,216,151,10,55
1425,"Bowling Green needs sidewalks in every neighborhood",1,1,0,0,0,0,0,0,1,1,0,0
1426,"More public art, more quality of life events.",1,1,0,0,0,0,0,0,1,1,0,0
1427,"B.G. needs to upgrade all municipal areas. Water, sewer, electric and natural gas both hardware and software.",1,1,0,0,1,1,0,0,0,0,0,0
1428,"Bowling Green needs more exits on interstate 65 and interstate 165 to ease the traffic in other areas. This should have been done 30yrs ago",1,1,0,0,0,0,0,0,1,1,0,0
1429,"Need more kid friendly activities that are indoor",1,1,0,0,0,0,0,0,1,1,0,0
1430,"Standardize that developers install street lighting in subdivisions",350,206,29,115,139,54,17,68,211,152,12,47
1431,"Beech bend is a big money maker. City officials need to realize this and be more friendly to those visitors and the car community",90,29,13,48,37,10,6,21,53,19,7,27
1432,"Upgrade public safety in the county to meet the expectations of tax payers",1,1,0,0,1,1,0,0,0,0,0,0
1433,"Greater expansion and reliance on the regional airport creating a thriving area and increasing commuter flights",1,1,0,0,1,1,0,0,0,0,0,0
1434,"Top tier trauma facility and burn center for the state",1,1,0,0,1,1,0,0,0,0,0,0
1435,"Trees, bushes and other greenery at intersections should not be there. Better visibility less accidents",72,19,8,45,26,4,1,21,46,15,7,24
1436,"A Warren county funded fire department. The volunteer department does a wonderful job, but as Warren county continues to grow, it is a need.",1,1,0,0,0,0,0,0,1,1,0,0
1437,"Would LOVE to see that greenway from downtown to mammoth cave actually happen! What a huge asset to our region.",280,155,19,106,102,29,15,58,178,126,4,48
1438,"More actual planning! Approving multifamily or starter homes out in the county means you need to consider young families > schools.",1,1,0,0,0,0,0,0,1,1,0,0
1439,"Need to find a way to make the sprawl fell less suburby.",120,53,9,58,42,11,5,26,78,42,4,32
1440,"Joint public safety dispatch center for all components of 911 delivery",1,1,0,0,1,1,0,0,0,0,0,0
1441,"County executive office building",51,8,8,35,22,2,4,16,29,6,4,19
1442,"Roads will be for PEOPLE, just not cars. And not prioritizing speed, but safety and overall community support.",1,1,0,0,0,0,0,0,1,1,0,0
1443,"Warren County will be the trend setter and envy of KY",128,60,7,61,49,13,5,31,79,47,2,30
1444,"In 2050, we would have public transportation available to more parts of bowling green",1,1,0,0,0,0,0,0,1,1,0,0
1445,"I would Love to see the empty buildings! I HOPE farm land outside of BG stays as it is,  I live in Alvaton and pray it doesn't get bigger.",0,0,0,0,0,0,0,0,0,0,0,0
1446,"By 2050, BG would have more outdoor recreation such as more public pools and free outdoor workout equipment.",1,1,0,0,0,0,0,0,1,1,0,0
1447,"Better retails options that have longevity and are actually what the people living here want.",0,0,0,0,0,0,0,0,0,0,0,0
1448,"More things for kids, nicer facilities.  Restaurant that serves fish/ seafood besides catfish.  Bigger live music acts & venue for it.",1,1,0,0,0,0,0,0,1,1,0,0
1449,"Better shopping.  Revitalize downtown like Bardstown. More affordable housing and less apartments sprouting up everywhere.",1,1,0,0,0,0,0,0,1,1,0,0
1450,"Shuttles, shuttles, frequent shuttles from perimeter parking areas to designations within the city.",1,1,0,0,0,0,0,0,1,1,0,0
1451,"Something like Mahr Park in Madisonville, KY & Smothers Parks in Owensboro, KY",1,1,0,0,0,0,0,0,1,1,0,0
1452,"Try to keep downtown's character.  No more concrete.",279,182,15,82,107,39,10,58,172,143,5,24
1453,"In 2050, BG will have a wider variety of grocery stores with better options for fresh and local produce and goods.",1,1,0,0,0,0,0,0,1,1,0,0
1454,"We need children’s science and art museums to inspire curiosity, creativity, and learning through hands-on exploration and self-expression.",1,1,0,0,1,1,0,0,0,0,0,0
1455,"Large indoor sport complex",1,1,0,0,1,1,0,0,0,0,0,0
1456,"Widen 31W",1,1,0,0,1,1,0,0,0,0,0,0
1457,"BG will include a multi monthly course of study for ALL newcomers to integrate them into our city and its workings.  Orientation.",99,30,26,43,35,3,9,23,64,27,17,20
1458,"Independent landlord rights be upheld and implemented efficiently",71,19,16,36,24,3,4,17,47,16,12,19
1459,"Get creative with the architecture when developing!",1,1,0,0,1,1,0,0,0,0,0,0
1460,"There could be city/county wide recycling used by every household and building where people live and work.",1,1,0,0,0,0,0,0,1,1,0,0
1461,"BG will be basic food sustaining through small food farms supplying in season products thru the markets and grocery stores.",1,1,0,0,0,0,0,0,1,1,0,0
1462,"Need to do something about the traffic",1,1,0,0,1,1,0,0,0,0,0,0
1463,"Unified emergency communications system and better EMS ambulance service",1,1,0,0,1,1,0,0,0,0,0,0
1464,"BG will have more homeschool opportunities",98,23,26,49,37,6,7,24,61,17,19,25
1465,"BG will have one comprehensive communication site on which all events open to the public may be advertised. Free",1,1,0,0,0,0,0,0,1,1,0,0
1467,"The By-Pass will be lined with trees, and not used parking asphalt will be turned into attractive flowers, bushes and small pocket parks.",468,312,41,115,173,67,30,76,295,245,11,39
1468,"All schools could have kindness curriculum and help youth find meaning and purpose and how to live in community.",179,84,27,68,64,10,17,37,115,74,10,31
1469,"We will have safer bike lanes and more sidewalk systems encouraging walking to commute.",1,1,0,0,0,0,0,0,1,1,0,0
1470,"BG will have more kid friendly spaces for parents to network, meet for business, with a secure play space for kids infant to 12 years.",1,1,0,0,0,0,0,0,1,1,0,0
1471,"Indoor activities for inclement weather days",332,190,24,118,128,52,17,59,204,138,7,59
1472,"All parking areas for 50 or more cars will be under solar panels.",95,33,15,47,34,6,7,21,61,27,8,26
1473,"BG will be locally basic food self sufficient by 2050 through encouraging KY Farm to Table programs in WC.",249,148,16,85,96,33,11,52,153,115,5,33
1474,"Bowling Green will have its own children’s hospital!",1,1,0,0,1,1,0,0,0,0,0,0
1475,"More offerings for our special needs community (especially after 18). Living, college, therapy options, etc.",323,203,13,107,117,38,10,69,206,165,3,38
1476,"Making the area around downtown more walkable, more social opportunities, with an increase of parks and natural areas, and green buildings",1,1,0,0,0,0,0,0,1,1,0,0
1477,"Entertainment for family and kids.",1,1,0,0,0,0,0,0,1,1,0,0
1478,"Make the drinking water less hard by reducing the mineral content.",66,21,3,42,25,6,1,18,41,15,2,24
1479,"Less bars and liquor stores more family activities where there's no drinking. Kids can have fun. Affordable for all !!!!",1,1,0,0,1,1,0,0,0,0,0,0
1480,"I would like Bowling Green to be eco-friendly in the future. Making environment a top priority is a must.",373,217,48,108,132,22,38,72,241,195,10,36
1481,"In 2050, we will have a website to share our best and brightest ideas for 2100.",193,87,16,90,78,18,9,51,115,69,7,39
1482,"It would be great to see more events/businesses that cater to a ""young professionals,"" post-college - 30s demographic.",261,139,18,104,101,33,9,59,160,106,9,45
1483,"BG needs a comprehensive plan to solve the homelessness problem in our city: shelter, mental health help, transportation, help finding jobs.",352,248,30,74,132,55,26,51,220,193,4,23
1484,"As BG grows, we need to continue to preserve our nature. We don't want to lose our trees to urban sprawl.",1,1,0,0,0,0,0,0,1,1,0,0
1485,"Continue free parking in the downtown parking garage & have more free parking available. We won't do paid parking now that it's been free.",1,1,0,0,0,0,0,0,1,1,0,0
1486,"Zoning in the county will be clear/enforced, so someone can't ruin property value of homes by storing a bunch of industrial junk next door.",168,85,16,67,68,23,9,36,100,62,7,31
1487,"I want to see Zero waste initiatives and shopping local!  Working with farmers to support business and reduce reliance on big grocery stores",1,1,0,0,0,0,0,0,1,1,0,0
1488,"We will become a desirable filming location for major projects. (Several places in KY are already doing this - let's get in on it!)",378,179,49,150,139,29,31,79,239,150,18,71
1489,"I hope we reduce our reliance on big corporations! Ones that just build parking lots and make traffic even worse",183,82,17,84,69,10,8,51,114,72,9,33
1490,"I'd love to see more museums! Not just local-focused. How about a general art, science, or history museum?",1,1,0,0,0,0,0,0,1,1,0,0
1491,"Greenwood mall needs to be totally revitalized/ make it bikeable! With trees! Build upwards not outwards! Invest in local business!",1,1,0,0,0,0,0,0,1,1,0,0
1492,"Make three springs/ scottsville intersection safer!",186,99,9,78,70,29,3,38,116,70,6,40
1493,"Locals will have more to do. More nightlife downtown, affordable family friendly locations that don’t get stale, more places open late",1,1,0,0,0,0,0,0,1,1,0,0
1494,"Schools will have better funding and teachers will be paid better.",1,1,0,0,0,0,0,0,1,1,0,0
1495,"BG needs a larger entertainment venue—maybe an amphitheater—that will support bigger artists. Preferably not in the middle of town.",1,1,0,0,0,0,0,0,1,1,0,0
1496,"Make scottsville/ three springs/ Ken bale/ pascoe blvd safe for pedestrians with sidewalks and landscaping.",278,177,16,85,101,32,13,56,177,145,3,29
1497,"We will support and grow our local community theaters.",336,190,29,117,129,33,24,72,207,157,5,45
1498,"I would love to see more greenspaces downtown and preservation of our historical buildings! And modernize ones from the 90s!!!",1,1,0,0,0,0,0,0,1,1,0,0
1499,"Storm water mitigation at drakes creek and green river",1,1,0,0,0,0,0,0,1,1,0,0
1500,"An Amtrak stop in Bowling Green, or at least just a train from BG to Nashville.",1,1,0,0,0,0,0,0,1,1,0,0
1501,"Turn 3000 scottsville into an outlet mall and landscaped mini park",58,7,9,42,26,2,2,22,32,5,7,20
1502,"Fun, classy places to go dancing that are neither sketchy nor targeted to the college crowd. Adults want to dance, too!",264,133,22,109,96,27,16,53,168,106,6,56
1503,"Utilizing blueways designations to promote recreation like kayaking and fishing",1,1,0,0,0,0,0,0,1,1,0,0
1504,"Partnerships with YMCA to create fitness centers and education programs for community!",1,1,0,0,0,0,0,0,1,1,0,0
1505,"Public library branch in lovers lane development",259,141,19,99,94,23,15,56,165,118,4,43
1506,"We will preserve historic buildings.",453,346,9,98,158,84,7,67,295,262,2,31
1507,"we have a river port for public, private, and governmental use",112,39,11,62,47,7,7,33,65,32,4,29
1508,"The downtown area should be inhabited by interesting local businesses and galleries as much as possible, not a bunch of office spaces.",1,1,0,0,0,0,0,0,1,1,0,0
1509,"Medical facility out near Warren East. Also maintaining farmland out in plum springs. Could be a good spot for new airport",1,1,0,0,0,0,0,0,1,1,0,0
1510,"Do something interesting with that huge empty building on the corner of Main and College St.",264,148,14,102,102,30,12,60,162,118,2,42
1511,"to move the airport",1,1,0,0,0,0,0,0,1,1,0,0
1512,"A really good laser tag facility.",1,1,0,0,0,0,0,0,1,1,0,0
1513,"Mini golf courses as good and elaborate as the ones you go to in vacation destinations.",245,103,46,96,94,29,16,49,151,74,30,47
1514,"an elrod road I-165 interchange",99,32,16,51,41,9,6,26,58,23,10,25
1515,"A permanent indoor ice rink",1,1,0,0,0,0,0,0,1,1,0,0
1516,"Activities/businesses that are open later or have special hours where adults can have fun without a million kids around.",1,1,0,0,0,0,0,0,1,1,0,0
1517,"Building upwards on our infrastructure to prevent sprawling and dozing over our good soil!",1,1,0,0,0,0,0,0,1,1,0,0
1518,"Bring back the hot air balloon festival!",221,144,13,64,79,42,5,32,142,102,8,32
1519,"large buildings downtown, equal too or bigger than the already existing two towers",1,1,0,0,0,0,0,0,1,1,0,0
1520,"More independent coffee shops with attractive, fun spaces to hang out (like Spencers and Q). Fewer chains.",1,1,0,0,0,0,0,0,1,1,0,0
1521,"Independent bookstores!",1,1,0,0,0,0,0,0,1,1,0,0
1522,"No smoking, vaping, or weed in any public spaces, indoor or outdoor. Do it at home, fine, but not where the community has to smell it!",342,203,45,94,130,72,14,44,212,131,31,50
1523,"Continue to have great schools of all types. But only public schools get public funding.",315,192,40,83,110,31,29,50,205,161,11,33
1524,"More career opportunities in the arts and culture sectors.",242,105,32,105,96,10,27,59,146,95,5,46
1525,"We will give housing for free to all who need it.",76,12,35,29,28,0,13,15,48,12,22,14
1526,"We will have a reasonably priced Amtrak stop here in BG to take us to Nashville or Louisville and beyond.",1,1,0,0,0,0,0,0,1,1,0,0
1527,"A permanent ice rink would do amazing here. BG dropped the ball when the NASHVILLE PREDATORS offered to help build one for us and we said no",1,1,0,0,0,0,0,0,1,1,0,0
1528,"BG needs more sidewalks, more schools, more community pools, and need to time traffic lights better",1,1,0,0,0,0,0,0,1,1,0,0
1529,"Bowling Green should have more condos for all the young adults that are coming to the area.",98,33,13,52,37,5,7,25,61,28,6,27
1530,"Bowling Green needs a better movie theatre",1,1,0,0,0,0,0,0,1,1,0,0
1531,"Bowling green needs a Trader Joe's in the near future",1,1,0,0,0,0,0,0,1,1,0,0
1532,"Excited to see what BG can become",0,0,0,0,0,0,0,0,0,0,0,0
1533,"Excited to see what BG can become!",0,0,0,0,0,0,0,0,0,0,0,0
1534,"Some sort of mitigating measures will be made to decrease the noise coming from Beach Bend when there are car shows/events.",1,1,0,0,0,0,0,0,1,1,0,0
1535,"Will have more options for affordable housing and our housing challenged friends. Hiding them, and ticketing them, won’t make them go away.",1,1,0,0,1,1,0,0,0,0,0,0
1536,"I hope that it will be a welcoming homeschool and disability friendly community. Also, be remote worker and homestead friendly.",1,1,0,0,0,0,0,0,1,1,0,0
1537,"BG NEEDS healthy grocery store options, either a local one or a franchise (like Whole Foods).",1,1,0,0,0,0,0,0,1,1,0,0
1538,"I would love to see better walking trails that are connected around and through the city",1,1,0,0,0,0,0,0,1,1,0,0
1539,"I would love to see a Barre studio / low impact workouts come to Bowling Green",44,8,3,33,19,0,2,17,25,8,1,16
1540,"Return 31 W By Pass back to 4 lanes.",0,0,0,0,0,0,0,0,0,0,0,0
1541,"In 2050 I would love to see us embrace the farmers of our city and celebrate them",1,1,0,0,0,0,0,0,1,1,0,0
1542,"Find solutions to homelessness that increase accessibility to resources and treat the people impacted with compassion and respect.",1,1,0,0,0,0,0,0,1,1,0,0
1543,"Do we have any ideas/plans to control a traffic problem that has been here for years and only getting worse?",1,1,0,0,0,0,0,0,1,1,0,0
1544,"More transportation options than driving- increased access to walking, biking, public transportation options",1,1,0,0,0,0,0,0,1,1,0,0
1545,"Increased access to resources for children and adults with mental illnesses and disabilities- education, therapy, evaluation, accessibility",310,198,12,100,114,43,12,59,196,155,0,41
1546,"planning & zoning will do more to maintain the existing community rather than bending the knee to developers.",1,1,0,0,0,0,0,0,1,1,0,0
1547,"stop tearing everything old down. stop replacing everything with the blandest building possible. there is no character left in this town",222,124,17,81,84,33,9,42,138,91,8,39
1548,"I think BG should have more kid friendly places. Museums, play centers, etc. Places where children can learn and have fun.",1,1,0,0,0,0,0,0,1,1,0,0
1550,"A fairness ordinance",1,1,0,0,0,0,0,0,1,1,0,0
1552,"With the abundance of food trucks, we need a food truck district. Would be such a great asset to our community.",256,159,18,79,103,40,14,49,153,119,4,30
1553,"BG will have more public art/murals in order to boost local pride, attract tourism, promote community identity, and make our city beautiful!",1,1,0,0,0,0,0,0,1,1,0,0
1554,"More services for audits with autism.",129,55,9,65,50,8,6,36,79,47,3,29
1555,"I hope we can keep our faith communities strong.  Would also like to see us mirror Franklin, TN, with their planned growth.",0,0,0,0,0,0,0,0,0,0,0,0
1556,"The airport will be moved to a less heavily trafficked area for safety",1,1,0,0,0,0,0,0,1,1,0,0
1557,"A thriving arts community in which museums, WKU, local markets/businesses/classes all work together",306,183,24,99,116,28,22,66,190,155,2,33
1558,"By 2050 we should have a good concert venue and competing with Nashville to bring music here.",1,1,0,0,0,0,0,0,1,1,0,0
1559,"Better public transit with more stops and run times",1,1,0,0,0,0,0,0,1,1,0,0
1560,"Did our tax dollars pay for this future newspaper delivered to everyone? Everything in this paper is insane.",1,1,0,0,1,1,0,0,0,0,0,0
1561,"TRADER JOE'S",1,1,0,0,0,0,0,0,1,1,0,0
1562,"Prohibit Realtors & Developers from sitting on the Board of Planning & Zoning and self-serving their interests",1,1,0,0,0,0,0,0,1,1,0,0
1563,"MORE NON FAST FOOD RESTAURANT OPTIONS",1,1,0,0,0,0,0,0,1,1,0,0
1564,"MORE AFFORDABLE HOUSING",1,1,0,0,0,0,0,0,1,1,0,0
1565,"Safer, more welcoming sidewalks with green space or parking serving as a buffer between the sidewalk and the street.",1,1,0,0,0,0,0,0,1,1,0,0
1566,"We'll be able to drive from downtown BG to Exit 22 on Scottsville Road without packing an overnight bag",1,1,0,0,0,0,0,0,1,1,0,0
1567,"The majority of residents will speak and understand fluent English.",155,60,36,59,61,25,6,30,94,35,30,29
1568,"Safer sidewalks with more greenery connecting the neighborhoods close to downtown/the bypass to encourage walking",323,230,12,81,121,54,12,55,202,176,0,26
1569,"turn the parking lot of the old houchens on 31W - demo'd after 21 tornado, into a food truck lot.",66,21,10,35,23,2,6,15,43,19,4,20
1570,"The Visitors and Convention Bureau realized their mistake by over commercializing Cemetery Rd exit and relocates next to the Corvette Museum",1,1,0,0,0,0,0,0,1,1,0,0
1571,"curb the amount of new buildings being constructed for banks & mattress stores. encourage businesses to look into existing empty buildings",1,1,0,0,0,0,0,0,1,1,0,0
1572,"BG will have given up the folly of trying to be the next biggest city in KY and remain content with its charm and college town atmosphere",136,56,28,52,57,24,5,28,79,32,23,24
1573,"put the turning lanes BACK AROUND THE SQUARE.",69,13,15,41,29,6,2,21,40,7,13,20
1574,"redo the parking around the square. it was better before the ""revitalization"".",97,25,22,50,41,13,2,26,56,12,20,24
1575,"More opportunities for adults to build community outside of home and work (sports leagues!!!!, art classes, clubs, etc)",369,248,15,106,123,53,11,59,246,195,4,47
1576,"explain WHY an internal entrance from the parking structure to the businesses up front cannot exist. or make one exist.",65,19,6,40,28,2,3,23,37,17,3,17
1577,"More green spaces.",1,1,0,0,0,0,0,0,1,1,0,0
1578,"Safer walking areas on Scottsville road (especially around the interstate)",1,1,0,0,0,0,0,0,1,1,0,0
1579,"Fund the parks!",1,1,0,0,0,0,0,0,1,1,0,0
1580,"We should prioritize safe and efficient biking and walking as means of transportation through building infrastructure.",1,1,0,0,0,0,0,0,1,1,0,0
1581,"I would love to see a more bikeable BG.",1,1,0,0,0,0,0,0,1,1,0,0
1582,"The historic downtown area needs continued preservation and more funding. More businesses, less law offices!",1,1,0,0,0,0,0,0,1,1,0,0
1583,"I hope we start growing taller than wider, use the space we already have",1,1,0,0,0,0,0,0,1,1,0,0
1584,"BG won't have the current stigma against walking, biking, and public transit as transportation alternatives.",312,202,24,86,113,28,24,61,199,174,0,25
1585,"We will have better distribution of stores to serve residents and reduce congestion, like hardware stores, instead of concentration of them",232,115,14,103,81,21,8,52,151,94,6,51
1586,"Recycling available to all of Warren County.",1,1,0,0,0,0,0,0,1,1,0,0
1587,"development along the riverfront in addition to safe sidewalks/bike lanes down W Riverview drive/downtown to connect the area",1,1,0,0,0,0,0,0,1,1,0,0
1588,"We will finally have an interstate bypass around town.",1,1,0,0,0,0,0,0,1,1,0,0
1589,"Our roads would be safer for cyclists instead of unsafe bike lanes in the middle of two motor vehicle traffic lanes",1,1,0,0,0,0,0,0,1,1,0,0
1590,"We will have grocery stores near each community, not just gas station stores or food desserts for some residents.",346,219,26,101,138,45,18,75,208,174,8,26
1591,"We will have another Qdoba near Russellville Rd. or 31W",46,6,10,30,18,3,0,15,28,3,10,15
1592,"A bus system like on WKU’s campus, but expanded to all of BG. We need bus lanes in certain areas and transit shelters/benches by stops.",1,1,0,0,0,0,0,0,1,1,0,0
1593,"All our public schools will incorporate bicycle education in their curriculum, including on-bike training.",147,49,41,57,52,4,20,28,95,45,21,29
1594,"I would love to see more classes and support for new moms",109,50,7,52,45,7,5,33,64,43,2,19
1595,"Elementary schools will have PE classes every school day for every child.",282,148,29,105,116,45,14,57,166,103,15,48
1596,"We will continue to support our excellent public schools and hardworking teachers",1,1,0,0,0,0,0,0,1,1,0,0
1597,"Developments will not sell new homes without letting owners know their yard is part of a drainage easement and that it can't be fenced.",202,107,10,85,83,27,8,48,119,80,2,37
1598,"Proper enforcement of homelessness regulations regarding panhandling. With better services to help rehabilitate our homeless.",264,157,19,88,90,48,7,35,174,109,12,53
1599,"I would like to make BG a more walkable city, somewhere where our community can truly connect.",1,1,0,0,0,0,0,0,1,1,0,0
1600,"Be careful who you model after.  San Francisco does not have a good track record for instance.",99,31,16,52,34,9,4,21,65,22,12,31
1601,"Bowling green can stop giving construction permits to car washes",1,1,0,0,0,0,0,0,1,1,0,0
1602,"Along with public transit, the elderly and people under ~23 should be able to travel basically for free",326,135,65,126,127,20,43,64,199,115,22,62
1603,"We will have actual affordable housing options for BUYERS, encourage financial growth through ownership rather than renting from businesses",315,198,24,93,129,47,22,60,186,151,2,33
1604,"Zoning should allow low cost housing: backyard cottages, decreased setbacks, and decreased frontages",1,1,0,0,0,0,0,0,1,1,0,0
1605,"Shake Rag will not have been gentrified for the sake of ""growth"", but preserved.",1,1,0,0,0,0,0,0,1,1,0,0
1606,"City should pursue a low cost bike network first instead expensive greenways that aren’t connected",130,43,26,61,48,7,13,28,82,36,13,33
1607,"BG should replace income and property taxes with a land value tax",39,2,6,31,13,0,3,10,26,2,3,21
1608,"Growing churches that genuinely welcome everyone, no exceptions.",172,66,30,76,73,19,14,40,99,47,16,36
1609,"I hope downtown will be full and established. Would like to see the capital be purchased by the city and redone.",1,1,0,0,0,0,0,0,1,1,0,0
1610,"In 2050, people will make planned trips to nearby local stores and not order everything to be front-door delivered.",157,70,25,62,62,15,10,37,95,55,15,25
1611,"We need more variety in our farmers market and a focus on local food and agriculture",288,189,11,88,104,48,9,47,184,141,2,41
1612,"Our downtown square and tenants need to create a cohesive environment that promotes other businsses + better parking.",258,154,11,93,98,37,9,52,160,117,2,41
1613,"The local hospitals will be properly funded. And healthcare workers will be respected.",1,1,0,0,0,0,0,0,1,1,0,0
1614,"We will have local music festival(s) that attract big artists and visitors.",290,176,18,96,106,37,14,55,184,139,4,41
1615,"More indoor opportunities for families during winter months!",302,193,14,95,102,41,8,53,200,152,6,42
1616,"TERM LIMITS FOR ALL LOCAL ELECTED OFFICIALS",228,130,23,75,83,33,14,36,145,97,9,39
1617,"More downtown dining options will be open on Sundays and Mondays.",294,170,17,107,115,36,11,68,179,134,6,39
1618,"More grocery stores with healthy options and quality products.",1,1,0,0,0,0,0,0,1,1,0,0
1619,"BG will have at least two certified tornado shelters in the immediate downtown area.",235,139,19,77,89,35,11,43,146,104,8,34
1620,"In 2050, I hope BG is a great place for walkers. With increased walking trails connecting different areas of the city",1,1,0,0,0,0,0,0,1,1,0,0
1621,"Wages for city and county workers will increase with the rising cost of living.",237,133,16,88,100,28,13,59,137,105,3,29
1622,"We will have a completed shared-use path from BG to Mammoth Cave.",1,1,0,0,0,0,0,0,1,1,0,0
1623,"BG2025 will be a children’s museum",1,1,0,0,1,1,0,0,0,0,0,0
1624,"More walking distance shops and restaurants and better sidewalks/infastracture for young family neighborhoods like Briarwood and Magnolia",302,199,19,84,111,41,15,55,191,158,4,29
1625,"Preservation of historic buildings downtown and near campus!",1,1,0,0,0,0,0,0,1,1,0,0
1626,"Bowling Green needs to invest more in sidewalks.",1,1,0,0,0,0,0,0,1,1,0,0
1627,"Folks in BG will know our neighbors and strengthen community ties with eachother.",235,142,13,80,86,32,9,45,149,110,4,35
1628,"BG will prioritize walkable spaces for pedestrian and motor safety",1,1,0,0,0,0,0,0,1,1,0,0
1629,"BG will increase streetlighting, sidewalks, low speed limits, fewer lanes, and tree lined streets",1,1,0,0,0,0,0,0,1,1,0,0
1630,"BG will remove the blue streetlamps because they are dark and depressing",109,36,21,52,37,7,5,25,72,29,16,27
1631,"I hope BG will have more intentional public spaces for safe, free, and fun community interaction",276,178,12,86,99,34,11,54,177,144,1,32
1632,"BG will prioritize housing for all at affordable rates",1,1,0,0,0,0,0,0,1,1,0,0
1633,"BG will support access and safety for active transportation modes",1,1,0,0,0,0,0,0,1,1,0,0
1634,"I hope to see beautiful art throughout the city such as murals and statues",1,1,0,0,0,0,0,0,1,1,0,0
1635,"BG will plant trees and create inclusive greenspaces without gentrifying neighborhoods",1,1,0,0,0,0,0,0,1,1,0,0
1636,"BG will put people over profit",317,186,28,103,126,39,22,65,191,147,6,38
1637,"BG will remove billboards from downtown areas",167,93,11,63,56,23,5,28,111,70,6,35
1638,"places to swim!",1,1,0,0,0,0,0,0,1,1,0,0
1639,"BG will not be controlled by absentee landlords and housing investors",323,221,16,86,118,49,14,55,205,172,2,31
1640,"I hope to see affordable homes built in the West end to replace those which are very run-down",264,153,12,99,102,32,12,58,162,121,0,41
1641,"Less rent - more ownership. We need apartments, condos, and tiny homes for sale not just unaffordable 3-4 bedroom single family homes.",202,119,12,71,65,24,9,32,137,95,3,39
1642,"Recycling is readily available and there is transparency about what happens to the materials.",324,229,20,75,121,49,19,53,203,180,1,22
1643,"BG should continue expanding and modernizing the downtown area",1,1,0,0,0,0,0,0,1,1,0,0
1644,"We need more high rise buildings and skyscrapers",0,0,0,0,0,0,0,0,0,0,0,0
1645,"BG needs a more modern Mall with updated stores.",1,1,0,0,0,0,0,0,1,1,0,0
1646,"More adult sports leagues (for coed, men, and women) in a wide variety of sports",208,95,23,90,77,16,14,47,131,79,9,43
1647,"The road infrastructure state vs city. Traffic enforcement--turning left w/double yellow line is all too common.",0,0,0,0,0,0,0,0,0,0,0,0
1648,"We will have ""open streets"" events (closed to cars, open to people), including regularly scheduled cyclovia events & active lifestyles.",1,1,0,0,0,0,0,0,1,1,0,0
1649,"BG will have facilities for non traditional sports that are currently excluded by Parks and Rec. like roller derby!",271,113,43,115,105,20,24,61,166,93,19,54
1650,"More shopping of all kind.  For a community this size BG should be a destination.",1,1,0,0,0,0,0,0,1,1,0,0
1651,"Safe and affordable family activities year round.",1,1,0,0,0,0,0,0,1,1,0,0
1652,"Bowling Green needs better local bus transit with longer times schedules.",0,0,0,0,0,0,0,0,0,0,0,0
1653,"I giant mural/beautiful signage on the parking structure to make it less gray and compliment the fringe",1,1,0,0,0,0,0,0,1,1,0,0
1654,"Fairness ordinance is desperately needed now and even more so as our city grows.",0,0,0,0,0,0,0,0,0,0,0,0
1655,"BG will have more outdoor & dog-friendly places to hang out, like White Squirrel & Blue Holler.",203,110,18,75,76,23,13,40,127,87,5,35
1656,"Maybe by 2025 BGMU will have finally replaced all the cheap purple street lights!",1,1,0,0,0,0,0,0,1,1,0,0
1657,"Reinstate shop classes in high school. Stop the single minded need to attend a 4 year college to find  employment. We need tradesmen",317,232,15,70,113,76,8,29,204,156,7,41
1658,"BG will be a thriving bicycling community with more bike shops, bike co-op, biking destinations like restaurants accessible from trails.",226,130,29,67,84,21,19,44,142,109,10,23
1659,"Increased funding for public schools so that our children get the best education from teachers who are supported and paid well!!",314,198,38,78,136,49,31,56,178,149,7,22
1660,"We need a brewery that doesn't allow parents to treat the place as their personal babysitter. Hire a babysitter and leave the kids at home.",66,18,5,43,23,4,2,17,43,14,3,26
1661,"We need to have oversight of schools 504/IEP accommodations.  My child’s school does not abide by the regulations.",83,29,5,49,35,6,5,24,48,23,0,25
1662,"Billionaire tax haven like monac",1,1,0,0,0,0,0,0,1,1,0,0
1663,"Land and housing ordinance that protects affordable housing costs and paves the way for BG as a leader in residential design and innovation.",282,157,27,98,103,24,22,57,179,133,5,41
1664,"We need public transportation in the County not just the city!",1,1,0,0,0,0,0,0,1,1,0,0
1665,"Can I just echo the Trader Joe's in the lot off the Bypass/Cabell Dr intersection? Brilliant!",1,1,0,0,0,0,0,0,1,1,0,0
1666,"Creative Placemaking: arts opportunities and beautiful surroundings",167,72,18,77,65,3,15,47,102,69,3,30
1667,"I hope BG decentralizes car dependency, car lots, and car washes. These are supposed to supplement our communities not take over",242,130,28,84,92,21,25,46,150,109,3,38
1668,"A selfless willingness to pay a smidge more in tax dollars to help make all of this stuff happen",254,113,51,90,97,13,35,49,157,100,16,41
1669,"Connect all parks w/greenways to enhance our communities quality of life..allowing members of all ages access to public ammenities.",0,0,0,0,0,0,0,0,0,0,0,0
1670,"New homeless shelters will be built.",1,1,0,0,1,1,0,0,0,0,0,0
1671,"More opportunities for children! Ex: children’s museum, children's indoor play places, family friendly activities indoors/outdoors.",1,1,0,0,0,0,0,0,1,1,0,0
1672,"work on actually teaching our drivers how to drive. if the city grows we will see wrecks stats go up. unless we focus on properly teaching",112,54,9,49,44,12,2,30,68,42,7,19
1673,"Beech Bend will expand to a larger amusement park like Opryland use to be.",212,83,37,92,81,24,16,41,131,59,21,51
1674,"Offer more entertainment. All there is, is food,coffee shops and Southern Lanes",1,1,0,0,0,0,0,0,1,1,0,0
1675,"BG will have employers that seek those who are 45+ to start new careers with them.",216,124,10,82,74,21,7,46,142,103,3,36
1676,"BG needs a bigger homeless shelter, like The Healing Place in Louisville. Also, a Long Term Treatment Center for women.",0,0,0,0,0,0,0,0,0,0,0,0
1677,"A community center for the arts like they have in Louisville",279,125,40,114,103,10,31,62,176,115,9,52
1678,"BG will have a comedy improv venue by 2050.",181,68,29,84,77,13,21,43,104,55,8,41
1679,"With the proximity to Nashville and the country music scene. It's wild that bowling green doesn't have a major concert venue.",1,1,0,0,0,0,0,0,1,1,0,0
1680,"Hopefully wider roads with sidewalks and bikeways. Better public transportation too!",0,0,0,0,0,0,0,0,0,0,0,0
1681,"Traffic has to be addressed. We need to shift dining and retail centers away from Scottsville Rd and Campbell Ln.",1,1,0,0,0,0,0,0,1,1,0,0
1682,"Proactively preparing for disaster response",1,1,0,0,0,0,0,0,1,1,0,0
1683,"Transparent police data",199,111,11,77,71,22,7,42,128,89,4,35
1684,"Community-driven sustainability initiatives",263,154,18,91,101,22,15,64,162,132,3,27
1685,"Provide shelter for homeless families",1,1,0,0,0,0,0,0,1,1,0,0
1686,"Bring a large corporate HQ to town to help increase avg salaries and create more job opportunities",154,62,20,72,64,21,9,34,90,41,11,38
1687,"landlords will be limited in the number of properties they are allowed to own within BG",239,99,57,83,94,19,32,43,145,80,25,40
1688,"BG will fine landlords whose properties are vacant for X amount of time",164,67,24,73,59,12,16,31,105,55,8,42
1689,"Some sort of transit system to Nashville with stops at Broadway, Vanderbilt hospital, and the airport",296,183,29,84,117,40,21,56,179,143,8,28
1690,"BG will have an ordinance that caps annual rent increases for tenants",262,113,58,91,93,14,34,45,169,99,24,46
1691,"All public restrooms will have free menstrual products",301,108,88,105,121,9,62,50,180,99,26,55
1692,"BG residents will vote on how their taxes are allocated rather than city council",133,47,30,56,45,12,7,26,88,35,23,30
1693,"BG will have protections for LGBTQ+ members of the community",1,1,0,0,0,0,0,0,1,1,0,0
1694,"We need recycling options.",1,1,0,0,0,0,0,0,1,1,0,0
1695,"The infrastructure of Bowling Green is already not meant to handle the amount of people here. We need better roads.  traffic is horrible",0,0,0,0,0,0,0,0,0,0,0,0
1696,"BG will provide material assistance to single-family residents who face city code violations and are burdened with excessive fees",128,41,24,63,52,5,14,33,76,36,10,30
1697,"More sidewalks! Pedestrians should be allowed to safely walk in the city on major streets and neighborhoods.",1,1,0,0,0,0,0,0,1,1,0,0
1698,"Warren County Public Library will continue to provide resources and materials to improve the quality of life for members in the community",313,233,19,61,126,60,17,49,187,173,2,12
1699,"BG will have an increased number of free third spaces that are safe and accessible",1,1,0,0,0,0,0,0,1,1,0,0
1700,"I would love to see Bowling Green become even more walk friendly.  Hoping the plan is to continue putting in sidewalks around town.",1,1,0,0,0,0,0,0,1,1,0,0
1701,"BG will no longer smell like dog food because the dog food plant will be required to capture the stench before it is expelled",1,1,0,0,0,0,0,0,1,1,0,0
1702,"BG will have a rail service between Louisville and Nashville so people can comfortably transit between these metros",1,1,0,0,0,0,0,0,1,1,0,0
1703,"rail transport from Nashville to Louisville.for visitors to BG -commuting, and safe travel.",1,1,0,0,0,0,0,0,1,1,0,0
1704,"BG codes will allow accessory dwelling units (e.g. tiny homes) within city limits",213,95,36,82,85,14,23,48,128,81,13,34
1705,"the river way needs to be developed into shops, restaurants and waterfront walkways",1,1,0,0,0,0,0,0,1,1,0,0
1706,"More commercial areas away from Scottsville rd. More out Cemetery rd past 65, Alvaton, Plano, etc",1,1,0,0,0,0,0,0,1,1,0,0
1707,"Electric bike and mobility scooters for rental to help eliminate congestion",220,109,40,71,86,16,27,43,134,93,13,28
1708,"Bowling Green will not pave every inch of available land. It will support farmers, increase farm land, and maintain green spaces.",1,1,0,0,1,1,0,0,0,0,0,0
1709,"Louisville road towards smith Grove desperate for shopping. All types",214,103,26,85,90,29,18,43,124,74,8,42
1710,"more dog parks! especially a dog park downtown!",188,77,39,72,79,19,24,36,109,58,15,36
1711,"Shopping and entertainment is too congested on Scottsville Road-develop out please",1,1,0,0,0,0,0,0,1,1,0,0
1712,"More support for schools other than the public option (private, hybrid, home school etc...)",155,47,54,54,61,22,14,25,94,25,40,29
1713,"Make panhandling illegal, have a district for homeless to set up their tents with bathroom facilities away from common areas",1,1,0,0,1,1,0,0,0,0,0,0
1714,"We need more green space instead of bulldozing down every tree and bush think of quality of life",1,1,0,0,0,0,0,0,1,1,0,0
1715,"More churches",162,42,63,57,63,24,13,26,99,18,50,31
1716,"Preservation of farm land.",1,1,0,0,1,1,0,0,0,0,0,0
1717,"We need community Gardens, parks, and green spaces woven in everywhere in Bowling Green",1,1,0,0,0,0,0,0,1,1,0,0
1718,"Stop Leasing companies from buying single family homes and raising rent",190,128,8,54,68,33,6,29,122,95,2,25
1719,"We need a stadium off I 65 for concerts sports and events easily accessible from I 65",140,47,32,61,60,11,14,35,80,36,18,26
1720,"More school choice",143,49,40,54,57,21,8,28,86,28,32,26
1721,"We need new green transportation to get around the city, Bowling Green is way too congested",1,1,0,0,0,0,0,0,1,1,0,0
1722,"Publication of learning materials taught at each school so there's more transparency of what kids are learning",150,61,24,65,67,27,5,35,83,34,19,30
1723,"We need to stop corporations from purchasing entire portions of land and homes that are built for families",179,85,20,74,74,18,12,44,105,67,8,30
1724,"Stop or decrease the number of refugees allowed to settle here.",1,1,0,0,1,1,0,0,0,0,0,0
1725,"Neighborhood should be built in communities offering gardening space parks shopping within each neighborhood",1,1,0,0,0,0,0,0,1,1,0,0
1726,"Downtown will be vibrant with shops, restaurants, and bars both during the day and at night",1,1,0,0,0,0,0,0,1,1,0,0
1727,"More Pregnancy crisis support to help parents keep their children",126,51,20,55,48,12,7,29,78,39,13,26
1728,"Dedicated special education school for students with low IQs",96,30,20,46,39,9,6,24,57,21,14,22
1729,"Green means Green electric transport parks living areas and shopping",1,1,0,0,0,0,0,0,1,1,0,0
1730,"Public ESL School for children",124,48,12,64,48,6,8,34,76,42,4,30
1731,"More emphasis on mechanical and technical skills in ALL high schools",264,186,11,67,104,55,8,41,160,131,3,26
1732,"Require students to pick a career path their junior year to set them up for adulthood",78,14,39,25,34,4,12,18,44,10,27,7
1733,"Green low income housing for families and elderly",236,125,30,81,89,14,24,51,147,111,6,30
1734,"More schools",1,1,0,0,1,1,0,0,0,0,0,0
1735,"More activities for the elderly and children",1,1,0,0,0,0,0,0,1,1,0,0
1736,"Revitalizing shake rag and delafield districts with parks, small business while protecting families who live in the area. Don’t gentrify!!!",258,142,22,94,98,18,16,64,160,124,6,30
1738,"Bowling Green will retain its local historic character and be sparer the devastating effects of multiculturalism and diversity.",136,44,39,53,55,20,5,30,81,24,34,23
1739,"A food unique to Bowling Green. A speaker at WKU last week asked what local delicacy we were known for. A response from the audience: Caves!",99,33,13,53,43,9,9,25,56,24,4,28
1740,"Increased partnerships in our economic sector to drive small business",180,100,6,74,64,19,4,41,116,81,2,33
1742,"The airport will be relocated  so that different parts of the east side of town can be better connected",1,1,0,0,1,1,0,0,0,0,0,0
1743,"Improve and beautify Old Louisville road and Louisville road and exit 28....make it easier to get on and off i65 to get downtown",1,1,0,0,1,1,0,0,0,0,0,0
1744,"Passenger trains to combat congestion and bring $ to businesses $ to the city",1,1,0,0,0,0,0,0,1,1,0,0
1745,"Three Springs Road needs an on/off ramp to The Natcher Parkway ASAP!",1,1,0,0,1,1,0,0,0,0,0,0
1746,"BG needs an indoor ice rink for Hockey, figure skating and recreational activities.",1,1,0,0,1,1,0,0,0,0,0,0
1747,"More unique resaurtants...no more chain restaurants",1,1,0,0,1,1,0,0,0,0,0,0
1749,"We will have a distinct timeless architectural style that can be expected wherever you look",72,21,7,44,29,6,2,21,43,15,5,23
1750,"Homes should be built on a minimum of 0.75 acre lots.  Stop squeezing so many homes on such a small plot of land.",201,77,55,69,80,32,17,31,121,45,38,38
1751,"Feminism is a mandatory subject in all Bowling Green schools, planning on expanding to the nation and then the world.",138,33,57,48,49,1,28,20,89,32,29,28
1752,"We need a Trader Joe's!!!",1,1,0,0,1,1,0,0,0,0,0,0
1753,"Public Transportation like Lexington had (lextran).",184,83,20,81,76,16,16,44,108,67,4,37
1754,"I hope to see that Bowling Green is more walkable in 2050, with safe sidewalks and walkways implemented in most areas.",1,1,0,0,0,0,0,0,1,1,0,0
1755,"Build sidewalks in all new neighborhoods.  Focus of building sidewalks in all neighborhoods within city and city annex limits.",1,1,0,0,1,1,0,0,0,0,0,0
1756,"Cap on the amount of property a property rental company can own and/or manage.",1,1,0,0,1,1,0,0,0,0,0,0
1758,"Have an apartment district and stop building them around single family homes.",74,23,16,35,31,8,3,20,43,15,13,15
1759,"We need an indoor/outdoor swimbad like Germany has for year round swimming and fitness",1,1,0,0,0,0,0,0,1,1,0,0
1760,"Turn empty stores in the mall into a recreational facility for families, similar to what Etown is doing.",162,77,10,75,59,13,6,40,103,64,4,35
1761,"Better Trampoline park, similar to Skys the limit in etown.",64,14,12,38,22,3,4,15,42,11,8,23
1762,"More public pool options.",1,1,0,0,1,1,0,0,0,0,0,0
1763,"We need more shopping",1,1,0,0,1,1,0,0,0,0,0,0
1764,"Outdoor indoor mall for gathering and unique shopping old mall needs to go",1,1,0,0,0,0,0,0,1,1,0,0
1765,"More parking and entertainment options downtown",1,1,0,0,0,0,0,0,1,1,0,0
1766,"Food and entertainment near the river",1,1,0,0,0,0,0,0,1,1,0,0
1767,"Open the airport to commercial flights to cities like Atlanta, chicago, and Orlando",1,1,0,0,1,1,0,0,0,0,0,0
1768,"Open a Publix on the Northside of town",168,63,27,78,64,18,10,36,104,45,17,42
1769,"Bring back AFFORDABLE curbside recycling!",324,239,27,58,118,55,22,41,206,184,5,17
1770,"Better transportation and more things for our community to do! Especially something to keep our kids entertained.",1,1,0,0,0,0,0,0,1,1,0,0
1771,"New high fiber for Internet access our Internet goes out nonstop",222,131,9,82,78,27,4,47,144,104,5,35
1772,"bowling green shelter for all. no one should have to sleep outside at 2050. we take care of our own. funded by locals.",1,1,0,0,0,0,0,0,1,1,0,0
1773,"More local support for WKU thanks to a better direction from leadership.",1,1,0,0,0,0,0,0,1,1,0,0
1774,"Stop letting building set empty and building new ones.",1,1,0,0,1,1,0,0,0,0,0,0
1776,"Improve the access road next to scottsville road, no left turn and have U turn lanes on scottsville.",74,22,5,47,35,5,1,29,39,17,4,18
1777,"Put in a right turn lanes at the Fairview and 31W Bypass intersection (by the pet store and gas station)",53,16,6,31,18,3,2,13,35,13,4,18
1778,"Affordable childcare and preschools so parents can enter the workforce.",257,170,18,69,94,33,14,47,163,137,4,22
1779,"Remove towing from downtown and only allow tickets or fines.  Removing your car is unsafe and a major inconvenience.",155,80,15,60,62,22,7,33,93,58,8,27
1780,"Stop allowing homeless people to loiter",1,1,0,0,1,1,0,0,0,0,0,0
1781,"Indoor year round pools for entertainment with restaurants and classes in water exercise",167,89,12,66,57,17,8,32,110,72,4,34
1782,"Franklin already is",1,1,0,0,0,0,0,0,1,1,0,0
1783,"Any parking spot that results in towing must be marked on the ground in the spot or directly beside the parking spot on a sign.",124,63,12,49,49,22,3,24,75,41,9,25
1784,"tax breaks for people that participate in regular exercise",77,17,22,38,29,5,7,17,48,12,15,21
1786,"A fairness ordinance to keep queer and gender non conforming people like me safe from discrimination.",1,1,0,0,0,0,0,0,1,1,0,0
1787,"Greenwood mall will be used as new multi family housing with education/activities/restaurants/retail available in common areas",82,21,18,43,28,1,5,22,54,20,13,21
1788,"Encourage local pharmacies to expand and limit chain pharmacies that offer subpar care.",118,43,11,64,48,5,6,37,70,38,5,27
1789,"An all ages music venue/gallery and hang out spot that encourages young artists and creatives. Keep the arts alive!",239,129,18,92,92,20,16,56,147,109,2,36
1790,"No cellphones in classrooms - only in lockers.  No laptops in classrooms kids are looking at inapropriate content and not paying attention",133,53,18,62,53,19,4,30,80,34,14,32
1791,"Keep schools open if 60% of roads are accessible and have the 40% of kids stay home and do NTI on those days.",62,10,20,32,24,3,7,14,38,7,13,18
1792,"I would like to see a dedicated bicycle path for recreational bikers, away from roads like in Loveland, Ohio.",127,62,12,53,48,13,7,28,79,49,5,25
1793,"Build a new High school for Greenwood students",46,7,12,27,18,4,2,12,28,3,10,15
1794,"Harsher punishments for sexual predators and repeat offenders",223,144,9,70,95,56,3,36,128,88,6,34
1795,"Higher taxes for people only living in BG for lower cost of living but are working in Nashville.",68,7,27,34,26,3,5,18,42,4,22,16
1796,"Real-estate investors must live in Kentucky, no outside owners",130,61,13,56,46,11,7,28,84,50,6,28
1798,"Agree! AND We badly need reflective road stripping!!!! Please do that!",1,1,0,0,0,0,0,0,1,1,0,0
1799,"When developers come in with a nice green plan for shops restaurants community gathering stop turning them down",89,44,3,42,34,7,2,25,55,37,1,17
1800,"Incorporate into park areas places for badminton, Chess/checkers and exercise classes all ages",293,184,18,91,116,42,14,60,177,142,4,31
1801,"More utilization of the Capitol Theatre downtown, on par with the Kentucky Theatre in Lexington",215,125,10,80,85,25,9,51,130,100,1,29
1802,"Expand the shopping out north Northwest east and south why is everything shoved on the Scottsville Road it’s appalling",1,1,0,0,0,0,0,0,1,1,0,0
1803,"The riverfront will be developed like Sausalito, California shops restaurant walking entertainment you name it a train station",138,66,14,58,51,17,5,29,87,49,9,29
1804,"We need to have serious recycling in every single neighborhood look at Germany. They know how to do it.",1,1,0,0,0,0,0,0,1,1,0,0
1805,"We need to be planting wildflowers for pollinators around every road and freeway railway in Bowling Green",1,1,0,0,0,0,0,0,1,1,0,0
1806,"Have Green space literally everywhere. It is covered in concrete, hot congested pretty miserable right now.",1,1,0,0,0,0,0,0,1,1,0,0
1807,"We will have more, smaller farms in the area",1,1,0,0,1,1,0,0,0,0,0,0
1808,"We need multiple Trader Joe’s instead of these awful grocery stores we’ve got",71,28,16,27,26,6,8,12,45,22,8,15
1809,"Schools, preschools and day cares  offering different types of educational methods",112,53,9,50,41,12,4,25,71,41,5,25
1810,"Pass laws to prevent people from just putting animals in their backyard in and forgetting them",161,83,17,61,62,18,11,33,99,65,6,28
1811,"Past laws in Bowling Green and Warren County to protect animals from neglect",1,1,0,0,0,0,0,0,1,1,0,0
1812,"The airport needs to be moved off of Scottsville Road and put much farther out for small commercial flights",1,1,0,0,0,0,0,0,1,1,0,0
1813,"Better support for our police agencies in town.",1,1,0,0,1,1,0,0,0,0,0,0
1814,"Better athletic complexes for youth baseball, basketball and football. Similar to Elizabethtown Sports Park",170,72,21,77,63,15,11,37,107,57,10,40
1815,"The bypass in front of local taco should be widened.",173,75,21,77,72,31,7,34,101,44,14,43
1816,"Fairview/keriakas area should have wider roads to avoid accidents.",102,42,15,45,40,10,5,25,62,32,10,20
1817,"Less vape shops",1,1,0,0,1,1,0,0,0,0,0,0
1818,"Let's become the visual and performing arts capital of SOKY!",223,120,21,82,83,22,17,44,140,98,4,38
1819,"All county schools with equal opportunities - unlike currently, where South Warren is the only to have the latest and greatest.",160,79,11,70,60,18,5,37,100,61,6,33
1820,"Remove the painted electrical boxes downtown - waste of money and they look tacky.",51,3,23,25,21,2,5,14,30,1,18,11
1822,"Would love to see more kids attractions- children’s museum, science museum, aquarium, zoo etc",1,1,0,0,0,0,0,0,1,1,0,0
1823,"Exit 24 on I-65, serving the rapidly developing lovers lane area and to reduce traffic on exit 22",98,30,15,53,36,7,3,26,62,23,12,27
1824,"Paid public parking can help recoup the cost of the investment, and become a revenue stream that can help support other initiatives.",91,25,23,43,36,4,9,23,55,21,14,20
1825,"Real solutions to traffic density through urban planning, including public transportation, roundabouts, bike lanes, walkable neighborhoods.",1,1,0,0,0,0,0,0,1,1,0,0
1826,"Municipal mulch and compost",1,1,0,0,0,0,0,0,1,1,0,0
1827,"More pedestrian friendly throughout the city.",1,1,0,0,0,0,0,0,1,1,0,0
1829,"Bowling Green would benefit from a HomeGoods store and a Whole Foods or Trader Joe’s. Also need a better way to know about community events.",1,1,0,0,0,0,0,0,1,1,0,0
1830,"BG will be the midway stop/hub for a train/bus route to both Louisville and Nashville help commuters and tourists who frequently travel I65",1,1,0,0,0,0,0,0,1,1,0,0
1831,"BG will retain its “small town feel” & Southern hospitality/friendliness regardless of how big it gets",1,1,0,0,0,0,0,0,1,1,0,0
1832,"Quality housing options so it does not become outrageous to buy a house. Rental companies will have stricter oversight to reduce slumlords",1,1,0,0,0,0,0,0,1,1,0,0
1833,"WKU/forerunner studio project will be successful & impressive, attracting more film/tv/ad work that is currently being outsourced to Nashvil",1,1,0,0,0,0,0,0,1,1,0,0
1834,"BG needs to quit building apartment complex’s in every nook and cranny. More starter houses and family neighborhoods.",1,1,0,0,0,0,0,0,1,1,0,0
1835,"Conference center, and large hotels surrounded by hospitality activities. Not a conference center surrounded by DR.’s offices.",130,58,16,56,48,8,11,29,82,50,5,27
1836,"Thinking back to 2000, not much will change in the next 25 years.",60,7,23,30,22,4,4,14,38,3,19,16
1837,"More indoor activities for children ages 2-6",167,81,13,73,68,21,8,39,99,60,5,34
1838,"Outdoor amphitheater and park!",1,1,0,0,0,0,0,0,1,1,0,0
1839,"Tax dollars will continue to be wasted on feel good projects like this one. Anyone remember the county 2030 plan?",1,1,0,0,1,1,0,0,0,0,0,0
1840,"In the future there will be more public transportation infrastructure so that you could get across town without a car.",1,1,0,0,0,0,0,0,1,1,0,0
1841,"BG will have very small/virtually nonexistent homelessness and many quality community resources to keep folks off the streets",1,1,0,0,0,0,0,0,1,1,0,0
1842,"BG will have more restaurants that prioritize whole/real/local food. We have great local ag, no reason we shouldn’t have more farm 2 table",1,1,0,0,0,0,0,0,1,1,0,0
1843,"BG will prioritize quality architecture and bear in mind its southern roots/beauty instead of building gross/trendy multi-material slop",188,115,10,63,65,29,6,30,123,86,4,33
1844,"Where are the 90,000 new residents coming from? Is it from growing business, new business, immigration, etc?",1,1,0,0,0,0,0,0,1,1,0,0
1845,"Avoid cluttered, random, ugly development. Much of the bypass is hideous and embarrassing.",221,137,13,71,78,41,5,32,143,96,8,39
1846,"WKU with an international reputation will still be underutilized as a local resource",1,1,0,0,1,1,0,0,0,0,0,0
1847,"Prioritize local businesses. We don’t need more crappy & unhealthy chain coffee places. More Spencer’s & Q energy! More 30bird & farm2table",1,1,0,0,0,0,0,0,1,1,0,0
1848,"Would love to see nature/outdoor - activities&tourism. Water activities! Agritourism! Hiking & cave exploration! Chill breweries.",1,1,0,0,0,0,0,0,1,1,0,0
1849,"Look at Fort Collins, CO. Also a college town with lots to do, lots of young people, great arts scene, outdoor living.",114,48,5,61,43,12,4,27,71,36,1,34
1850,"Whitewater Park will still be in development.",1,1,0,0,1,1,0,0,0,0,0,0
1851,"Disc golf will be a dead fad.",55,4,21,30,20,2,6,12,35,2,15,18
1852,"Bowling Green needs a thriving shopping center. The mall is okay but could be better.",1,1,0,0,0,0,0,0,1,1,0,0
1853,"Over 60% of the population will be moderate to low income. (It's 57% now)",65,13,15,37,27,4,7,16,38,9,8,21
1854,"Incentives to grow food at home and homestead",160,79,12,69,60,16,5,39,100,63,7,30
1855,"Don’t become Louisville with terrible/empty/crime-ridden downtown with piss-filled parking garages. Keep the heart of BG!",188,114,13,61,74,40,5,29,114,74,8,32
1856,"More activities to do, escape rooms, golf, hiking trails / kayaking, zip lining, just more activities for students and families to do!",1,1,0,0,0,0,0,0,1,1,0,0
1857,"We need a Trader Joe’s!!!!!!",0,0,0,0,0,0,0,0,0,0,0,0
1859,"Implement real, study-backed city planning strategies for traffic flow and road design. DO NOT widen any more main roads.",1,1,0,0,0,0,0,0,1,1,0,0
1860,"Lots of ppl saying more shopping. Yes but local! Look @ Old Town in Fort Collins. Beautiful, walkable, tons of restaurants and mix of shops",1,1,0,0,0,0,0,0,1,1,0,0
1861,"I would like to see more facilities for good wholesome recreation and gathering for young adults that don’t involve drinking for kids 16-21",1,1,0,0,0,0,0,0,1,1,0,0
1862,"We need to focus funding and planning into BG's infrastructure and areas of low-income,",1,1,0,0,0,0,0,0,1,1,0,0
1863,"Get Operation PRIDE to spend their money on beautification within the city, not tacky horse statues that have nothing to do with BG.",1,1,0,0,0,0,0,0,1,1,0,0
1864,"Grow WC public libraries & parks. More family activities, esp young kids. We need 5+ more indoor playgrounds like Buchanan for winter/rain",1,1,0,0,0,0,0,0,1,1,0,0
1865,"BG in 2050 will be a cultureless third-world shithole. Import the third-world, become the third-world.",0,0,0,0,0,0,0,0,0,0,0,0
1866,"As a college student a more intriguing night life while keeping everyone safe",206,110,12,84,86,27,12,47,120,83,0,37
1867,"More sidewalks",1,1,0,0,0,0,0,0,1,1,0,0
1868,"Family lifestyles. Well maintained parks. Entertainment for families. More sidewalks. Paid coaches so we can have better sports options.",1,1,0,0,0,0,0,0,1,1,0,0
1869,"We have hills.  This walkable bikeable idea is a joke.  How many bikes you see on 31w heading up the hill yet we have a bike lane?",1,1,0,0,0,0,0,0,1,1,0,0
1870,"Bowling Green will have an Urban Air or similar play place for children.",169,67,14,88,64,13,8,43,105,54,6,45
1871,"The agriculture land to be maintained and utilized. We need young farmers. Maybe an introduction program of some sort!",1,1,0,0,0,0,0,0,1,1,0,0
1872,"Lack of diversity in city/county government will not improve by 2050.",1,1,0,0,1,1,0,0,0,0,0,0
1873,"More kid entertainment! Museums, science center, aquarium, zoo",1,1,0,0,0,0,0,0,1,1,0,0
1874,"The empty lot across from Baskin Robins should be turned into a safe park for students and families to gather and play.",1,1,0,0,0,0,0,0,1,1,0,0
1875,"More brunch restaurants",120,46,12,62,46,8,6,32,74,38,6,30
1876,"Less fast food, more local eateries.",1,1,0,0,0,0,0,0,1,1,0,0
1877,"Would love a functional riverfront like Owensboro",1,1,0,0,0,0,0,0,1,1,0,0
1878,"No more apartments or homes that are squished next to each other. Quality over quantity.",1,1,0,0,0,0,0,0,1,1,0,0
1879,"More diversionary programs based on harm reduction to help those struggling. Housing first programs.",1,1,0,0,0,0,0,0,1,1,0,0
1880,"Our city will have affordable housing in safe neighborhoods within walking distance to parks.",1,1,0,0,0,0,0,0,1,1,0,0
1881,"I would like more weekend activities for children, the library has some but they are during the week and it's hard to attend them.",201,122,7,72,74,29,6,39,127,93,1,33
1882,"I would like more festivals, they have been getting better and better!",1,1,0,0,0,0,0,0,1,1,0,0
1883,"A trader joes!",1,1,0,0,0,0,0,0,1,1,0,0
1884,"More grant programs for local entrepreneurs to get their businesses off the ground. People here have great ideas and just need a little.",1,1,0,0,0,0,0,0,1,1,0,0
1885,"A patel's grocery store.",43,3,11,29,16,0,6,10,27,3,5,19
1886,"Red bows on light polls at Christmas time!!",80,24,12,44,32,4,5,23,48,20,7,21
1887,"A foodcourt style restaurant with live music, activities and bars that can be family friendly until after dinner when it can be adult only.",200,99,17,84,71,18,14,39,129,81,3,45
1888,"A Bowling Green monthly newsletter sent to homes within the city telling the monthly happenings + job postings. (City engagement)",95,32,12,51,39,8,4,27,56,24,8,24
1889,"Fairview Avenue needs to be fixed, by Keriakes cars turning left stop traffic.",177,97,9,71,63,21,5,37,114,76,4,34
1890,"Underground utilities to prevent storm outages",245,183,12,50,95,54,10,31,150,129,2,19
1891,"Tax for BG/WC and schools have to double",62,8,18,36,25,3,4,18,37,5,14,18
1892,"An Amtrack stop to connect to other cities",1,1,0,0,0,0,0,0,1,1,0,0
1893,"I'll love to see a safe environment for families, feel free and safe to walk downtown or any area at any time.",207,143,5,59,83,41,4,38,124,102,1,21
1894,"I would love a birthing center with midwives as an option for moms who want low intervention births",226,107,27,92,83,23,21,39,143,84,6,53
1895,"More health options — advanced modern medicine AND more holistic options like acupuncture, chiropractic care, and health spas",227,127,24,76,85,29,15,41,142,98,9,35
1896,"Reduce or freeze property taxes at 2030 and raise consumption tax with exemptions for low or no income people.",73,17,14,42,28,6,4,18,45,11,10,24
1897,"Implement a vacancy tax on all structures",136,57,12,67,49,10,7,32,87,47,5,35
1898,"I think a robust children’s museum would do so well here. Alongside the Corvette & Railroad museums could do wonders for family tourism.",1,1,0,0,0,0,0,0,1,1,0,0
1899,"I think BG has a lot of potential to be a front porch community like Lexington, Asheville NC, and Fort Collins CO. Local biz can thrive!",1,1,0,0,0,0,0,0,1,1,0,0
1900,"Public Transportation would be nice.",1,1,0,0,0,0,0,0,1,1,0,0
1901,"Landlords - non owner occupied homes - should be taxed at a higher rate.",97,33,26,38,41,8,13,20,56,25,13,18
1902,"More entertainment, comedy club, recreational activities, outdoor music festivals.",1,1,0,0,0,0,0,0,1,1,0,0
1903,"Concerts, festivals, live music events sponsored by the city. Like Memphis in May.",168,93,8,67,56,15,7,34,112,78,1,33
1904,"1. I would like to see more space made available for our homeless community  Opportunity for those who are looking to rejoin society",0,0,0,0,0,0,0,0,0,0,0,0
1905,"Last time this was done one of the main points was having more things to do. Concerts (not concert in the park) for example. Still nothing.",1,1,0,0,0,0,0,0,1,1,0,0
1906,"BG will have an efficient and affordable recycling program that will mitigate the environmental damage created by the population growth,",293,201,30,62,118,48,23,47,175,153,7,15
1907,"In 2050 BG will continue to support and champion local businesses",247,167,8,72,101,44,8,49,146,123,0,23
1908,"I hope that the Christian faith is strong and growing in our community.",284,123,80,81,110,60,13,37,174,63,67,44
1909,"More affordable activities for children and youth in our area",0,0,0,0,0,0,0,0,0,0,0,0
1910,"Have thriving agri-communitites where children participate in growing vegetables, raising chickens for eggs, etc",206,136,9,61,82,33,7,42,124,103,2,19
1911,"There should be more green public spaces within the city where people can enjoy the nature, not just play sports.",1,1,0,0,0,0,0,0,1,1,0,0
1912,"By 2050 (maybe sooner?) BG will have an artisanal bakery serving sourdough and pastries.",150,80,10,60,58,17,9,32,92,63,1,28
1913,"Hope that the parks are still as good or better as they are now.",240,172,3,65,95,44,3,48,145,128,0,17
1914,"Hope that there is more affordable housing",1,1,0,0,0,0,0,0,1,1,0,0
1915,"Quit quantifying success by population.",94,46,5,43,39,21,3,15,55,25,2,28
1916,"In 2050 BG will have a big commerce area (like a river walk) that can house local businesses and restaurants that’s walkable",1,1,0,0,0,0,0,0,1,1,0,0
1917,"lorem ipsum",0,0,0,0,0,0,0,0,0,0,0,0
1918,"Restaurants will be open on Mondays, and open past 9pm",1,1,0,0,0,0,0,0,1,1,0,0
1919,"More medical options. BG is too big of a ciity to not have a trauma 1 level center",249,177,9,63,102,51,8,43,147,126,1,20
1920,"1. Crack down on human trafficking. Police know where it's happening. 2. Build a public indoor 50-meter, 8-lane swimming pool.",0,0,0,0,0,0,0,0,0,0,0,0
1921,"Involving more local businesses",1,1,0,0,1,1,0,0,0,0,0,0
1922,"More trees throughout town and incorporate native species of plants in public spaces and traffic areas.",1,1,0,0,0,0,0,0,1,1,0,0
1923,"More houses less apartments!",1,1,0,0,0,0,0,0,1,1,0,0
1924,"Sidewalks, crosswalks, and mixed-use areas where you could actually walk to shops, restaurants, or work without needing a car.",0,0,0,0,0,0,0,0,0,0,0,0
1925,"Bowling Green needs a game restaurant like Dave and Busters",1,1,0,0,0,0,0,0,1,1,0,0
1926,"Better use of the river area and better outdoor spaces. More beautification, less billboards/fast food signs.",1,1,0,0,0,0,0,0,1,1,0,0
1927,"BG will have at least one other 18 hole public golf course. The amount of golfers in the area are outgrowing the courses available.",0,0,0,0,0,0,0,0,0,0,0,0
1928,"More green space please!",0,0,0,0,0,0,0,0,0,0,0,0
1929,"By 2050 we will have a good Chinese restaurant. Find Happy Inn & get them back in. Town!",1,1,0,0,1,1,0,0,0,0,0,0
1930,"Preserve the small town culture and close knit community",215,129,7,79,77,37,2,38,138,92,5,41
1931,"There will be more options for utilities/internet. No more monopolies.",1,1,0,0,0,0,0,0,1,1,0,0
1932,"By 2050, BG will follow suit as Lexington did and strategically grow while still maintaining our farms and agricultural community.",1,1,0,0,1,1,0,0,0,0,0,0
1934,"Our community will fully support WKU athletics and fill up Diddle Arena and LT Smith Stadium!",1,1,0,0,0,0,0,0,1,1,0,0
1935,"I would like to see a year round indoor aquatics center suitable for lap swimmers, water aerobics participants, and swim lessons.",209,127,19,63,81,37,11,33,128,90,8,30
1936,"I’d like to see a bicycle friendly city. Current Greenway are fragmented throwing bicycles on to busy roadways",0,0,0,0,0,0,0,0,0,0,0,0
1937,"Bowling Green will be more diverse and everyone will love each other",1,1,0,0,0,0,0,0,1,1,0,0
1938,"More public free parking",1,1,0,0,0,0,0,0,1,1,0,0
1939,"More food grocery stores.",1,1,0,0,0,0,0,0,1,1,0,0
1940,"Safe places for abused children.",177,117,2,58,66,24,1,41,111,93,1,17
1941,"Fun places for children and teens.",1,1,0,0,0,0,0,0,1,1,0,0
1942,"By 2050, the city commits to planting only native plants and trees on public property, actively working to restore ecosystems for wildlife.",178,104,15,59,71,23,13,35,107,81,2,24
1943,"Better transit to and from BNA. Possibly small “hopper” flights from Woodhurst, would be cool.",1,1,0,0,0,0,0,0,1,1,0,0
1944,"There must be an additional lane added each way to Scottsville Road.",1,1,0,0,0,0,0,0,1,1,0,0
1945,"Relocate the airport and use the current for additional housing and commercial use",1,1,0,0,0,0,0,0,1,1,0,0
1946,"The city will encourage and incentivize restoring wild habitats on private property. Residents give half of their turf lawn back to nature.",203,85,41,77,75,11,26,38,128,74,15,39
1947,"Scottsville Road is going to need help if the growth continues. Upgrade the downtown area with more brewery, outdoor hangs, outdoor music",0,0,0,0,0,0,0,0,0,0,0,0
1948,"Sufficient efficient public transportation",1,1,0,0,0,0,0,0,1,1,0,0
1949,"A movie theater with better seats! Everyone I know goes to Nashville to get their money’s worth!",1,1,0,0,0,0,0,0,1,1,0,0
1950,".",0,0,0,0,0,0,0,0,0,0,0,0
1951,"Bowling Green needs more thicc latinas.",0,0,0,0,0,0,0,0,0,0,0,0
1952,"A 2 hour/AI learning school https://2hourlearning.com/article/alpha-school-using-ai-to-unleash-students-and-transform-teaching",1,1,0,0,1,1,0,0,0,0,0,0
1953,"Riverfront development",1,1,0,0,1,1,0,0,0,0,0,0
1954,"Flying car and robots cooking you meals",1,1,0,0,0,0,0,0,1,1,0,0
1955,"Trader Joe’s!!!",1,1,0,0,1,1,0,0,0,0,0,0
1956,"We need to address the homelessness issue.",1,1,0,0,1,1,0,0,0,0,0,0
1957,"Family friendly places like the riverfront and activities",1,1,0,0,1,1,0,0,0,0,0,0
1958,"I would love to see a caring and qualified medical community for BG with more specialist for children.",1,1,0,0,0,0,0,0,1,1,0,0
1959,"We need an ice rink!",1,1,0,0,1,1,0,0,0,0,0,0
1960,"Overall of downtown while preserving historic buildings - boutique hotels, chef own restaurants, shops, etc",1,1,0,0,1,1,0,0,0,0,0,0
1961,"Connecting riverfront to downtown while making it safer and fun",241,178,7,56,95,56,7,32,146,122,0,24
1962,"We need a pediatric ER",1,1,0,0,1,1,0,0,0,0,0,0
1963,"Connecting the parkway to the industrial park on the east end to create a perimeter would be a great idea, cutting traffic and travel time",69,23,6,40,24,2,2,20,45,21,4,20
1964,"Another school option that isn’t public school.",1,1,0,0,1,1,0,0,0,0,0,0
1965,"A secular hybrid/homeschool co-op",81,27,18,36,33,7,8,18,48,20,10,18
1966,"The exit ramps connecting the parkway to 65 are insane at times.    Fixing those will eventually save lives, and tons of headache",56,16,5,35,24,4,2,18,32,12,3,17
1967,"More local festivals",1,1,0,0,1,1,0,0,0,0,0,0
1968,"Petitioning for true casino gambling in the state could bring in TONS of jobs and money from TN and other states.",45,5,22,18,15,1,6,8,30,4,16,10
1969,"Organic, clean eating grocery",1,1,0,0,1,1,0,0,0,0,0,0
1970,"Down town parking needs to be expanded.  Or the city owned lots should be open after city business hours",0,0,0,0,0,0,0,0,0,0,0,0
1971,"More beautification/operation pride",1,1,0,0,1,1,0,0,0,0,0,0
1972,"We are in desperate need of an indoor sports facility - in particular, an indoor ice rink.",1,1,0,0,1,1,0,0,0,0,0,0
1973,"More family oriented activities and entertainment.",1,1,0,0,0,0,0,0,1,1,0,0
1974,"More green space",1,1,0,0,1,1,0,0,0,0,0,0
1975,"Disallow all elected officials eligibility of re-election if the city is in a budget deficit.",49,7,18,24,21,3,4,14,28,4,14,10
1976,"Bigger and better Nightlife",1,1,0,0,0,0,0,0,1,1,0,0
1977,"A citizen law enforcement agency oversite board to review policy adherence in use of force / IA complaint cases",0,0,0,0,0,0,0,0,0,0,0,0
1978,"More private schools extending through high school",1,1,0,0,1,1,0,0,0,0,0,0
1979,"Improved ditches and drainage systems.",1,1,0,0,0,0,0,0,1,1,0,0
1980,"Traffic cams",83,30,16,37,31,12,5,14,52,18,11,23
1981,"Would love to see a city dedicated to healthy living",1,1,0,0,0,0,0,0,1,1,0,0
1982,"Rezoning of the city school district to include the more inner city Warren county district.",58,11,13,34,26,2,6,18,32,9,7,16
1983,"More free parking downtown",1,1,0,0,0,0,0,0,1,1,0,0
1984,"Expanded city aquatics",1,1,0,0,0,0,0,0,1,1,0,0
1985,"Riverfront concerts, festivals, food trucks",1,1,0,0,0,0,0,0,1,1,0,0
1986,"Outdoor summer theatre events",207,129,12,66,84,29,10,45,123,100,2,21
1987,"Speakeasy events",124,43,20,61,49,8,13,28,75,35,7,33
1988,"New entertainment options for older adults out of college.",1,1,0,0,0,0,0,0,1,1,0,0
1989,"I hope Bowling Green has more indoor play places for kids!",128,73,5,50,51,20,2,29,77,53,3,21
1990,"Relocate the airport and transform Lover's Lane into a premium destination, featuring upscale shopping and dining experiences.",1,1,0,0,0,0,0,0,1,1,0,0
1991,"Pump up our college athletics better in our south central region.",1,1,0,0,0,0,0,0,1,1,0,0
1992,"I hope BG looks more like it did in the 90s and early 2000s, not the third world country its becoming.  Kentucky for kentuckians!",1,1,0,0,1,1,0,0,0,0,0,0
1993,"More entertainment opportunities for the 30s age crowd who don't go to the bars downtown.",246,146,9,91,88,31,6,51,158,115,3,40
1994,"BG should be affordable for actual kentuckians not just NY or CA transplants.",163,92,11,60,66,20,7,39,97,72,4,21
1995,"A distillery district like Lexington which offers a place to sit and enjoy local beers and cocktails.",178,81,26,71,72,20,14,38,106,61,12,33
1996,"Improve the west side of BG",174,98,8,68,67,25,8,34,107,73,0,34
1997,"I hope BG is a national leader in manufacturing and transportation",139,58,9,72,60,21,5,34,79,37,4,38
1998,"Hi BG. Let’s make BG a healthier place to live and work. We badly need an indoor and or outdoor pool for swimming/swimmers.",1,1,0,0,1,1,0,0,0,0,0,0
1999,"More development along veterans memorial.",139,60,16,63,56,17,9,30,83,43,7,33
2000,"Fewer refugees.",1,1,0,0,1,1,0,0,0,0,0,0
2001,"A shuttle service to the Nashville airport, operating at least twice a day.",1,1,0,0,0,0,0,0,1,1,0,0
2002,"Less law offices and financial buildings in the square. More shops and restaurants.",1,1,0,0,0,0,0,0,1,1,0,0
2003,"Seasonal carnival like set up",66,16,13,37,27,5,4,18,39,11,9,19
2004,"Indoor aquatics",1,1,0,0,0,0,0,0,1,1,0,0
2005,"Control of the smoke shop and liquor store growth in our community.",1,1,0,0,0,0,0,0,1,1,0,0
2006,"More affordable/ discounted grocery stores including a larger vicinity Aldis",152,74,8,70,61,14,4,43,91,60,4,27
2007,"More hiking trails",1,1,0,0,0,0,0,0,1,1,0,0
2008,"More ethnic events featured at Skypac.",167,67,24,76,62,2,20,40,105,65,4,36
2009,"Comedy house.",1,1,0,0,0,0,0,0,1,1,0,0
2010,"Murals!  aesthetically pleasing local owned restaurants! A discount movie theater. A movie theater with recliners! A drive in theater.",1,1,0,0,1,1,0,0,0,0,0,0
2011,"Speak easy bars. Indoor go cart track. Indoor ice skating rink. A bigger trampoline park with a ninja course! Large farmers market",1,1,0,0,1,1,0,0,0,0,0,0
2012,"amphitheater! wineries with tour and musical entertainment. River walk with boat rides, nice eateries and magical lights.",1,1,0,0,1,1,0,0,0,0,0,0
2013,"Eat more",1,1,0,0,0,0,0,0,1,1,0,0
2014,"An exit between mm 20 and mm 6 on I-65 that houses a premier mall/ outlet mall & restaurant. Close Greenwood mall!",1,1,0,0,1,1,0,0,0,0,0,0
2015,"Bowling Green should have more restaurants and grocery options, besides IGA & DG north of river with the Industrial and Housing growth.",1,1,0,0,1,1,0,0,0,0,0,0
2016,"Top Golf; Dave & Busters; FUN plex; iFLY indoor skydive",1,1,0,0,1,1,0,0,0,0,0,0
2017,"Our roads cannot currently withstand high traffic outputs. Come up with a way to re-route and manage traffic that isn't just adding lanes.",1,1,0,0,0,0,0,0,1,1,0,0
2018,"There will be bridges over all railroad crossing for CSX.",1,1,0,0,1,1,0,0,0,0,0,0
2019,"A place where you don’t see a difference across the tracks.",1,1,0,0,0,0,0,0,1,1,0,0
2020,"Improved city bus services",1,1,0,0,0,0,0,0,1,1,0,0
2021,"Turn Greenwood mall into outlet Mall and encourage more people to travel and spend money in our City.",93,30,13,50,39,12,5,22,54,18,8,28
2022,"We could definitely use wider streets and street lights in Warren County.  It is not always easy to see with the lights on these new cars.",0,0,0,0,0,0,0,0,0,0,0,0
2023,"The metro becomes home to a bastion of liberalism that makes it unique from the conservative nature of Bowling Green.",130,30,44,56,50,4,25,21,80,26,19,35
2024,"There needs to be more things to do, escape rooms, arcades, putt putt places. More than just the bowling alley.",1,1,0,0,0,0,0,0,1,1,0,0
2025,"The continued development of river street with outdoor activities on the river, restaurants, & outdoor music venue",235,164,14,57,89,45,11,33,146,119,3,24
2026,"Our small businesses will be strong regional leaders with economic security to support their families.",116,57,5,54,49,11,5,33,67,46,0,21
2027,"Corvette Plant area needs serious development at that exit. The run down eye sore hotels are disgusting. The city needs to push for clean up",1,1,0,0,0,0,0,0,1,1,0,0
2028,"Bowling Green will have multi-use zoning for dynamic spaces to shop, eat, and reside.",1,1,0,0,0,0,0,0,1,1,0,0
2029,"Upscale restaurants, activities, hotels, and shops",1,1,0,0,0,0,0,0,1,1,0,0
2030,"Developement of properties that bring true revenue to the community. I also pray that more activities for youth become available.",1,1,0,0,0,0,0,0,1,1,0,0
2031,"I think BG needs to provide equity for its diverse population so as to include all of us in our democratic process.",219,88,53,78,85,6,38,41,134,82,15,37
2032,"I hope we have more opportunities for families in the city. A children’s museum, indoor play spaces, community wide activities, etc.",1,1,0,0,0,0,0,0,1,1,0,0
2034,"Affordable housing will be available, but higher standards of care required of the property owners, even in less affluent areas",137,68,9,60,56,14,6,36,81,54,3,24
2035,"An Einstein Bagels off campus",46,8,11,27,18,1,4,13,28,7,7,14
2036,"Que Buenos back",45,11,8,26,16,3,4,9,29,8,4,17
2037,"We have great parks. To bring revenue into BG, tuff fields for baseball and softball tournaments are a huge draw to towns.",0,0,0,0,0,0,0,0,0,0,0,0
2038,"I hope BG continues to be a welcoming place for immigrants and refugees, and I’d love to see our community do even more to welcome them!",280,140,68,72,108,13,49,46,172,127,19,26
2039,"I how BGISD’s Teranga Academy is still around as model for ESL education in our nation!",1,1,0,0,0,0,0,0,1,1,0,0
2040,"Unsure",0,0,0,0,0,0,0,0,0,0,0,0
2041,"Respect for police and growing force to keep our growing county safe",1,1,0,0,0,0,0,0,1,1,0,0
2042,"Bypass cut to 2 lanes = disaster. It killed a viable retail corridor. I spoke with the road supervisor and he said it wasn't a problem.",1,1,0,0,1,1,0,0,0,0,0,0
2043,"Quality bakery downtown",206,120,8,78,83,25,7,51,123,95,1,27
2045,"Would love to have a creative coworking warehouse leased space for businesses",103,44,6,53,39,5,4,30,64,39,2,23
2046,"We need a $50 shuttle to Nashville Airport.",65,21,6,38,28,5,4,19,37,16,2,19
2047,"We need a regional airline that goes to Cinci, Memphis, and Knoxville.",106,42,22,42,44,10,10,24,62,32,12,18
2048,"It's 19 degrees right now.  We need more global warming.",1,1,0,0,1,1,0,0,0,0,0,0
2050,"Bring back Balloons, Tunes and BBQ!",1,1,0,0,0,0,0,0,1,1,0,0
2051,"Preserve the agricultural beauty of our county. Once the farm land is gone, it's gone & we'll never be able to self sustain as a community.",1,1,0,0,0,0,0,0,1,1,0,0
2052,"Please better healthcare options!",1,1,0,0,0,0,0,0,1,1,0,0
2053,"Please… this sponsored by whom?! This was done maybe 6 years ago!! How DO YOU SEE BG IN 30 years  Big Show no results",0,0,0,0,0,0,0,0,0,0,0,0
2054,"Stop developing farmland. We are shifting the water around the county and affecting our ability to safely live in a karst area.",126,69,4,53,53,24,3,26,73,45,1,27
2056,"Some of these questions are things a gov't should not do. We need an indie bookstore? Yes. But that's the private sectors job, not gov't.",1,1,0,0,1,1,0,0,0,0,0,0
2057,"Wow!  With all this growth we need to keep our streets in better condition - rid us of bad pot holes as people thru our City",0,0,0,0,0,0,0,0,0,0,0,0
2058,"Someone wants ""to see art galleries in BG by 2050""  We already have galleries. We need smart aware people guiding our future, not ostriches.",1,1,0,0,1,1,0,0,0,0,0,0
2059,"Wow with all this growth - Streets & Roads must be in good condition for the safety of Visitors and the locales.",0,0,0,0,0,0,0,0,0,0,0,0
2060,"Remove the purple lights along the exit ramps.",1,1,0,0,0,0,0,0,1,1,0,0
2061,"Downtown rental rates should be affordable so cool local businesses can thrive and STAY instead of having to cover ridiculous rent.",205,123,18,64,79,21,16,42,126,102,2,22
2062,"We need the world's tallest skyscraper.1809 ft to commemorate BG incorporation date. Check out: https://en.wikipedia.org/wiki/Legends_Tower",1,1,0,0,1,1,0,0,0,0,0,0
2063,"World's tallest skyscraper, please.  Needs to top this one. https://en.wikipedia.org/wiki/Legends_Tower",1,1,0,0,1,1,0,0,0,0,0,0
2064,"Build up, not out. Maintain the integrity of downtown by building the world tallest skyscraper.  Incorporate a $1 parking garage inside.",1,1,0,0,1,1,0,0,0,0,0,0
2065,"Second pool!",1,1,0,0,1,1,0,0,0,0,0,0
2066,"Underground utilities on the ByPass",223,167,9,47,87,54,6,27,136,113,3,20
2067,"Jack In The Box",46,4,18,24,18,1,5,12,28,3,13,12
2068,"Indoor water park. Science museum. Botanical garden.",1,1,0,0,1,1,0,0,0,0,0,0
2069,"In -N- Out Burger",76,19,17,40,29,6,2,21,47,13,15,19
2070,"Less alcohol-related events.",86,33,15,38,29,9,3,17,57,24,12,21
2071,"Bring back SOKY book fest",127,61,9,57,48,8,8,32,79,53,1,25
2072,"More national author book signings",127,47,17,63,48,3,12,33,79,44,5,30
2073,"More celebrities",47,3,21,23,21,2,7,12,26,1,14,11
2074,"Ban Halloween decorations",52,5,31,16,20,2,7,11,32,3,24,5
2075,"Urban farming to provide natural foods to the community.",0,0,0,0,0,0,0,0,0,0,0,0
2076,"We have three interchanges off I-65 but the growth is only directed around Exit 22, that doesn't make sense.",1,1,0,0,1,1,0,0,0,0,0,0
2077,"Super Target",82,16,22,44,35,8,6,21,47,8,16,23
2079,"Stores forcing you to use self-checkout, should give a 10% discount. They are forcing you to work without a paycheck.  New Jersey does this.",142,82,23,37,51,22,7,22,91,60,16,15
2081,"Greenwood Mall got a $46m investment last year, yet localsstill spread false rumours that it's closing. Fine false online info spreaders.",1,1,0,0,1,1,0,0,0,0,0,0
2082,"Look for a local owner for the newspaper.",1,1,0,0,1,1,0,0,0,0,0,0
2084,"I wish we could promote and support local and unique stores and stop with all these car washes and coffee drive-thrus",1,1,0,0,0,0,0,0,1,1,0,0
2086,"I think we have enough bars now.",1,1,0,0,1,1,0,0,0,0,0,0
2087,"More sidewalks. More trees. More parks.",1,1,0,0,0,0,0,0,1,1,0,0
2088,"Someone said ""Better planning zoning to beautify Nashville road."" NO! You've done enough. You broke it. You ruined it. You killed local biz.",1,1,0,0,1,1,0,0,0,0,0,0
2089,"Attract edgier artsier architects.  https://www.dezeen.com/2025/01/02/architecture-projects-2025-roundup/",1,1,0,0,1,1,0,0,0,0,0,0
2090,"Attract AMDL Circle. https://www.elledecor.com/it/best-of/a63321327/most-anticipated-architectures-of-2025/",1,1,0,0,1,1,0,0,0,0,0,0
2091,"More competition for Spectrum on Internet.",1,1,0,0,1,1,0,0,0,0,0,0
2092,"More modern architecture.  https://www.forbes.com/lists/top-architects/",1,1,0,0,1,1,0,0,0,0,0,0
2093,"Stop adding yellow traffic stick barriers (in front of Speedway Nashville Rd, 7 Brew Fairview, between Walgreens and Pawnshop) everywhere.",57,8,19,30,20,4,3,13,37,4,16,17
2094,"More innovative architecture https://www.forbes.com/lists/top-architects/",1,1,0,0,1,1,0,0,0,0,0,0
2095,"Let's make commercial architecture more artsy. https://boty.archdaily.com/us/2025/category/Commercial%20Architecture",1,1,0,0,1,1,0,0,0,0,0,0
2096,"Let's build a building that could win Building of the Year. https://boty.archdaily.com/us/2025/category/Commercial%20Architecture",1,1,0,0,1,1,0,0,0,0,0,0
2097,"More indigenous integration between WKU and downtown.",1,1,0,0,1,1,0,0,0,0,0,0
2098,"Government Cheese nominated into the Bowling Green Hall of Fame",55,9,14,32,21,3,6,12,34,6,8,20
2099,"Bowling Green Music Museum",99,37,14,48,40,6,6,28,59,31,8,20
2100,"We need a beach",73,16,29,28,26,8,6,12,47,8,23,16
2101,"Bowling Green Storyteller Conference",1,1,0,0,1,1,0,0,0,0,0,0
2102,"Bowling Green Storyteller Conference, hosted by best selling author David Bell",83,28,17,38,29,4,9,16,54,24,8,22
2103,"If BG can regulate pay-at-the-pump, why can't it regulate (ban) self-checkouts?",50,11,17,22,19,2,4,13,31,9,13,9
2104,"Stop telling me I can park on the grass behind my house to wash my car.  No one can see me from the road.",1,1,0,0,1,1,0,0,0,0,0,0
2106,"An indoor public pool please",1,1,0,0,0,0,0,0,1,1,0,0
2107,"BG should introduce indoor kart racing near the Corvette museum because BG is known for making vetted. Groups and families will love this!",0,0,0,0,0,0,0,0,0,0,0,0
2108,"BG needs more indoor kid entertainment. Kids science museum would be ideal. Turn a large space into an inflatable business or playground",1,1,0,0,1,1,0,0,0,0,0,0
2109,"More roundabouts instead of traffic lights.",1,1,0,0,1,1,0,0,0,0,0,0
2110,"A better movie theater with a balcony that has food service/drinks. IMAX theater too.",1,1,0,0,1,1,0,0,0,0,0,0
2111,"More mental healthcare services for those who can’t afford it.",246,153,20,73,104,32,20,52,142,121,0,21
2112,"Keep homeless from panhandling. Create more job integration and mental health services, and help rehoming for homeless.",1,1,0,0,1,1,0,0,0,0,0,0
2113,"Many great ideas here but no solutions.This gets the public to buy-in, but each issue could have dozen conflicting solutions.Ask how to fix.",1,1,0,0,1,1,0,0,0,0,0,0
2114,"Yes, homelessness = problem.We agree, so let us in on solution process.What good is it doing for 10,000 ppl to agree a problem is a problem?",1,1,0,0,1,1,0,0,0,0,0,0
2115,"Great. We all want better roads. Ask us for solutions. 10,000 people saying what we already know (traffic is bad) doesn't help anybody,",1,1,0,0,1,1,0,0,0,0,0,0
2116,"Great. We all want less crime. Ask us for solutions. 10,000 people saying what we already know (crime is bad) doesn't help anybody,",1,1,0,0,1,1,0,0,0,0,0,0
2117,"Hopefully, BGKY will become a hub for high reading comprehension through expanded public library services and better efforts in our schools.",193,114,17,62,81,25,13,43,112,89,4,19
2118,"All streets used by drivers as a cut through should have sidewalks.",131,76,7,48,46,14,7,25,85,62,0,23
2119,"Infrastructure needs to keep up with the development in BG; these roundabouts;are NOT the solution. We need a transit system bus and rail.",0,0,0,0,0,0,0,0,0,0,0,0
2120,"Sustainable housing",0,0,0,0,0,0,0,0,0,0,0,0
2121,"BG should have a new song on the radio to promote the song instead of the old song.",1,1,0,0,0,0,0,0,1,1,0,0
2122,"If he wakes up tell him I’ll be back.",1,1,0,0,0,0,0,0,1,1,0,0
2123,"Poop",1,1,0,0,0,0,0,0,1,1,0,0
2124,"Warren county will have 100,000 humanoid robots and not one extra person. And 100,000 less jobs, sadly.",37,0,19,18,13,0,3,10,24,0,16,8
2125,"We’re definitely overrun with coffee shops. Need upgrade on Campbell Lane to help flow of traffic near Scottsville road end.",0,0,0,0,0,0,0,0,0,0,0,0
2126,"We need more business activity at the BG/WC Airport.",71,26,10,35,30,8,3,19,41,18,7,16
2127,"We won’t have commercial flights at the airport but we will have air shuttles to the Nashville airport.",77,26,13,38,29,8,3,18,48,18,10,20
2128,"We will have a new I65 Interchange",82,28,13,41,28,6,2,20,54,22,11,21
2129,"We will have a “ring road” around Bowling Green to increase mobility and bring development further out in the county.",1,1,0,0,0,0,0,0,1,1,0,0
2130,"Invest in team-building experiences for youth, and fitness opportunities for all, by building more sports venues, like an indoor hockey rink",1,1,0,0,0,0,0,0,1,1,0,0
2131,"Parking on the square will be fixed so customers shopping actually have a place to park instead of people working taking up all the parking",122,60,9,53,46,17,2,27,76,43,7,26
2132,"Stop taking car traffic lanes for imaginary bikes!",0,0,0,0,0,0,0,0,0,0,0,0
2133,"A good Christian bookstore to support our thriving Christian community",104,30,31,43,36,13,5,18,68,17,26,25
2134,"We will employ creative solutions to maximize the use of already developed land, saving undeveloped areas for KY wildlife.",163,106,6,51,59,20,3,36,104,86,3,15
2135,"The Humane Society is well provided for and offers affordable spay/neuter, microchipping, and some veterinary care.",166,116,5,45,69,27,5,37,97,89,0,8
2136,"Each school will feature a biodiverse outdoor classroom for biology and Ecology lessons. Kids will connect with nature on a daily basis.",176,102,19,55,75,22,15,38,101,80,4,17
2137,"Better roadways, we are behind already with the existing traffic",1,1,0,0,1,1,0,0,0,0,0,0
2138,"Additional parks should be included when planning for the expansion of the community.",1,1,0,0,0,0,0,0,1,1,0,0
2139,"We need to create a space for teens to SAFELY have fun and hangout together",207,128,13,66,82,33,9,40,125,95,4,26
2140,"A teen “club” to hangout with each other",1,1,0,0,0,0,0,0,1,1,0,0
2141,"Get rid of panhandling. Clean up the homeless issue. It makes areas of BG unwelcoming.",1,1,0,0,0,0,0,0,1,1,0,0
2142,"Bowling Green needs a Trader Joes!",1,1,0,0,0,0,0,0,1,1,0,0
2143,"Get rid of wokeness.  Bring back common sense.  Focus on growing families and strengthening relationships of community members.",1,1,0,0,0,0,0,0,1,1,0,0
2144,"Our schools will be safe and welcoming communities for students and staff. Everyone will embrace diversity and resist stereotypes.",211,125,25,61,81,14,24,43,130,111,1,18
2145,"BG will HAVE to improve its foot and bike paths. Otherwise, the vehicle traffic will become unmanageable.",1,1,0,0,0,0,0,0,1,1,0,0
2146,"I would like the Historic homes in downtown to be preserved and less rentals in the area that aren't kept.",1,1,0,0,0,0,0,0,1,1,0,0
2147,"BG already has a tremendous problem with traffic congestion.  Something has to be done to improve traffic flow immediately.",1,1,0,0,0,0,0,0,1,1,0,0
2148,"There should be guidelines to what businesses are permitted to be on the square. No smoke shops on the square.",166,76,34,56,66,17,16,33,100,59,18,23
2149,"BG needs to help the homeless!!",1,1,0,0,0,0,0,0,1,1,0,0
2150,"Airline service between Bowling Green and Atlanta will be offered on weekdays.",76,31,12,33,24,5,5,14,52,26,7,19
2151,"Costco will build a store in Bowling Green",1,1,0,0,0,0,0,0,1,1,0,0
2152,"Trader Joe’s will build a store in Bowling Green",1,1,0,0,0,0,0,0,1,1,0,0
2153,"More outdoor pickleball courts will be built",1,1,0,0,0,0,0,0,1,1,0,0
2154,"Outdoor shopping experience on Lover's Lane!",84,31,4,49,33,12,0,21,51,19,4,28
2155,"Zoning will be more stringent to prevent apartments from occupying random areas.",128,61,11,56,48,16,2,30,80,45,9,26
2156,"stop panhandling.",0,0,0,0,0,0,0,0,0,0,0,0
2157,"Zoning restrictions will require apartments to not be visually identical with adjacent units.",91,31,8,52,30,3,2,25,61,28,6,27
2158,"Bowling Green will encourage the building of multiuse developments so people can live closer to places they work and shop.",1,1,0,0,0,0,0,0,1,1,0,0
2159,"Recycling service will resume across Warren County",1,1,0,0,0,0,0,0,1,1,0,0
2160,"Another pool should be built to compete with Southland and Indian Hills.",1,1,0,0,0,0,0,0,1,1,0,0
2161,"South Warren County needs higher quality grocery options (please no more IGA, Dollar General), unique dining that's not fast food.",1,1,0,0,0,0,0,0,1,1,0,0
2162,"More grocery options to increase variety and healthy options. Trader Joe’s, Whole Foods, Sprouts, etc.",1,1,0,0,0,0,0,0,1,1,0,0
2163,"Let's make BG a shopping destination!  Keep $ in KY so we don't have to go to Nashville and pay higher sales tax.",1,1,0,0,0,0,0,0,1,1,0,0
2164,"Airline service from Bowling Green to Atlanta",1,1,0,0,0,0,0,0,1,1,0,0
2165,"New airline service from Bowling Green to Atlanta",1,1,0,0,0,0,0,0,1,1,0,0
2166,"Bring back flights from Bowling Green to Atlanta",1,1,0,0,0,0,0,0,1,1,0,0
2167,"Round trip flights between Bowling Green and Atlanta",1,1,0,0,0,0,0,0,1,1,0,0
2168,"Flights to/from Bowling Green and Atlanta",1,1,0,0,0,0,0,0,1,1,0,0
2169,"South Warren needs a branch library.",140,69,12,59,49,12,6,31,91,57,6,28
2170,"BG offers few things to doother than eating. I would like options to be affordable & safe.I would like for the traffic/infrastructure fixed.",0,0,0,0,0,0,0,0,0,0,0,0
2171,"BG should be the destination for youth sports hosting national competitions for Roller Derby, Hockey, Soccer, and Volleyball",133,48,20,65,50,9,13,28,83,39,7,37
2172,"Affordable youth and adult amateur sports like roller derby",176,79,23,74,73,11,17,45,103,68,6,29
2173,"Facilities for indoor sports that are currently not supported by parks and rec. like roller derby",1,1,0,0,0,0,0,0,1,1,0,0
2174,"BG will have smaller self-sufficient hubs around town so people do not have to drive across town to get groceries or shop.",186,120,11,55,76,27,9,40,110,93,2,15
2176,"Less 'development at all costs' mindset.  We have neighborhoods being built in bad locations and we are destroying our agricultural lands.",165,103,10,52,62,21,6,35,103,82,4,17
2177,"The mental health crisis will be addressed. We will have a place for involuntary hospitalizations in BG instead of sending to Western State.",174,103,13,58,66,24,8,34,108,79,5,24
2178,"I hope better planning for traffic has prevailed.",0,0,0,0,0,0,0,0,0,0,0,0
2180,"We need to require developers to build neighborhood parks.  The county needs more parks and make sure they’re not in flood plains.",1,1,0,0,1,1,0,0,0,0,0,0
2181,"Children museum/ science museum",0,0,0,0,0,0,0,0,0,0,0,0
2182,"Need sidewalks and more parks.  Make walking safer a priority",1,1,0,0,1,1,0,0,0,0,0,0
2183,"Cops will patrol downtown on bicycles and by walking to build the relationship between law enforcement and citizens",167,94,12,61,65,22,8,35,102,72,4,26
2184,"Trader Joe’s healthy grocery. Updated mall, or an outdoor mall with stores that attract shoppers and keep tax $ in KY reduce shopping in TN",0,0,0,0,0,0,0,0,0,0,0,0
2185,"Ban billboards in town. It is bad advertising for online gambling and vaping in a neighborhood! Smallhouse@Scottsville",1,1,0,0,0,0,0,0,1,1,0,0
2186,"High speed rail connecting Bowling Green to Chicago and Miami!",203,118,29,56,80,23,23,34,123,95,6,22
2187,"We need more options or expanded routes for public transportation to serve our population.",0,0,0,0,0,0,0,0,0,0,0,0
2188,"Biblical churches planting more biblical churches. Keeping Bowling Green's prominent faith community alive.",194,58,78,58,76,31,16,29,118,27,62,29
2189,"WKU needs to build dormitory housing on campus rather than purchasing all the homes downtown which has pushed locals into the suburbs.",110,50,11,49,44,14,5,25,66,36,6,24
2190,"Greenwood Mall needs to redesigned to include housing, restaurants, local shops and activities.",1,1,0,0,0,0,0,0,1,1,0,0
2191,"make the bypass great again. expand to three lanes (left, straight, right) at traffic lights",60,19,10,31,24,8,2,14,36,11,8,17
2192,"more public transportation at more accessible hours",1,1,0,0,0,0,0,0,1,1,0,0
2193,"More dog-friendly businesses and restaurants.",1,1,0,0,0,0,0,0,1,1,0,0
2194,"anything that does not raise our taxes, we aer seniors on a fixed income",66,17,7,42,26,4,3,19,40,13,4,23
2195,"safe spaces for teenagers and young people to hang out!",1,1,0,0,0,0,0,0,1,1,0,0
2196,"We invest in assimilating immigrants & refugees. Only once one group is completely settled we invite more.",75,21,21,33,25,2,8,15,50,19,13,18
2197,"We will have multi-use developments (shops below apartment living, etc.)",1,1,0,0,0,0,0,0,1,1,0,0
2198,"turn out of use/vacant buildings into warming centers",89,34,14,41,37,5,7,25,52,29,7,16
2199,"I want us to be a walkable or at least bikeable city. All neighborhoods should have a choice to walk down the sidewalk with their families.",1,1,0,0,0,0,0,0,1,1,0,0
2200,"Public parks will be more accessible to the public so that kids can play and practice sports without having to pay to use fields",157,98,6,53,57,18,4,35,100,80,2,18
2201,"In 2025 BG will have an art supply store",1,1,0,0,0,0,0,0,1,1,0,0
2202,"A city with preserved home architecture and business that reflect quality design and connection to the region.",1,1,0,0,0,0,0,0,1,1,0,0
2203,"I hope Bowling Green will have an indoor pool like a YMCA.",0,0,0,0,0,0,0,0,0,0,0,0
2204,"We need to create NEIGHBORHOODS that have their own distinct vibe including their own groceries, cafes, restaurants & businesses. WALKABLE!",1,1,0,0,0,0,0,0,1,1,0,0
2205,"We will embrace a 4 day work week for work-family balance (not just BG but nationally.)",129,61,20,48,53,13,11,29,76,48,9,19
2206,"BG needs to focus efforts on encouraging family oriented tourism rather than events which attract rowdy single men in fast cars.",127,57,16,54,50,14,8,28,77,43,8,26
2207,"I would love to see an indoor walking track.",137,64,14,59,58,13,9,36,79,51,5,23
2208,"We need more housing options that are affordable for people on disability and Social Security. On that, 800+ for rent is NOT affordable.",163,95,11,57,68,20,8,40,95,75,3,17
2209,"I would love for BG to have more restaurants and grocery stores that sell local produce, support local farms, and serve *clean* food!",184,125,9,50,80,34,7,39,104,91,2,11
2210,"I want to see more green spaces, more public parks, more mountain bike trails, and more community efforts to preserve the ones we have now.",1,1,0,0,0,0,0,0,1,1,0,0
2211,"Definitely more thing for kids 10-14 to do indoors.  I love all the parks & such but when weather is bad there is not much for them to do.",212,121,11,80,83,30,7,46,129,91,4,34
2212,"Shelters and benches at all bus stops. Expansion of bus routes, stops, and schedules. We must reduce dependency on cars.",1,1,0,0,0,0,0,0,1,1,0,0
2213,"We need a moratorium on corporate ownership of single-family homes. Entire neighborhoods are being turned into rentals!",1,1,0,0,0,0,0,0,1,1,0,0
2214,"Bowling Green will become the AI Hub of the South",69,14,20,35,26,2,7,17,43,12,13,18
2215,"I support our city/county leadership in continuing to support fairness in government policies. Diverse, equal and inclusive  should guide.",234,102,67,65,93,6,49,38,141,96,18,27
2216,"I want see higher standards from local businesses regarding their employees: offer benefits, 401K, health insurance & growth opportunities!",143,74,10,59,60,15,9,36,83,59,1,23
2217,"BG will have a vibrant visual arts scene with many artists, galleries and spectacular outdoor art.  It will be a destination for art lovers!",149,76,19,54,62,12,15,35,87,64,4,19
2218,"The corporations that got lots of tax incentives and perks to come here need to give back to the community.",156,91,9,56,62,21,6,35,94,70,3,21
2219,"more protected bike paths, sidewalks, and make BG less car centric. Expand downtown and make it a car free zone",1,1,0,0,0,0,0,0,1,1,0,0
2220,"More parks that aren’t just baseball and soccer fields",1,1,0,0,0,0,0,0,1,1,0,0
2221,"The businesses operating at the Transpark need to sponsor a bus route to transport workers for all shifts.",180,100,10,70,73,18,8,47,107,82,2,23
2222,"Better quality new neighborhoods and home builds and the infrastructure to support them!",1,1,0,0,1,1,0,0,0,0,0,0
2223,"Better support for our SCHOOLS and teachers to keep up with growth!",1,1,0,0,1,1,0,0,0,0,0,0
2224,"Development away from Scottsville, Campbell and Nashville Rds",145,86,12,47,59,25,7,27,86,61,5,20
2225,"Recycling options",1,1,0,0,1,1,0,0,0,0,0,0
2226,"Expand on downtown area. More opportunities for walking to events, nightlife, etc. Similar to Owensboro's downtown riverfront area.",0,0,0,0,0,0,0,0,0,0,0,0
2227,"Make the city more pedestrian friendly (sidewalks and expansion of the green trail).",1,1,0,0,0,0,0,0,1,1,0,0
2228,"Better and more access to 65",1,1,0,0,1,1,0,0,0,0,0,0
2229,"Area should stay and new parks should be made",1,1,0,0,0,0,0,0,1,1,0,0
2230,"Focus on local businesses and restaurants. Enough of the chains and franchises.",1,1,0,0,0,0,0,0,1,1,0,0
2231,"More walkable streets",1,1,0,0,0,0,0,0,1,1,0,0
2232,"Better infrastructure to commute across the city. More freeways and options to bypass traffic.",1,1,0,0,0,0,0,0,1,1,0,0
2233,"Youth need safe places to play outside.  I'd love to see more parks and playgrounds in areas where kids can walk to with friends.",1,1,0,0,0,0,0,0,1,1,0,0
2234,"Build up, not out.  Keep green spaces and plant more trees!",1,1,0,0,0,0,0,0,1,1,0,0
2235,"More child care",1,1,0,0,0,0,0,0,1,1,0,0
2236,"Be more than just Corvette and cars.",173,101,9,63,77,29,5,43,96,72,4,20
2237,"BG needs to finally enter the 21st century and pass the Fairness Ordinance!!!?",0,0,0,0,0,0,0,0,0,0,0,0
2238,"Fewer chain and fast-food restaurants.",1,1,0,0,0,0,0,0,1,1,0,0
2239,"BG needs to be a welcoming, inclusive, diverse city!",0,0,0,0,0,0,0,0,0,0,0,0
2240,"Invest in public transportation, busses & trams",1,1,0,0,0,0,0,0,1,1,0,0
2241,"Better roads to deal with growing traffic",1,1,0,0,1,1,0,0,0,0,0,0
2242,"Pedestrian bridge over Dishman's train tracks",105,43,11,51,42,4,6,32,63,39,5,19
2243,"Yearlong lap pool swim facility with indoor and outdoor pools",156,87,13,56,60,23,10,27,96,64,3,29
2244,"Turkish spa",46,8,11,27,18,2,4,12,28,6,7,15
2245,"In 2050 we'll have fewer auto accidents because the police will actually do their jobs and ticket people who text and drive.",1,1,0,0,1,1,0,0,0,0,0,0
2246,"There should be more and better quality Section 8 housing, especially to meet the needs of seniors and the disabled.",1,1,0,0,0,0,0,0,1,1,0,0
2247,"We need to invest in sidewalks in neighborhoods where people rely on  walking/biking as their primary transportation (i.e. Delafield)",176,117,10,49,77,29,10,38,99,88,0,11
2248,"Residential recycling!",1,1,0,0,0,0,0,0,1,1,0,0
2249,"We do NOT NEED The Fairness Ordinance or Landlord Tenant Act.",1,1,0,0,0,0,0,0,1,1,0,0
2250,"Schools with indoor fitness facilities such as pools will be open to the public after hours.",166,84,21,61,63,17,12,34,103,67,9,27
2251,"We need more events for families and children, especially that working families can participate in.",177,109,8,60,73,35,6,32,104,74,2,28
2252,"Bigger and better splash pads and parks with upgraded equipment, especially geared towards older children and not just toddlers.",1,1,0,0,0,0,0,0,1,1,0,0
2253,"Prioritize QUALITY education in our public schools! Pay educators a higher wage. Teach relevant core content veering away from DEI!",1,1,0,0,0,0,0,0,1,1,0,0
2255,"Pace of bringing in refugees will be consistent with the housing and other resources actually available for them.",73,29,5,39,30,7,3,20,43,22,2,19
2256,"BG will lean into our car culture and update Beach Bend. Add more car enthusiast attractions",1,1,0,0,0,0,0,0,1,1,0,0
2257,"Create / emphasize biking lanes.",1,1,0,0,0,0,0,0,1,1,0,0
2258,"Upgraded movie theaters",1,1,0,0,0,0,0,0,1,1,0,0
2259,"More industry and businesses willing to hire refugees and work with the challenges faced by refugees",157,79,23,55,69,11,22,36,88,68,1,19
2260,"Farming more integrated with the community! For reference, take a look at agritopia in Gilbert, Arizona!",138,66,8,64,56,13,6,37,82,53,2,27
2261,"An updated, higher quality movie theater",1,1,0,0,0,0,0,0,1,1,0,0
2262,"Look at the Ethnic Expo in Columbus, Indiana. That would be amazing to have here.",62,18,5,39,23,1,3,19,39,17,2,20
2263,"Revitalization of 31-W … huge opportunity missed while rebuilding after tornado. It’s still a dumpy eyesore for the most part.",1,1,0,0,0,0,0,0,1,1,0,0
2264,"Get a TRADER JOE’s",1,1,0,0,0,0,0,0,1,1,0,0
2265,"How is this a conversation!?",1,1,0,0,0,0,0,0,1,1,0,0
2266,"More single family homes in the city to encourage putting down roots and civic engagement. Apartments often mean transience.",117,46,13,58,48,11,6,31,69,35,7,27
2267,"Bowling Green will not have congested access roads along Scottsville Road, instead the road will be widened with sufficient turning lanes.",111,49,17,45,41,13,3,25,70,36,14,20
2268,"In 2050, BG will have more third spaces. So that people can gather without the expectation of spending money.",155,81,8,66,65,16,8,41,90,65,0,25
2269,"Prevent a handful of property management companies from having a monopoly on housing rentals",1,1,0,0,0,0,0,0,1,1,0,0
2270,"Bowling Green would become a high rail transit hub between Louisville and Nashville",1,1,0,0,0,0,0,0,1,1,0,0
2271,"In 2050, Exit 28 near the Corvette Museum will be beautiful and welcoming to those traveling north and south on I65.",1,1,0,0,0,0,0,0,1,1,0,0
2272,"Bring in breweries",1,1,0,0,0,0,0,0,1,1,0,0
2273,"A major outdoor amphitheater",1,1,0,0,0,0,0,0,1,1,0,0
2274,"Take down the poles on 31 bypass",1,1,0,0,0,0,0,0,1,1,0,0
2275,"a thriving downtown",1,1,0,0,0,0,0,0,1,1,0,0
2276,"Were Bowling Green to restore its train service, it would be on the map. I used to take the train back and forth to New Orleans and Birmingh",0,0,0,0,0,0,0,0,0,0,0,0
2277,"Restoring train service would put Bowling Green on the map. I used to travel to Birmingham and New Orleans to see relatives. K.van Wormer.",0,0,0,0,0,0,0,0,0,0,0,0
2278,"I would like to see some more things for Kids to do like a Dave and Buster's.",1,1,0,0,0,0,0,0,1,1,0,0
2279,"create an entertainment district for our WKU students. area by registry: Bars, Food, Entertainment - can also be used on GameDays for WKU",130,50,14,66,52,8,8,36,78,42,6,30
2280,"Are you ok with more sober livings in the Bowling Green area?",1,1,0,0,0,0,0,0,1,1,0,0
2281,"2050 BG will rival other marijuana markets and become a destination for growers and partakers.",88,18,37,33,32,3,14,15,56,15,23,18
2282,"We need many more sidewalks to become pedestrian friendly.",0,0,0,0,0,0,0,0,0,0,0,0
2283,"Greenwood Mall needs to be reimagined. Build a parking structure and build affordable singles/senior housing in the existing empty lots.",123,53,16,54,51,14,8,29,72,39,8,25
2284,"In the 1920s, Bowling Green had electric street cars. It’s time to reinvest in public transportation.",41,21,6,14,17,1,5,11,24,20,1,3
2285,"We will have the sinkhole issues resolved for the safety of the community instead of stories about what infrastructures are at risk.",1,1,0,0,0,0,0,0,1,1,0,0
2286,"BG will undergo a landscaping project-making each major roadway visually pleasing/more greenery",103,55,4,44,39,9,2,28,64,46,2,16
2287,"BG will improve its infrastructure and create a more walkable city and add more downtown housing",1,1,0,0,0,0,0,0,1,1,0,0
2288,"How about party buses that stop at thrift shops?",41,3,12,26,15,1,4,10,26,2,8,16
2289,"Rooftop bars",171,74,32,65,64,12,17,35,107,62,15,30
2290,"Diverse job opportunities- more tech companies, start ups, widely known brands. More opportunity besides manufacturing",168,96,11,61,61,19,9,33,107,77,2,28
2291,"Smaller neighborhood schools, especially elementary schools. Schools with niche offerings - trades, IB, arts, etc.",1,1,0,0,0,0,0,0,1,1,0,0
2292,"Apologies if this has already been mentioned, but BG needs TRAINS. The fact that BG's relationship with rail died decades ago is a shame.",1,1,0,0,0,0,0,0,1,1,0,0
2293,"We need public transit to Nashville’s airport facilities.",182,108,21,53,73,24,15,34,109,84,6,19
2294,"We need to celebrate our local farmers and agriculture! Let’s do a BG version of Paris’s Ag events on the Champs Elysées. Family fun!",112,56,8,48,44,9,5,30,68,47,3,18
2295,"Shaded outdoor music venues. Transplants from more temperate climates are not going to sit outside in 100 degree weather.",145,80,11,54,55,15,4,36,90,65,7,18
2296,"BG needs a good Jewish deli with proper corned beef and pastrami.",106,42,7,57,46,7,6,33,60,35,1,24
2297,"A Restaurant Depot here would be wonderful.",46,6,6,34,18,4,0,14,28,2,6,20
2298,"More electric vehicle infrastructure.",1,1,0,0,1,1,0,0,0,0,0,0
2299,"Indoor multipurpose athletic facility.",1,1,0,0,0,0,0,0,1,1,0,0
2300,"Make sidewalks normal for new residential developments.",171,128,8,35,68,38,6,24,103,90,2,11
2301,"Better or more ambulance services",1,1,0,0,0,0,0,0,1,1,0,0
2302,"The BG/WC government has created a traffic disaster.  Move the airport and open up the city to relieve traffic congestion.",0,0,0,0,0,0,0,0,0,0,0,0
2303,"Better indoor large event venue",1,1,0,0,0,0,0,0,1,1,0,0
2304,"Better parking and towing regulations.",88,35,11,42,36,8,6,22,52,27,5,20
2305,"Safe bike routes to schools, groceries and work, not just recreational greenways.",149,92,13,44,61,20,11,30,88,72,2,14
2306,"Less emphasis on funding, perks and tax breaks for out-of-state corporations and more emphasis on local entrepreneurship.",137,71,10,56,54,9,8,37,83,62,2,19
2307,"Less disparity between the appearance of neighborhoods and facilities (i.e. parks) on opposite sides of the railroad tracks.",160,85,12,63,62,17,12,33,98,68,0,30
2308,"The Scottsville Road corridor is poorly designed. It is inaccessible to pedestrians/bicyclists with too many empty parking lots.",1,1,0,0,0,0,0,0,1,1,0,0
2309,"BG and WC will grow with a vibrant downtown core, preserving the rural areas outside of town with various affordable housing types.",167,105,7,55,70,26,6,38,97,79,1,17
2310,"Create a disaster plan that accommodates people without cars. Currently, public tornado shelters are difficult/impossible to    reach.",132,69,10,53,49,9,7,33,83,60,3,20
2311,"We want an Airport!!",1,1,0,0,1,1,0,0,0,0,0,0
2312,"Don’t lose the small town flavor by continuing to flood the community with corporate industries, housing and retail. Think local!",1,1,0,0,0,0,0,0,1,1,0,0
2313,"Offer a public transit option to/from Mammoth Cave daily to accommodate day trippers. Possible partnership with NPS?",1,1,0,0,0,0,0,0,1,1,0,0
2314,"Mass public transportation.",1,1,0,0,0,0,0,0,1,1,0,0
2315,"BG2050 will have an indoor pool and water park.",1,1,0,0,0,0,0,0,1,1,0,0
2316,"Expand public transit routes to county parks and nearby small towns. Reduce costs by making routes once/twice weekly.",1,1,0,0,0,0,0,0,1,1,0,0
2317,"Parkway system similar to 264 or 265 in Louisville to help ease some of the traffic on the main roads like Scottsville Road",87,33,10,44,33,9,3,21,54,24,7,23
2318,"More interstate and parkway interchanges to releive the burden at the main crossings of Scottsville Road and Nashville Road",138,65,16,57,55,15,5,35,83,50,11,22
2319,"Bowling Green/WC will have laws that protect the desire of citizens to have quiet, thus, banning loud exhaust noise from pickup trucks",94,32,12,50,33,6,6,21,61,26,6,29
2320,"Encourage « infill » development downtown on empty/abandoned lots to encourage more family residential development downtown.",125,79,3,43,46,18,2,26,79,61,1,17
2321,"Less diviseness and more connection between BG CIty Schools and Warren County.  In a city as small as ours, the disconnection is unnecessary",159,97,10,52,61,24,7,30,98,73,3,22
2322,"Options for older teen entertainment.",170,95,9,66,72,21,6,45,98,74,3,21
2323,"We need indoor facilities for small children to learn and play- a place like Top Golf for our teenagers, or Urban Air Adventure.",0,0,0,0,0,0,0,0,0,0,0,0
2324,"Bowling Green will have an indoor pool/Waterpark for lessons, fitness, open swim and rentals.",161,93,11,57,72,34,8,30,89,59,3,27
2325,"Driver education will improve to ensure drivers know the rules of the road",1,1,0,0,0,0,0,0,1,1,0,0
2326,"Roads will be safer bc cops will be ticketing reckless behavior (phone use, making lefts from the right lane, racing down Nashville Rd, etc)",94,48,6,40,39,12,2,25,55,36,4,15
2327,"The city and county should support ReTree BG in re-establishing and starting an extensive tree canopy throughout the area.",165,119,7,39,61,22,7,32,104,97,0,7
2328,"MORE roundabouts!  Traffic goes smoother, less pollution, less sitting in your car.",1,1,0,0,0,0,0,0,1,1,0,0
2329,"Train or light rail service to Nashville area/suburbs.",1,1,0,0,0,0,0,0,1,1,0,0
2330,"I hope BG will have better inter & intra city public transportation & fewer abandoned/unused properties & more home owners",1,1,0,0,0,0,0,0,1,1,0,0
2331,"Tax penalites to decrease abandoned, unused, and unnoccupied properties.",180,89,23,68,76,20,18,38,104,69,5,30
2332,"BG will have a Wegmans",50,8,7,35,19,2,2,15,31,6,5,20
2333,"Public transport! Especially down to the industrial park and back!",196,124,16,56,81,20,16,45,115,104,0,11
2334,"The train station reopens as a functioning method of transportation!",1,1,0,0,0,0,0,0,1,1,0,0
2335,"The BG 2050 will have greener parking spaces that promote other modes of transportation!",149,78,15,56,57,12,13,32,92,66,2,24
2336,"The BG of 2050 will not smell like dog food every time it rains.",1,1,0,0,0,0,0,0,1,1,0,0
2338,"Legal, yes.",1,1,0,0,0,0,0,0,1,1,0,0
2339,"I agree with the statement except for ""less law offices"" portion. Professional offices are nice additions to any downtown. Traffic drivers.",1,1,0,0,0,0,0,0,1,1,0,0
2340,"BG will become as crime ridden as Louisville. High taxes, Crime will become rampant. We are looking for land way out from all the madness.",0,0,0,0,0,0,0,0,0,0,0,0
2341,"I would love to see a citywide connected cycling/walking trail throughout all of BGKY, much like what Nashville has.",1,1,0,0,0,0,0,0,1,1,0,0
2342,"Investments in community solar projects and other clean energy sources would be lovely.",165,84,30,51,71,12,23,36,94,72,7,15
2343,"The BG 2050 Project partnered with Google Jigsaw, a CIA-linked AI tool used to target dissenters.",1,1,0,0,1,1,0,0,0,0,0,0
2344,"Will Project BG 2050 tell Bowling Green the truth about Google Jigsaw and their agenda?",1,1,0,0,1,1,0,0,0,0,0,0
2347,"The F.O. Moxley Center and Kummer Little Center facilities are excellent, but difficult to reach from Delafield and the West End w/o a car.",1,1,0,0,0,0,0,0,1,1,0,0
2348,"Bowling Green is one of the most corrupt cities in the United Sates.",1,1,0,0,1,1,0,0,0,0,0,0
2349,"Bowling Green, KY is a major trafficking hub, what are we going to do about it?",1,1,0,0,1,1,0,0,0,0,0,0
2350,"The Delafield neighborhood needs additional sidewalks & bike infrastructure to accommodate a  community without access to cars.",1,1,0,0,0,0,0,0,1,1,0,0
2351,"We should deport all the illegal immigrants along with the officials making money off them",1,1,0,0,1,1,0,0,0,0,0,0
2355,"Let’s create diverse neighborhoods. Apartments, tiny homes, and large homes in one development. Look at Woodruff Place, Indianapolis.",142,59,19,64,56,7,14,35,86,52,5,29
2356,"We should eradicate the people in Bowling Green involved in trafficking children",1,1,0,0,1,1,0,0,0,0,0,0
2360,"We need to look to other college towns to create a more stimulating environment for WKU students. Cafes, moderate-priced eateries, walkable!",138,75,13,50,54,14,10,30,84,61,3,20
2361,"We should audit all politicians and officials in Bowling Green to find out where their money is coming from",1,1,0,0,1,1,0,0,0,0,0,0
2365,"I would like to see more diversified recruitment in the economic development sector instead of only factories at the transpark.",125,63,9,53,48,14,6,28,77,49,3,25
2367,"In BG 2050, the crime rate will have dropped dramatically, and our judges will not give light sentencing to repeat offenders.",0,0,0,0,0,0,0,0,0,0,0,0
2370,"By 2050 Bowling Green will be thriving because the deep state network controlling BG will be in prison",1,1,0,0,1,1,0,0,0,0,0,0
2371,"We will find everybody trafficking drugs and humans in BG and throw them in prison",1,1,0,0,1,1,0,0,0,0,0,0
2372,"We need more family housing downtown to support businesses downtown. Businesses cannot just rely on people driving in from suburbs.",111,55,6,50,49,13,4,32,62,42,2,18
2379,"By 2050, more than likely by next year, every child/drug trafficker in Bowling Green will be pushed into the light",1,1,0,0,1,1,0,0,0,0,0,0
2380,"By 2050, we will know every last person involved in weaponizing drones, satellites, and 5G towers against people in BG.",44,6,13,25,19,2,3,14,25,4,10,11
2382,"Work to make Bowling Green a more walkable city.",1,1,0,0,1,1,0,0,0,0,0,0
2383,"Preserve Capitol Theater downtown. Need more handicapped parking downtown.",0,0,0,0,0,0,0,0,0,0,0,0
2384,"The storm is upon us.",1,1,0,0,1,1,0,0,0,0,0,0
2385,"What's done by BG in the dark, will come to light.",1,1,0,0,1,1,0,0,0,0,0,0
2387,"Outdoor attractions for the community to enjoy, relax, and exercise in.",1,1,0,0,1,1,0,0,0,0,0,0
2388,"Work to update and expand businesses off of exit 28.",121,54,4,63,50,12,3,35,71,42,1,28
2389,"Improve landscaping in public places, especially Scottsville road. More trees and less undesirable looking concrete!",1,1,0,0,1,1,0,0,0,0,0,0
2390,"Please enforce codes on ugly houses and abandoned warehouses. Ugly properties = fines.",1,1,0,0,1,1,0,0,0,0,0,0
2392,"Strict fines for property owners who do not keep their property clean",1,1,0,0,1,1,0,0,0,0,0,0
2393,"Get rid of Indian ran gas stations",77,6,42,29,31,4,10,17,46,2,32,12
2394,"Cleanup 31W",155,107,4,44,61,37,2,22,94,70,2,22
2395,"No more multifamily homes",72,12,26,34,30,6,3,21,42,6,23,13
2396,"Dog friendly downtown!",122,55,15,52,51,10,12,29,71,45,3,23
2397,"Tax-Incentive programs for remote workers to grow the city’s talent pool.",1,1,0,0,1,1,0,0,0,0,0,0
2398,"Less fast food",1,1,0,0,1,1,0,0,0,0,0,0
2399,"Hire a traffic consulting firm for Scottsville Rd",92,36,9,47,38,10,3,25,54,26,6,22
2400,"Make downtown walkable and safe",1,1,0,0,1,1,0,0,0,0,0,0
2401,"No tolerance on crime",68,23,9,36,29,10,0,19,39,13,9,17
2402,"Cleanup “across the tracks” next to WKU",1,1,0,0,1,1,0,0,0,0,0,0
2403,"Gentrification please!",51,8,19,24,17,4,3,10,34,4,16,14
2405,"Hiking trails",1,1,0,0,1,1,0,0,0,0,0,0
2406,"No more immigrants",1,1,0,0,1,1,0,0,0,0,0,0
2407,"A good gas station downtown",85,29,14,42,31,5,3,23,54,24,11,19
2408,"Repeat offenders get sent to another city. No tolerance for crime!",1,1,0,0,1,1,0,0,0,0,0,0
2410,"in the future, bowling Green citizens will learn the truth about the corrupt city of Bowling Green.",1,1,0,0,1,1,0,0,0,0,0,0
2411,"No Pride parades",254,94,110,50,107,63,16,28,147,31,94,22
2414,"Resources for our seniors! More transportation and affordable housing (ex. Park Row). A senior center downtown would be wonderful!",0,0,0,0,0,0,0,0,0,0,0,0
2415,"I would love to start this in Bowling Green: https://www.helpfulvillage.com/the-village-movement. Our seniors could use more resources.",0,0,0,0,0,0,0,0,0,0,0,0
2416,"Less diversity",59,9,35,15,22,4,7,11,37,5,28,4
2417,"Plant Cherry Trees all around BG. Brand them to be a “BGKY” thing!",91,40,11,40,37,15,3,19,54,25,8,21
2418,"Homeless shelters that support & rehabilitate but also maintain accountability for misuse. Establish attainable job opportunities for them.",1,1,0,0,1,1,0,0,0,0,0,0
2419,"Make BG more walkable",1,1,0,0,0,0,0,0,1,1,0,0
2420,"BG in a good emission (smog) system.",1,1,0,0,0,0,0,0,1,1,0,0
2421,"More daycares, less car washes!",1,1,0,0,0,0,0,0,1,1,0,0
2422,"Promote family ideals.",109,39,15,55,40,15,2,23,69,24,13,32
2423,"Yes, but it does need to be addressed in a way that helps and gives a permanent solution for those who find themselves there.",1,1,0,0,0,0,0,0,1,1,0,0
2424,"With recent events, we need to look at flood zones and plan better for an expanding city. Neighborhoods should not flood.",185,150,6,29,69,42,6,21,116,108,0,8
2425,"I hope the BG of the future is a hub that values diversity! Let us be known as an inclusive and welcoming community.",161,84,24,53,58,11,19,28,103,73,5,25
2426,"Extend Highway 31W 4- lane to to the Tennessee state line",92,29,13,50,35,9,1,25,57,20,12,25
2427,"Roads and streets…it’s no good having an amazing town if you can’t get anywhere",0,0,0,0,0,0,0,0,0,0,0,0
2428,"Maintain/increase our parks and natural areas for health and well-being.",0,0,0,0,0,0,0,0,0,0,0,0
2429,"BG will have a variety of events and things to do for all ages, including teenagers and the elderly.",1,1,0,0,0,0,0,0,1,1,0,0
2430,"Controlled growth and development with a focus on preserving our prime farmland. Encourage development on marginal land",163,108,5,50,65,36,3,26,98,72,2,24
2431,"By 2050, I would like to see more development in the northern part of the county, especially near Warren East High - grocery, pharmacy, ect.",113,63,4,46,40,14,0,26,73,49,4,20
2432,"Keep infrastructure, especially roads, ahead of population growth instead of playing catch-up",166,117,5,44,62,33,2,27,104,84,3,17
2433,"Expansion of road network. I love what was done on 31 By-Pass.  BG is friendly and a wonderful city to raise a family. Continue to shine.",0,0,0,0,0,0,0,0,0,0,0,0
2434,"Expansion of road network .  Love what was done on 31By-Pass. BG is friendly and a great city to raise a family. Continue to shine!",0,0,0,0,0,0,0,0,0,0,0,0
2435,"Stop expanding into our farmland,and fix the traffic",0,0,0,0,0,0,0,0,0,0,0,0
2436,"Not everything will be off Scottsville Road and Campbell Road",1,1,0,0,0,0,0,0,1,1,0,0
2437,"We'll have Sprouts and Trader Joe's Grocery Store and hopefully other healthy food store options.",1,1,0,0,0,0,0,0,1,1,0,0
2438,"We'll have a Science Museum",1,1,0,0,0,0,0,0,1,1,0,0
2439,"More feline playgrounds!",39,4,15,20,16,1,7,8,23,3,8,12
2440,"No more immigrants. Hard enough to get a job here as is.",1,1,0,0,1,1,0,0,0,0,0,0
2441,"Please stop immigration",125,27,67,31,48,17,11,20,77,10,56,11
2443,"I’d like to see a new venue opened up for musicians to hold concerts. One that could hold a large capacity of people",1,1,0,0,1,1,0,0,0,0,0,0
2444,"Do away with wasteful spending on events like Duncan Hines Days that has zero impact to community factually.  Perform outside audits",1,1,0,0,0,0,0,0,1,1,0,0
2446,"I want to see more transit options in town and between BG and Nashville",1,1,0,0,0,0,0,0,1,1,0,0
2447,"I want to see roundabouts instead of stop signs and stop lights",1,1,0,0,0,0,0,0,1,1,0,0
2448,"I want to see less churches",77,17,35,25,30,3,18,9,47,14,17,16
2449,"I want to see more pedestrian options like sidewalks",1,1,0,0,0,0,0,0,1,1,0,0
2450,"I want to see more bike options such as bike lanes",1,1,0,0,0,0,0,0,1,1,0,0
2454,"Focus on actual downtown infrastructure to revitalize business and evening activities",1,1,0,0,0,0,0,0,1,1,0,0
2455,"A real downtown development division of actual professionals",1,1,0,0,0,0,0,0,1,1,0,0
2456,"Encourage more native plant gardening or American wildflowers in public spaces instead of high maintenance green grass.",145,89,13,43,61,18,12,31,84,71,1,12
2458,"Road improvements—  The ability to get anywhere has improved in some areas of the county but we need to continue to improve.",1,1,0,0,0,0,0,0,1,1,0,0
2459,"Let’s find a place for the homeless to live and get them off the streets.  They’re ruining the parks.",0,0,0,0,0,0,0,0,0,0,0,0
2460,"BG must have homeless shelter facilities available. For those who choose not to come in, a dedicated homeless camp created.",1,1,0,0,0,0,0,0,1,1,0,0
2461,"Wonderful new showers and laundry facilities at the Salvation Army. Thank you, BG! Perhaps offer mailing addresses & lockers as well?",1,1,0,0,0,0,0,0,1,1,0,0
2462,"Change zoning laws to allow for mixed use. Some businesses are well suited for residential neighborhoods and facilitate walking to work.",114,61,6,47,42,12,3,27,72,49,3,20
2463,"A Trader Joe's!",0,0,0,0,0,0,0,0,0,0,0,0
2464,"Where is it going? Cookie cutter homes, little to zero rural areas. High crime with a small jail. Still smelling like dog food. Nothing todo",1,1,0,0,0,0,0,0,1,1,0,0
2465,"Let’s not develop every single spare acre- leave some land for more parks, greenways, and farms.",1,1,0,0,0,0,0,0,1,1,0,0
2466,"We need to preserve significant and physically stable buildings.",1,1,0,0,0,0,0,0,1,1,0,0
2467,"Make sure everything is convenient. Support medical infrastructure. Create local pride. Why isn’t BG WKU Red? Make BG fun. Town pride is key",1,1,0,0,0,0,0,0,1,1,0,0
2468,"Our streets and roads need to be designed and built BEFORE homes, businesses or other structures are constructed.",1,1,0,0,0,0,0,0,1,1,0,0
2469,"No roads closed for marathon races!",68,8,38,22,26,5,8,13,42,3,30,9
2470,"Panhandlers should be fined and removed",1,1,0,0,1,1,0,0,0,0,0,0
2471,"No more traffic barriers at McDonald's on Fairview",44,5,19,20,18,2,5,11,26,3,14,9
2472,"Fix Fairview flooding issue",90,47,6,37,39,13,4,22,51,34,2,15
2473,"Less bike lanes, go back to 2 lanes for cars",1,1,0,0,1,1,0,0,0,0,0,0
2474,"Hold businesses to a higher standard and penaltize trashy, outdated storefronts",102,41,15,46,37,12,4,21,65,29,11,25
2475,"Use empty buildings instead of building more",1,1,0,0,1,1,0,0,0,0,0,0
2476,"Let's invest in our children by having more daycare options and a variety of museums for all ages.",1,1,0,0,0,0,0,0,1,1,0,0
2477,"Incentives for existing residents instead of bringing people from outside WC",77,22,8,47,28,7,4,17,49,15,4,30
2478,"I wish Bowling Green would LISTEN to the people in the area. Leaders are not listening to the average person, they listen to money!",119,64,13,42,44,15,7,22,75,49,6,20
2479,"Find a balance between the refugee and migrant communities with the existing population.It is stressing our resources, especially education.",140,56,31,53,57,27,7,23,83,29,24,30
2480,"Seniors need something simple to do.How about a senior center that’s open more than a few days with a place to play a few games of pool",141,92,3,46,50,23,3,24,91,69,0,22
2481,"There will be a directory of all local, small businesses, non-profits to list their business for free & attach events easily",159,92,5,62,64,15,4,45,95,77,1,17
2482,"We will have a place where people wanting to open a food truck can go & get all the requirements in one place & help getting started.",82,32,6,44,37,4,4,29,45,28,2,15
2483,"There will be a place that small business owners/ local businesses can go to share & get ideas or mentor each other.",92,38,6,48,42,6,3,33,50,32,3,15
2484,"Community Center with Indoor Pool",169,108,12,49,66,28,12,26,103,80,0,23
2485,"Affordable and safe neighborhoods for seniors would be scattered around the county.",116,73,3,40,43,16,3,24,73,57,0,16
2486,"We will have an area to bring children entrepreneurs to work on & sell their products, allowing them a safe place to learn how to run a business.",147,69,10,68,53,9,6,38,94,60,4,30
2487,"Companies & business in town work together instead of trying to compete with each other.",129,58,11,60,56,10,9,37,73,48,2,23
2488,"We will have a free directory of all churches in town to assist new people to BG to getting plugged in easily.",67,19,13,35,27,6,4,17,40,13,9,18
2489,"Ban all corvettes and the geezers that drive them",68,9,36,23,27,2,14,11,41,7,22,12
2490,"We don’t need any more coffee shops",103,41,19,43,41,14,3,24,62,27,16,19
2491,"We don’t need any more banks",93,32,9,52,40,10,2,28,53,22,7,24
2492,"We don’t need any more car washes",153,93,10,50,63,31,2,30,90,62,8,20
2493,"We should make a time capsule for the BG of 2050. I would like it to include the Twilight Saga books",55,11,16,28,21,2,6,13,34,9,10,15
2494,"BG in 2050 needs to encourage people to work and not give them incentive to stay home and be better off than working.",114,43,18,53,43,17,2,24,71,26,16,29
2495,"We should be a town that elects a dog for mayor",41,1,24,16,15,0,7,8,26,1,17,8
2496,"To prepare for 2050, send out surveys and ask people what they’d like to see. Then give them a coupon that can be used anywhere in BG.",52,9,15,28,17,1,5,11,35,8,10,17
2497,"Can we PLEASE move the dog food factory. The smell has got to be the #1 worst thing about this town",1,1,0,0,0,0,0,0,1,1,0,0
2498,"Large multi-use facility for sporting events and concerts.",1,1,0,0,1,1,0,0,0,0,0,0
2499,"Support local farmers.",1,1,0,0,1,1,0,0,0,0,0,0
2500,"More parks and community centers.",1,1,0,0,1,1,0,0,0,0,0,0
2501,"Children's Hospital",1,1,0,0,1,1,0,0,0,0,0,0
2502,"Preserve our farms.",1,1,0,0,1,1,0,0,0,0,0,0
2503,"Children’s Hospital and specialists in BG instead of traveling to Nashville.",1,1,0,0,1,1,0,0,0,0,0,0
2504,"Multi-Use facility for large sports events and concerts",1,1,0,0,1,1,0,0,0,0,0,0
2505,"Indoor pool",2,1,0,1,2,1,0,1,0,0,0,0
2506,"Come up with a comprehensive plan that will alleviate traffic issues and signal timing along Scottsville Road once and for all.",131,93,4,34,44,24,1,19,87,69,3,15
2507,"More community centers with activities for everyone, indoor pool, bowling, multi use facilities and Fitness Center.",1,1,0,0,1,1,0,0,0,0,0,0
2508,"The reason people want to widen Smallhouse Rd is because people are avoiding the ByPass traffic. Fix the ByPass and leave Smallhouse alone.",1,1,0,0,1,1,0,0,0,0,0,0
2509,"More nature parks",1,1,0,0,1,1,0,0,0,0,0,0
2510,"Combat homelessness in parks",1,1,0,0,1,1,0,0,0,0,0,0
2511,"I love Greenwood Mall.",1,1,0,0,1,1,0,0,0,0,0,0
2512,"Indoor waterpark",1,1,0,0,1,1,0,0,0,0,0,0
2513,"Bg will be one of the largest capitals in KY for family, community entertainment, along with experiences like none other",1,1,0,0,0,0,0,0,1,1,0,0
2514,"Way more access for disabled and have more of a medical focus to draw in better doctors. Currently a specialist is 2.5 hours for me.",1,1,0,0,0,0,0,0,1,1,0,0
2515,"Better infrastructure of all kinds…and keep up with it as it grows.",1,1,0,0,0,0,0,0,1,1,0,0
2516,"We need more bees.",148,95,7,46,59,23,6,30,89,72,1,16
2517,"Less crime",1,1,0,0,1,1,0,0,0,0,0,0
2518,"Have an outdoor amphitheater for festivals",1,1,0,0,0,0,0,0,1,1,0,0
2519,"Mini Golf Park",1,1,0,0,1,1,0,0,0,0,0,0
2520,"More shelters and sirens. Just moved here and can’t hear any.",92,41,10,41,31,7,4,20,61,34,6,21
2521,"Add sexual orientation and gender identity to the city's nondiscrimination clause",196,77,65,54,79,5,45,29,117,72,20,25
2522,"We need another entrance/exit on I-65 farther south",82,31,11,40,33,12,3,18,49,19,8,22
2523,"In 2050, BG will take care of Dishmin and Parker Bennet areas along with their geographical needs.",1,1,0,0,0,0,0,0,1,1,0,0
2524,"We would have more specialty food stores like Trader Joes",1,1,0,0,0,0,0,0,1,1,0,0
2525,"We would have wider roads for north/south traffic (Smallhouse)",1,1,0,0,0,0,0,0,1,1,0,0
2526,"I would like to see sustainable growth,  multi purpose areas that  incorporate live /work  for independent living as the population ages.",0,0,0,0,0,0,0,0,0,0,0,0
2527,"We would have a farm & home store like Rural King or Farm and Fleet",1,1,0,0,0,0,0,0,1,1,0,0
2528,"We would be recycling again",1,1,0,0,0,0,0,0,1,1,0,0
2530,"For non-verbal youth. More behavioral health specialists-lists are years long. BWG offers no relief for parents & particularly aging ones.",110,58,5,47,42,12,4,26,68,46,1,21
2531,"Definitely. It is sad people are being arrested for being poor and homeless. Inhumane.",1,1,0,0,0,0,0,0,1,1,0,0
2532,"People being arrested for being homeless and poor is inhumane treatment.",1,1,0,0,0,0,0,0,1,1,0,0
2533,"Diversity and inclusiveness are essential to our continued prosperity.",1,1,0,0,0,0,0,0,1,1,0,0
2535,"SkyPac should continue to bring diverse attractions that cross genres and ages",1,1,0,0,0,0,0,0,1,1,0,0
2536,"At least offer affordable public transportation with ""free services to those who meet a certain criteria"" and those who can pay should pay.",113,56,10,47,43,8,8,27,70,48,2,20
2537,"Passenger train is good, but what about just plain bus services. Greyhound used to come to BG. Now you must go to Owensboro or Nashville",1,1,0,0,0,0,0,0,1,1,0,0
2538,"I feel large industries are necessary and should be celebrated. Small businesses should be as well.",1,1,0,0,0,0,0,0,1,1,0,0
2539,"Lovers Lane is a beautiful attraction.",1,1,0,0,0,0,0,0,1,1,0,0
2540,"I don't see panhandling and homelessness going away. I do think it needs to be monitored closer. It's an eyesore and sometimes frightening.",1,1,0,0,0,0,0,0,1,1,0,0
2541,"I would like to see BG recruit out-of-state up and coming young people of diverse backgrounds to serve as ambassadors for growth.",70,20,21,29,25,3,9,13,45,17,12,16
2542,"Affordable housing for the middle class. Traffic situation is a nightmare. Free community concerts. More free things to do in the community.",1,1,0,0,1,1,0,0,0,0,0,0
2543,"BG will have more splash pads.",94,39,13,42,39,11,6,22,55,28,7,20
2544,"In 2050, BG will have more free workout equipment.",80,28,9,43,34,5,3,26,46,23,6,17
2545,"I would love to see more empty buildings!",50,1,31,18,23,1,10,12,27,0,21,6
2546,"I would like to see more commercial areas out Cemetery Road past I-65.",73,14,18,41,32,7,7,18,41,7,11,23
2547,"I would like to see more commercial areas in Alvaton.",55,13,9,33,23,4,3,16,32,9,6,17
2548,"I would like to see more commercial areas in Plano.",88,29,11,48,41,7,4,30,47,22,7,18
2549,"I hope that there are more educational opportunities in BG in 2050. For example, science museums, history museums, and art museums!",1,1,0,0,0,0,0,0,1,1,0,0
2550,"Bigger local music scene.",1,1,0,0,0,0,0,0,1,1,0,0
2551,"more public transport",1,1,0,0,0,0,0,0,1,1,0,0
2552,"affordable and accessible community gardens",1,1,0,0,0,0,0,0,1,1,0,0
2553,"More “Third Places” that are affordable and all ages or 18+.",1,1,0,0,0,0,0,0,1,1,0,0
2554,"Need more hiking trails, shouldn’t have to drive over an hour for decent trails.",1,1,0,0,1,1,0,0,0,0,0,0
2555,"interactive museums, art museums, local history museums . all with museum season passes.",1,1,0,0,0,0,0,0,1,1,0,0
2556,"No pointless 200 million dollar bypass on the north side of town in solid rock with no utilities.",1,1,0,0,1,1,0,0,0,0,0,0
2557,"Use our limited road funding in the south where 70% of our residents occupy, not the north",58,13,12,33,22,4,4,14,36,9,8,19
2558,"We need to make downtown more green with more native trees and plants.",173,102,13,58,75,21,12,42,98,81,1,16
2559,"more LGBT safe places !!! there are more lgbt folk in our city than most ppl realize because we don’t have many spaces to connect.",146,57,50,39,55,4,33,18,91,53,17,21
2560,"Clothing swaps for plus size folk .",55,13,4,38,19,2,1,16,36,11,3,22
2561,"more people will have access to recycling. incentivizing it with small pay or discounts to local businesses.",120,66,11,43,40,6,5,29,80,60,6,14
2562,"We will revitalize our downtown like Bardstown.",109,51,5,53,45,12,4,29,64,39,1,24
2563,"expansion to lisa rice library, an idea lab similar to the bob kirby branch ideally.",141,73,13,55,49,10,9,30,92,63,4,25
2564,"BG needs to have a better walk ability score",1,1,0,0,0,0,0,0,1,1,0,0
2565,"Churches will prioritize the community more. food pantries, activities, and making all feel welcome.",103,52,7,44,42,10,5,27,61,42,2,17
2566,"more craft fairs",106,56,11,39,38,9,6,23,68,47,5,16
2567,"refill style grocery store",1,1,0,0,0,0,0,0,1,1,0,0
2568,"Art!! Murals, museums, art fairs.",1,1,0,0,0,0,0,0,1,1,0,0
2569,"I HOPE farm land outside of BG stays as it is.",155,95,8,52,64,33,2,29,91,62,6,23
2570,"I live in Alvaton and pray it doesn't get bigger.",62,15,10,37,24,5,1,18,38,10,9,19
2571,"We need more social opportunities downtown.",158,76,15,67,63,12,11,40,95,64,4,27
2572,"We need more parks and natural areas downtown.",180,111,13,56,71,24,8,39,109,87,5,17
2573,"We need green buildings downtown.",71,33,3,35,32,4,1,27,39,29,2,8
2574,"WKU will not be using DEI in its hiring practices in 2050.",154,49,61,44,64,30,7,27,90,19,54,17
2575,"Bowling Green has so many nonprofits to help people. I wish the city could help them work together so we could all work together.",108,60,4,44,36,14,4,18,72,46,0,26
2576,"Locals who spread false information online will be fined.",45,4,10,31,18,1,3,14,27,3,7,17
2577,"Affordable housing for the middle class",153,111,5,37,61,31,4,26,92,80,1,11
2578,"We will have a locally owned newspaper in 2050.",105,48,7,50,44,13,3,28,61,35,4,22
2579,"We need less planning and zoning on Nashville Road. It's killed local business.",48,5,14,29,23,1,3,19,25,4,11,10
2580,"I hope we do not add any more bars to the Bowling Green area in the future.",64,15,17,32,30,8,4,18,34,7,13,14
2581,"We need to modernize downtown buildings from the 1990s.",61,18,8,35,25,5,2,18,36,13,6,17
2582,"After the abysmally stupid waste of money from the fake newspaper we can only hope the city leaders & BGdailynews are gone",1,1,0,0,0,0,0,0,1,1,0,0
2583,"We need safe sidewalks/bike lanes down W Riverview Drive to safely connect downtown to the riverfront.",171,107,11,53,68,21,10,37,103,86,1,16
2584,"We need a parkway that connects exit 28 on I-65 all the way to 165 at Morgantown Rd like the Briley Pkwy in Nashville - helps the whole city",78,30,13,35,29,11,2,16,49,19,11,19
2585,"We need a straight walking trail / biking trail with a soft service going from WKU to the walking bridge - like the Katy trail in Dallas.",111,54,8,49,40,8,7,25,71,46,1,24
2586,"Yes! We need the train again.",1,1,0,0,0,0,0,0,1,1,0,0
2587,"BG will have a shuttle service leaving every hour to Downtown Nashville",121,53,23,45,42,8,12,22,79,45,11,23
2588,"Continued support for the arts and for nature.",1,1,0,0,0,0,0,0,1,1,0,0
2589,"Some extended, more complex hiking trails.",136,75,10,51,54,19,7,28,82,56,3,23
2590,"More grocery store options will be available such as Costco and Whole Foods",1,1,0,0,0,0,0,0,1,1,0,0
2591,"There will be more things to do than eat or go bowling. Fun, inviting places.",1,1,0,0,0,0,0,0,1,1,0,0
2592,"I hope we continue to be an inclusive community that grows stronger in our commitment.",1,1,0,0,0,0,0,0,1,1,0,0
2593,"There will be no fluoride in the water, as it is a known toxin.",106,32,35,39,37,14,6,17,69,18,29,22
2594,"Public transport is more prevalent and easy to use.",1,1,0,0,0,0,0,0,1,1,0,0
2595,"Better water drainage systems for some vulnerable areas of the city.",1,1,0,0,0,0,0,0,1,1,0,0
2596,"By 2025 BG should have a National Airport",1,1,0,0,0,0,0,0,1,1,0,0
2597,"Safe, moderate-size house communities where people can afford to buy homes.",116,72,5,39,45,12,5,28,71,60,0,11
2598,"Bowling Green will be a billionaire tax haven like Monaco.",52,2,29,21,23,1,7,15,29,1,22,6
2599,"We will have museums.",1,1,0,0,0,0,0,0,1,1,0,0
2600,"Types of job opportunities will be expected to increase opportunities for skills other than factory work & trades.",111,63,3,45,39,9,2,28,72,54,1,17
2601,"We will maintain plenty of free/inexpensive public parking",1,1,0,0,0,0,0,0,1,1,0,0
2602,"We will have a local business first fabric!",56,18,3,35,17,4,0,13,39,14,3,22
2603,"We will need an expanded Department of Community Based Services.",112,49,11,52,51,9,9,33,61,40,2,19
2604,"In 2050, Bowling Green will need an expanded victim services division.",83,34,6,43,30,3,2,25,53,31,4,18
2605,"We will have lots of opportunities to listen to many genres of live music!",141,82,10,49,52,12,8,32,89,70,2,17
2606,"Bowling Green will have a greater diversity of car wash ownership in 2050.",51,6,12,33,22,2,7,13,29,4,5,20
2607,"The community needs variety of housing types.",133,79,8,46,57,19,7,31,76,60,1,15
2608,"We will have an NBA team!",45,1,26,18,18,0,8,10,27,1,18,8
2609,"The community needs more detached single-family housing.",76,33,6,37,27,9,0,18,49,24,6,19
2610,"The community has too many detached single-family housing.",1,1,0,0,0,0,0,0,1,1,0,0
2611,"The community needs more attached single-family housing.",96,40,9,47,33,7,3,23,63,33,6,24
2612,"The community needs more apartment complexes.",53,7,20,26,19,0,8,11,34,7,12,15
2613,"The community has too many apartment complexes.",1,1,0,0,0,0,0,0,1,1,0,0
2614,"The community needs more senior (55+) focused housing",125,78,5,42,49,18,4,27,76,60,1,15
2615,"The community needs more garage apartments or rental units with single-family houses.",56,20,4,32,18,1,2,15,38,19,2,17
2616,"The community has too much senior (55+) focused housing.",1,1,0,0,0,0,0,0,1,1,0,0
2617,"The community has too many garage apartments or rental units with single-family houses.",1,1,0,0,0,0,0,0,1,1,0,0
2618,"The community needs more condominium housing.",68,23,7,38,26,3,2,21,42,20,5,17
2619,"The community needs more large scaled housing developments with community amenities.",83,33,6,44,32,3,5,24,51,30,1,20
2620,"The community needs to prioritize housing with the Zoning Ordinance.",91,37,4,50,35,4,4,27,56,33,0,23
2621,"The community should increase density limits in existing neighborhoods.",62,22,4,36,18,1,2,15,44,21,2,21
2622,"The community should demand that the Zoning Board follow the approved guidelines, and not allow them to set new standards.",85,38,4,43,33,6,2,25,52,32,2,18
2623,"The community should prioritize converting apartments to condos.",50,16,8,26,15,1,4,10,35,15,4,16
2624,"The community should remove policy roadblocks to allow for faster developments and housing construction.",41,6,12,23,15,0,3,12,26,6,9,11
2625,"The community should add more regulations to slow down the development process.",92,33,23,36,34,6,6,22,58,27,17,14
2626,"The community should prioritize single family housing over rental housing.",75,30,7,38,31,11,3,17,44,19,4,21
2627,"The community should prioritize rental housing over single family housing.",33,2,14,17,10,0,4,6,23,2,10,11
2628,"The community should prioritize housing for first time homeowners.",115,61,16,38,41,11,10,20,74,50,6,18
2629,"The community should provide down payment assistance to first time homeowners.",44,8,14,22,16,1,4,11,28,7,10,11
2630,"The community needs more subsidized housing for low income families.",92,44,14,34,33,4,10,19,59,40,4,15
2631,"The community should require private developers to build subsidized housing for low-income families.",72,24,19,29,28,2,11,15,44,22,8,14
2632,"The community should expect the private developers to partner with non-profits to construct subsidized housing.",90,40,12,38,30,2,9,19,60,38,3,19
2633,"The community should expect the City and the County to fund subsidized housing.",89,31,16,42,34,2,7,25,55,29,9,17
2634,"The community should expect the City and the County to raise taxes to fund subsidized housing.",52,15,10,27,15,1,1,13,37,14,9,14
2635,"The community should expect the City and the County to cut services to fund subsidized housing.",40,4,17,19,14,0,3,11,26,4,14,8
2636,"The community needs to develop housing in a variety of locations throughout the County.",120,62,9,49,42,8,5,29,78,54,4,20
2637,"The community needs to develop housing in the northern portions of Warren County.",100,51,8,41,39,11,6,22,61,40,2,19
2638,"The community needs to develop housing in the eastern portions of Warren County.",68,26,6,36,23,3,2,18,45,23,4,18
2639,"The community needs to develop housing in the western portions of Warren County.",80,36,4,40,29,7,2,20,51,29,2,20
2640,"The community needs to continue to develop housing in the southern portions of Warren County.",50,15,5,30,18,4,2,12,32,11,3,18
2641,"The community needs to expand infrastructure to allow for new housing developments.",64,23,5,36,22,4,1,17,42,19,4,19
2642,"The community needs to make the private developer expand infrastructure before new housing developments.",98,51,3,44,35,8,1,26,63,43,2,18
2643,"BG will have a public use facility w/indoor skating, swimming and track. Inspiration for this w/Nashville’s Centennial Sportsplex.",121,66,11,44,46,17,7,22,75,49,4,22
2644,"The sewage smell near the Delafield area will be gone you can smell it from Vetrans.",1,1,0,0,0,0,0,0,1,1,0,0
2645,"WE PASS A FAIRNESS ACT",1,1,0,0,0,0,0,0,1,1,0,0
2646,"Our WCPL Library leads the state in public use. And offers the Capitol as learning/ performance facility. Anyone can learn and perform!",105,67,5,33,34,7,4,23,71,60,1,10
2647,"All public golf courses, berms, roadways grow native plants. And/Or support community gardens.",1,1,0,0,0,0,0,0,1,1,0,0
2648,"Free language classes. Anyone can learn Spanish, English, Swahili, etc.",130,71,15,44,46,9,12,25,84,62,3,19
2649,"We will lead the country in creating safe for pedestrian-safe-for-animals infrastructure and roadways. Wildlife bridges over every roadway-1",1,1,0,0,0,0,0,0,1,1,0,0
2650,"… (wildlife-bridge-shelter) that offers weather-safe space for the houseless and people seeking shelter from storms. LEED certified -2",1,1,0,0,0,0,0,0,1,1,0,0
2651,"FREE/AFFORDABLE HEALTHCARE FOR ALL—Why not make it happen HERE! if we can’t do this on the national level. W/ GGC,G-view, MCBG as partners!",114,38,27,49,40,2,12,26,74,36,15,23
2652,"Region-wide education on tolerance, through a magazine produced by BG Daily News. Free for all citizens and QR enabled w translations/shares",73,18,16,39,28,1,8,19,45,17,8,20
2653,"The old Houchens space on the bypass is a memorial park for the people who died in the tornadoes. (W/translations) Please?",39,4,13,22,11,1,3,7,28,3,10,15
2654,"Expand the Bypass (31W) to make the lanes larger and the road safer.",1,1,0,0,0,0,0,0,1,1,0,0
2655,"More free downtown parking options",101,58,11,32,34,14,1,19,67,44,10,13
2656,"Nashville road to be expanded all the way to the bypass.",84,30,7,47,28,6,0,22,56,24,7,25
2657,"Mike paths, public walking is the norm. Gov’t educates & encourages ecotransportation. Incentivized with tax-credits via low/no driving.",1,1,0,0,0,0,0,0,1,1,0,0
2658,"Encourage locally owned businesses not chains. We have the most restaurants per capita but so much of it is fast food",1,1,0,0,0,0,0,0,1,1,0,0
2659,"We need food rescue to reduce waste",94,49,7,38,35,4,5,26,59,45,2,12
2660,"BG will invest in natural and weather-safe building. LEED certified and architectural materials and aesthetic that works w/our environment.",113,65,5,43,41,9,4,28,72,56,1,15
2661,"We rely on what we HAVE instead of what we can throw money towards.",65,26,4,35,18,5,0,13,47,21,4,22
2662,"We are the forefront of inclusion. Indigenous, multicultural representation in all walks of life!",160,73,35,52,65,5,30,30,95,68,5,22
2663,"Make it easier to turn left on busy roads when there is not a stop light",58,18,11,29,20,5,3,12,38,13,8,17
2664,"WKU and downtown",1,1,0,0,0,0,0,0,1,1,0,0
2665,"Integrate timed stop lights with longer yellow lights to improve traffic flow. Add timers to red lights to reduce car crashes.",1,1,0,0,0,0,0,0,1,1,0,0
2666,"We will listen to our karst-experts and see paths towards growth and environmentally-informed decisions for building & infrastructure.",134,88,9,37,51,16,8,27,83,72,1,10
2667,"Focus on the beauty of BG, if we are going to grow, keep the small town feel so we don't look like every other interstate exit",1,1,0,0,0,0,0,0,1,1,0,0
2668,"Add a major grocery store on Louisville road such as a Publix or a meijer since the area is growing",144,87,12,45,53,21,5,27,91,66,7,18
2669,"VCRD Roller Derby will have the region’s support and compete in multiple tournaments and, the Olympics! 🛼 ⚡️ 💀 ⚡️ 🛼",74,24,12,38,31,3,7,21,43,21,5,17
2670,"We will have an enviable natural/midwife/doula birthing and lactation center",110,48,13,49,41,9,7,25,69,39,6,24
2671,"More affordable housing that is actually of good quality",1,1,0,0,0,0,0,0,1,1,0,0
2672,"Build walkable communities where businesses and residents are built together to support each other",1,1,0,0,0,0,0,0,1,1,0,0
2673,"With our growth I'd like to see crime remain low",1,1,0,0,0,0,0,0,1,1,0,0
2674,"Create resource and training programs that address poverty at its source that lead to well paying jobs.",129,76,4,49,50,12,4,34,79,64,0,15
2675,"We lead the country in QUALITY, SAFE housing. Tax credits and help for citizens who need help making their home more energy efficient.",75,33,7,35,31,5,5,21,44,28,2,14
2676,"The Kentucky Science Museum to have a presence downtown",1,1,0,0,0,0,0,0,1,1,0,0
2677,"Preserve our community's history while embracing progress in our policy making; learn from the past",1,1,0,0,0,0,0,0,1,1,0,0
2678,"I'd like to see more bike lanes and more public understanding of vehicle's (and cyclists!) laws about road use.",1,1,0,0,0,0,0,0,1,1,0,0
2679,"Add more side streets and sidewalks to create a better traffic flow, better walking experience and a distinction between streets and roads",143,80,11,52,52,11,9,32,91,69,2,20
2680,"Legalize Marijuana so that the product can be regulated and taxed. It's already in our community but unregulated",147,57,48,42,58,9,28,21,89,48,20,21
2681,"We a Costco out by GRECC",1,1,0,0,0,0,0,0,1,1,0,0
2682,"Move the airport, it is in a terrible and unsafe location for an expanding town",1,1,0,0,0,0,0,0,1,1,0,0
2683,"Encourage more locally owned brick and mortar stores",1,1,0,0,0,0,0,0,1,1,0,0
2684,"We need more activities and things to do for young people without children. Create spaces that help address the loneliness epidemic.",116,66,11,39,47,13,8,26,69,53,3,13
2685,"Add bus lanes and incentive local to use public transit to improve traffic",1,1,0,0,0,0,0,0,1,1,0,0
2686,"Revitalize the mall to become a hub of activity and shopping in town. Make our mall more like Opry Mills on a BG scale",88,40,12,36,36,12,5,19,52,28,7,17
2687,"Let BG be a melting pot of cultures that can coexist,  not just assimilate",151,75,35,41,59,5,27,27,92,70,8,14
2688,"I hope to see an independent bookstore in BG in the future.",119,68,8,43,43,7,6,30,76,61,2,13
2689,"Fix the poorly timed stop lights",1,1,0,0,0,0,0,0,1,1,0,0
2690,"BG needs a public recreation center with indoor and outdoor activities like a free to use YMCA payed for with local tax dollars like parks",1,1,0,0,0,0,0,0,1,1,0,0
2691,"BG needs more strategically placed trees near roads to reduce temperatures and improve air quality, collect data on current tree placement",1,1,0,0,0,0,0,0,1,1,0,0
2692,"Unique decorated bus stops, a small art filled shelter such as the strawberry shaped bus stops in Japan",88,32,17,39,36,2,12,22,52,30,5,17
2693,"Add internet Cafe where you can rent games, movies or time on computers for internet access and printing.",1,1,0,0,0,0,0,0,1,1,0,0
2694,"An interstate rest stop by the Corvette Museum.",85,29,23,33,28,7,9,12,57,22,14,21
2695,"An indie bookstore in downtown BG (FountainSquare/Circus Square/Shake Rag) that hosts events and is not controlled by corporations like B&N.",1,1,0,0,0,0,0,0,1,1,0,0
2696,"Keep Weldon Peete Park the calm peaceful place it is now.  The greenway and Low Hollow trail are great places to get away from crowds.",91,43,7,41,36,9,3,24,55,34,4,17
2697,"Sadly, in 25 years we won’t be able to afford to live here",1,1,0,0,1,1,0,0,0,0,0,0
2698,"Parking prices and predatory towing will kill downtown within 25 years",1,1,0,0,1,1,0,0,0,0,0,0
2699,"Would love to see WC partner with surrounding counties to expand greenways",135,80,8,47,51,14,7,30,84,66,1,17
2700,"Have night time warming centers.",106,52,12,42,42,5,10,27,64,47,2,15
2701,"Free and accessible transit. ADA compliant.",115,65,11,39,42,6,10,26,73,59,1,13
2702,"Make city walkable,  suitable and accessible.  Prioritize ADA compliance.",127,77,10,40,47,10,10,27,80,67,0,13
2703,"Build affordable single family homes and fewer cheaply build/high rent appartments",1,1,0,0,1,1,0,0,0,0,0,0
2704,"In 2050, we will have strong diversity of property management companies in Bowling Green.",93,43,12,38,36,8,9,19,57,35,3,19
2705,"In 2050, WKU will have affordable college tuition.",114,71,12,31,44,17,7,20,70,54,5,11
2706,"Plant more trees as visual barriers between commercial and residential areas.",141,101,6,34,48,21,5,22,93,80,1,12
2707,"We will cap the number of businesses one company can own to encourage more growth and less monopoly.",73,23,14,36,30,6,4,20,43,17,10,16
2708,"Add recycling and composting",1,1,0,0,0,0,0,0,1,1,0,0
2709,"We'll promote participatory government, like this website.",125,81,4,40,48,18,4,26,77,63,0,14
2710,"Strengthen nonprofits like BRASS and others.",93,53,8,32,34,5,7,22,59,48,1,10
2711,"In 2050, Bowling Green will have museums that are interactive.",118,71,7,40,45,11,6,28,73,60,1,12
2712,"I hope in the future we have multiple museums that have shared museum passes.",142,88,9,45,57,18,9,30,85,70,0,15
2713,"We will have art fairs in Bowling Green.",96,48,7,41,44,9,6,29,52,39,1,12
2714,"We will have more museums focused on local history.",104,56,5,43,41,9,5,27,63,47,0,16
2715,"We NEEEEEED a Whole Foods!",1,1,0,0,0,0,0,0,1,1,0,0
2716,"I hope to see folks being friendly and kind to strangers.",124,85,4,35,42,15,3,24,82,70,1,11
2717,"I hope to see an indoor pool open to the public.",1,1,0,0,0,0,0,0,1,1,0,0
2719,"Hope to see less road rage.",121,80,5,36,43,19,3,21,78,61,2,15
2720,"Traffic lights on Scottsville Rd will be synched to reduce traffic jams during peak times.",104,75,4,25,40,22,2,16,64,53,2,9
2721,"Stormwater infrastructure at the Drakes Creek twin bridges.",105,55,1,49,40,13,0,27,65,42,1,22
2722,"We'll have stormwater infrastructure around the Barren River.",115,72,1,42,43,14,1,28,72,58,0,14
2723,"Greenways",0,0,0,0,0,0,0,0,0,0,0,0
2724,"I would love to see a restoration of the trees city-wide that were destroyed from the tornado",1,1,0,0,0,0,0,0,1,1,0,0
2725,"Regenerative Farming",0,0,0,0,0,0,0,0,0,0,0,0
2726,"A train service to NOLA or other metropolitan cities",1,1,0,0,0,0,0,0,1,1,0,0
2727,"YMCA",0,0,0,0,0,0,0,0,0,0,0,0
2728,"More locally owned businesses-there are too many chains and franchises.",1,1,0,0,0,0,0,0,1,1,0,0
2729,"We need to restart construction on homes that are less than 1000sqft. Not everyone can afford 250k+ homes.",120,70,11,39,47,15,7,25,73,55,4,14
2730,"I'd like to see a reintroduction of native flora.",1,1,0,0,1,1,0,0,0,0,0,0
2731,"Expansion of BGMU Fiber to further break ATTs monopoly on fiber telecommunications.",1,1,0,0,1,1,0,0,0,0,0,0
2732,"Invest in our children.  With Sports, Nutrition, and Education Programs.",0,0,0,0,0,0,0,0,0,0,0,0
2733,"WKU and SkyTC need to collaborate together and with local industries to train graduates for those careers.",1,1,0,0,1,1,0,0,0,0,0,0
2734,"The city and WKU need to collaborate on how to expand middle class careers. Too much of BG is dead end mcjobs in low pay service sector.",1,1,0,0,1,1,0,0,0,0,0,0
2735,"I hope we can become a leader in how to be a real community that cares for one another, that grows our own food and cares for our own health",105,62,5,38,39,12,3,24,66,50,2,14
2736,"Swap out those smelly gross diesel buses for electric like Lexington did.",73,27,8,38,24,4,5,15,49,23,3,23
2737,"Actually build a bus stop instead of a sign on the road.",1,1,0,0,1,1,0,0,0,0,0,0
2738,"Take one of those derelict buildings and ship all the homeless to one area for ease of assistance.",40,8,12,20,12,3,2,7,28,5,10,13
2739,"Bowling Green will have a children's space center in the future.",71,26,6,39,26,5,1,20,45,21,5,19
2740,"Make sure there are regularly changed trash cans on existing and new walking trails and sidewalks in BG; higher fines for littering",1,1,0,0,0,0,0,0,1,1,0,0
2741,"Add a carbon tax for big manufacturers.",76,26,14,36,24,1,7,16,52,25,7,20
2742,"We need more help and resources to accommodate the elderly.Elderly are struggling to pay rent,mortgage,etc.This community is very prominent!",112,69,1,42,42,12,1,29,70,57,0,13
2743,"We need something like Mahr Park in Madisonville, KY.",48,7,4,37,19,2,2,15,29,5,2,22
2744,"Use some of the ideas from @StreetcraftShorts on YouTube to help improve traffic and green space in BG, he takes requests!",47,10,3,34,13,1,0,12,34,9,3,22
2745,"I hope we have more nightlife downtown in 2050.",110,48,5,57,42,10,4,28,68,38,1,29
2746,"BG should invest in becoming a regional hub for vocational training.  It could transform the community and supply need skilled jobs.",96,52,4,40,32,11,1,20,64,41,3,20
2747,"For sure an Arena/exhibition hall. Horse Cave built the ampitheater but arnea would be year round and much more.",51,15,5,31,16,0,2,14,35,15,3,17
2748,"Utilize the facilities, stadiums, and building we already have to support the needs we still need to meet.",111,71,2,38,44,16,1,27,67,55,1,11
2749,"Works towards building a strong local identity through unique architecture in walkable developments",1,1,0,0,0,0,0,0,1,1,0,0
2750,"Add fences, space, and/or natural barriers between sidewalks/bike trails and roads to ensure the safety of those on bikes or walking.",136,88,12,36,49,20,9,20,87,68,3,16
2751,"We need the world's tallest skyscraper: 1809 ft to commemorate BG incorporation date.",52,4,30,18,20,1,7,12,32,3,23,6
2752,"We will attract edgier and artsier architects to Bowling Green.",102,40,15,47,41,3,8,30,61,37,7,17
2753,"We will attract AMDL Circle to Bowling Green.",41,0,8,33,17,0,3,14,24,0,5,19
2754,"Bowling Green will feature more modern architecture in 2050.",76,21,16,39,34,3,6,25,42,18,10,14
2755,"In 2050, Bowling Green will have more innovative architecture.",73,30,5,38,32,6,1,25,41,24,4,13
2756,"By 2050, Bowling Green will have a building that wins ArchDaily's Building of the Year.",44,7,9,28,18,0,4,14,26,7,5,14
2757,"Have events at public parks that encourage their use and encourage people making connections within their community",120,77,4,39,49,19,3,27,71,58,1,12
2758,"I would like the historic homes in downtown preserved in the future.",150,105,6,39,63,29,4,30,87,76,2,9
2759,"I would like to see fewer rentals in the downtown area that aren't properly maintained.",106,59,1,46,41,12,1,28,65,47,0,18
2760,"Iconic areas of the city like Fountain Square, Circus Square, etc., should be protected and no local business named after them.",67,28,4,35,30,9,2,19,37,19,2,16
2761,"Work collaboratively with WKU to improve our community using some of these ideas",113,55,13,45,43,8,8,27,70,47,5,18
2762,"In 2050, it will be safe to walk throughout the downtown area.",143,97,3,43,57,28,1,28,86,69,2,15
2763,"I hope we monitor local government employees for conflicts of interest closely in the future.",98,49,3,46,40,8,3,29,58,41,0,17
2764,"I hope Bowling Green consults experts in historic preservation in their work in the future.",128,84,8,36,50,18,7,25,78,66,1,11
2765,"A Yellowpages that centralizes all business. It features updates, hours of operation, and a career portal for applicants.",68,21,13,34,22,2,4,16,46,19,9,18
2766,"I hope Bowling Green has implemented a strict professional conduct policy, so that all staff will be proper representations of the city.",57,16,5,36,22,5,0,17,35,11,5,19
2767,"In 2050, I hope the City of Bowling Green has a downtown development division staffed with multiple professionals.",85,35,4,46,36,6,1,29,49,29,3,17
2768,"The downtown area should be blocked off to traffic on the weekends. Then, eventually completely blocked to traffic except public transport.",73,24,22,27,27,4,9,14,46,20,13,13
2769,"Create activities for children and teens that incentives them (and parents) to get offline/off tiktok and read, go outside, socialize.",113,68,9,36,44,14,7,23,69,54,2,13
2770,"In 2050, we'll be focused on core infrastructure that enables business and evening activities downtown.",124,71,5,48,49,12,5,32,75,59,0,16
2771,"Create spaces where kids and teens can go outside and do fun activities so they don't feel trapped online or in the house.",1,1,0,0,0,0,0,0,1,1,0,0
2772,"This available now.",1,1,0,0,0,0,0,0,1,1,0,0
2773,"Add benches and trash cans along the sidewalks / walking trails others have suggested.",1,1,0,0,0,0,0,0,1,1,0,0
2774,"I hope we have an independent, locally owned bookstore in downtown Bowling Green.",131,76,11,44,56,14,10,32,75,62,1,12
2775,"Equal rights already exist.",1,1,0,0,0,0,0,0,1,1,0,0
2776,"Bowling Green will have more high rise buildings.",95,35,21,39,42,7,7,28,53,28,14,11
2777,"People vote with their wallet.",1,1,0,0,0,0,0,0,1,1,0,0
2778,"We will have a noise ordinance for neighborhoods located within the county like the upcoming leash ordinance for the same.",79,34,9,36,27,8,3,16,52,26,6,20
2779,"BG need a good emission (smog) system. This would help our air quality and health concerns.",59,21,7,31,19,0,5,14,40,21,2,17
2780,"Work with WKU to replace the chain restaurants currently available on campus with local food vendors.",99,46,14,39,39,7,9,23,60,39,5,16
2781,"Scottsville Road should be elevated and re-constructed with overpasses to allow traffic to flow fast in both directions.",65,13,17,35,25,2,4,19,40,11,13,16
2782,"I'd like to see a community of local ambassadors to encourage unique local and regional KY experiences (minus the discouraging part).",1,1,0,0,0,0,0,0,1,1,0,0
2783,"In addition, I'd like to see more lanes for bicyclists!",1,1,0,0,0,0,0,0,1,1,0,0
2784,"We will partner with University of Louisville in our healthcare sector.",85,29,12,44,35,8,6,21,50,21,6,23
2785,"We will partner more deeply with University of Kentucky in our healthcare sector.",104,50,6,48,41,12,3,26,63,38,3,22
2786,"We will have programs to train our law enforcement on harm reduction.",96,47,11,38,35,6,7,22,61,41,4,16
2787,"We will have training programs to train our law enforcement on civilian rights.",90,38,6,46,36,4,4,28,54,34,2,18
2788,"I would like to see an art / history museums that showcases local and Kentucky artists and history.",1,1,0,0,0,0,0,0,1,1,0,0
2789,"Adaptive reuse of our historical buildings.",136,95,2,39,51,20,2,29,85,75,0,10
2790,"Create a tools library so people can improve their homes even if they cannot afford expensive tools or don't have space to store large items",131,81,13,37,49,13,11,25,82,68,2,12
2791,"Expand the library to include more DVD rentals, not everyone can afford streaming",76,28,14,34,31,6,8,17,45,22,6,17
2792,"Bowling Green should focus more on providing fun, educational, family-centered experiences. A children’s museum would be a great start.",1,1,0,0,0,0,0,0,1,1,0,0
2793,"Create a city website that tells people what businesses we have in BG that a relevant to them and what events are happening.",102,59,6,37,39,14,3,22,63,45,3,15
2794,"Address the issue of light pollution!!!",1,1,0,0,0,0,0,0,1,1,0,0
2795,"Follow Oregon's example on rehabilitation of drug addiction and treat addicts with human decency while in rehab.",92,42,9,41,37,5,7,25,55,37,2,16
2796,"Create programs that treat drug addiction as a medical issue 1st and a criminal issue 2nd so more addicts survive and recover.",122,66,10,46,46,6,8,32,76,60,2,14
2797,"Build new buildings with LEED protocols in mind for a climate healthy community!",1,1,0,0,0,0,0,0,1,1,0,0
2798,"In 2050, BG will have more of a safe space for LGBTQIA+ youth.",123,49,37,37,44,4,23,17,79,45,14,20
2799,"Yes",0,0,0,0,0,0,0,0,0,0,0,0
2800,"The city and WKU need to collaborate on how to expand middle class careers.",85,44,2,39,34,7,0,27,51,37,2,12
2801,"WKU and SKyCTC need to collaborate together and with local industries to train graduates for in-demand careers.",122,70,2,50,51,20,1,30,71,50,1,20
2802,"The town will collaborate with WKU to increase opportunities for arts in the area.",116,57,13,46,46,3,11,32,70,54,2,14
2803,"The region will collaborate with WKU to increase sports opportunities in the area.",58,13,10,35,26,2,5,19,32,11,5,16
2804,"Collaboration with land trusts to preserve historic sites.",117,74,4,39,45,12,4,29,72,62,0,10
2805,"Take steps to rebuild BG and KY middleclass",113,63,5,45,40,15,3,22,73,48,2,23
2806,"Collaboration with land trusts to preserve farmlands.",106,59,3,44,46,16,2,28,60,43,1,16
2807,"Collaboration with land trusts to preserve green spaces.",117,75,2,40,39,9,2,28,78,66,0,12
2808,"We could become more of a destination with outstanding river walk that includes an artistic flare, recreation activity with entertainment.",132,96,9,27,50,22,8,20,82,74,1,7
2809,"Incentivize an art district along with microbrewery options and live entertainment. Borrow ideas from Bend, Oregon and Banff, Canada.",95,44,14,37,35,3,10,22,60,41,4,15
2810,"The community will have less detached single-family housing.",45,3,15,27,18,0,6,12,27,3,9,15
2811,"The community will have fewer apartment complexes.",75,25,16,34,28,4,4,20,47,21,12,14
2812,"The community will have less senior (55+) focused housing.",44,3,16,25,18,1,4,13,26,2,12,12
2813,"The community will have fewer garage apartments or rental units with single-family houses.",53,11,10,32,20,5,0,15,33,6,10,17
2814,"Bring in multiple internet providers so the people have a choice",1,1,0,0,0,0,0,0,1,1,0,0
2815,"Add a left turn lane on Louisville Rd so people coming from the north can get into the Humane Society safely. Too many near accidents there!",62,24,4,34,26,4,2,20,36,20,2,14
2816,"Use ranked choice voting in local elections to give more voice to the people",69,21,14,34,24,2,8,14,45,19,6,20
2817,"Reserve land within the city specifically for community -ran sustainable gardens to feed homeless or community",115,56,16,43,48,10,11,27,67,46,5,16
2818,"We will invest in support of Hobson House.",87,38,8,41,29,7,5,17,58,31,3,24
2819,"Add drivers ed back into schools",115,72,9,34,47,21,5,21,68,51,4,13
2820,"We need more activities, shopping centers, LESS FOOD, more hiking and outdoor entertainment, more job opportunities, Trader Joe’s/whole food",1,1,0,0,0,0,0,0,1,1,0,0
2821,"Traffic issues: Smallhouse road and Three Springs intersection will be a roundabout. Bypass, Cave Mill and Smallhouse will be 4 lanes each.",1,1,0,0,1,1,0,0,0,0,0,0
2822,"More bicycle riding areas",1,1,0,0,0,0,0,0,1,1,0,0
2823,"We will have a multi-sport facility for year-round training for athletes.",41,6,12,23,17,1,4,12,24,5,8,11
2824,"City/County Planning & Zoning will be more forward thinking about overall traffic patterns and visual appeal when approving new construction",1,1,0,0,1,1,0,0,0,0,0,0
2825,"Preserve the farmland and don't let developers turn every plot of land into a subdivision.",1,1,0,0,1,1,0,0,0,0,0,0
2826,"We will have smaller neighborhood schools, especially elementary schools.",88,32,9,47,34,6,3,25,54,26,6,22
2827,"We will have more schools with niche offerings - trades, IB, arts, etc.",99,55,7,37,40,14,2,24,59,41,5,13
2828,"Shift away from car-centric infrastructure: increase mixed-used zoning, develop public transit in key areas, and focus on walkability.",1,1,0,0,0,0,0,0,1,1,0,0
2829,"We should invest more money in our parks in the future.",127,82,5,40,48,14,4,30,79,68,1,10
2830,"We need an open year round indoor public swimming pool, preferably 25 yd by 50 meter.",0,0,0,0,0,0,0,0,0,0,0,0
2831,"In 2050, we will ensure all our public parks are safe.",110,74,1,35,41,18,0,23,69,56,1,12
2832,"More opportunities for our white residents",59,11,31,17,17,6,4,7,42,5,27,10
2833,"Bring back smoking in restraunts",36,1,30,5,12,0,8,4,24,1,22,1
2834,"bring back the lunch buffet at indian oven",1,1,0,0,0,0,0,0,1,1,0,0
2835,"Bring back India Oven’s Buffet",70,21,16,33,26,5,8,13,44,16,8,20
2836,"Petition to make our taco bell bring back the chipotle southwest chicken burrito on the dollar menue",36,2,13,21,10,0,2,8,26,2,11,13
2837,"Bring back the Paqui ghost pepper chips at Meijers",38,3,13,22,14,0,5,9,24,3,8,13
2838,"BG will have a pediatric urgent care.",105,63,1,41,39,8,1,30,66,55,0,11
2839,"BG will have a pediatric ER.",123,69,2,52,51,14,2,35,72,55,0,17
2840,"Public Transit County-wide Fiber  Tech Hub Data Center Affordable Homes Healthcare Access Community Tornado Shelters Underground Power Lines",1,1,0,0,0,0,0,0,1,1,0,0
2841,"Lets do what nevada is doing and open up some brothels",43,5,28,10,13,0,7,6,30,5,21,4
2842,"We will have commercial flights to Chicago.",51,14,10,27,21,2,3,16,30,12,7,11
2843,"We will have commercial flights to Orlando.",52,12,12,28,18,2,2,14,34,10,10,14
2844,"Rename the humane socity to inhumane society and turn it into a kil shelter",1,1,0,0,0,0,0,0,1,1,0,0
2845,"Add a Northern Bypass",60,15,12,33,24,4,2,18,36,11,10,15
2846,"Chage the jail into a for profit prison",38,3,20,15,12,1,2,9,26,2,18,6
2847,"Put another food option by cemetery road !! for example qdoba",58,17,11,30,18,4,2,12,40,13,9,18
2848,"BG/WC students must master grade-level materials before promotion. Mastery-based promotions would ensure children are prepared.",83,47,5,31,30,10,4,16,53,37,1,15
2849,"We need collaborative healthcare in this region in the future, with multiple healthcare groups working together.",120,70,4,46,52,12,4,36,68,58,0,10
2850,"Actual city planning would be nice; planned development & growth that ensures affordable, walkable, neighborhoods for all people",1,1,0,0,0,0,0,0,1,1,0,0
2851,"Thank you for allowing public input in this way and thank you for looking ahead to eliminate as many barriers as possible while growing!",1,1,0,0,1,1,0,0,0,0,0,0
2852,"Applebee’s",39,4,15,20,13,1,3,9,26,3,12,11
2853,"With growth of the community, widening of roads would be a need. For example, Smallhouse road.",1,1,0,0,0,0,0,0,1,1,0,0
2854,"Bowling Green could use a zoo.",1,1,0,0,0,0,0,0,1,1,0,0
2855,"Let’s take of those sinkholes under Diddle!",1,1,0,0,0,0,0,0,1,1,0,0
2856,"Fairness ordinance, protection for our trans kids/adults",1,1,0,0,0,0,0,0,1,1,0,0
2857,"Better public transportation",1,1,0,0,0,0,0,0,1,1,0,0
2858,"Housing first for our homeless population. This means housing stability, then offer drug rehab, mental health services, etc.",1,1,0,0,0,0,0,0,1,1,0,0
2859,"We need more transportation for people who live in rural areas. We the “Go” buses for the city, but we need something for the county.",0,0,0,0,0,0,0,0,0,0,0,0
2860,"More affordable housing for lower and working class",1,1,0,0,0,0,0,0,1,1,0,0
2861,"Accessible grocery stores in all neighborhoods",95,53,7,35,37,7,5,25,58,46,2,10
2862,"I'd love to see vacant lots/ spaces turned to flower gardens, vegetable gardens, and other green spaces.  Would love pedestrian-only spaces.",1,1,0,0,0,0,0,0,1,1,0,0
2863,"Barren River development for a riverwalk and other venues.",1,1,0,0,0,0,0,0,1,1,0,0
2864,"Revive the SOKY farmer's market.",105,67,4,34,41,17,3,21,64,50,1,13
2865,"Keep Bowling Green a clean, and safe family friendly community. More law enforcement, traffic safety and commuting capabilities.",0,0,0,0,0,0,0,0,0,0,0,0
2866,"BG will have a sober bar and/or more entertainment not centered around alcohol or marijuana.",104,61,6,37,39,13,2,24,65,48,4,13
2867,"BG needs a bigger homeless shelter, like The Healing Place in Louisville.",103,46,14,43,44,5,10,29,59,41,4,14
2868,"BG needs a Long Term Treatment Center for women.",103,42,10,51,41,2,7,32,62,40,3,19
2869,"BG will have a nice, clean, and comfortable movie theater.",1,1,0,0,0,0,0,0,1,1,0,0
2870,"We'll have a district for homeless to set up their tents with bathroom facilities away from common areas.",89,28,27,34,33,7,10,16,56,21,17,18
2872,"We'll create more job integration opportunities for homeless members of our community.",135,77,17,41,57,11,15,31,78,66,2,10
2873,"Bowling Green will have a Costco",1,1,0,0,0,0,0,0,1,1,0,0
2874,"Bowling Green will continue to welcome refugees to our community and proudly display our diverse cultures",126,66,29,31,47,7,21,19,79,59,8,12
2875,"I wish all our churches could form an alliance to make recommendations to give faith input concerning future decisions",44,9,15,20,14,3,2,9,30,6,13,11
2876,"I hope our legislators continue to keep the woke left propaganda out of Kentucky",116,35,52,29,46,22,9,15,70,13,43,14
2877,"We will have more adult arcades in Bowling Green.",60,23,5,32,22,5,1,16,38,18,4,16
2878,"We will have more opportunities to ride go karts in Bowling Green in 2050.",53,11,7,35,23,3,1,19,30,8,6,16
2879,"More places to take my kids like Dinotopia",40,9,3,28,13,1,1,11,27,8,2,17
2880,"We will not criminalize homelessness",1,1,0,0,0,0,0,0,1,1,0,0
2881,"We will have finally gotten rid of all those cheap purple street lights in 2050!",67,22,10,35,26,5,1,20,41,17,9,15
2882,"Recycling pickup in the county",1,1,0,0,0,0,0,0,1,1,0,0
2883,"Planning and zoning needs some long range plans other than build apartments everywhere.",1,1,0,0,0,0,0,0,1,1,0,0
2884,"Our region needs to upgrade our electric infrastructure.",77,38,5,34,32,8,5,19,45,30,0,15
2885,"Could Be Alot Better , personally I don't see Bowling Green going Metro, Bowling Green  is to small for that.",0,0,0,0,0,0,0,0,0,0,0,0
2886,"Our region need to upgrade our natural gas infrastructure.",51,17,7,27,17,2,3,12,34,15,4,15
2887,"Our utility companies will make significant upgrades to both their hardware and software.",97,57,3,37,38,11,2,25,59,46,1,12
2888,"I would like to see infrastructure be considered before bringing more people and businesses to Bowling Green. Traffic congestion is horrible",0,0,0,0,0,0,0,0,0,0,0,0
2889,"BG needs more for children and families, a science, art and history museum would be great.",1,1,0,0,0,0,0,0,1,1,0,0
2890,"""Stroads are ugly, expensive, and dangerous"" by Not Just Bikes on YouTube is a great video that talks about one of BG's biggest issues!",1,1,0,0,0,0,0,0,1,1,0,0
2891,"Some sort of mitigating measures will be made to decrease the noise coming from Beech Bend when there are car shows/events.",66,22,7,37,21,2,3,16,45,20,4,21
2892,"Beech Bend's car enthusiast attractions will expand.",99,37,13,49,40,13,2,25,59,24,11,24
2893,"Bowling Green will add more car enthusiast attractions.",72,20,17,35,30,4,4,22,42,16,13,13
2894,"Hopefully downtown development will focus on actual development rather than goofy festivals and self aggrandizement?",1,1,0,0,1,1,0,0,0,0,0,0
2895,"City will step up and stop putting things off on county to actually handle",44,15,4,25,14,1,2,11,30,14,2,14
2896,"Let chamber focus on downtown",55,11,13,31,17,2,4,11,38,9,9,20
2897,"Bowling Green will house a top tier burn center for the state.",68,25,6,37,29,4,4,21,39,21,2,16
2898,"Focus on redeveloping and using undesired spots downtown and core of city.  Too much on interstate that will not age well, ex apartments",1,1,0,0,0,0,0,0,1,1,0,0
2899,"Expand beech bend road for Motorsport traffic.",82,28,16,38,28,9,4,15,54,19,12,23
2900,"Would be nice to have above pedway crossing over scottsville road for residents and guests at hotels to cross safely",1,1,0,0,0,0,0,0,1,1,0,0
2901,"Outlaw door to door sales/ solicitation",87,35,10,42,32,12,6,14,55,23,4,28
2902,"Have cameras on stop lights to catch drivers who run red lights excessively and mail tickets.  Major problem for this city.",1,1,0,0,0,0,0,0,1,1,0,0
2903,"More public spaces just for community meetings or events that have open hours in the evening. Where you can use a reservation code to enter.",79,38,4,37,24,4,2,18,55,34,2,19
2904,"Have more landscaping along scottsville road.  Looks horrible and like ever other community",1,1,0,0,0,0,0,0,1,1,0,0
2905,"Have a better trash service and recycling options",1,1,0,0,0,0,0,0,1,1,0,0
2906,"Fix the noise pollution from the corvette track",75,26,11,38,28,6,5,17,47,20,6,21
2907,"Find solutions to the growing homelessness situation. For people's health / safety among the homeless, and better tourism outlook.",1,1,0,0,0,0,0,0,1,1,0,0
2908,"Children's hospital",1,1,0,0,1,1,0,0,0,0,0,0
2909,"A consolidated area / one place where people can go to get started with all food/shelter/money assistance services in the local area.",109,58,10,41,43,8,9,26,66,50,1,15
2910,"More parks",1,1,0,0,1,1,0,0,0,0,0,0
2911,"Rebuild the old opera house and Odd Fellows building on the square and use them for community spaces.",81,42,3,36,32,5,2,25,49,37,1,11
2912,"Preserve farmland",1,1,0,0,1,1,0,0,0,0,0,0
2913,"Provide more grants for small businesses to get started. The SBDC has the coaching, but not everyone can afford loans.",67,30,4,33,23,5,1,17,44,25,3,16
2914,"I'd love to see a educational public science and art center, like the interactive ones in Nashville and Cincinnati.",1,1,0,0,0,0,0,0,1,1,0,0
2915,"It would be great to have an aquarium. I think KY Down Under has the Zoo on lock.",1,1,0,0,0,0,0,0,1,1,0,0
2916,"Warren Co. needs to build infrastructure ahead of growth, not behind it.",1,1,0,0,1,1,0,0,0,0,0,0
2917,"Expand the Airport, or build a larger airport out by exit 30.",1,1,0,0,0,0,0,0,1,1,0,0
2918,"More community centers with Fitness and Recreational Programs for children, adults and seniors.",1,1,0,0,1,1,0,0,0,0,0,0
2919,"Work with the Ky Land Trust Coalition to create a local land trust to help preserve farmland and natural areas",105,71,2,32,35,15,2,18,70,56,0,14
2920,"Historic building zone overlays making new builds in certain areas match and not stand out like after tornado on Covington street",104,58,8,38,36,13,3,20,68,45,5,18
2921,"Create a Subdivision map for all communities and designate if they have an HOA or not, for the whole county - not just Bowling Green.",94,43,9,42,38,7,5,26,56,36,4,16
2922,"Mini Golf",1,1,0,0,1,1,0,0,0,0,0,0
2923,"More spraygrounds",1,1,0,0,1,1,0,0,0,0,0,0
2924,"An antique district in downtown",92,49,10,33,37,17,4,16,55,32,6,17
2925,"Larger and better convention center",1,1,0,0,0,0,0,0,1,1,0,0
2926,"Prioritize redevelopment downtown that incorporates historic buildings and a mixture of housing types and neighborhood serving businesses.",1,1,0,0,0,0,0,0,1,1,0,0
2927,"More city litter pick up programs and park/greenway maintenance",112,74,4,34,44,16,4,24,68,58,0,10
2928,"Have an actual Main Street program that handles quality events downtown.",92,46,6,40,35,9,3,23,57,37,3,17
2929,"In 2050, I hope we will not waste any taxpayer dollars on feel good projects like this type of public engagement.",43,3,25,15,17,1,5,11,26,2,20,4
2930,"Create and fund a Park and Greenspace plan to ensure residents have access to natural areas throughout BG and WC.",115,74,4,37,45,17,3,25,70,57,1,12
2931,"Baker Arboretum be more involved in community and create a seasonal lighted  holiday garden walk for locals and visitors",1,1,0,0,0,0,0,0,1,1,0,0
2932,"In 2050, we'll have a planning commission populated withplanners, designers, architects and biologists, and without any realtors.",101,59,3,39,36,8,2,26,65,51,1,13
2933,"Healthcare for children w/special needs/intellectually disabled.",103,64,1,38,40,13,0,27,63,51,1,11
2934,"Support BG's year-round Farmers Market with a venue that could accommodate more vendors.",118,83,3,32,47,22,3,22,71,61,0,10
2935,"We would have a farm & home store like Farm and Fleet.",50,11,5,34,19,3,0,16,31,8,5,18
2936,"We need a park that is focused on BEAUTY, not utility. Public art attracts visitors.",94,46,10,38,37,8,6,23,57,38,4,15
2937,"If we take land from Nature we need to repay her with landscaping comprised of native plants.",1,1,0,0,0,0,0,0,1,1,0,0
2938,"I’d like to see Russellville rd be something besides car lots. Nicer buildings and businesses closer to campus",107,69,2,36,38,16,2,20,69,53,0,16
2939,"Better movie theater options! Reclining seats",1,1,0,0,0,0,0,0,1,1,0,0
2940,"We need to start protecting our farms. We are losing farmland at a scary rate.",101,69,4,28,37,20,2,15,64,49,2,13
2941,"Prioritize hiring top tier school teachers and pay them accordingly",95,64,8,23,40,16,7,17,55,48,1,6
2942,"I’d like to see BG to highlight the cultures and have ways to explore it besides the international festival. Little communities with food",105,61,13,31,35,5,10,20,70,56,3,11
2943,"They say if you build it they will come. We built the bike lanes…no one came. Let’s abandon bike lanes!",60,10,33,17,22,8,3,11,38,2,30,6
2944,"Hire paying jobs",1,1,0,0,1,1,0,0,0,0,0,0
2945,"Atv/off road vehicle park",62,16,15,31,25,5,4,16,37,11,11,15
2946,"A children’s museum, science center, zoo, or aquarium!",1,1,0,0,0,0,0,0,1,1,0,0
2947,"Zoning should allow for backyard cottages.",74,37,8,29,28,7,6,15,46,30,2,14
2948,"Zoning should allow for decreased setbacks.",55,14,7,34,23,1,3,19,32,13,4,15
2949,"Zoning should allow for decreased frontages.",49,12,6,31,16,0,3,13,33,12,3,18
2950,"An outlet mall with stores we don’t already have",1,1,0,0,0,0,0,0,1,1,0,0
2951,"Affordable houses that aren’t stacked on top of one another",1,1,0,0,0,0,0,0,1,1,0,0
2952,"A children’s hospital",1,1,0,0,0,0,0,0,1,1,0,0
2953,"I’d like to see the river walk grow! We need more things to do locally",1,1,0,0,0,0,0,0,1,1,0,0
2954,"To become a trendier place with unique shops, restaurants, hotels, boutiques etc",1,1,0,0,0,0,0,0,1,1,0,0
2955,"We'll have storm water mitigation for the Green River.",76,40,2,34,32,9,2,21,44,31,0,13
2956,"BG will have curbside recycling",1,1,0,0,0,0,0,0,1,1,0,0
2957,"A charter school!",1,1,0,0,0,0,0,0,1,1,0,0
2958,"Permanent indoor ice rink like Owensboro for hockey.",1,1,0,0,0,0,0,0,1,1,0,0
2959,"We need a medical facility out near Warren East.",86,38,4,44,31,5,2,24,55,33,2,20
2960,"I hope in 2050 that BG residents will embrace WKU and support them more in attendance and financially.",76,29,12,35,25,3,7,15,51,26,5,20
2961,"We need to maintain farmland in Plum Springs.",71,31,4,36,25,5,2,18,46,26,2,18
2962,"Make the overall city beautiful not just certain areas",115,83,2,30,46,18,2,26,69,65,0,4
2963,"We will relocate the airport to the Plum Springs area.",69,19,14,36,25,5,4,16,44,14,10,20
2964,"Less homelessness, less drugs. We need a safer town.",1,1,0,0,0,0,0,0,1,1,0,0
2965,"BG will finally have a Trader Joe’s",1,1,0,0,0,0,0,0,1,1,0,0
2966,"Centralized accurate information for those needing assistance from housing to food to utilities and more.",104,62,6,36,38,5,5,28,66,57,1,8
2967,"BG will be a major metropolitan area encompassing Franklin, Morgantown, Glasgow, Scottsville , and other small towns as suburbs.",55,15,13,27,18,2,3,13,37,13,10,14
2968,"Need a coffee shop that is grungy and alternative.",60,14,11,35,21,1,6,14,39,13,5,21
2969,"Sensor sink traffic lights. Bettr new build inspectns.Federal Health Market enrollment-Bettr equipped, > selection, < cost, easier process.",0,0,0,0,0,0,0,0,0,0,0,0
2970,"Incentives for homeowners selling to families not landlords and companies.",101,60,7,34,38,16,4,18,63,44,3,16
2971,"We'll require better parking layouts for businesses during the approval process.",75,31,4,40,31,1,2,28,44,30,2,12
2972,"Better public parking downtown",1,1,0,0,0,0,0,0,1,1,0,0
2973,"Have an opportunity for a nonalcoholic bar/space with quality NA cocktails.",101,52,10,39,41,9,5,27,60,43,5,12
2974,"We will have an indoor ice rink where community members can gather for recreation.",1,1,0,0,0,0,0,0,1,1,0,0
2975,"Making downtown and other areas walkable",1,1,0,0,0,0,0,0,1,1,0,0
2976,"I would like to see that every new Neighbourhood is required to have a sidewalk.",0,0,0,0,0,0,0,0,0,0,0,0
2977,"Construction companies responsible for improper/lack of repair-flood issues i.e.  Weatherstone Subdivision near Rockfield on Russellville Rd",0,0,0,0,0,0,0,0,0,0,0,0
2978,"I hope that we will be a community welcoming to homeschooling.",74,26,11,37,29,7,2,20,45,19,9,17
2979,"I hope that we will be a disability-friendly community.",108,66,5,37,44,11,4,29,64,55,1,8
2980,"I hope we will be a homestead-friendly community.",80,36,6,38,31,9,3,19,49,27,3,19
2981,"More hospitals. Require minimum doctor in-office time. Some are hardly in office, leaving patients to less qualified people than themself.",0,0,0,0,0,0,0,0,0,0,0,0
2982,"Hope cityj gov does something about traffic",1,1,0,0,0,0,0,0,1,1,0,0
2983,"All schools 8's or higher in BG. Remove politics & focus on teaching - reading, writing & arithmetic. Meetings,etc after classes < closures.",0,0,0,0,0,0,0,0,0,0,0,0
2984,"I hope we can keep our faith communities strong.",95,44,15,36,39,16,4,19,56,28,11,17
2985,"We need more infrastructure and services to support people with disabilities, especially young folks seeking independence",91,60,2,29,31,9,1,21,60,51,1,8
2986,"More services and opportunities for autistic children and young adults.",81,46,0,35,30,6,0,24,51,40,0,11
2987,"A bus system like on WKU’s campus, but expanded to all of BG.",107,66,4,37,47,12,4,31,60,54,0,6
2988,"We need bus lanes in certain areas.",78,31,10,37,33,2,6,25,45,29,4,12
2989,"We need transit shelters/benches by all bus stops.",113,72,6,35,46,17,5,24,67,55,1,11
2990,"Build 3-4 floors of residential housing above Sugar Maple Square for low-income housing. Retail/healthcare below.",54,21,7,26,20,2,5,13,34,19,2,13
2991,"Put an urgent care in Sugar Maple Square. Relocate and grow the Delafield Co-op there. Build low-income housing above.",1,1,0,0,0,0,0,0,1,1,0,0
2992,"More activities for young adults that do not involve alcohol consumption.",1,1,0,0,0,0,0,0,1,1,0,0
2993,"BG will have better tap water quality before 2050! Clean drinking water should be a priority! Add more drinking water fountains to parks!",1,1,0,0,0,0,0,0,1,1,0,0
2994,"BG will be a community who stands for the hope of Jesus Christ, holding on to the small town feel, valuing education, and streetlights work!",1,1,0,0,1,1,0,0,0,0,0,0
2995,"BG will be a place people want to visit!",96,64,1,31,36,16,1,19,60,48,0,12
2996,"BG will boast a clean movie theater with reclining seats and air conditioning that is 100% reliable!",1,1,0,0,1,1,0,0,0,0,0,0
2997,"BG in 2050 will be a more walkable city with greenways, and we will have nature and greenery incorporated in community spaces.",1,1,0,0,0,0,0,0,1,1,0,0
2998,"BG will know Jesus and make Him known! A city on a hill!",94,32,30,32,36,19,4,13,58,13,26,19
2999,"County fire department system needs increased funding and staffing to meet the demand",96,64,3,29,35,14,3,18,61,50,0,11
3000,"I hope we preserve local businesses and restaurants and make it easier for new ones to thrive.",1,1,0,0,0,0,0,0,1,1,0,0
3001,"COUNTY AND CITY SCHOOLS WILL PARTNER TOGETHER TO PLAN THEIR CALENDARS!",102,60,9,33,40,15,6,19,62,45,3,14
3002,"A ´Buy Local’ campaign to support our small businesses.",1,1,0,0,0,0,0,0,1,1,0,0
3003,"Redevelop Greenwood Mall with housing, activities, restaurants and shops! Make it an exciting place to live/work/dine/shop.",87,48,3,36,30,9,1,20,57,39,2,16
3004,"More options for kids summer activities - full and partial summer camps that are AFFORDABLE.",93,51,5,37,35,6,3,26,58,45,2,11
3005,"Reflective paint on roadways",88,63,3,22,35,15,2,18,53,48,1,4
3006,"Eliminate stroads throughout our community. Encourage multi-modal transportation.",54,18,2,34,17,2,1,14,37,16,1,20
3007,"Have a dedicated venue for local crafters and artists to sell their items.",85,55,2,28,34,10,2,22,51,45,0,6
3008,"We need a zero-waste store!",80,39,7,34,28,1,6,21,52,38,1,13
3010,"That as a community we will put each other first instead of ourselves and look for solutions instead of ignoring problems",76,42,2,32,26,6,1,19,50,36,1,13
3011,"If Scottsville Post Office continues to handle apartment mailbox keys then the bus needs to go there!",64,30,3,31,22,4,2,16,42,26,1,15
3012,"Bus route needs to include a stop at Kirby Library.",87,51,7,29,29,6,6,17,58,45,1,12
3013,"I would like to see public interaction like this continue.",99,65,3,31,38,14,1,23,61,51,2,8
3014,"I would like to see the Capitol be purchased by the city and redone.",48,6,17,25,16,1,4,11,32,5,13,14
3015,"I hope that, in 2050, our local hospitals will be properly funded.",109,62,6,41,43,11,6,26,66,51,0,15
3016,"In the future, healthcare workers will be respected.",98,58,3,37,34,8,0,26,64,50,3,11
3017,"BG will increase streetlighting by 2050.",78,33,7,38,28,5,1,22,50,28,6,16
3018,"Bowling Green will have a Rural Metro Fire Department, supplementing the work of BGFD and the local VFDs.",101,58,4,39,37,9,3,25,64,49,1,14
3019,"We will have lower speed limits for our city overall.",66,15,19,32,26,3,7,16,40,12,12,16
3020,"We will strive to have fewer lanes on our roads.",85,23,24,38,30,2,8,20,55,21,16,18
3021,"There will be traffic enforcement preventing people from turning left w/double yellow line, which is currently all too common.",50,14,8,28,15,2,1,12,35,12,7,16
3022,"We will have regularly scheduled Cyclovia events & other events for active lifestyles.",40,6,3,31,14,0,1,13,26,6,2,18
3023,"More indoor family facilities, entertainment for pre teens and teens. Utilize the empty spaces in greenwood mall for fun centers!",1,1,0,0,0,0,0,0,1,1,0,0
3024,"We'll have a giant mural/beautiful signage on the parking structure downtown to make it less gray and to complement The Fringe.",120,67,14,39,47,12,11,24,73,55,3,15
3025,"We will not build neighborhoods with cookie cutter homes in the future.",96,54,4,38,37,11,2,24,59,43,2,14
3026,"Transportation infrastructure must improve to meet the needs of a greater population.  Road improvements, mass transportation, etc",84,53,1,30,28,6,1,21,56,47,0,9
3027,"Improve and beautify Old Louisville Road.",111,76,2,33,45,21,2,22,66,55,0,11
3028,"Make it easier to get on and off I-65 at Exit 28 and get downtown.",70,29,6,35,29,5,2,22,41,24,4,13
3029,"Build a partnership with Vanderbilt University's hospital.",79,35,7,37,29,7,2,20,50,28,5,17
3030,"Three Springs Road needs an on/off ramp to I-165 ASAP!",75,31,12,32,31,9,5,17,44,22,7,15
3031,"More free indoor playgrounds for families during the cold months (like Buchanon)",1,1,0,0,0,0,0,0,1,1,0,0
3032,"The Smallhouse Road and Three Springs Road intersection will be a roundabout in the future.",99,51,7,41,37,11,3,23,62,40,4,18
3033,"Cave Mill Road will be 4 lanes.",72,20,17,35,29,8,3,18,43,12,14,17
3034,"Smallhouse Road will be 4 lanes.",73,24,19,30,25,6,4,15,48,18,15,15
3035,"We need a facility like the Core in Scottsville where the public/families can swim year-round at affordable rates. An indoor public pool.",81,43,7,31,30,9,3,18,51,34,4,13
3036,"We need more choices in our medical system here in Bowling Green in the future.",98,59,3,36,40,16,1,23,58,43,2,13
3037,"Pediatric hospital,we have many patients that need too travel in other cities or state,something like that would make easy for many parents.",1,1,0,0,0,0,0,0,1,1,0,0
3038,"Complete I -165 totally around Bowling Green would help alleviate some afternoon and morning traffic.",57,25,7,25,21,5,1,15,36,20,6,10
3039,"This software you are using for this survey is the first in our nation. BG is leading the way. We should do the same in solving homelessness",1,1,0,0,1,1,0,0,0,0,0,0
3040,"We should lead the way in solving homelessness. We should amp up our PR after we fix it, and point out to the nation that we solved it.",53,21,2,30,17,2,0,15,36,19,2,15
3041,"Pass laws in Bowling Green and Warren County to protect animals from neglect.",88,55,2,31,30,7,1,22,58,48,1,9
3042,"In 2050, we will have a hospital with a mental health unit.",113,78,4,31,43,18,3,22,70,60,1,9
3043,"We will have a municipal mulch program.",83,33,7,43,33,4,3,26,50,29,4,17
3044,"We'll successfully land a film studio with advanced technology, attracting more film/tv/ad work that is currently being outsourced to Nashville.",58,24,7,27,22,3,4,15,36,21,3,12
3045,"We will no longer underutilize WKU as a local resource, with its local reputation matching its international one.",76,31,8,37,27,3,3,21,49,28,5,16
3046,"We will have multiple opportunities for zip lining in the region.",74,23,15,36,30,4,6,20,44,19,9,16
3047,"We will have multiple escape rooms in the area.",50,10,13,27,20,2,5,13,30,8,8,14
3048,"I think BG has a lot of potential to be a front porch community like Asheville, NC. Local biz can thrive!",100,64,1,35,43,17,1,25,57,47,0,10
3049,"Operation PRIDE will focus their money on beautification within the city.",71,29,7,35,30,8,3,19,41,21,4,16
3050,"We will get rid of the tacky horse statues on I-65 that have nothing to do with BG.",70,22,19,29,25,8,4,13,45,14,15,16
3051,"We need 5+ more indoor playgrounds like Buchanon for winter/rain.",71,32,5,34,27,8,2,17,44,24,3,17
3052,"We'll have paid coaches so we can have better sports options.",41,5,11,25,16,1,4,11,25,4,7,14
3053,"The empty lot across from Baskin Robbins should be turned into a safe park for students and families to gather and play.",55,16,8,31,22,3,3,16,33,13,5,15
3054,"More grant programs for local entrepreneurs with great ideas to get their businesses off the ground.",93,50,7,36,40,9,6,25,53,41,1,11
3055,"We will all love each other.",86,44,6,36,36,8,4,24,50,36,2,12
3056,"Baker Arboretum will create a seasonal lighted  holiday garden walk for locals and visitors.",106,70,4,32,43,18,1,24,63,52,3,8
3057,"We'll have bigger and better splash pads.",72,27,2,43,27,6,0,21,45,21,2,22
3058,"Bowling Green will have parks with upgraded equipment, especially geared towards older children and not just toddlers.",105,63,3,39,41,10,3,28,64,53,0,11
3059,"More restaurants will be open on Mondays.",88,43,12,33,33,9,5,19,55,34,7,14
3060,"Build a public indoor 50-meter, 8-lane swimming pool.",84,35,13,36,34,9,8,17,50,26,5,19
3061,"There will be more opportunities for local businesses to get involved in the community.",94,60,1,33,35,12,0,23,59,48,1,10
3062,"In 2050, I hope we get Happy Inn back in town!",37,3,8,26,13,1,1,11,24,2,7,15
3063,"Bowling Green will have a 2 hour/AI learning school.",50,8,13,29,21,1,4,16,29,7,9,13
3064,"We will have flying cars in the Bowling Green of 2050.",42,4,19,19,15,1,4,10,27,3,15,9
3065,"In 2050, robots will be cooking us meals.",42,4,16,22,15,1,3,11,27,3,13,11
3066,"Bowling Green will have a reputation for a caring and qualified medical community.",112,73,3,36,45,14,3,28,67,59,0,8
3067,"We will have more medical specialists for children in the Bowling Green area.",105,74,1,30,41,19,1,21,64,55,0,9
3068,"The city will open all city-owned lots as free public parking after city business hours.",105,69,3,33,43,18,2,23,62,51,1,10
3069,"We will have a citizen law enforcement agency oversight board to review policy adherence in use-of-force and internal affairs compliance cases.",58,14,17,27,25,1,8,16,33,13,9,11
3070,"The excellent F.O. Moxley Center and Kummer Little Center facilities will be accessible from Delafield and the West End without a car.",72,34,1,37,27,3,1,23,45,31,0,14
3071,"We'll control the liquor store growth in our community.",68,23,16,29,27,5,3,19,41,18,13,10
3072,"We will have more aesthetically pleasing locally owned restaurants!",94,56,4,34,37,11,2,24,57,45,2,10
3073,"A discount movie theater.",64,20,10,34,26,4,4,18,38,16,6,16
3074,"We'll have a trampoline park with a ninja course.",64,23,11,30,24,5,4,15,40,18,7,15
3075,"Bowling Green will have wineries with tours and musical entertainment.",71,29,7,35,30,3,2,25,41,26,5,10
3076,"Our riverwalk will have magical lights.",93,48,8,37,37,10,4,23,56,38,4,14
3077,"We will have an exit between mm 20 and mm 6 on I-65 that houses a premiere mall/ outlet mall & restaurant.",65,16,13,36,24,7,0,17,41,9,13,19
3078,"Bowling Green will have a Funplex.",58,14,8,36,21,2,3,16,37,12,5,20
3079,"Bowling Green will have an iFLY.",37,1,6,30,15,1,1,13,22,0,5,17
3080,"There will be bridges over all railroad crossings for CSX.",72,27,6,39,28,5,2,21,44,22,4,18
3081,"In 2050, Bowling Green will be a place where you don’t see a difference across the tracks.",95,58,4,33,37,8,3,26,58,50,1,7
3082,"U.S. Immigration and Customs Enforcement will deport all immigrants who are here illegally out of the country.",97,31,40,26,41,19,5,17,56,12,35,9
3083,"To bring revenue into BG's great parks, we will have turf fields for baseball and softball tournaments that will be a huge draw.",83,30,13,40,36,7,5,24,47,23,8,16
3084,"I hope Bowling Green Independent School District’s Teranga Academy is still around as a model for ESL education in our nation!",61,30,5,26,23,5,3,15,38,25,2,11
3085,"In 2050, I hope our community has respect for our police officers.",110,62,10,38,41,17,0,24,69,45,10,14
3086,"We will have backyard sanitation service to keep trash bins from lying all over our streets on trash day.",45,11,10,24,18,3,3,12,27,8,7,12
3087,"More community outreach programming through WKU like the WKU strings program.",67,37,3,27,24,4,2,18,43,33,1,9
3088,"With all this growth,  we will need to keep our streets in better condition and combat the potholes that form as so many people drive through our city.",78,47,2,29,31,11,1,19,47,36,1,10
3089,"Build some community pride surrounding WKU. Feeling like a college town can be a good thing (it doesn’t just mean bars and sports).",83,50,7,26,30,11,4,15,53,39,3,11
3090,"We will focus growth around all three interchanges off I-65, and not just Exit 22.",57,25,3,29,20,3,1,16,37,22,2,13
3091,"Relocate and expand the airport. The current land could be used for valuable infrastructure to alleviate traffic.",1,1,0,0,0,0,0,0,1,1,0,0
3092,"In 2050, we will not have any Walmarts in our community.",86,19,33,34,31,1,10,20,55,18,23,14
3093,"The city will not tell its residents they cannot park on the grass behind their houses to wash their car.",56,18,8,30,20,5,2,13,36,13,6,17
3094,"Local employers will not discriminate against white males in hiring practices.",73,23,17,33,27,7,2,18,46,16,15,15
3095,"BG should introduce indoor kart racing near the Corvette Museum since BG is known for making Vettes. Groups and families will love this!",76,37,6,33,30,14,1,15,46,23,5,18
3096,"We will turn a large space into an inflatable business or playground for kids.",41,8,5,28,16,2,0,14,25,6,5,14
3097,"We need high quality healthcare options for children and seniors requiring specialists. Traveling to Vanderbilt for care is not easy",1,1,0,0,0,0,0,0,1,1,0,0
3098,"We will have a movie theater with a balcony.",41,4,11,26,15,1,4,10,26,3,7,16
3099,"We will have a movie theater that has food service/drinks.",82,35,4,43,33,5,3,25,49,30,1,18
3100,"We will have an IMAX theater.",75,31,10,34,25,2,3,20,50,29,7,14
3101,"We will not continue building roundabouts throughout the region to combat traffic issues.",36,2,22,12,15,1,6,8,21,1,16,4
3102,"Make BG less car dependent. Better public transportation, safer bike trails, connect the green way.",1,1,0,0,0,0,0,0,1,1,0,0
3103,"I want BG to have a morning radio show that doesn't let the same idiot caller on the air multiple times in the SAME HOUR!",1,1,0,0,1,1,0,0,0,0,0,0
3104,"Add more murals from public artists on buildings or on park structures while also beautifying the town with more trees and plants",1,1,0,0,0,0,0,0,1,1,0,0
3105,"Create a volunteer neighborhood trash pick up program. Each block has representatives and once a month they would go and pick up the area",76,39,7,30,28,8,3,17,48,31,4,13
3106,"We will get rid of wokeness in Bowling Green and bring back common sense.",117,39,48,30,47,19,10,18,70,20,38,12
3107,"Bowling Green will be focused on growing families and strengthening the relationships of our community members.",106,69,2,35,39,16,0,23,67,53,2,12
3108,"South Warren County needs higher quality grocery options.",74,36,1,37,27,4,1,22,47,32,0,15
3109,"I hope Bowling Green preserves and establishes nature as it continues to grow. Ensuring sustainable development is a top priority!",1,1,0,0,0,0,0,0,1,1,0,0
3110,"The north side of town (Plum Springs area) will finally see real growth and have shopping, more food options, and better grocery options.",106,70,5,31,43,20,2,21,63,50,3,10
3111,"We need to require developers to build neighborhood parks.",79,42,6,31,30,9,2,19,49,33,4,12
3112,"The county needs to make sure future parks built are not in flood plains.",52,16,5,31,19,0,2,17,33,16,3,14
3113,"A county-wide bus system with large bus stop signs and published schedules. The current system is inadequate.",87,49,6,32,33,8,5,20,54,41,1,12
3114,"People in all neighborhoods should have a choice to walk down the sidewalk with their families.",96,57,6,33,38,13,5,20,58,44,1,13
3115,"In 2050, BG will have quality art supply stores.",73,35,3,35,30,4,3,23,43,31,0,12
3116,"I want to see more mountain bike trails and more community efforts to preserve the ones we have now.",76,34,8,34,28,6,4,18,48,28,4,16
3117,"There should be better quality Section 8 housing, especially to meet the needs of seniors and the disabled.",84,45,6,33,32,6,5,21,52,39,1,12
3118,"Bowling Green will continue to be a refuge for those fleeing persecution worldwide but with more oversight and accountability of the process.",66,26,9,31,23,4,5,14,43,22,4,17
3119,"Prioritize QUALITY education in our public schools.",96,67,1,28,37,16,0,21,59,51,1,7
3120,"Focus on relevant core content in our schools, veering away from DEI!",76,22,26,28,31,9,3,19,45,13,23,9
3121,"Invest in side walk/crosswalk planning and construction throughout the ENTIRE city. Make areas more accessible and safer.",1,1,0,0,0,0,0,0,1,1,0,0
3122,"We need more sober living communities in the Bowling Green area.",52,20,7,25,22,2,4,16,30,18,3,9
3123,"We will have the sinkhole issues resolved for the safety of the community.",82,41,6,35,28,11,1,16,54,30,5,19
3124,"I want to see downtown as a destination.  More restaurants and entertainment.",1,1,0,0,0,0,0,0,1,1,0,0
3125,"Hopefully I will not be living in BG in 25 years. Moved here 7 years ago and my disdain for the city grows each year. It's a horrible city.",0,0,0,0,0,0,0,0,0,0,0,0
3126,"In 2050 I hope Bowling Green will have more options for activities/locations for teens to go have fun and hang out.",1,1,0,0,1,1,0,0,0,0,0,0
3127,"I hope Bowling Green can build its corporate base to expand professional positions and keep WKU grads in the area.",1,1,0,0,1,1,0,0,0,0,0,0
3128,"In 2050 Bowling Green will have solved the homeless/mental health problem.",1,1,0,0,1,1,0,0,0,0,0,0
3129,"Downtown will be expanded in a way that prioritizes pedestrians and spontaneous community interaction",1,1,0,0,0,0,0,0,1,1,0,0
3130,"A beautified city! We need to move away from strip malls, require architectural standards, limit vape shops, and curb marijuana use.",1,1,0,0,1,1,0,0,0,0,0,0
3131,"By 2050, there will be a law prohibiting contractors from throwing up apartments in every empty spot possible.",1,1,0,0,1,1,0,0,0,0,0,0
3132,"I hope we can eliminate the smell of dog food that pollutes our air and assaults our senses.",1,1,0,0,1,1,0,0,0,0,0,0
3133,"A revitalized 31W. Perhaps providing incentives to upgrade facades/requiring large organizations to do something about damaged empty lots.",88,61,2,25,35,19,2,14,53,42,0,11
3134,"Agreed",0,0,0,0,0,0,0,0,0,0,0,0
3135,"In ground electrical lines throughout the city.",1,1,0,0,1,1,0,0,0,0,0,0
3136,"In 2050, Bowling Green will have high speed fiber internet shared with the entire Warren County.",98,72,5,21,39,17,5,17,59,55,0,4
3137,"In 2050, intergenerational housing will be the norm, with attached apartments for ageing people being the rule, not the exception.",71,34,7,30,26,2,4,20,45,32,3,10
3138,"A community where homelessness and panhandling are no longer problems.",1,1,0,0,1,1,0,0,0,0,0,0
3139,"Rather than huge apartment complexes, BG will invest in small, affordable starter homes/duplexes/condos that connect people to the community",1,1,0,0,1,1,0,0,0,0,0,0
3140,"BG will preserve existing neighborhoods but allow construction of rentable accessory buildings to expand affordable housing.",81,37,8,36,30,4,2,24,51,33,6,12
3141,"BG will have a bus system that gets people to and from work, especially factory jobs (not just elderly to doctor's appointments).",1,1,0,0,1,1,0,0,0,0,0,0
3142,"Community food trails where people can gather fruit, veggies, etc., but monitored so that people take a reasonable amount and not to resell.",82,30,17,35,31,4,8,19,51,26,9,16
3143,"Continue to expand WKU and SKyCTC degrees for jobs that are needed locally so that our kids can find good paying careers in BG.",1,1,0,0,1,1,0,0,0,0,0,0
3144,"A better traffic and transportation infrastructure that connects communities in the edges of the county. Similar to New Circle in Lexington",71,39,5,27,23,6,3,14,48,33,2,13
3145,"Focus on preserving nature and outdoor recreation areas to allow access for those within the city",1,1,0,0,0,0,0,0,1,1,0,0
3146,"A poetry/spoken-word/poetry slam venue is needed.",66,23,17,26,23,1,10,12,43,22,7,14
3147,"Lift restrictions that prevent licensed in-home childcare to allow more quality options for families. Now just ONE licensed in Warren Co!",1,1,0,0,0,0,0,0,1,1,0,0
3148,"Help alleviate long childcare waitlists by allowing more licensed in-home childcare options.",1,1,0,0,0,0,0,0,1,1,0,0
3149,"Focus on local entrepreneurship rather than soliciting large global companies which do not pay living wages and offer benefits.",87,46,6,35,33,9,3,21,54,37,3,14
3150,"Planning & Zoning will have less restrictive conditions for licensed, in-home childcare. There's just ONE in all of Warren County right now.",1,1,0,0,0,0,0,0,1,1,0,0
3151,"Invest in infrastructure to support a conference venue with walking distance boutique hotels/restaurants/shops. No cars needed.",88,50,6,32,29,5,3,21,59,45,3,11
3152,"As with the rest of the world, 2025 will be the good old days because of world wide recession and plans like this will be remembered fondly",47,10,15,22,15,3,2,10,32,7,13,12
3153,"Implement regulations and restrictions on AirBNB rentals that have no permanent residents! Houses are for living, hotels are for vacations!!",77,40,8,29,24,11,0,13,53,29,8,16
3154,"Recovery from Project 2025 damage will still be a progressing",54,15,8,31,19,2,3,14,35,13,5,17
3155,"Add sidewalks to neighborhoods like Northridge.",73,35,3,35,28,2,2,24,45,33,1,11
3156,"City County government consolidation",1,1,0,0,1,1,0,0,0,0,0,0
3157,"BGFD should offer part-time services for those you want to serve in an alternative capacity.",41,13,2,26,13,3,1,9,28,10,1,17
3158,"luxury apartments w/ elevators, Publix, night clubs for older populations, bigger venue concerts, trolley or better bus system,",1,1,0,0,0,0,0,0,1,1,0,0
3159,"BG should work more with the surrounding communities because many people live there and commute to BG for work/school/etc.",82,45,1,36,28,9,1,18,54,36,0,18
3160,"Repurpose run-down and former strip malls rather than clearing green space for more infrastructure.",91,64,2,25,34,14,1,19,57,50,1,6
3161,"we need to keep our kids engaged and want to grow up and have a part in the BG of the future",85,58,1,26,30,11,1,18,55,47,0,8
3162,"BG should really model themselves after Knoxville as a university town.",40,7,6,27,14,2,2,10,26,5,4,17
3163,"Change all blinding led street lights to the more appeasing purple ones. If you can’t see at night, don’t drive!",54,15,15,24,16,1,3,12,38,14,12,12
3164,"Developers must address grocery shopping, schools, gas stations, parks and other life necessities as part of subdivision design.",71,43,4,24,23,6,2,15,48,37,2,9
3165,"University of Kentucky - satellite campus. UK plays 5 of their games in Diddle each year",60,13,23,24,21,2,6,13,39,11,17,11
3166,"Churches will stop talking the talk and actually walk the walk. House the homeless, feed the poor, heal the sick!",1,1,0,0,0,0,0,0,1,1,0,0
3167,"Have a robust Driver’s Education program offered through public schools. We need better drivers.",1,1,0,0,0,0,0,0,1,1,0,0
3168,"We’ll have a thriving international community with direct connections/representation from major global trading markets",72,33,7,32,25,1,7,17,47,32,0,15
3169,"We need more thoughtful development. Walkable neighborhoods, kids biking to school, easily accessible dog parks, public transit access.",1,1,0,0,0,0,0,0,1,1,0,0
3170,"As marijuana is legalized, we learn from best practices in other communities to create responsible laws and zoning.",91,52,10,29,34,8,6,20,57,44,4,9
3171,"Implement a monthly rent cap on apartments so people can afford to rent without the requirement of roommates",38,9,7,22,10,0,2,8,28,9,5,14
3172,"Teach HISTORY rather than ideologies in our schools. Kids who know history don’t need or want propaganda and ideological brainwashing.",80,39,12,29,30,15,3,12,50,24,9,17
3173,"We need to have smaller schools and more neighborhood control over those schools. The large district model is a failure.",56,15,18,23,18,4,3,11,38,11,15,12
3174,"Build additional parking structures downtown which offer two free hours with local purchase of $15 or more. Build up not out!",73,34,7,32,25,6,1,18,48,28,6,14
3175,"More outdoor art, like murals, to celebrate our history and hopes for the future.",89,46,11,32,35,6,8,21,54,40,3,11
3176,"Developers to build with retail/small business below and owner occupied apartments/condos above. End intergenerational poverty!",1,1,0,0,0,0,0,0,1,1,0,0
3177,"Before requesting roads be widened, ask yourself if you want your own road widened! Some of us live on Fairview, By-Pass, & Scottsville.",1,1,0,0,0,0,0,0,1,1,0,0
3178,"Commercial developers should be required to build parking structures rather than massive asphalt parking lots.",58,30,4,24,20,6,2,12,38,24,2,12
3179,"Require all new commercial buildings to have dedicated bike parking.",61,28,6,27,20,0,3,17,41,28,3,10
3180,"Require all parking lots to incorporate landscaping with trees and bushes.",70,39,3,28,26,9,0,17,44,30,3,11
3181,"Low cost recycling and composting!",1,1,0,0,0,0,0,0,1,1,0,0
3182,"Offer no cost recycling and composting in poorer neighborhoods, public housing and Sec 8 apartments.",68,36,4,28,25,5,4,16,43,31,0,12
3183,"Community gardens need to have easily accessible water. Keriakes gardens are great only if you have a car to transport water. :(",1,1,0,0,0,0,0,0,1,1,0,0
3184,"Give landlords an incentive to make their properties more energy efficient. 30% of renters struggle to pay utilities.",70,37,7,26,24,4,5,15,46,33,2,11
3185,"I hope the creative community continues to grow and develop into something special. (Photo/Video/Design/Artists)",79,45,3,31,30,5,3,22,49,40,0,9
3186,"We will have the infrastructure in place to handle snow/ice quickly and effectively.",79,46,3,30,30,8,1,21,49,38,2,9
3187,"Bowling Green should hire an Urban Forester to manage the city's trees and to ensure businesses are maintaining trees and not topping them.",81,44,5,32,33,9,4,20,48,35,1,12
3188,"In BG 2050, I hope to see an ordinance that limits the amount of vape shops. We need more boutique shops to fill brick-and-mortar spaces.",1,1,0,0,0,0,0,0,1,1,0,0
3189,"Roads that continue will not be renamed multiple times.",68,34,3,31,27,10,2,15,41,24,1,16
3190,"BG has enough manufacturing jobs, please a more diversified economy in 2050.",1,1,0,0,0,0,0,0,1,1,0,0
3191,"BG needs to really look at expanding its parks and green space",0,0,0,0,0,0,0,0,0,0,0,0
3192,"Bowling Green will build more community centers and invest in youth development programs.",1,1,0,0,0,0,0,0,1,1,0,0
3193,"BG and Warren County will need to upgrade athletic facilities to keep up with Owensboro , Elizabethtown, Lexington",72,30,11,31,25,3,6,16,47,27,5,15
3195,"BG will have rent-capped affordable housing that is dignified and well maintained. Affordable = min wage can make 4x rent.",1,1,0,0,0,0,0,0,1,1,0,0
3196,"City/county should hire an urban forester to manage all the trees and stop topping",1,1,0,0,1,1,0,0,0,0,0,0
3197,"BG will hopefully have more caring doctors and better healthcare in place. Get rid of the money-hungry ""doctors"", keep the good ones!",60,29,3,28,18,3,1,14,42,26,2,14
3198,"Would love to have more affordable, high quality options for grocery stores, such as Trader Joe's",1,1,0,0,0,0,0,0,1,1,0,0
3199,"affordable home decor stores such as Home Goods",1,1,0,0,0,0,0,0,1,1,0,0
3200,"A local bookstore that can serve as a community gathering place",81,46,4,31,27,5,3,19,54,41,1,12
3201,"needs metro bus system.diff routes, with 2 busses running the same route, opposite directions. Takes me 15 min to go to mall, but 1hr home.",1,1,0,0,0,0,0,0,1,1,0,0
3202,"Bg needs more restaurants like authentic korean restaurants",57,25,4,28,20,0,4,16,37,25,0,12
3203,"Would love to have days where all BG/WC food trucks can assemble in one place, like a Food Truck Festival",87,58,5,24,31,14,4,13,56,44,1,11
3204,"I would like to have a Trader Joe’s here in Bg",1,1,0,0,0,0,0,0,1,1,0,0
3205,"You CANNOT just paint a bike lane in the middle of the highway or side of a rundown road and call it bike infrastructure. Plan for safety!!!",1,1,0,0,0,0,0,0,1,1,0,0
3206,"Less chain restaurants and more locally-owned restaurants to highlight the talent and diversity of our community!",1,1,0,0,0,0,0,0,1,1,0,0
3207,"I moved my business downtown close to square 9 years ago love the liveliness of the area. Walkable bodega for groceries would be amazing!",86,64,2,20,29,13,1,15,57,51,1,5
3208,"Venues and places for mothers to feed and/or pump privately if they choose.",77,39,7,31,26,3,5,18,51,36,2,13
3209,"There needs to be an educational campaign on why buying local is more climate-friendly and is better for our community’s financial health!",73,46,1,26,25,4,1,20,48,42,0,6
3211,"when the indictments are unsealed, will it show what the WKU innovation center is really up to",1,1,0,0,1,1,0,0,0,0,0,0
3212,"Stop criminalizing homelessness and develop solutions to house folks safely. Christ commanded that we aid the poor, not punish them!",1,1,0,0,0,0,0,0,1,1,0,0
3213,"Why is the wku research center involved in nanotechnology and nuclear research",1,1,0,0,1,1,0,0,0,0,0,0
3214,"why is the city of bowling green working with intelligence agencies to target people",1,1,0,0,1,1,0,0,0,0,0,0
3215,"Churches show their love for the Lord by building low-income housing and community gardens on their campuses.",60,26,8,26,22,3,4,15,38,23,4,11
3216,"Churches demonstrate their understanding of Christ’s words by “adopting” refugee and immigrant families who are already here in our town.",71,34,9,28,26,4,4,18,45,30,5,10
3217,"Fund a public housing project which builds tiny homes & condos which can then be purchased, not rented.",66,33,6,27,27,7,3,17,39,26,3,10
3218,"Partner with a bike/e-bike rental company to bring this service to BG.",51,25,5,21,20,2,3,15,31,23,2,6
3219,"Locate social services in communities where they are used! Try getting from Delafield to the SNAP office by bus -   1.5 hours each way!",69,36,6,27,24,3,4,17,45,33,2,10
3220,"I would love to see more family opportunities like an ice rink, updated movie theatre. Also affordable rooms to rent for parties.",1,1,0,0,0,0,0,0,1,1,0,0
3221,"In 2025, BG will have the Fairness Ordinance.",1,1,0,0,0,0,0,0,1,1,0,0
3222,"Louisville Rd and Russelville Rd will receive equal beautification to Cemetery Rd. Beautification for all corridors, not just wealthy areas.",1,1,0,0,0,0,0,0,1,1,0,0
3223,"We will grow our Strong Towns chapter. Infrastructure should be based on good city planning and placemaking, not just wanting to widen roads",49,22,3,24,16,5,0,11,33,17,3,13
3224,"More electrical box covers, all mural-style from local artists like the one on State and Broadway. Not from a hired graphic designer.",76,34,8,34,26,5,5,16,50,29,3,18
3225,"Less kids overdosing because of adults",79,45,3,31,30,8,0,22,49,37,3,9
3226,"Development of an indoor, year round, ice rink with Parks and Rec for specials events, and youth sports.",1,1,0,0,0,0,0,0,1,1,0,0
3227,"City should buy a large parcel of natural lands to create a 'central park' type of city park",82,39,9,34,31,11,3,17,51,28,6,17
3228,"We have an amazing homeschool community in BG. Let’s make it easy for parents to find the homeschool community that best suits them.",51,20,3,28,16,5,1,10,35,15,2,18
3229,"Bowling Green will have a better network of biking and walking trails that are actual trails -- not just sidewalks along busy streets.",1,1,0,0,0,0,0,0,1,1,0,0
3230,"Incentives will be provided to bring more retail, restaurants and entertainment options to BG's historic downtown.",80,47,2,31,28,7,2,19,52,40,0,12
3231,"A city that is green, walkable, and incorporates mixed-used developments.",1,1,0,0,0,0,0,0,1,1,0,0
3235,"Blond white suburban women will be banned from teaching as they are prone to pedophilia.",1,1,0,0,1,1,0,0,0,0,0,0
3237,"We will elect the trump family to run BG for life.",39,2,30,7,12,2,7,3,27,0,23,4
3238,"I'm from the year 2067 and you need to buy 12 mig15s. Don't ask why, just do it. I know a guy.",1,1,0,0,1,1,0,0,0,0,0,0
3239,"Banning lifted up pickup trucks and any pickup bigger than a Chevy s10.",51,10,16,25,20,1,4,15,31,9,12,10
3240,"The city/county will be connected by sidewalks & greenway trails so that kids can bike to school and adults can bike/walk to work safely.",1,1,0,0,0,0,0,0,1,1,0,0
3241,"Tax church property.",50,14,14,22,19,5,5,9,31,9,9,13
3242,"The entire ByPass will look less like a concrete/asphalt parking lot with the addition of grass & trees.",1,1,0,0,0,0,0,0,1,1,0,0
3243,"A public transit system that allows county & city folks (especially non-driving teens) to access friends, activities, places.",1,1,0,0,0,0,0,0,1,1,0,0
3244,"More entertainment options for teenagers.",1,1,0,0,0,0,0,0,1,1,0,0
3245,"More places offering live music entertainment and events like our awesome White Squirrel Brewery.",1,1,0,0,0,0,0,0,1,1,0,0
3246,"A vibrant art studio community hosted downtown. I love the Gallery Hops!",70,36,7,27,26,2,5,19,44,34,2,8
3247,"More Shakespeare in the Park!",78,40,8,30,28,5,5,18,50,35,3,12
3248,"Concerts in the Park will extend to every park, in all areas of BG/Warren County.",73,35,10,28,24,5,2,17,49,30,8,11
3249,"We'll partner with the NHL's Nashville Predators to build a successful hockey arena, cultivating child/youth hockey leagues.",67,23,17,27,20,2,10,8,47,21,7,19
3250,"Need more affordable public transits from Bowling Green to Nashville airport.",0,0,0,0,0,0,0,0,0,0,0,0
3251,"SKYPAC will continue to attract great shows, music and the Orchestra will be thriving.",86,57,1,28,33,11,1,21,53,46,0,7
3252,"Expanded public transit system to relieve automobile traffic.",1,1,0,0,0,0,0,0,1,1,0,0
3253,"LOVE the annual lighting of the square and other downtown functions. These will grown and continue to thrive.",1,1,0,0,0,0,0,0,1,1,0,0
3254,"In 2050, Bowling Green will have parks with carefully protected green spaces without sports complexes.",1,1,0,0,0,0,0,0,1,1,0,0
3255,"Schools and businesses will offer mentorships to high-school and college students.",87,52,5,30,32,8,2,22,55,44,3,8
3256,"WKU will work the local Montessori school community to offer a Montessori teacher training program alongside their Child Studies program.",74,28,12,34,25,3,4,18,49,25,8,16
3257,"More quality chilcare, preschool and Montessori school programs.",1,1,0,0,0,0,0,0,1,1,0,0
3258,"In 2050, BG drivers shall no longer fear a dusting of snow",57,26,4,27,19,5,0,14,38,21,4,13
3259,"Our airport will have a small restaurant where folks can socialize and watch planes land & takeoff.",72,33,11,28,28,5,4,19,44,28,7,9
3260,"Better child care opportunities! Better community collaboration with Child Care Aware of KY and Family Child Care Network of KY!!",1,1,0,0,0,0,0,0,1,1,0,0
3261,"BG will adopt the Fairness Ordinance proposed by the Fairness Coalition.",1,1,0,0,0,0,0,0,1,1,0,0
3262,"BG will bring back a municipal recycling program",1,1,0,0,0,0,0,0,1,1,0,0
3263,"BG needs an indoor ice rink. Families have to go to Nashville or Owensboro for their child to play ice hockey.",1,1,0,0,1,1,0,0,0,0,0,0
3264,"BG will expand its public library services to serve the growing population.",1,1,0,0,0,0,0,0,1,1,0,0
3265,"Traffic flow on Scottsville road and downtown will be improved.",1,1,0,0,0,0,0,0,1,1,0,0
3266,"Development of worker cooperatives. Based on the Rochdale model. Classes taught to students, and the chamber of commerce to teach adults.",48,18,3,27,15,3,2,10,33,15,1,17
3267,"A train system connecting us to other large cities that are frequently traveled to such as Nashville and Cincinnati.",1,1,0,0,0,0,0,0,1,1,0,0
3268,"Beautification efforts, such as the planting of flowers and trees, in areas that are currently lacking in this such as along Russellville Rd",84,62,2,20,31,13,2,16,53,49,0,4
3269,"A northern by-pass connecting Louisville Rd and I-165 with a few exits",43,13,11,19,11,2,2,7,32,11,9,12
3270,"Love to see Scottsville Rd widened to three or more lanes each way from Lovers/Campbell Lane to I-165",1,1,0,0,0,0,0,0,1,1,0,0
3271,"Scottsville Road will be accessible to pedestrians and bicyclists.",73,41,4,28,29,5,2,22,44,36,2,6
3272,"All the empty parking lots along Scottsville Road will be used for a different purpose.",76,38,3,35,27,4,2,21,49,34,1,14
3273,"Bike lanes for manual and electric bikes along or near major thoroughfares.",73,43,6,24,26,5,5,16,47,38,1,8
3274,"Expand public transit routes to nearby small towns.",79,38,4,37,29,2,3,24,50,36,1,13
3275,"Reduce costs for public transit by making some routes only once/twice weekly.",38,7,9,22,13,0,2,11,25,7,7,11
3276,"A small trolley or train route that connects the river front to main downtown areas and makes a complete lap of WKU campus.",83,54,4,25,25,6,4,15,58,48,0,10
3277,"in 2050 all of Barren river will be safe to swim in!",78,40,7,31,25,4,3,18,53,36,4,13
3278,"Make Shanty Hollow a park with some activities but not ruined like Three Springs is.",49,18,7,24,16,4,3,9,33,14,4,15
3279,"we will have an elevated train like chicagos brown line connecting the neighborhoods to the downtown arts and entertainment districts",51,15,14,22,18,1,5,12,33,14,9,10
3280,"Combine city and county govt for better efficiency",0,0,0,0,0,0,0,0,0,0,0,0
3281,"Parks that are simply green space like one sees in the United Kingdom.",71,41,3,27,23,8,1,14,48,33,2,13
3282,"History walks sanctioned through local cemeteries to highlight notable Warren County and BG citizens",86,46,8,32,34,10,4,20,52,36,4,12
3283,"Would love a Costco and Trader Joes",1,1,0,0,0,0,0,0,1,1,0,0
3284,"Professional offices will continue to flourish downtown, as they are are nice additions and traffic drivers to any downtown area.",69,31,3,35,27,4,2,21,42,27,1,14
3285,"Improve beautification efforts along the ByPass and rename the road",1,1,0,0,0,0,0,0,1,1,0,0
3286,"Many families will find land way out from all the madness as Bowling Green taxes rise and as crime becomes rampant.",41,5,13,23,13,1,1,11,28,4,12,12
3287,"In BG 2050, the crime rate will have dropped dramatically.",81,49,2,30,34,13,0,21,47,36,2,9
3288,"Our leadership in Bowling Green in 2050 will not target people who oppose their agenda.",52,20,5,27,21,3,3,15,31,17,2,12
3289,"In 2050, our judges will not give light sentencing to repeat offenders.",54,21,2,31,17,3,0,14,37,18,2,17
3290,"In the future, Bowling Green will no longer be one of the most corrupt cities in the United States.",34,4,5,25,12,1,0,11,22,3,5,14
3291,"Bowling Green, KY, will no longer be a major trafficking hub.",81,42,3,36,30,9,0,21,51,33,3,15
3292,"I would like to see some sort of an outdoor amphitheater downtown.",1,1,0,0,0,0,0,0,1,1,0,0
3293,"In the future, we will deport any local officials making money off of illegal immigration.",51,13,9,29,18,5,1,12,33,8,8,17
3294,"In 2050, I hope the City of Bowling Green will not weaponize the system against people and steal their homes from them.",60,24,6,30,18,1,1,16,42,23,5,14
3295,"In the future, I hope city officials in Bowling Green will be held accountable for any crimes they're involved in.",77,47,1,29,28,11,0,17,49,36,1,12
3296,"Repeat offenders get sent to another city.",37,2,17,18,14,1,2,11,23,1,15,7
3297,"In the future, we will audit all politicians and officials in Bowling Green to find out where their money is coming from.",62,27,3,32,20,5,0,15,42,22,3,17
3298,"I hope, in 2050, that anyone local involved in targeting innocent Americans will be in prison.",48,11,6,31,20,2,1,17,28,9,5,14
3299,"More parks and public use spaces",1,1,0,0,0,0,0,0,1,1,0,0
3300,"More trees in our neighborhoods",1,1,0,0,0,0,0,0,1,1,0,0
3301,"Invest in WKU research and connect private industry to academia",1,1,0,0,0,0,0,0,1,1,0,0
3302,"No stinky weed legal",1,1,0,0,0,0,0,0,1,1,0,0
3303,"A climate adaptation plan",80,40,14,26,26,1,9,16,54,39,5,10
3304,"Climate mitigation",81,37,12,32,30,5,9,16,51,32,3,16
3305,"Leaders in clean energy",68,36,7,25,23,3,6,14,45,33,1,11
3306,"In the future, we will prioritize local citizens over people who are here illegally.",70,23,23,24,26,9,3,14,44,14,20,10
3307,"Put a ski lift up the center of WKU campus",38,2,19,17,13,2,3,8,25,0,16,9
3308,"In 2050 our community will pay more to attention to the businesses and culture we now instead wanting something that already exists",46,17,2,27,17,4,1,12,29,13,1,15
3309,"Bowling Green needs a thriving arts district with murals, sculpture gardens, and galleries to support local artists and enrich the community",0,0,0,0,0,0,0,0,0,0,0,0
3311,"In 2050, I hope public survey comments won’t be altered as responses to this survey clearly have been.",48,8,16,24,18,3,2,13,30,5,14,11
3312,"In 2050, I hope we have an “actual” downtown development team.",1,1,0,0,0,0,0,0,1,1,0,0
3313,"In 2050, I hope we still have the Aviation Park and Railpark Museums.",85,56,3,26,29,10,1,18,56,46,2,8
3314,"make the inner city more pedestrian focused.",1,1,0,0,0,0,0,0,1,1,0,0
3315,"begin plans for a cross city metro. BG could have massive advantages if theres fast reliable transportation coverage.",1,1,0,0,0,0,0,0,1,1,0,0
3316,"I hope the future storytelling by “community” organizations is more truthful and in better taste.",35,6,2,27,10,2,0,8,25,4,2,19
3318,"Please put in more green space as neighborhoods develop!!",0,0,0,0,0,0,0,0,0,0,0,0
3320,"we need 2 Chilis locations!!!!",40,3,20,17,12,1,5,6,28,2,15,11
3321,"trader joe’s trader joe’s trader joe’s!",1,1,0,0,0,0,0,0,1,1,0,0
3322,"Keep city and county governments separate.",51,14,15,22,17,5,3,9,34,9,12,13
3323,"Create more ""affordable housing"" that are family homes, and not just apartments.",1,1,0,0,0,0,0,0,1,1,0,0
3324,"Our community invests in the immigrants we have here before bringing more in. We must eliminate poverty!",53,20,6,27,18,5,2,11,35,15,4,16
3325,"We need to see leaders from the black community represented in our local government.",77,42,10,25,27,2,8,17,50,40,2,8
3326,"Support community composting efforts.",75,50,3,22,26,7,2,17,49,43,1,5
3327,"Let’s invest in helping native Kentuckians into the higher paying jobs here rather than sourcing from CA and TX.",57,28,2,27,22,6,2,14,35,22,0,13
3328,"Here are a few things that BG needs to do before considering growth.",1,1,0,0,1,1,0,0,0,0,0,0
3329,"There really should be an annual fund or commitment to shift utilities under ground. If the tornadoes taught us anything, it should be this.",1,1,0,0,1,1,0,0,0,0,0,0
3330,"1. get an indoor pool (YMCA). Both Scottsville and Glasgow has one",1,1,0,0,1,1,0,0,0,0,0,0
3331,"Fix present traffic flow issues.",1,1,0,0,1,1,0,0,0,0,0,0
3332,"Corporations should only receive taxpayer funded perks if they pay a local livable wage and benefits, including healthcare.",81,53,2,26,29,7,2,20,52,46,0,6
3333,"Attract more GP and Pediatric Doctors.  Presently there is a shortage of them now",1,1,0,0,1,1,0,0,0,0,0,0
3334,"Out-of-State companies getting paid by taxpayers to come here while exploiting local workers is unacceptable. No corporate welfare!",49,20,1,28,14,3,0,11,35,17,1,17
3335,"We need all immigrant/refugee students to attend an ESL school before being enrolled in WC and BG schools. Set them up for success.",72,35,7,30,24,8,3,13,48,27,4,17
3336,"We need more employment opportunities for people with disabilities which allow them to live independently.",85,52,2,31,30,6,1,23,55,46,1,8
3337,"On many days the city reeks of dogfood. There should be a “scrubber” ordinance for industrial facilities to reduce odor.",49,22,2,25,18,7,0,11,31,15,2,14
3338,"I want to see Shake Rag recreated as a predominately black community honoring its history, not gentrified for the affluent. Preservation.",57,21,8,28,20,1,4,15,37,20,4,13
3339,"There will be more 55+ dedicated living spaces with amenities. We must take care of our elderly.",1,1,0,0,0,0,0,0,1,1,0,0
3340,"BG leadership must engage with the youth in our town. They will be living here in 2050 or they won’t…if they’ve had to move for jobs.",80,46,4,30,32,8,1,23,48,38,3,7
3341,"Pile of ash",0,0,0,0,0,0,0,0,0,0,0,0
3342,"develop the the Barren river area! Make it another attraction and business district for the city, and connect it to the downtown.",0,0,0,0,0,0,0,0,0,0,0,0
3343,"Bowling Green will finally have government that cares more about people than businesses.",75,41,6,28,27,7,4,16,48,34,2,12
3344,"We need a year round indoor ice skating facility.",1,1,0,0,0,0,0,0,1,1,0,0
3345,"An indoor skating facility like Owensboro's.",1,1,0,0,0,0,0,0,1,1,0,0
3346,"In 2050, we will have identified all those involved in running drugs through Bowling Green.",59,27,5,27,18,4,0,14,41,23,5,13
3347,"International airport in BG",53,15,21,17,20,3,6,11,33,12,15,6
3348,"I would like to see our growth done carefully. The new neighborhood at Weatherstone Blvd was developed in an area known for flooding.",65,44,0,21,22,10,0,12,43,34,0,9
3349,"In 2050, Bowling Green will not in any way be anti-free speech.",52,19,6,27,19,4,1,14,33,15,5,13
3350,"Preserve Capitol Theater downtown.",97,78,0,19,35,19,0,16,62,59,0,3
3351,"We'll have more handicapped parking downtown.",59,28,5,26,19,3,3,13,40,25,2,13
3352,"In 2050, I hope Bowling Green will not weaponize A.I technology against its citizens.",71,40,3,28,23,8,0,15,48,32,3,13
3353,"Please enforce codes on ugly houses. Ugly properties = fines.",39,7,12,20,12,2,1,9,27,5,11,11
3354,"Please enforce codes on abandoned warehouses.",72,42,1,29,27,9,0,18,45,33,1,11
3355,"Put a warning light on Russellville rd and also on Nashville rd where Dishman lane intersects warning drivers there is a train on the tracks",69,36,3,30,23,5,0,18,46,31,3,12
3356,"No liberal ideology forcefully implemented in Bowling Green.",76,22,30,24,26,12,4,10,50,10,26,14
3357,"We will have more resources for our seniors!",85,53,2,30,31,12,1,18,54,41,1,12
3358,"We will have more transportation options for our seniors!",86,60,3,23,29,8,3,18,57,52,0,5
3359,"We will have more affordable housing for our seniors, like Park Row.",85,56,4,25,31,10,2,19,54,46,2,6
3360,"A senior center downtown would be wonderful!",67,41,2,24,23,7,1,15,44,34,1,9
3361,"We will have a Helpful Village for aging adults in Bowling Green.",73,43,3,27,27,9,2,16,46,34,1,11
3362,"In 2050, BG will have more options for mental health care.",1,1,0,0,0,0,0,0,1,1,0,0
3363,"In 2050, BG will have much less homelessness.",1,1,0,0,0,0,0,0,1,1,0,0
3364,"Infrastructure needs to be considered before developing businesses and neighborhoods.",0,0,0,0,0,0,0,0,0,0,0,0
3365,"Wishing the medical community would come together for the benefit of the citizens instead of creating a medical war between themselves.",1,1,0,0,1,1,0,0,0,0,0,0
3366,"The health of the citizens would be highest priority instead of medical providers fighting their competitors.",72,45,0,27,26,9,0,17,46,36,0,10
3367,"Farmland is preserved!",1,1,0,0,1,1,0,0,0,0,0,0
3368,"We need to see a municipal effort to move towards recycling and composting",1,1,0,0,0,0,0,0,1,1,0,0
3369,"We could have an efficient transit system that runs BACK AND FORTH not one way.",61,36,2,23,21,6,2,13,40,30,0,10
3370,"More funding for the public library",75,46,6,23,25,4,4,17,50,42,2,6
3371,"More emphasis and options for composting",1,1,0,0,0,0,0,0,1,1,0,0
3372,"More unique restaurants that aren’t chains.",1,1,0,0,1,1,0,0,0,0,0,0
3373,"We need to grow up downtown with highrize appartment buildings instead of developing our green farm land and destroying our landscape.",1,1,0,0,0,0,0,0,1,1,0,0
3374,"Bring back something like zap zone",37,6,4,27,13,2,1,10,24,4,3,17
3375,"Bowling Green needs arts magnet schools in addition to STEM magnet schools.",60,27,5,28,22,4,2,16,38,23,3,12
3376,"In 2050, Reservoir Hill will be respected for the historical significance and not destroyed by snow sledding - poor use tactics damaging it",44,9,12,23,14,0,3,11,30,9,9,12
3377,"Keep our green farm land and build highrise downtown to accomadate the growing population",1,1,0,0,0,0,0,0,1,1,0,0
3378,"Don’t grow so big and so fast that housing and the cost of living becomes unaffordable (like what happened to Nashville).",79,53,3,23,27,13,1,13,52,40,2,10
3379,"Create tourist tours from railpark, airpark, African American Museum, corvette, Hobson Grove, George Washington Carver Center, Shake Rag",81,49,3,29,26,4,2,20,55,45,1,9
3380,"Increased walkability in all areas",1,1,0,0,0,0,0,0,1,1,0,0
3381,"Have train service going north and south stopping in Bowling Green",1,1,0,0,0,0,0,0,1,1,0,0
3382,"BG will have stopped all the panhandling",1,1,0,0,1,1,0,0,0,0,0,0
3383,"I'll be dead or moved by 2050, but I would most like to see a safe, level place to bicycle. Send some people in the group to Xenia, Ohio.",73,35,7,31,26,6,6,14,47,29,1,17
3384,"Put a max capacity on incoming immigrant and refugees",62,18,33,11,21,8,8,5,41,10,25,6
3385,"Rainbow meaning Gays?",1,1,0,0,0,0,0,0,1,1,0,0
3386,"Preserve our farmland",1,1,0,0,1,1,0,0,0,0,0,0
3387,"More farmers markets",83,51,3,29,29,10,1,18,54,41,2,11
3388,"Nature Parks",1,1,0,0,1,1,0,0,0,0,0,0
3389,"Public storm shelters",84,52,4,28,30,8,3,19,54,44,1,9
3390,"Solutions for homeless in our parks",1,1,0,0,1,1,0,0,0,0,0,0
3391,"Community Centers will offer affordable daycare programs, fitness facilities, sports leagues, and programs for all residents.",1,1,0,0,1,1,0,0,0,0,0,0
3392,"Halloween Parade",55,20,10,25,22,4,7,11,33,16,3,14
3393,"Ky Fried Chicken",1,1,0,0,0,0,0,0,1,1,0,0
3394,"Outlet mall and entertainment venues",1,1,0,0,0,0,0,0,1,1,0,0
3395,"Done",1,1,0,0,0,0,0,0,1,1,0,0
3396,"Love the mural idea",1,1,0,0,0,0,0,0,1,1,0,0
3397,"Affordable and available childcare. It's too expensive and often prioritizes lower-income families.",1,1,0,0,0,0,0,0,1,1,0,0
3398,"Tiny homes need their ownspaces,apartments need to be better identified with lit names,numbers,the current situation is hard on deliveries",1,1,0,0,0,0,0,0,1,1,0,0
3399,"Skypac is too high",1,1,0,0,0,0,0,0,1,1,0,0
3400,"I thought there was a noise ordinance already?",1,1,0,0,0,0,0,0,1,1,0,0
3401,"Incentive to eliminate waste of all kinds especially food in supermarkets it needs to go to food banks not landfills.",88,64,3,21,31,10,3,18,57,54,0,3
3402,"Absolutely",1,1,0,0,0,0,0,0,1,1,0,0
3403,"Absolutely and don’t criminalize them",1,1,0,0,0,0,0,0,1,1,0,0
3404,"Publicize zoning meetings",67,42,3,22,22,6,1,15,45,36,2,7
3405,"Art is really being pushed",1,1,0,0,0,0,0,0,1,1,0,0
3406,"I hope BG will create spaces for kids between the ages of 13-20. Parks are no fun anymore, can’t get into bars. Need something to work with",1,1,0,0,1,1,0,0,0,0,0,0
3407,"And our police department including State police will actually pursue criminals instead of ignoring  them .",1,1,0,0,0,0,0,0,1,1,0,0
3408,"Absolutely stop the criminals",1,1,0,0,0,0,0,0,1,1,0,0
3409,"Absolutely,houses ,apartments etc are unaffordable",1,1,0,0,0,0,0,0,1,1,0,0
3410,"Yes and who to contact if they are not treated fairly",1,1,0,0,0,0,0,0,1,1,0,0
3411,"I thought we did ?",1,1,0,0,0,0,0,0,1,1,0,0
3412,"Absolutely, white lines that show up thru rain and darkness",1,1,0,0,0,0,0,0,1,1,0,0
3413,"There is absolutely no room for that",1,1,0,0,0,0,0,0,1,1,0,0
3414,"Whst is a cat cafe?",1,1,0,0,0,0,0,0,1,1,0,0
3415,"Somewhere but no room downtown ?",1,1,0,0,0,0,0,0,1,1,0,0
3416,"It needs to be relocated outside of the city",1,1,0,0,0,0,0,0,1,1,0,0
3417,"Where ???",1,1,0,0,0,0,0,0,1,1,0,0
3418,"If there is no valid reason",1,1,0,0,0,0,0,0,1,1,0,0
3419,"In Bowling Green ??",1,1,0,0,0,0,0,0,1,1,0,0
3420,"Great idea !!!",1,1,0,0,0,0,0,0,1,1,0,0
3421,"What’s Nimby ?",1,1,0,0,0,0,0,0,1,1,0,0
3422,"There is one there",1,1,0,0,0,0,0,0,1,1,0,0
3423,"It’s just a small area",1,1,0,0,0,0,0,0,1,1,0,0
3424,"They can’t be concentrated in one area",1,1,0,0,0,0,0,0,1,1,0,0
3425,"Website",1,1,0,0,0,0,0,0,1,1,0,0
3426,"More  roller derby",1,1,0,0,1,1,0,0,0,0,0,0
3427,"It's not government's job to build a mall",1,1,0,0,1,1,0,0,0,0,0,0
3428,"It's not government's job to build grocery stores.",1,1,0,0,1,1,0,0,0,0,0,0
3429,"It's not government's job to build movie theaters with reclining seats.",1,1,0,0,1,1,0,0,0,0,0,0
3430,"We will rename the 31-W Bypass.",47,14,7,26,17,3,3,11,30,11,4,15
3431,"We will keep 31-W Bypass structure the way it is today.",39,7,17,15,11,2,3,6,28,5,14,9
3432,"BG is friendly and a great city to raise a family. Continue to shine!",73,43,3,27,28,8,1,19,45,35,2,8
3433,"In the future, we will force big companies to hire more local people from Bowling Green or lose their tax incentives.",49,17,6,26,18,4,3,11,31,13,3,15
3434,"Do away with wasteful spending on events like Duncan Hines Days that has zero impact to community factually.",39,6,17,16,11,1,5,5,28,5,12,11
3435,"In 2050, we will perform outside audits on local government spending.",64,32,4,28,20,6,1,13,44,26,3,15
3436,"I hope the RailPark develops a vision that fully realizes its potential and becomes a real asset for our community.",90,59,1,30,34,14,1,19,56,45,0,11
3437,"Building on the wonderful new showers and laundry facilities at the Salvation Army, perhaps it can offer mailing addresses & lockers as well in the future.",72,40,4,28,26,7,0,19,46,33,4,9
3438,"We need to create local pride. Town pride is key!",45,20,4,21,15,3,3,9,30,17,1,12
3439,"In the future, Bowling Green will be Western Kentucky University red throughout the city.",41,6,18,17,15,2,6,7,26,4,12,10
3440,"Make Bowling Green fun!",77,41,3,33,28,6,2,20,49,35,1,13
3441,"Bowling Green will be one of the largest destinations in KY for family, community entertainment.",69,38,2,29,20,6,0,14,49,32,2,15
3442,"The region will provide way more access for disabled community members.",82,49,3,30,30,4,2,24,52,45,1,6
3443,"We will have more of a medical focus to draw in better doctors. (Currently, a specialist is 2.5 hours for me.)",79,52,1,26,29,10,0,19,50,42,1,7
3444,"In 2050, BG will take care of the Dishman and Parker-Bennett areas and address their needs.",69,38,2,29,25,5,1,19,44,33,1,10
3445,"In the future, there will be categories of participation in the Chamber based on business size, similar to a nonprofit/individual fee, to make membership more affordable.",59,27,2,30,23,4,1,18,36,23,1,12
3446,"SKyPAC performances will be more affordable for area residents in the future.",67,37,6,24,26,6,4,16,41,31,2,8
3447,"What about just plain bus services? Greyhound used to come to BG. Now, you must go to Owensboro or Nashville.",76,45,6,25,26,4,5,17,50,41,1,8
3448,"In the future, we will recognize that large industries are necessary and should be celebrated, and that small businesses should be as well.",68,36,6,26,27,11,1,15,41,25,5,11
3449,"In the future, Lovers Lane will remain a beautiful attraction.",69,32,4,33,24,3,1,20,45,29,3,13
3450,"Bowling Green will have a grocery store where you bring your refillable containers back to fill back up.",71,39,4,28,24,5,1,18,47,34,3,10
3451,"COBG should purchase all of the Floodplains within its jurisdiction to ensure that unscrupulous developers can't build at risk homes there.",1,1,0,0,0,0,0,0,1,1,0,0
3452,"BGWC METRO! under the City Manager System!",64,29,8,27,20,3,4,13,44,26,4,14
3453,"Update the City's decrepit storm sewer system!",1,1,0,0,0,0,0,0,1,1,0,0
3454,"make Scottsville Road accessible to pedestrians and cyclists",1,1,0,0,0,0,0,0,1,1,0,0
3455,"There should be an official lego store in BG by 2050",30,5,7,18,9,0,2,7,21,5,5,11
3456,"I would like to see residents have access to regional air and rail service.",0,0,0,0,0,0,0,0,0,0,0,0
3457,"There should be more commercial development near Warren east and eventually have that area feel more connected to the rest of the city",1,1,0,0,0,0,0,0,1,1,0,0
3458,"Exit 30 should be built up more, it's so empty with so much potential for food, stores and more",65,25,8,32,22,5,2,15,43,20,6,17
3459,"Bowling Green is welcoming to legal migrants, however BG should NOT become a sanctuary city for anyone who crossed our borders illegally.",1,1,0,0,1,1,0,0,0,0,0,0
3460,"BG should make the airport more desirable to commercial airlines, that they would have commercial flights to other destinations.",1,1,0,0,1,1,0,0,0,0,0,0
3461,"We will lead the country in creating pedestrian-safe-for-animals infrastructure and roadways. Wildlife bridges over every roadway.",53,20,7,26,18,0,5,13,35,20,2,13
3462,"We will have LEED certified pedestrian bridges over every roadway that offers weather-safe space for the houseless and people seeking shelter from storms.",68,29,11,28,20,2,4,14,48,27,7,14
3463,"I want it to grow but not as big as Nashville, I still want to keep our hometown charm",77,51,6,20,27,15,1,11,50,36,5,9
3464,"I want a board game café",50,23,6,21,17,3,3,11,33,20,3,10
3465,"I want a vintage/retro arcade that's serves coffee during the day and becomes a bar at night. It'd be fun",74,39,5,30,25,5,3,17,49,34,2,13
3466,"I want more quirky/cute flower shops like Flowers by Jules. I loved going into that store so much.",48,19,2,27,18,3,1,14,30,16,1,13
3467,"Dance classes for adults!",62,25,5,32,21,2,4,15,41,23,1,17
3468,"Sip and paint places that are affordable.",60,25,5,30,19,3,1,15,41,22,4,15
3469,"I hope to see a grocery store downtown!",71,43,3,25,22,5,1,16,49,38,2,9
3470,"Sidewalks and bike paths on Nashville Road",1,1,0,0,0,0,0,0,1,1,0,0
3471,"Recycling needs to be mandatory",1,1,0,0,1,1,0,0,0,0,0,0
3472,"It'd be cool if we had more greenhouses on top of building downtown",70,33,6,31,27,3,3,21,43,30,3,10
3473,"less large trucks driving through town driven by people who should drive something drive no bigger than a vw bug",46,16,3,27,16,3,1,12,30,13,2,15
3474,"There is SkyPac that is just not being used to its full potential",1,1,0,0,0,0,0,0,1,1,0,0
3475,"Bowling Green will focus on being a city dedicated to its residents, not beholden to a volatile tourism industry",52,26,3,23,15,5,0,10,37,21,3,13
3476,"Our local government will educate the public on & encourage ecotransportation.",45,22,2,21,13,1,1,11,32,21,1,10
3477,"Ecotransportation will be incentivized with tax-credits via low/no driving.",58,22,9,27,21,1,4,16,37,21,5,11
3478,"Integrate timed stop lights with longer yellow lights to improve traffic flow.",46,17,6,23,13,2,1,10,33,15,5,13
3479,"Add timers to red lights to reduce car crashes.",40,14,3,23,12,1,1,10,28,13,2,13
3480,"Continue to grow community events like harvest & duncan hines fests. We were missing community centered events like this for a long time.",1,1,0,0,0,0,0,0,1,1,0,0
3481,"City & county help subsidize taller apt buildings to increase density without decreasing ubran sprawl",46,15,5,26,18,2,1,15,28,13,4,11
3482,"Bury utilities to increase safety and decrease impacts after events like the 2021 tornado",1,1,0,0,0,0,0,0,1,1,0,0
3483,"In 2050 we will have a walkable and bikeable BG for all!",1,1,0,0,0,0,0,0,1,1,0,0
3484,"BG2050 will focus on green spaces and environmental concerns.",1,1,0,0,0,0,0,0,1,1,0,0
3485,"We’ll have a Costco out by GRECC.",48,17,6,25,15,2,1,12,33,15,5,13
3486,"Better grocery & shopping on the north side of the county. Tons of people come into our county via Louisville Rd and it is ignored by devs",1,1,0,0,0,0,0,0,1,1,0,0
3487,"BG needs more strategically placed trees near roads to reduce temperatures and improve air quality.",68,43,2,23,24,5,2,17,44,38,0,6
3488,"BG will collect data on current tree placement.",54,24,3,27,20,1,3,16,34,23,0,11
3489,"WC jail will be replaced with updated/new facilities w/plenty of room for their population. All counties who send inmates should contribute",58,30,5,23,19,5,3,11,39,25,2,12
3490,"Bring LifeWise to public schools",40,6,4,30,12,1,1,10,28,5,3,20
3491,"I think BG needs an indoor turf field.",60,20,11,29,19,3,5,11,41,17,6,18
3492,"It would be great to get back some of the many things we have lost like passenger rail/air service, a larger bus service & a 24/7 diner!",1,1,0,0,0,0,0,0,1,1,0,0
3493,"Restrict how many properties property management companies can own and manage to allow for families to buy homes instead of renting.",1,1,0,0,1,1,0,0,0,0,0,0
3494,"Any new commercial building must add to the beauty of the city, no metal commercial buildings that look trashy",1,1,0,0,1,1,0,0,0,0,0,0
3495,"The poorer sides of town will be beautified",63,35,4,24,23,5,2,16,40,30,2,8
3496,"Since housing affordability is a national crisis, the Planning Commission should stop insisting on upgrades that raise the prices.",51,17,8,26,17,1,2,14,34,16,6,12
3497,"Business need to be more imaginative rather than just restaurants on Scottsville Rd/rental units/auto parts store next to auto parts store.",1,1,0,0,0,0,0,0,1,1,0,0
3498,"Not just the safer parts, but the main roads, too.  People still need to walk in the Scottsville Rd area.",1,1,0,0,0,0,0,0,1,1,0,0
3499,"I hope to see a crack down on human trafficking.",74,46,3,25,28,11,0,17,46,35,3,8
3500,"Pass a fairness ordinance- show we welcome everyone.",0,0,0,0,0,0,0,0,0,0,0,0
3501,"Oppose unifying Bowling Green with the County as a single governing entity.   Will disenfranchise the people of BG.",62,18,16,28,19,7,3,9,43,11,13,19
3502,"Put unified BG County to a referendum.",44,9,13,22,16,1,5,10,28,8,8,12
3503,"Distribute the recent 2050 newspaper to all BG neighborhoods and apartments.  Seems to have been dropped into nicer areas. Hopefully bd info",0,0,0,0,0,0,0,0,0,0,0,0
3504,"More public transit and sidewalk/walkable streets. Also, even more community support for our international and refugee community.",1,1,0,0,0,0,0,0,1,1,0,0
3505,"Less Vape & Smoke shops.",1,1,0,0,0,0,0,0,1,1,0,0
3506,"Stricter regulations on vape/smoke shops, they take up valuable retail space and contribute to a public health threat",1,1,0,0,0,0,0,0,1,1,0,0
3507,"I hope to see even more art downtown! Murals, statues. etc. We have a university with many student and pro- artists!",1,1,0,0,0,0,0,0,1,1,0,0
3508,"Extend the entertainment district downtown so we can have festivals along the river and enjoy those upcoming restaurants and bars",74,46,3,25,26,8,2,16,48,38,1,9
3509,"Living wages and affordable housing, along with more job openings . Many more opportunities need to be allowed for such growth.",1,1,0,0,0,0,0,0,1,1,0,0
3510,"I want Bowling Green to have more family oriented things to do. The families with little ones are struggling to find fun things to do.",1,1,0,0,0,0,0,0,1,1,0,0
3511,"We are in need of a Trader Joe’s!",1,1,0,0,0,0,0,0,1,1,0,0
3512,"I would like to see more indoor family fun activities!!",0,0,0,0,0,0,0,0,0,0,0,0
3513,"In 2050- Bowling Green & surrounding communities will support WKU rather than UofL & UK. WKU events will be more family friendly/affordable",1,1,0,0,0,0,0,0,1,1,0,0
3514,"Upscale retail shopping. Outdoor areas with shopping and restaurants",1,1,0,0,1,1,0,0,0,0,0,0
3515,"Convert old vacant properties into short term housing to help get unhoused back on their feet. Could be studio style apartments.",1,1,0,0,0,0,0,0,1,1,0,0
3516,"The roads have got to be expanded!!  They need to be done now, e.g. a new school and houses on Dillard and it’s a lil 2 lane country road!!",57,20,6,31,21,6,0,15,36,14,6,16
3517,"Adequate & affordable housing options.",0,0,0,0,0,0,0,0,0,0,0,0
3518,"Walkable neighborhood areas with ‘some’ shopping.",82,58,4,20,26,7,3,16,56,51,1,4
3519,"Multiple green spaces with facilities located for easy access throughout the community.",0,0,0,0,0,0,0,0,0,0,0,0
3520,"More entertainment for families and for couples!",1,1,0,0,0,0,0,0,1,1,0,0
3521,"I hope to see BG flourish in the arts, continuing to grow it's festivals and to support SKyPAC and it's resident companies.",1,1,0,0,0,0,0,0,1,1,0,0
3522,"I'd love to see more businesses develop in the north parts of town... like a coffee shop in Plum Springs!",63,33,4,26,23,4,4,15,40,29,0,11
3523,"Routine Market analysis as business' grow to ensure proper financial dispersement for goods and services.",46,16,2,28,17,1,1,15,29,15,1,13
3524,"Affordable housing",1,1,0,0,0,0,0,0,1,1,0,0
3525,"More ""third places"" that aren't just coffee shops or bars",63,39,0,24,20,7,0,13,43,32,0,11
3526,"Making sure BG doesn't go completely corporate. Still allows small businesses to prosper",1,1,0,0,0,0,0,0,1,1,0,0
3527,"They have valuable knowledge to share",1,1,0,0,0,0,0,0,1,1,0,0
3528,"The current airport property should be preserved as a true park (not a sports complex) by legislation of the city and county governments.",41,14,7,20,15,4,1,10,26,10,6,10
3529,"The railroad divides Bowling Green into haves and have nots .  The rails should be moved  and or raised, to eliminate this social disparity.",33,3,15,15,12,0,4,8,21,3,11,7
3530,"Constant battle to maintain people like mall and big box shopping and access",1,1,0,0,0,0,0,0,1,1,0,0
3531,"I hope there’s more focus on outdoor recreation (ie greenways not along roads, hiking trails, nature based play)",79,52,2,25,29,8,2,19,50,44,0,6
3532,"ROUNDABOUTS",1,1,0,0,0,0,0,0,1,1,0,0
3533,"Tap into natural assets for tourism, not just cars and things that cost money",70,44,3,23,24,6,2,16,46,38,1,7
3534,"Quality education accessible to all income levels",68,47,0,21,22,7,0,15,46,40,0,6
3535,"Public Montessori school!! Or nature-based school",1,1,0,0,0,0,0,0,1,1,0,0
3536,"Would love to see public schools move away from chrome books, screens, sitting and get kids outside, moving, and some practical life lesson",1,1,0,0,0,0,0,0,1,1,0,0
3537,"we need a Mr Gattis",34,3,15,16,9,2,1,6,25,1,14,10
3538,"Restrictions on LED lights - let’s get some night sky protections",61,31,1,29,20,7,0,13,41,24,1,16
3539,"Bowling Green in healthier options for grocery stores. Like Whole Foods, Trader Joe’s, Costco, Publix!",1,1,0,0,0,0,0,0,1,1,0,0
3540,"Bowling Green needs more family theme buildings like arcade rooms, main event, fun things that families can do together indoors.",1,1,0,0,0,0,0,0,1,1,0,0
3541,"Downtown will have paid parking in Square. Funds will help beautify parks and other quality of life amenities.",46,11,12,23,17,1,2,14,29,10,10,9
3542,"Let's get some more museums!!",1,1,0,0,0,0,0,0,1,1,0,0
3543,"Let's get an amtrack station",1,1,0,0,0,0,0,0,1,1,0,0
3544,"Better public transit",1,1,0,0,0,0,0,0,1,1,0,0
3545,"New restaurant chanis that are unique",1,1,0,0,0,0,0,0,1,1,0,0
3546,"New unique restaurant chains",1,1,0,0,0,0,0,0,1,1,0,0
3547,"Trader joes",1,1,0,0,0,0,0,0,1,1,0,0
3548,"A farmers market",1,1,0,0,0,0,0,0,1,1,0,0
3549,"Greenway trail all around the outskirts of BG. Indoor basketball/gym that leagues cannot rent, open gym only",1,1,0,0,0,0,0,0,1,1,0,0
3550,"Trader Joe’s, Whole Foods, and other grocery store options",1,1,0,0,0,0,0,0,1,1,0,0
3551,"Restaurant chains that serve healthy meals with fresh ingredients",72,39,6,27,25,5,4,16,47,34,2,11
3552,"motorcycle free city, no noise",39,4,22,13,12,2,2,8,27,2,20,5
3553,"BG will pass a fairness ordinance to solidly the safety and inclusion of its LGBTQ+ population",75,36,22,17,25,5,14,6,50,31,8,11
3554,"Laws are unfortunately necessary to cut down those who betray themselves as homeless but truly are not.",1,1,0,0,0,0,0,0,1,1,0,0
3555,"A Bowling Green zoo/aquarium, something similar to the Louisville zoo/Cincinnati zoo",59,26,15,18,19,6,6,7,40,20,9,11
3556,"In stead of too many restaurants, I think it would benefit the working families if a COSTCO was built in BG.",0,0,0,0,0,0,0,0,0,0,0,0
3557,"By 2050, Bowling Green should have a more vibrant arts & culture scene. More public art, murals, and installations.",1,1,0,0,0,0,0,0,1,1,0,0
3558,"By 2050, Bowling Green should have more walkable communities and larger scale public transportation.",1,1,0,0,0,0,0,0,1,1,0,0
3559,"BG would include laws to prohibit engine breaking on roads and freeways in the city (unless an emergency) to improve noise pollution.",54,20,5,29,17,4,1,12,37,16,4,17
3560,"Music, art, and film festivals would draw people into the city and improve our arts scene.",1,1,0,0,0,0,0,0,1,1,0,0
3561,"BG would provide rolling recycling bins to citizens for aluminum, tin, glass, and paper in order to reduce waste in our landfills.",68,39,6,23,22,5,3,14,46,34,3,9
3562,"A walkable section of the city should be either downtown or south of BG to create a relief for the congestion surrounding Scottsville Road.",1,1,0,0,0,0,0,0,1,1,0,0
3563,"More bikes and pedestrians mean a more sustainable future and breathable environment for our children.",1,1,0,0,0,0,0,0,1,1,0,0
3564,"I think Bowling Green needs a better transit system.",0,0,0,0,0,0,0,0,0,0,0,0
3565,"Infrastructure needs to be developed together with the city's growth while adding activities for anyone to do. Ice rink, outlet malls, etc.",1,1,0,0,0,0,0,0,1,1,0,0
3566,"To improve the lives of our neediest citizens by implementing a better public transport system and more assistance for the homeless.",1,1,0,0,0,0,0,0,1,1,0,0
3567,"We should get a Trader Joe’s",1,1,0,0,0,0,0,0,1,1,0,0
3568,"Make sure there are regularly changed trash cans on existing and new walking trails and sidewalks in BG.",76,55,1,20,26,9,1,16,50,46,0,4
3569,"We'll have higher fines for littering in Bowling Green.",63,34,3,26,20,7,2,11,43,27,1,15
3570,"Add benches and trash cans along our sidewalks / walking trails.",77,56,2,19,25,11,1,13,52,45,1,6
3571,"BG will have affordable housing options, more homeless shelters that have programs for people, better transportation options",1,1,0,0,0,0,0,0,1,1,0,0
3572,"BG will have better disability friendly areas",79,56,1,22,27,11,1,15,52,45,0,7
3573,"Cleanliness? Yes.  Decorations?  Only if ALL areas of BG are decorated and not just the fancy neighborhoods/parts of town.  Otherwise, no.",1,1,0,0,0,0,0,0,1,1,0,0
3574,"Yes, but we should also celebrate the other cultures in our community.",1,1,0,0,0,0,0,0,1,1,0,0
3575,"We need a tiny home village to assist people wanting out of homelessness get back on their feet with employees to assist them.",68,36,7,25,25,4,3,18,43,32,4,7
3576,"I'd like to see a community of local ambassadors to encourage unique local and regional KY experiences.",70,39,3,28,23,3,2,18,47,36,1,10
3577,"That BG will NOT try to be the new Nashville, Lville or Atlanta.",77,52,4,21,27,13,3,11,50,39,1,10
3578,"Bowling Green will have a Tech Hub Data Center.",56,18,8,30,18,3,1,14,38,15,7,16
3579,"Rename the Humane Society to ""Inhumane Society"" and turn it into a kill shelter.",31,0,23,8,9,0,5,4,22,0,18,4
3580,"We'll have protection for our trans kids/adults.",47,18,10,19,14,2,3,9,33,16,7,10
3581,"Bowling green needs a secular private school, plus if it is low tech.",1,1,0,0,0,0,0,0,1,1,0,0
3582,"BG should stop builders from building poorly made homes that cheapen our historical homes.",74,47,0,27,29,12,0,17,45,35,0,10
3583,"Bowling green needs more nature scapes and trails that are kid friendly- like lost river!",1,1,0,0,0,0,0,0,1,1,0,0
3584,"Community events won’t just be promoted on social media, but a weekly and monthly email!",63,32,5,26,21,5,1,15,42,27,4,11
3585,"We need to move away from strip malls.",59,28,5,26,18,3,2,13,41,25,3,13
3586,"We need to curb marijuana use.",48,10,14,24,16,3,4,9,32,7,10,15
3587,"BG should develop and implement a youth City Corps to help teens gain work experience and preserve/protect our natural resources.",72,43,5,24,24,6,3,15,48,37,2,9
3588,"We are good now. We do not want the problems of the big cities. Keep this beautiful city as it is.",0,0,0,0,0,0,0,0,0,0,0,0
3589,"We are good now, in this beautiful city. We do not want the problems of a big city.",44,15,7,22,14,5,1,8,30,10,6,14
3590,"Better community collaboration with Child Care Aware of KY!",33,5,4,24,10,0,1,9,23,5,3,15
3591,"Better community collaboration with Family Child Care Network of KY!!",32,6,4,22,11,1,2,8,21,5,2,14
3592,"A city tax free Bowling Green. It's a scam.",0,0,0,0,0,0,0,0,0,0,0,0
3593,"Bowling Green will have more hospitals.",62,29,5,28,22,5,2,15,40,24,3,13
3594,"We will require minimum doctor in-office time. Some doctors are hardly in office, leaving patients to less qualified people than themselves.",38,7,8,23,11,2,1,8,27,5,7,15
3595,"I’d love to see BG get some museums.",1,1,0,0,0,0,0,0,1,1,0,0
3596,"There will be 6am-10pm electric shuttle buses running  every 15 mins from the parking garage to points downtown to free up tourist parking",56,25,7,24,20,3,5,12,36,22,2,12
3597,"There will be solar covered parking areas at all entrances (I65 and 165) to town with shuttle /taxi services to malls, businesses, etc.",55,26,9,20,16,2,5,9,39,24,4,11
3598,"I hope to see a cool science museum for kids and adults that can have rotating exhibits to keep things fresh and exciting.",1,1,0,0,0,0,0,0,1,1,0,0
3599,"We will have a single, central, print and digital information system available for posting all community events daily, repeatedly.",72,37,5,30,28,7,2,19,44,30,3,11
3600,"We will have an incentivised course of orientation to the BG life and culture for ALL newcomers.",54,21,9,24,17,4,2,11,37,17,7,13
3601,"All developers will be required to implement clean energy sources into their developments.",62,32,9,21,19,4,6,9,43,28,3,12
3602,"All developers will be required to submit a geological study of the area they are building on to compensate for our sinkhole prone land.",70,45,1,24,22,7,1,14,48,38,0,10
3603,"BG & WC will have a unified government.",1,1,0,0,0,0,0,0,1,1,0,0
3604,"WC&BG will have a unified school public system, with a standard course of study on all levels, so children can move easily and not lose out",51,22,10,19,19,5,2,12,32,17,8,7
3605,"WC&BG will have magnet type schools within a unified system, so children can move in and out as interests and skills change.",41,16,5,20,14,3,2,9,27,13,3,11
3606,"There will be county and city wide recycling.  It will be subsidized to get started and become self supporting like Goodwill Industries.",1,1,0,0,0,0,0,0,1,1,0,0
3607,"All industries that require workers to drive further than a mile to work will provide shuttle services for their employees.",41,6,19,16,13,0,6,7,28,6,13,9
3608,"BG will be home, where we want to be, where we learn to love, where we experience art, good work, faith, love, family, acceptance. Home.",61,35,4,22,22,7,2,13,39,28,2,9
3609,"BG will be a KY food self sufficient city, subsidizing local small food farms and providing a 7 day market for their produce, like flealand",1,1,0,0,0,0,0,0,1,1,0,0
3610,"We will be a vibrant stop on the rail service from Louisville to Miami and New Orleans",1,1,0,0,0,0,0,0,1,1,0,0
3611,"We will have an almost 0 repeat rate of crime as we expand the jail education and counseling services that extend past the arrest",74,45,2,27,28,7,2,19,46,38,0,8
3612,"All refugees and immigrants will be enrolled in an immersion style English language and BG Culture course with graduation ""incentives"".",63,25,9,29,21,4,4,13,42,21,5,16
3613,"All Golf courses will be pesticide free and water use friendly.",52,20,5,27,19,2,3,14,33,18,2,13
3614,"BG/WC will be unified and all elections non partisian.  If you live in the county, you can vote for anyone running for office in the county.",54,23,9,22,21,6,5,10,33,17,4,12
3615,"We will learn how to merge into I 165 from I 65 without stopping.",37,12,3,22,12,2,1,9,25,10,2,13
3616,"All streets in BG and major roads will be tree lined.",69,39,6,24,25,9,4,12,44,30,2,12
3617,"All major cross walks will have stop lights that all pedestrian crossing, or walking bridges.",57,33,2,22,20,4,1,15,37,29,1,7
3618,"We need to fix the homeless problem. By creating more homeless shelters, it’s making the problem worse.",0,0,0,0,0,0,0,0,0,0,0,0
3619,"Ice rink!!!",0,0,0,0,0,0,0,0,0,0,0,0
3620,"It will be standard procedure that when any mature tree is removed by an entity at least 2 new trees will be planted and cared for.",56,31,3,22,17,3,1,13,39,28,2,9
3621,"In 2050 there will be no more topping of mature trees, publicly or privately.  Trees will be valued and properly cared for.",80,47,7,26,28,7,6,15,52,40,1,11
3622,"All walking sidewalks on major roads will be tree shaded.",1,1,0,0,0,0,0,0,1,1,0,0
3623,"Every development of 25 homes, or housing for 50 people, needs their own green space for relaxation/gardening and a bus stop.",60,31,4,25,22,4,2,16,38,27,2,9
3624,"BG will have a mini golf course that is also an arboretum and relaxation park.",53,20,3,30,21,4,2,15,32,16,1,15
3625,"Street, business and home lighting that permits us to see the stars at night and doesn't disrupt night pollinators.",61,37,2,22,20,4,1,15,41,33,1,7
3626,"BG will have better improved school systems with more college career classes allowing for more college readiness in schools",72,45,3,24,24,6,1,17,48,39,2,7
3627,"We will have a public transit system that runs both directions, not one way.",70,40,4,26,21,3,3,15,49,37,1,11
3628,"More places for families to enjoy together. I.E. YMCA with a pool, in Owensboro the river front park with splash pad, Malibu Jacks.",1,1,0,0,0,0,0,0,1,1,0,0
3629,"A center for homeless or bigger shelter. Implement a way to keep them out of parks to have a safe space for our children to play.",1,1,0,0,0,0,0,0,1,1,0,0
3630,"More dog parks, sounds silly but there’s only one official dog park where you can take your dog off leash and play with other pups!",1,1,0,0,0,0,0,0,1,1,0,0
3631,"Preserve our remaining farms.",1,1,0,0,1,1,0,0,0,0,0,0
3632,"Nature parks",1,1,0,0,1,1,0,0,0,0,0,0
3633,"Botanical garden",78,50,6,22,29,8,6,15,49,42,0,7
3634,"In 2050 our Planning Commission will not have any realtors / realtor family members on it and All members of the commission will have a vote",1,1,0,0,0,0,0,0,1,1,0,0
3635,"Another Public Cemetery",45,15,4,26,17,2,2,13,28,13,2,13
3636,"We will have more affordable well run small community home day care for those who need it.",1,1,0,0,0,0,0,0,1,1,0,0
3637,"Agriculture Museum",48,13,7,28,17,2,3,12,31,11,4,16
3638,"Reorganize the mess that our zoning is so we don't have random housing mixed into construction and retail zones. The mall area needs it bad.",49,22,6,21,14,7,1,6,35,15,5,15
3639,"I would envision BGKY 2050, with… Public transportation for city limits and make the city limits larger.",1,1,0,0,0,0,0,0,1,1,0,0
3640,"Use our existing city and county public parks as food truck venues to encourage people to go to the parks during their lunch hour!",66,33,6,27,25,5,3,17,41,28,3,10
3641,"Women's Hospital",54,25,4,25,16,3,1,12,38,22,3,13
3642,"BG could use a healthier grocery store- example: Trader Joe's",0,0,0,0,0,0,0,0,0,0,0,0
3643,"Aquarium",1,1,0,0,1,1,0,0,0,0,0,0
3644,"Grocery Store on the southside of I65. Greenwood Area",63,30,5,28,24,5,1,18,39,25,4,10
3645,"Affordable housing that is clean and decent. Less homeless because housing is affordable and easier to get",0,0,0,0,0,0,0,0,0,0,0,0
3646,"Housing developments will be required to have a mix of starter/senior, single family permanent homes, an estates, an apartmeent/ condo mix",58,23,9,26,22,1,6,15,36,22,3,11
3647,"Public transportation is a desperate need for many people. Please expand this!",1,1,0,0,0,0,0,0,1,1,0,0
3648,"Please connect us with the major Amtrak routes.",1,1,0,0,0,0,0,0,1,1,0,0
3649,"Put more thought into new neighborhood designs: too crowded with too many HOA restrictions",57,29,2,26,21,8,1,12,36,21,1,14
3650,"Bowling Green will offer commercial air service",1,1,0,0,0,0,0,0,1,1,0,0
3651,"Downtown will develop a skyline",55,20,8,27,18,2,2,14,37,18,6,13
3652,"Beautification of bowling green. The power lines going underground would be a start but further beautification would be great too!",73,51,2,20,26,10,2,14,47,41,0,6
3653,"Better options. Big lots, Burlington, and a casino being our newest options is a bad look for Bowling Green",1,1,0,0,1,1,0,0,0,0,0,0
3654,"More sidewalk and pedestrian crossings! Tired of having to cross busy roads unsafely.",1,1,0,0,0,0,0,0,1,1,0,0
3655,"More resources for unhoused people such as removing hostile architecture, more housing options and implementing harm reduction centers.",1,1,0,0,0,0,0,0,1,1,0,0
3656,"More biodiverse landscapes. (Gardens, flowers, etc.) There are plenty eco-friendly ways to keep areas neat without mowing down the habitats.",1,1,0,0,0,0,0,0,1,1,0,0
3657,"Community gardens would help the city's low income/unhoused folk",1,1,0,0,0,0,0,0,1,1,0,0
3658,"Less factories.",1,1,0,0,0,0,0,0,1,1,0,0
3659,"Do something with the empty lot on us31",1,1,0,0,0,0,0,0,1,1,0,0
3660,"Planning commission must require tasteful landscapes in the design Of apartments to not make them look like prisons.",61,34,1,26,20,7,0,13,41,27,1,13
3661,"We need a Pediatric hospital to make it easy on parents who currently have to travel to other cities or states for this.",58,32,2,24,20,4,1,15,38,28,1,9
3662,"We need more options for Seniors like art classes… water color, drawing, jewelry making, crafts, walking groups etc. more ways to socialize.",69,50,3,16,21,9,2,10,48,41,1,6
3663,"Expanded infrastructure and something to help prevent the flooding of subdivisions when we get excessive rain.",65,43,1,21,20,5,0,15,45,38,1,6
3664,"Save all the historic buildings in and around downtown showing where our history began",1,1,0,0,0,0,0,0,1,1,0,0
3665,"We need a PUBLIX",0,0,0,0,0,0,0,0,0,0,0,0
3666,"We need more businesses in North Bowling Green!",0,0,0,0,0,0,0,0,0,0,0,0
3667,"In 2050, I hope that Bowling Green will have a resort with an indoor water park. Like Great Wolf Lodge or Opry Mills.",53,16,16,21,16,4,2,10,37,12,14,11
3668,"I would like to see dedicated bicycle routes connecting parks and major historical sites in the city",0,0,0,0,0,0,0,0,0,0,0,0
3669,"We need dedicated bike paths or routes connecting city parks and major historical sites.",67,43,4,20,23,5,4,14,44,38,0,6
3670,"In 2050, I think Bowling Green should have tiny home communities. Each community should have rec areas a community pool and parks.",65,37,4,24,22,4,2,16,43,33,2,8
3671,"Consider better signage ABOVE busy intersections in town to indicate turn/straight lanes. Also more roundabout education.",68,40,1,27,24,5,0,19,44,35,1,8
3672,"In 2050 Bowling Green should develop the Bristow area of Louisville Road With  parks, affordable housing, greenways and a grocery store.",64,39,1,24,24,8,1,15,40,31,0,9
3673,"By 2050 Bowling Green hopefully will not allow builders to build in areas prone to flooding or fill sinkholes to build houses.",1,1,0,0,0,0,0,0,1,1,0,0
3674,"Would love to have more things for children/teenagers to be able to do. No more coffee shops, chicken places,dollar general,dollar trees.",0,0,0,0,0,0,0,0,0,0,0,0
3675,"How about Trader Joe’s, home goods, Publix . No more round abouts 🤦🏼‍♀️",0,0,0,0,0,0,0,0,0,0,0,0
3676,"In 2050 Bowling Green should have an interactive museum dedicated to the Shake Rag district and the history of Bowling Green/Warren County.",63,34,3,26,20,2,1,17,43,32,2,9
3677,"In 2050 hopefully the good ole boy system will be abolished. And we have elected officials that care about the people of BG and it’s future",66,40,2,24,22,8,1,13,44,32,1,11
3678,"The city invests in our local farmers markets even more turning it into a real attraction.",71,45,2,24,25,6,1,18,46,39,1,6
3679,"Concerts in the Park is great…if you have a car to get there. Try having the buses run in the evenings during such special events!",73,46,5,22,23,4,3,16,50,42,2,6
3680,"Putt Putt golf",0,0,0,0,0,0,0,0,0,0,0,0
3681,"driving range for golfers",38,8,11,19,13,3,3,7,25,5,8,12
3682,"drinking water dispensers",52,29,2,21,17,5,1,11,35,24,1,10
3683,"Revitalize existing development rather than expanding city limits. Too many run down old strip malls and vacant parking lots in this town!",1,1,0,0,0,0,0,0,1,1,0,0
3684,"More indoor tennis",30,6,6,18,10,1,0,9,20,5,6,9
3685,"Indoor water park",0,0,0,0,0,0,0,0,0,0,0,0
3686,"Ariel obstacle course",0,0,0,0,0,0,0,0,0,0,0,0
3687,"A thriving downtown needs people with discretionary income to live there. Create housing downtown that exists across all economic classes.",67,47,3,17,24,9,2,13,43,38,1,4
3688,"We do NOT need to build a separate public indoor pool when we have pools at our schools which could be opened off hours.",1,1,0,0,0,0,0,0,1,1,0,0
3689,"Put an urgent care in Sugar Maple Square.",61,30,4,27,19,5,2,12,42,25,2,15
3690,"Relocate and grow the Delafield Co-op at Sugar Maple Square.",46,18,1,27,12,3,0,9,34,15,1,18
3691,"Add more drinking water fountains to parks!",66,39,2,25,23,8,1,14,43,31,1,11
3692,"We will routinely ensure all our streetlights work in the future.",62,39,2,21,19,3,2,14,43,36,0,7
3693,"Maintain agricultural zoning and focus on multi use urban development growing up rather than growing out, which would make BG more walkable",1,1,0,0,0,0,0,0,1,1,0,0
3694,"A fairness ordinance for queer citizens",1,1,0,0,0,0,0,0,1,1,0,0
3695,"It would be nice to have an indoor ice rink with 2 sheets of ice",0,0,0,0,0,0,0,0,0,0,0,0
3696,"Hear me out - a jungle/dnb music scene",1,1,0,0,0,0,0,0,1,1,0,0
3697,"Bring a zoo to BG",1,1,0,0,0,0,0,0,1,1,0,0
3698,"Bring in a Trader Joe’s",1,1,0,0,0,0,0,0,1,1,0,0
3699,"I’d love to see the downtown square feel extend out a few blocks with tree lined streets and patio seating.",72,57,2,13,25,13,2,10,47,44,0,3
3700,"Water front development - business, restaurants, residential. A greenway by the water that is beautiful and safe would be awesome",0,0,0,0,0,0,0,0,0,0,0,0
3701,"Bowling Green will have more luxury apartments with elevators.",56,24,4,28,17,4,2,11,39,20,2,17
3702,"Bowling Green will have night clubs for older populations.",46,17,7,22,15,2,2,11,31,15,5,11
3703,"In 2050, it will be possible for kids to bike to school in Bowling Green.",65,39,6,20,21,5,4,12,44,34,2,8
3704,"Whole Foods, Trader Joe’s, or more health/fresh food places!",0,0,0,0,0,0,0,0,0,0,0,0
3705,"Expand Bowling Green's job identity by bringing in more corporate and professional positions.",1,1,0,0,1,1,0,0,0,0,0,0
3706,"Our downtown is beautiful and full of character so let's promote, not destroy this character with BG's fast growth! Let's keep BG beautiful!",1,1,0,0,0,0,0,0,1,1,0,0
3707,"More Montessori schools!  More children learning opportunities through museums & play centers",0,0,0,0,0,0,0,0,0,0,0,0
3708,"I would like to see PF Changs in BG",36,6,11,19,11,2,2,7,25,4,9,12
3709,"More focus on homeless, needy, mentally ill, & those who don't get government help- the cost of living is keeping them stuck or drowning.",1,1,0,0,0,0,0,0,1,1,0,0
3710,"We need a zoo and an aquarium.",1,1,0,0,0,0,0,0,1,1,0,0
3711,"I hope the city is a pile of ash",32,2,21,9,11,1,3,7,21,1,18,2
3712,"We need an actual Arts District. Everything is scattered. We need decent museums and art galleries—not just for local art.",1,1,0,0,0,0,0,0,1,1,0,0
3713,"Absolutely! The “bike lanes” here are the worst! It’s embarrassing!",1,1,0,0,0,0,0,0,1,1,0,0
3714,"Actually, most big cities have large immigrant populations. But we should do more to educate people about the many cultures here.",1,1,0,0,0,0,0,0,1,1,0,0
3715,"We need to maintain our historic homes and landmarks instead of destroying them to build ugly parking structures & ball fields!",1,1,0,0,0,0,0,0,1,1,0,0
3716,"We need an international airport.",34,3,20,11,10,0,4,6,24,3,16,5
3717,"There should be more homeschool resources here. We have tons of homeschooled kids in BG.",54,19,6,29,14,3,1,10,40,16,5,19
3718,"We need to make it easier for young people to start businesses here so they’ll stay after they graduate from Western.",68,41,4,23,23,6,1,16,45,35,3,7
3719,"We need a decent casino!",38,4,23,11,11,0,4,7,27,4,19,4
3720,"We should appreciate WKU’s Theater & Art depts by having them create public art & do community dinner theaters.",64,33,6,25,24,3,4,17,40,30,2,8
3721,"We need a good sculpture garden!",1,1,0,0,0,0,0,0,1,1,0,0
3723,"We need to market WKU’s Art dept far & wide. One of the best art colleges ever & sadly, one of BG’s best kept secrets.",58,28,5,25,19,0,2,17,39,28,3,8
3724,"We need decent art festivals. Ours are garbage! White Squirrel made non-locals give up on our art scene. Badly done, didn’t last long.",1,1,0,0,0,0,0,0,1,1,0,0
3725,"We need a nuclear facility.",45,6,20,19,15,3,4,8,30,3,16,11
3726,"Community gardens need to have easily accessible water. Kereiakes gardens are great only if you have a car to transport water. :(",62,42,2,18,19,7,2,10,43,35,0,8
3727,"In BG 2050, I hope to see an ordinance that limits the number of vape shops.",69,38,6,25,22,6,2,14,47,32,4,11
3728,"We need a better library & more of them!",1,1,0,0,0,0,0,0,1,1,0,0
3729,"Mammoth Cave should be « the crown jewel » of local tourism. On the weekends offer bus service from Nashville to downtown BG to Mammoth.",43,11,4,28,16,0,2,14,27,11,2,14
3730,"Prioritize local businesses over box stores and chains. Start a BUY LOCAL campaign!",68,45,2,21,21,5,1,15,47,40,1,6
3731,"Create or task a group (Strongtowns?) to evaluate underutilization of public facilities and then make recommended changes!",55,20,7,28,20,3,3,14,35,17,4,14
3732,"Why did the SNAP/MEDICAID office get put in a “posh” part of town instead of the neighborhood where recipients live?",1,1,0,0,0,0,0,0,1,1,0,0
3733,"I would love to see affordable rooms to rent for parties.",59,26,1,32,20,1,0,19,39,25,1,13
3734,"Louisville Road and Russellville Road will receive equal beautification to Cemetery Road. Beautification for all corridors, not just wealthy areas.",62,41,1,20,21,5,1,15,41,36,0,5
3735,"We need smaller retail/commercial spaces for lease. The existing rentals are so expensive that it makes it tough for new entrepreneurs.",61,38,1,22,18,5,1,12,43,33,0,10
3736,"We need more and better hospitals.",1,1,0,0,0,0,0,0,1,1,0,0
3737,"Please bring us a local yarn store!",60,25,9,26,21,3,4,14,39,22,5,12
3738,"Saturday bus service!",57,33,4,20,20,3,3,14,37,30,1,6
3739,"Ever notice how people from the West End and Delafield do not come to events like Concerts in the Park? BUS SERVICES during events!",69,39,4,26,23,3,4,16,46,36,0,10
3740,"FIX THE POTHOLES!",69,44,2,23,23,8,0,15,46,36,2,8
3741,"Strengthen neighborhoods by creating districts. Major cities have Chinatowns, LGBTQ neighborhoods, & Italian Quarters. Celebrate diversity!",55,21,15,19,16,1,7,8,39,20,8,11
3742,"Too many former single family homes have been taken over as apartments for students pushing locals out. WKU must build dorms!",1,1,0,0,0,0,0,0,1,1,0,0
3743,"Replace chain businesses (coffee shops, etc) on WKU with locally owned businesses.",65,38,6,21,21,5,2,14,44,33,4,7
3744,"We need to contract with a bike rental provider like other cities do!",1,1,0,0,0,0,0,0,1,1,0,0
3745,"We will invest more in research at WKU.",70,35,9,26,24,5,4,15,46,30,5,11
3746,"We will do more to connect our private industry to academia.",55,30,2,23,17,3,1,13,38,27,1,10
3747,"It will be illegal to smoke marijuana publicly that causes an odor that bothers others.",69,38,10,21,22,8,4,10,47,30,6,11
3748,"A Costco or trader joes",1,1,0,0,0,0,0,0,1,1,0,0
3749,"Get youth from WKU involved in local government. Create a student community committee to make recommendations to improve BG.",68,35,10,23,22,3,6,13,46,32,4,10
3750,"Partner with WKU faculty to create research projects conducted by students to benefit the community and all who live here.",64,42,3,19,23,6,2,15,41,36,1,4
3751,"Let WKU students leave their mark here or develop their future home as they want - create community projects which involve them!",72,42,9,21,25,3,5,17,47,39,4,4
3752,"There is too little representation by Delafield/West End residents in local government. This MUST change. All voices to be heard.",49,20,4,25,18,1,3,14,31,19,1,11
3753,"There are some incredible civic-minded people volunteering in BG, bring some of these folks in to work with the local government.",67,42,1,24,22,6,0,16,45,36,1,8
3754,"Elected officials should be required to “live for a day” as a person confined to a wheelchair, as a person dependent on public transit, etc.",67,37,8,22,22,7,2,13,45,30,6,9
3755,"Bowling Green needs sculpture gardens to support local artists and enrich the community.",64,30,9,25,21,1,7,13,43,29,2,12
3756,"I hope our business community support all businesses regardless of political party affiliation.",49,25,3,21,16,2,1,13,33,23,2,8
3757,"Relocate Beech Bend so the traffic doesn’t interfere with private residences.",33,2,13,18,12,0,4,8,21,2,9,10
3758,"We need more support for our homeless population",0,0,0,0,0,0,0,0,0,0,0,0
3759,"Have special event bus routes/services during the fair, festivals, concerts, etc. so people w/o cars aren’t excluded.",69,46,4,19,23,7,3,13,46,39,1,6
3760,"Please encourage groups to better schedule events. We don’t need Mystic Arts Fair on the same day as White Squirrel Fest.",49,18,4,27,15,2,1,12,34,16,3,15
3761,"We need to allow more food trucks & possibly have a food truck park.",59,33,3,23,20,6,2,12,39,27,1,11
3762,"We need a large scale nature preserve with hiking & biking trails.",69,47,2,20,22,7,2,13,47,40,0,7
3763,"I envision a master plan to help streamline traffic.  A plan to beautify major roadways and bury electric cables.",1,1,0,0,1,1,0,0,0,0,0,0
3764,"Create open spaces that have bike and walking paths",1,1,0,0,1,1,0,0,0,0,0,0
3765,"Create incentives for businesses to be attracted to bowling green that can offer substantial living wages.",68,42,3,23,26,8,3,15,42,34,0,8
3766,"Attract Costco to the area",1,1,0,0,1,1,0,0,0,0,0,0
3767,"Stop with all the building restrictions out in the county! Get rid of the Big Bro drones! Why can’t you just build a shed on land you own?!",1,1,0,0,0,0,0,0,1,1,0,0
3768,"There must be a bus route to take people to Preston Miller Park and the Sims Aquatic Center! Car access only?",1,1,0,0,0,0,0,0,1,1,0,0
3769,"Create an environment that attracts young families so that Bowling Green will be known for the best city to raise a family",72,47,5,20,26,10,2,14,46,37,3,6
3770,"No bus access to Baker Arboretum?",1,1,0,0,0,0,0,0,1,1,0,0
3771,"No bus access to Bob Kirby Library with the only IDEA lab?",1,1,0,0,0,0,0,0,1,1,0,0
3772,"I don’t like having to say this, but there is too much disparity between public services for wealthy folks & us poor folks in this town.",46,20,4,22,13,4,1,8,33,16,3,14
3773,"We need disability accessible parks with lots of nature for those in wheelchairs & on crutches.",65,39,3,23,20,2,1,17,45,37,2,6
3774,"FIX ALL THE FLOODING!",41,18,3,20,17,4,1,12,24,14,2,8
3775,"We need disaster relief centers.",67,39,3,25,24,4,2,18,43,35,1,7
3776,"I want  the Shake Rag community preserved and protected. It has unfairly dwindled enough in size. I don't want it destroyed like Jonesville.",0,0,0,0,0,0,0,0,0,0,0,0
3777,"Create an environment that embraces eco tourism",62,36,3,23,22,3,1,18,40,33,2,5
3778,"Stop building on top of the caves! It’s ignorant & dangerous & it will ruin them!",55,24,3,28,19,3,2,14,36,21,1,14
3779,"Trader Joe’s Please. More pickle ball courts.",1,1,0,0,1,1,0,0,0,0,0,0
3780,"The city will have changed enough that Google updates Street View.",42,16,3,23,13,3,0,10,29,13,3,13
3781,"Bowling Green needs a good restaurant with a variety of live music for the 30 to 50 crowd.",49,23,2,24,16,3,1,12,33,20,1,12
3782,"Establish a homeless encampment somewhere safe for these folks. Bathrooms and showers. Laundry. Help.",67,25,20,22,24,4,7,13,43,21,13,9
3783,"Commercial Airline flights",1,1,0,0,1,1,0,0,0,0,0,0
3784,"We will have less apartments and more affordable single family starter homes and traditional safe neighborhoods",54,23,7,24,16,6,1,9,38,17,6,15
3785,"Give us a COSTCO.",1,1,0,0,1,1,0,0,0,0,0,0
3786,"Fewer chain restaurants.",58,31,2,25,18,5,0,13,40,26,2,12
3787,"Bring back BG’s electric rail cars of the 1920s all though downtown with spokes continuing through the county.",51,18,6,27,18,2,2,14,33,16,4,13
3788,"Public places and events that don’t revolve solely around eating, drinking alcohol, or entertaining young children.",65,40,4,21,20,5,2,13,45,35,2,8
3789,"Grow our small airport for commercial airline options",1,1,0,0,0,0,0,0,1,1,0,0
3790,"Fewer American flags at public institutions. We’re not lost, we know it’s the US.",62,20,25,17,23,4,14,5,39,16,11,12
3791,"Public celebrations of non-Christian religions and secularism.",66,29,14,23,20,4,7,9,46,25,7,14
3792,"Neighborhoods built around parks, not just supported by HOAs. Efforts like hunters crossing is doing to create food truck and holiday events",1,1,0,0,1,1,0,0,0,0,0,0
3793,"Public education events promoting inclusivity and discouraging xenophobia.",67,35,13,19,21,1,9,11,46,34,4,8
3794,"Look to places like Lausanne, Switzerland to develop a public transit system which can grow as the city grows in size.",69,35,6,28,25,4,4,17,44,31,2,11
3795,"We need an Opera house.",42,8,12,22,12,0,3,9,30,8,9,13
3796,"More restaurants that cater to vegetarians, vegans, and offer meat alternatives",56,26,7,23,19,3,3,13,37,23,4,10
3797,"Attract more GP Doctors",65,38,3,24,22,5,1,16,43,33,2,8
3798,"Real recycling service where you get a recycling can.",1,1,0,0,0,0,0,0,1,1,0,0
3799,"We need to emphasize public transit. This is a college town with thousands of students coming in every Fall thru Spring.",1,1,0,0,0,0,0,0,1,1,0,0
3800,"As our seniors lose their driving privileges, we must have good public transit for them to continue to have active lives.",1,1,0,0,0,0,0,0,1,1,0,0
3801,"Greater disposal services, such as a community dump open daily like Knoxville has, so you’re more easily able to dispose of large trash.",58,34,4,20,19,6,2,11,39,28,2,9
3802,"An area like downtown Knoxville, with many outdoor dining options, tied to farmers market, and upscale local retail connected to a walk thru",52,29,2,21,21,8,1,12,31,21,1,9
3803,"More ethnic cuisine",68,46,5,17,22,6,4,12,46,40,1,5
3804,"Increased funding for quality public school education, including AP classes and magnet-school career path training.",1,1,0,0,0,0,0,0,1,1,0,0
3805,"More dog friendly restaurants.",41,15,10,16,14,0,3,11,27,15,7,5
3806,"Make sure that the bus goes out to the senior citizen’s center at Ephraim White Park. Many seniors do not drive!",65,47,2,16,22,6,2,14,43,41,0,2
3807,"We need charter schools.",2,1,1,0,0,0,0,0,2,1,1,0
3808,"A city wide minimum wage increase to attract more skilled workers.",54,22,12,20,19,3,6,10,35,19,6,10
3809,"Grow BG attractions beyond chain restaurants and retail.",1,1,0,0,0,0,0,0,1,1,0,0
3810,"An intimate music venue like the Grove in Glasgow.",51,26,3,22,17,2,2,13,34,24,1,9
3811,"Entertainment for young professionals and people without children.",62,35,1,26,21,3,0,18,41,32,1,8
3812,"Large food halls like in Europe with upscale community style dining, showcasing local cuisine",59,31,4,24,20,5,2,13,39,26,2,11
3813,"Continue expanding medical training and education from University of Kentucky into the BG community.",61,38,2,21,21,7,1,13,40,31,1,8
3814,"Expand the indoor farmers market with larger eating areas",65,45,1,19,21,8,1,12,44,37,0,7
3815,"Better ways to deal with sinkholes- detection and preventing building on them",63,41,1,21,21,9,1,11,42,32,0,10
3816,"We should have a street in downtown Bowling Green that is closed to traffic - it's only for  walking to restaurants and retail",47,17,7,23,18,4,3,11,29,13,4,12
3817,"Penis",1,1,0,0,0,0,0,0,1,1,0,0
3818,"More public events not hosted by churches.",61,24,10,27,22,3,8,11,39,21,2,16
3819,"Blue Zone Community initiatives to support longevity and healthy living.",51,27,4,20,18,6,3,9,33,21,1,11
3820,"Jig Bonson",1,1,0,0,0,0,0,0,1,1,0,0
3821,"More crime",1,1,0,0,0,0,0,0,1,1,0,0
3822,"Idk",1,1,0,0,0,0,0,0,1,1,0,0
3823,"We will vote for more progressive healthcare policy to promote retention of physicians who train in KY but are afraid to work in red states",61,36,4,21,21,6,3,12,40,30,1,9
3824,"More accessible outdoor activities like kayaking, biking, hiking, rock climbing, etc",61,43,1,17,19,8,1,10,42,35,0,7
3825,"Landscaping debris removal.",53,27,2,24,16,6,0,10,37,21,2,14
3826,"A large dog park that is more than just a square of grass with no trees, benches or water features.",52,28,4,20,17,2,3,12,35,26,1,8
3827,"Health food centered grocery stores like Trader Joe's/ Whole foods/sprouts",1,1,0,0,0,0,0,0,1,1,0,0
3828,"Drive in movie theater",1,1,0,0,0,0,0,0,1,1,0,0
3829,"Dim sum restaurant",61,21,8,32,20,0,4,16,41,21,4,16
3830,"Alamo Drafthouse or something similar",37,6,6,25,12,1,1,10,25,5,5,15
3831,"Dave and Busters",1,1,0,0,0,0,0,0,1,1,0,0
3832,"More free indoor playgrounds",1,1,0,0,0,0,0,0,1,1,0,0
3833,"Specialized children's and fetal hospital",57,29,3,25,19,3,2,14,38,26,1,11
3834,"We need a prison here.",1,1,0,0,0,0,0,0,1,1,0,0
3835,"Premiere vision and hearing services: like for hearing tests and cochlear implants. Not everyone can go to Nashville or Louisville",60,33,2,25,19,1,2,16,41,32,0,9
3836,"Bowling green could be a lovely mini-Lexington if it prioritized things other than chain restaurants & retail and young family events",1,1,0,0,0,0,0,0,1,1,0,0
3837,"Independent book stores that are non religious",58,32,3,23,20,3,2,15,38,29,1,8
3838,"More warming and safe shelters for homeless people overnight for when the weather is bad. Like actually overnight, not just closing at 8pm.",61,36,4,21,19,4,3,12,42,32,1,9
3839,"Have the 10K at a park, not on public roads!",53,14,18,21,17,3,4,10,36,11,14,11
3840,"Invest in support programs for children with disabilities, such as Cincinnati’s school and job training programs for children with autism.",63,32,3,28,21,2,2,17,42,30,1,11
3841,"We need more school buildings. This will provide for smaller class size ratios which will make teachers happy. Happy teachers stay longer.",64,29,8,27,21,3,3,15,43,26,5,12
3842,"More schools. Schools to be separated in the following grades: Pre-K (3-4); K-4; intermediate 5-6; middle 7-9; high school 10-12",45,10,12,23,15,1,5,9,30,9,7,14
3843,"Improve medical care by reducing patient to provider ratio and requiring more stringent continuing education requirements.",58,28,2,28,20,4,2,14,38,24,0,14
3844,"Normalize holding children back a year, skipping a grade, and having an extra senior year.",36,12,7,17,12,1,4,7,24,11,3,10
3845,"Offer regular cancer education and screening opportunities. KY has the highest cancer incidence and mortality in the US. Let’s change that.",64,42,0,22,22,5,0,17,42,37,0,5
3846,"promote the display of rainbow flags and multicultural flags so that all feel welcome here.",53,21,15,17,18,2,8,8,35,19,7,9
3847,"Bowling green needs a secular private school, it would be better if it is low tech.",44,12,14,18,14,3,3,8,30,9,11,10
3848,"Cat cafes that work in conjunction with animal shelters",1,1,0,0,0,0,0,0,1,1,0,0
3849,"Large playground like the one in Owensboro",59,29,4,26,20,4,1,15,39,25,3,11
3850,"Birthing centers that work in conjunction with midwives, doulas, and MFM doctors",1,1,0,0,0,0,0,0,1,1,0,0
3851,"More/bigger Food co-ops working to reduce food deserts",58,36,1,21,20,1,1,18,38,35,0,3
3852,"More gluten free and vegan restaurants",1,1,0,0,0,0,0,0,1,1,0,0
3853,"Bring in a Microcenter. Its like bestbuy before it became a dumpster fire.",31,2,7,22,10,2,1,7,21,0,6,15
3854,"Ban diesel pickups or fine those who roll-coal. Its low class and unhygenic.",35,11,9,15,10,2,2,6,25,9,7,9
3856,"All the main road to BG should be like cemetery road. And cemetery road should use perennial flows, as it cuts down on maintenance.",1,1,0,0,1,1,0,0,0,0,0,0
3857,"The former BB&T bank on fountain square should be seized and turned to apartments with the adjectent space turned into a parklet.",45,18,4,23,14,4,2,8,31,14,2,15
3858,"SKyCTC should create certificates that are applicable to the careers available in town.",53,26,3,24,20,4,1,15,33,22,2,9
3859,"SKyCTC should not require frivolous classes like history and gender studies. The point of a tech school are practical skills not theory.",40,10,21,9,13,5,4,4,27,5,17,5
3860,"WKU should cut down on unccessary GenEd classes. School is already expensive for most of us. I don't care about Shakespeare.",39,6,18,15,12,3,2,7,27,3,16,8
3861,"The foreign owned groccery stores should market better and have their own websites where I can see the products they carry.",43,17,3,23,13,3,0,10,30,14,3,13
3862,"Noise pollution fines for boomers on Harleys and all low IQ bikers",1,1,0,0,1,1,0,0,0,0,0,0
3863,"BG2050 will expand dead end McJobs and our poverty rate will increase from 25.5% to 67.8%. We will all work for Arbys and Walmart.",33,2,21,10,12,1,4,7,21,1,17,3
3864,"Will actually try to prevent slumlords.",65,47,2,16,20,6,2,12,45,41,0,4
3865,"High speed rail from BG to Nashville/Louisville. A direct connection to BNA airport.",1,1,0,0,0,0,0,0,1,1,0,0
3866,"My feeling is that we have accepted enough refugees that affects our school systems",1,1,0,0,0,0,0,0,1,1,0,0
3867,"A dedicated website showing events, activities, sports sign ups, programs in one spot.  Like a 211 but online instead of separate advrtsngs",60,32,2,26,21,3,1,17,39,29,1,9
3868,"Have WKU basketball and football allow fans to move down to lower seats after the first 10 minutes are over",38,9,6,23,12,1,2,9,26,8,4,14
3869,"As subdivisions get annexed, make sure the roads to those subdivisions are upgraded.   Currently lots of traffic on those narrow roads.",52,29,2,21,15,5,0,10,37,24,2,11
3870,"Community Centers will offer affordable daycare programs.",58,34,2,22,18,2,2,14,40,32,0,8
3872,"Trader Joe’s or Whole Foods.",1,1,0,0,0,0,0,0,1,1,0,0
3873,"More healthcare catered to the pediatric patients such as a pediatric ER.",1,1,0,0,0,0,0,0,1,1,0,0
3874,"I hope that local and state police will actively pursue criminals instead of ignoring them.",37,11,1,25,12,3,0,9,25,8,1,16
3875,"The City of Bowling Green should purchase all of the floodplains within its jurisdiction to ensure that unscrupulous developers can't build at-risk homes there.",55,22,9,24,18,3,1,14,37,19,8,10
3876,"We will have a 24/7 diner!",52,28,1,23,17,4,1,12,35,24,0,11
3877,"We will have murals, statues. and other artwork downtown from WKU faculty and student artists.",66,41,8,17,22,3,5,14,44,38,3,3
3878,"With the growing population, it will be imperative to develop a better traffic flow.May need to look at below ground utilities for expansion",0,0,0,0,0,0,0,0,0,0,0,0
3879,"In 2050, Bowling Green and surrounding communities will support WKU rather than University of Louisville or University of Kentucky.",47,20,7,20,16,5,2,9,31,15,5,11
3880,"In the future, WKU events will be more family friendly and affordable.",53,26,1,26,19,5,0,14,34,21,1,12
3881,"In the future, Bowling Green will have more entertainment for couples!",59,29,2,28,20,3,1,16,39,26,1,12
3882,"I hope Bowling Green continues to support SKyPAC and its resident companies.",60,36,3,21,21,4,2,15,39,32,1,6
3883,"We need a place where single mothers can all come together and share their tales.",50,24,3,23,15,3,2,10,35,21,1,13
3884,"Bike paths and more sidewalks. Walkability!",1,1,0,0,0,0,0,0,1,1,0,0
3885,"We need to get rid of cell phones and install more phone booths like in England.",35,1,19,15,11,0,3,8,24,1,16,7
3886,"We need a Planned Parenthood",69,31,19,19,23,5,10,8,46,26,9,11
3887,"We will have a public Montessori school!",38,14,6,18,11,2,2,7,27,12,4,11
3888,"We will have a public nature-based school!",48,21,9,18,14,4,1,9,34,17,8,9
3889,"I would love to see public schools move away from chromebooks and screens and get kids outside, moving, with some practical life lessons.",65,43,4,18,20,10,0,10,45,33,4,8
3890,"Bowling Green will have arcade rooms.",43,14,3,26,15,2,0,13,28,12,3,13
3891,"Bowling Green will have a Main Event.",34,6,6,22,9,1,0,8,25,5,6,14
3892,"We will have a greenway trail all around the outskirts of BG.",62,44,3,15,22,9,3,10,40,35,0,5
3893,"Bowling Green will have an indoor basketball/gym that leagues cannot rent. It will be open gym only.",42,14,4,24,12,1,1,10,30,13,3,14
3894,"In the future, I hope ALL areas of BG are clean and decorated and not just the fancy neighborhoods/parts of town.",60,42,0,18,19,7,0,12,41,35,0,6
3895,"I’d like to see more outdoor walkable retail/recreational spaces, more greenery, less visible utilities.",0,0,0,0,0,0,0,0,0,0,0,0
3896,"Healthier grocery stores, healthier restaurants",0,0,0,0,0,0,0,0,0,0,0,0
3897,"In 2050, Bowling Green will have no city taxes. City taxes are a scam.
",30,4,14,12,10,2,2,6,20,2,12,6
3898,"BG will provide a 7-day market for local produce, like Flealand.",51,22,3,26,17,3,1,13,34,19,2,13
3899,"Bowling Green will have a Malibu Jack's.",25,1,9,15,8,1,3,4,17,0,6,11
3900,"In 2050, all members of our Planning Commission will have a vote.",35,13,0,22,10,2,0,8,25,11,0,14
3901,"Bowling Green make its city limits larger.",32,8,7,17,12,2,2,8,20,6,5,9
3902,"Legalize recreational cannabis",2,0,1,1,1,0,1,0,1,0,0,1
3903,"We will remove hostile architecture for our unhoused people.",39,13,3,23,15,2,1,12,24,11,2,11
3904,"We will implement harm reduction centers for our unhoused people.",53,23,3,27,17,1,2,14,36,22,1,13
3905,"In the future, we will have fewer factories in Bowling Green.",29,2,11,16,11,0,4,7,18,2,7,9
3906,"Bowling Green will not have any more coffee shops.",37,6,15,16,12,1,2,9,25,5,13,7
3907,"Bowling Green will not have any more chicken places.",33,4,12,17,11,2,1,8,22,2,11,9
3908,"Bowling Green will not have any more Dollar General or Dollar Tree stores.",50,16,12,22,15,3,4,8,35,13,8,14
3909,"NO NORTHERN BYPASS!!!!!!",1,1,0,0,1,1,0,0,0,0,0,0
3910,"We will have an aerial obstacle course in the Bowling Green area.",40,9,7,24,13,2,2,9,27,7,5,15
3911,"In 2050 you have to have an minimum IQ test level to vote",32,3,18,11,10,1,2,7,22,2,16,4
3912,"Local Engineers actually design subdivisions that work",1,1,0,0,1,1,0,0,0,0,0,0
3913,"Bowling Green needs a jungle drum and bass (DnB) music scene.",31,3,9,19,12,0,3,9,19,3,6,10
3914,"More focus on those who don't get government help but for whom the cost of living is keeping them stuck or drowning.",53,28,4,21,19,4,0,15,34,24,4,6
3915,"Bowling Green should do more to educate people about the many cultures here.",58,36,5,17,19,2,4,13,39,34,1,4
3916,"We need to encourage competition among electricity utilities.",41,15,4,22,14,2,1,11,27,13,3,11
3918,"We become less reliant on volunteer fire departments for fire protection and emergency services. Hire full-time professional firefighters.",1,1,0,0,1,1,0,0,0,0,0,0
3919,"More pickleball courts",1,1,0,0,1,1,0,0,0,0,0,0
3920,"I’d like to see the return of high school championships. Football, girls basketball, softball, baseball, etc. to provide source of tourism",56,23,10,23,20,5,3,12,36,18,7,11
3921,"The creation of a community turf sports complex to host soccer and summer football games",1,1,0,0,1,1,0,0,0,0,0,0
3922,"Community indoor pool for winter months.",1,1,0,0,1,1,0,0,0,0,0,0
3923,"Nothing much will really change. BG doesn't have the human capital, or capital to make substantial needed changes. 25 more years of mediocre",37,4,23,10,9,3,0,6,28,1,23,4
3924,"Creating a campground at Shanty Hollow Lake. To include tent camping, RV access, and glamping.",52,26,4,22,16,5,1,10,36,21,3,12
3925,"Bowling Green will become a safe-haven and sanctuary city for the marginalized and dispossessed.",60,23,17,20,19,1,7,11,41,22,10,9
3926,"Bowling Green will host many temples and places of worship of all kinds.",57,25,9,23,16,2,4,10,41,23,5,13
3927,"Adding a science/adventure museum would be an asset to this community. Low cost/seasonal passes/local concessions",1,1,0,0,0,0,0,0,1,1,0,0
3928,"It would be great to see more activities added throughout town such as a nice indoor putt putt, lazer tag, arcade (or barcade), etc.",1,1,0,0,0,0,0,0,1,1,0,0
3929,"More unique restaurants/food experiences! We have to start supporting our local chefs so that we don’t lose them to big cities.",1,1,0,0,0,0,0,0,1,1,0,0
3930,"More paved walking trails to promote a healthy lifestyle",1,1,0,0,1,1,0,0,0,0,0,0
3931,"Have a free recycling program",64,42,3,19,23,9,2,12,41,33,1,7
3932,"Pay the school teachers a better salary.  Yes, taxes will need to increase but the children’s education will be better.",1,1,0,0,1,1,0,0,0,0,0,0
3933,"Get rid of the access road on Scottsville road and make Scottsville Road wider instead",1,1,0,0,1,1,0,0,0,0,0,0
3934,"A container park w/ a variety of food options (healthy ones too) a bar, & a cool space to hang out for everyone including families and dogs",50,24,5,21,14,4,1,9,36,20,4,12
3935,"More dog friendly restaurants and bars.",1,1,0,0,0,0,0,0,1,1,0,0
3936,"Trader Joe’s, Whole Foods, Sprouts, or Fresh Thyme would be massive upgrades to add here.",1,1,0,0,0,0,0,0,1,1,0,0
3937,"Homelessness will not be an issue or at least less of an issue than it is now",1,1,0,0,1,1,0,0,0,0,0,0
3938,"More hiking trails (no rocks please) - let it be natural",60,36,2,22,21,5,2,14,39,31,0,8
3939,"Nicer, more ethnic, and better for you restaurants - stop with the chains and fried food.",1,1,0,0,1,1,0,0,0,0,0,0
3940,"We will still have farms!  They won’t all have been built on.  Preserve the open space",1,1,0,0,1,1,0,0,0,0,0,0
3941,"I would love to see a Bourbon distillery in BG. I’ve been thinking of starting one so it was funny to see people wanting that too on here",1,1,0,0,0,0,0,0,1,1,0,0
3942,"We will do our part to ensure people are healthy - offering parks, farmers markets, PE for students, 5ks, etc…all around the county",1,1,0,0,1,1,0,0,0,0,0,0
3943,"We will still be known for WKU and Corvettes",1,1,0,0,1,1,0,0,0,0,0,0
3944,"Young people will be able to live on their own without the need of a dual income",62,41,1,20,20,9,0,11,42,32,1,9
3945,"We need more softscape along Scottsville Rd business area",1,1,0,0,1,1,0,0,0,0,0,0
3946,"Have some entertainment, shopping in south warren",39,17,0,22,14,3,0,11,25,14,0,11
3947,"Bowling Green City Schools and Warren County Public Schools will merge into one school system.",57,27,18,12,18,8,6,4,39,19,12,8
3948,"Remove homeless camps and stop panhandlers at intersections.",1,1,0,0,1,1,0,0,0,0,0,0
3949,"We need to join with larger healthcare partners to provide better healthcare services to our communities.",62,37,2,23,21,5,0,16,41,32,2,7
3950,"Strive for the Hallmark town feel. Lots of little events.",52,29,4,19,17,8,1,8,35,21,3,11
3951,"Reduce the amount of property owned by out of state companies. Prioritize local.",1,1,0,0,1,1,0,0,0,0,0,0
3952,"City and county infrastructure must be a priority over population growth. We currently have  traffic congestion issues on all primary roads.",1,1,0,0,0,0,0,0,1,1,0,0
3953,"We will have a professional football team (USFL)",45,6,24,15,13,2,6,5,32,4,18,10
3954,"Born here, plan to die here. Not everyone is interested in pop growing as described. These jobs aren’t for folks here but bringing in.",1,1,0,0,0,0,0,0,1,1,0,0
3955,"Will have a barcade",45,13,8,24,15,2,3,10,30,11,5,14
3956,"School choice and more private school options.",1,1,0,0,1,1,0,0,0,0,0,0
3957,"Expand services for the homeless and low income communities.",1,1,0,0,0,0,0,0,1,1,0,0
3958,"No city or county taxes. Find another way to raise money.",1,1,0,0,1,1,0,0,0,0,0,0
3959,"In 2050, instances of homelessness in BG/WC will be rare and very brief, or functionally zero.",65,44,3,18,21,7,2,12,44,37,1,6
3960,"Enabling resources to be a cell phone tap away, fully integrated with the city. Transit, groceries, same day deliveries, adventure!",46,16,5,25,14,0,1,13,32,16,4,12
3961,"Work with local businesses to create a more flexible work/home/family lifestyle. Not a yearly picnic, but genuine interaction.",44,17,3,24,16,2,1,13,28,15,2,11
3962,"Encourage local startups to focus on selling needed, tangible items, not “crafts”. This promotes true growth as their business expands",42,17,4,21,12,3,0,9,30,14,4,12
3963,"If “everything” becomes a states-thing… We are THE best medical/mental health town in the nation. Offering street meds, Telehealth to all.",27,5,4,18,8,1,0,7,19,4,4,11
3964,"There should be a threshold for urban development. It needs to be the majority  but it cannot be 100% urban either.",1,1,0,0,0,0,0,0,1,1,0,0
3965,"Additional CLOSE parking needs adding. Current Garage is not close enough nor safe enough.",1,1,0,0,0,0,0,0,1,1,0,0
3966,"About protections: Non-discrimination yes, special rights and entitlements no",1,1,0,0,0,0,0,0,1,1,0,0
3967,"More seasonal festivals like Harvest Fest to bring the community together. Ex: spring fling, summer fest, etc",58,37,2,19,16,2,1,13,42,35,1,6
3968,"Our main streets get so over crowded with car conventions I can’t imagine adding more traffic stressors",1,1,0,0,0,0,0,0,1,1,0,0
3969,"Yes to designated zones, but not the whole dang city. Not down major roads except by wide sidewalks.",1,1,0,0,0,0,0,0,1,1,0,0
3970,"And cover more of the whole county",1,1,0,0,0,0,0,0,1,1,0,0
3971,"Malls are on their way out.",1,1,0,0,0,0,0,0,1,1,0,0
3972,"More indoor public parks for kids to play at in the winter",1,1,0,0,0,0,0,0,1,1,0,0
3973,"Dedicated indoor pickleball in county & city recreation centers. Pickleball added to Lovers Lane complex.",1,1,0,0,0,0,0,0,1,1,0,0
3974,"This is not the govt's job: By 2050, WKU will have more competitive sports programs and attract more of the community to its sporting events",1,1,0,0,1,1,0,0,0,0,0,0
3975,"Science & children’s museum. Additional indoor playgrounds",1,1,0,0,0,0,0,0,1,1,0,0
3976,"This comment is pointless: ""BG will not waste money on pointless projects & use the money to build up community activities."" Which projects?",1,1,0,0,1,1,0,0,0,0,0,0
3977,"Yes, but he doesn't say how. Not helpful. ""Would like to see traffic issues combatted on Scottsville Road.""",1,1,0,0,1,1,0,0,0,0,0,0
3978,"I'm sure we have this already, but okay. ""BG will have an intentional and mapped out underground stormwater system.""",1,1,0,0,1,1,0,0,0,0,0,0
3979,"Actually we need 3-4. ""Ensure we remain a two hospital community; choice is key and promotes competition. We already struggle to serve all.""",1,1,0,0,1,1,0,0,0,0,0,0
3980,"No. We already took away way too much parking to put in more trees. ""I'd like to see less concrete in our city and more trees.""",1,1,0,0,1,1,0,0,0,0,0,0
3981,"AI steals jobs and is evil. BG should steer clear.",47,11,11,25,16,3,1,12,31,8,10,13
3982,"More billboards (if the sign permits put more money in the city coffers). We can look like Vegas for all I care -- as long as it raises $.",35,2,19,14,12,1,4,7,23,1,15,7
3983,"Daily News should be locally owned",1,1,0,0,1,1,0,0,0,0,0,0
3984,"They are literally typing this in one. ""To prepare for 2050, send out surveys and ask people what they’d like to see.""",1,1,0,0,1,1,0,0,0,0,0,0
3985,"Yes, but this wouldn't affect Scottsville Rd. ""Parkway system similar to 264 or 265 in Louisville to help ease traffic on Scottsville Road.""",1,1,0,0,1,1,0,0,0,0,0,0
3986,"Yes, but not city's job. ""BG will expand events around Hilltopper football to include weekend-long fan experiences with local partnerships.""",1,1,0,0,1,1,0,0,0,0,0,0
3987,"The citizens of BG are ridiculously misled 90% of these statements are not the gov't job. Good things, sure, but the purview of individuals.",1,1,0,0,1,1,0,0,0,0,0,0
3988,"BG need to be educated on the role of govt vs role of business vs role of private citizens. Most suggestions here are not the govt's job,",1,1,0,0,1,1,0,0,0,0,0,0
3989,"Citizens must take action and take responsibility for BG's future and stop relying on govt. Most of these opinions are THEIR responsibility.",55,25,5,25,17,8,1,8,38,17,4,17
3990,"Not gov't's job: ""BG will host a bourbon cocktail competition with top local mixologists."" If they want this, they should do it themselves.",1,1,0,0,1,1,0,0,0,0,0,0
3991,"Not true: ""Most cities are turning their malls like ours into indoor walking/running/sports facilities."" Most cities are not doing this.",1,1,0,0,1,1,0,0,0,0,0,0
3992,"Urban sprawl is good because more business paying taxes lowers individual taxes.",1,1,0,0,1,1,0,0,0,0,0,0
3993,"In 2050, Warren county residents will see a network of Biblical Christian churches as the backbone for mental heath and homeless recovery",48,11,22,15,15,5,4,6,33,6,18,9
3994,"More parks and recreation facilities for indoor sports and outdoor parks including sand volleyball courts to encourage health and wellness.",1,1,0,0,0,0,0,0,1,1,0,0
3995,"Centralized downtown farmers market that is open all year round at least three days a week with indoor/outdoor vendors.",59,37,2,20,19,6,2,11,40,31,0,9
3996,"Downtown needs revitalized. Its beautiful a centralized farmers market would bring more foot traffic.",1,1,0,0,0,0,0,0,1,1,0,0
3997,"DMV should be a one stop shop for all licensing and automotive needs.",41,19,1,21,13,2,0,11,28,17,1,10
3998,"Obviously road enhancements needed for a bigger population. Another entrance/exit to 65 would help with congestion",1,1,0,0,0,0,0,0,1,1,0,0
3999,"Better teachers who are incentivized by their efforts!",54,30,5,19,18,5,4,9,36,25,1,10
4000,"A food truck park or area",1,1,0,0,0,0,0,0,1,1,0,0
4001,"A birthing center for more options than just hospital births or midwifery",47,26,3,18,15,3,1,11,32,23,2,7
4002,"BG really needs a top notch medical Trauma Unit in the future.   Too many victims must be flown to a Nashville hospital for treatment.",1,1,0,0,0,0,0,0,1,1,0,0
4003,"More indoor facilities for kids during the winter months that are free or low cost memberships. Ex: children’s museum, indoor playground",1,1,0,0,0,0,0,0,1,1,0,0
4004,"More social gathering places for adults that are not centralized around drinking",1,1,0,0,0,0,0,0,1,1,0,0
4005,"More brunch restaurants besides diners",59,26,6,27,18,2,1,15,41,24,5,12
4006,"More sand volleyball courts in public parks besides Preston Miller",52,27,3,22,16,4,1,11,36,23,2,11
4007,"Warren County should bring back daycare for teachers’ and educators’ kids",62,37,3,22,20,3,1,16,42,34,2,6
4008,"Comedy club",1,1,0,0,0,0,0,0,1,1,0,0
4009,"wine and dessert bar maybe even underground",44,17,1,26,14,1,1,12,30,16,0,14
4010,"Places to be open on Sundays and Mondays and open later than 8pm",1,1,0,0,0,0,0,0,1,1,0,0
4011,"Children's museum/ STEM museum for kids",1,1,0,0,0,0,0,0,1,1,0,0
4012,"Conservatory and greenhouse",50,27,1,22,15,2,1,12,35,25,0,10
4013,"Bowling Green should be a monolith of accessibility. As the population grows older, we should make the community more tenable for everyone.",1,1,0,0,0,0,0,0,1,1,0,0
4014,"Create accessible, supportive spaces in public settings, such as religious facilities and restaurants for individuals with ASD/disabilities",58,31,4,23,16,2,0,14,42,29,4,9
4015,"The BG of the future needs to stop segregating disabled people. In 2050 we need ADA features as a baseline for everything.",58,28,7,23,21,0,6,15,37,28,1,8
4016,"More fun things to do. Less appt complexes and restaurants.",0,0,0,0,0,0,0,0,0,0,0,0
4017,"Start to develop the North end of the city. So much room for growth and potential up and down Louisville Road.",1,1,0,0,1,1,0,0,0,0,0,0
4018,"More intramural/recreational sport team opportunities for adults post college, like soccer or ultimate frisbee.",63,40,3,20,20,4,2,14,43,36,1,6
4019,"SNAP/MEDICAID office moved to the neighborhood where more recipients live.",48,21,7,20,17,3,4,10,31,18,3,10
4020,"I would love to see trivia offered every night of the week with a rotation at local restaurants/breweries. A great way to connect in BG.",51,20,4,27,18,4,1,13,33,16,3,14
4021,"More water features through out the city",52,27,4,21,15,4,2,9,37,23,2,12
4022,"Non religious private schools, Montessori school that goes up to high school, Waldorf school, dual immersion language schools",1,1,0,0,0,0,0,0,1,1,0,0
4023,"Specialized schools like STEAM focused, arts and performing arts, medical",1,1,0,0,0,0,0,0,1,1,0,0
4024,"Energy efficient homes, buildings, green buildings",1,1,0,0,0,0,0,0,1,1,0,0
4025,"More expensive public transportation like a tram or something in addition to growing the bus or high speed rail",1,1,0,0,0,0,0,0,1,1,0,0
4026,"Indoor parks that are free",44,17,3,24,13,3,1,9,31,14,2,15
4027,"Board game coffee shops",55,33,5,17,17,2,4,11,38,31,1,6
4028,"Composting and recycling centers",65,49,4,12,18,4,3,11,47,45,1,1
4029,"Arcade game bar perhaps underground",50,18,7,25,17,3,2,12,33,15,5,13
4030,"Renewable energy sources and charging stations",1,1,0,0,0,0,0,0,1,1,0,0
4031,"Solar powered community kitchens",48,19,6,23,16,0,4,12,32,19,2,11
4032,"Large concert venues both outdoor and indoor for larger events",1,1,0,0,0,0,0,0,1,1,0,0
4033,"Food truck parks",1,1,0,0,0,0,0,0,1,1,0,0
4034,"Food malls/halls like the one in Nashville",1,1,0,0,0,0,0,0,1,1,0,0
4035,"Dog park with a man made lake",51,17,10,24,15,1,2,12,36,16,8,12
4036,"Observation tower with history/art exhibits",44,15,2,27,12,1,0,11,32,14,2,16
4037,"Solar powered bus shelters",59,36,6,17,20,3,5,12,39,33,1,5
4038,"City WiFi hubs",52,27,8,17,16,2,4,10,36,25,4,7
4039,"Underground speakeasy scene utilizing the cave systems we have",43,16,5,22,12,2,1,9,31,14,4,13
4040,"Rainwater collection systems",64,44,1,19,20,5,1,14,44,39,0,5
4041,"Glow in the dark bowling in an updated bowling alley",39,15,4,20,12,1,2,9,27,14,2,11
4042,"ESports and Gaming Hub partnership with WKU",53,17,12,24,16,1,5,10,37,16,7,14
4043,"Lazer tag and indoor paintball",1,1,0,0,0,0,0,0,1,1,0,0
4044,"There must be a bus route to take people to Preston Miller Park and the Sims Aquatic Center",57,30,5,22,17,0,3,14,40,30,2,8
4045,"Need bus access to Baker Arboretum.",55,32,3,20,16,1,3,12,39,31,0,8
4046,"Need bus access to Bob Kirby Library with the only IDEA lab.",60,35,5,20,21,4,4,13,39,31,1,7
4047,"Improved highway infrastructure to manage the traffic",0,0,0,0,0,0,0,0,0,0,0,0
4048,"Bowling Green will solve its air pollution problem (e.g., too frequently smelling like dog food).",1,1,0,0,1,1,0,0,0,0,0,0
4049,"Bowling Green will grow only to the degree that its infrastructure will allow.",1,1,0,0,1,1,0,0,0,0,0,0
4050,"More farmers markets available supporting local farmers and fresh produce",1,1,0,0,0,0,0,0,1,1,0,0
4051,"Bowling Green will actively solve its homelessness and panhandling issue.",1,1,0,0,1,1,0,0,0,0,0,0
4052,"Bowling Green will enforce stricter oversight on vape shops, including regulating garish signs and advertisement.",1,1,0,0,1,1,0,0,0,0,0,0
4053,"Bowling Green will do something about developing the ugly, empty lots left after the December 2021 tornado on 31-W Bypass.",66,51,0,15,20,9,0,11,46,42,0,4
4054,"Bowling Green will support multiple, alternative high school options - those that already exist, as well as a long-needed Catholic option.",1,1,0,0,1,1,0,0,0,0,0,0
4055,"Bowling Green will finally ban any new strip mall development.",50,20,7,23,18,7,2,9,32,13,5,14
4056,"Free Community garden",0,0,0,0,0,0,0,0,0,0,0,0
4057,"A “City Museum” like in St Louis would be a great addition for our kids and it would be a travel destination for many people. Very fun place",52,31,3,18,18,5,1,12,34,26,2,6
4058,"Bowling Green will be considerably more walkable! I will be able walk/bike down Scottsville road safely with dedicated pedestrian lanes!",1,1,0,0,0,0,0,0,1,1,0,0
4059,"Safe, affordable, nature-integrated, and walkable city—true to its name—while preserving our history and staying independent from Nashville.",0,0,0,0,0,0,0,0,0,0,0,0
4060,"Bowling Green will keep supporting the arts, enriching culture and history, and building on its roots—growing without losing its identity.",57,39,2,16,17,4,2,11,40,35,0,5
4061,"The nightlife will pick back up. Businesses will be able to stay open later and the night experience will be enjoyable, safe, and appealing.",0,0,0,0,0,0,0,0,0,0,0,0
4062,"Bowling Green will show further support for our parks and national landmarks.",58,42,2,14,17,6,1,10,41,36,1,4
4063,"More opportunities for “hidden gems”: restaurants, stores, parks, etc. Something to make BG even more special, while staying original.",0,0,0,0,0,0,0,0,0,0,0,0
4064,"We will have adult only spaces that are not bars for people to go and relax such as a large day spa",42,22,4,16,12,2,2,8,30,20,2,8
4065,"NO COMMENTS RIGHT NOW",1,1,0,0,0,0,0,0,1,1,0,0
4066,"I'm not replying right now",1,1,0,0,0,0,0,0,1,1,0,0
4067,"A place for people and children who have Autism and other relatable disabilities in order for them to function in the outside world alright.",62,38,2,22,19,4,0,15,43,34,2,7
4068,"A local economy driven by small family-owned businesses and family-owned farms.",1,1,0,0,1,1,0,0,0,0,0,0
4069,"More zoning restrictions on vape shops. Why do they have to be so ugly - and everywhere?",1,1,0,0,1,1,0,0,0,0,0,0
4070,"Remake the bypass. Bury utility lines. Incentivize businesses to use more classical architectural designs. Make green space of empty lots.",1,1,0,0,1,1,0,0,0,0,0,0
4071,"I see a BG where I don't smell marijuana smoke at every stoplight.",47,21,6,20,15,6,1,8,32,15,5,12
4072,"No more drag shows in public spaces; no minors at drag shows anywhere.",1,1,0,0,1,1,0,0,0,0,0,0
4073,"Make locally grown food affordable and accessible to ordinary people.",1,1,0,0,1,1,0,0,0,0,0,0
4074,"More dog friendly bars.",46,14,10,22,14,0,4,10,32,14,6,12
4075,"Instead of so many tax incentives to lure multinational corporations, incentivize small business and local agriculture.",55,31,3,21,20,5,1,14,35,26,2,7
4076,"Local officials who are unapologetically Christian in their worlview and governing policies.",43,10,20,13,13,6,4,3,30,4,16,10
4077,"Public school systems that take improving student learning outcomes as seriously as they do their endless building projects.",46,26,1,19,16,6,0,10,30,20,1,9
4078,"Input for BG2075 will reflect less bougie, elitist priorities for our community than BG2050 did.",32,3,13,16,11,3,0,8,21,0,13,8
4079,"Stop with all the building restrictions out in the county! Why can’t you just build a shed on land you own?!",41,12,12,17,13,5,4,4,28,7,8,13
4080,"Recycling picked up at our houses.",1,1,0,0,0,0,0,0,1,1,0,0
4081,"We will ban surveillance by drones.",42,17,5,20,14,5,1,8,28,12,4,12
4082,"We need better retail options. A bigger TJ Maxx, home goods, Marshall’s, at home, and more organic grocers like Trader Joe’s.",0,0,0,0,0,0,0,0,0,0,0,0
4083,"More parks and family attractions and entertainment",0,0,0,0,0,0,0,0,0,0,0,0
4084,"More focus on normal, working class members of our community. Less virtue signaling and rule by the condescending, educated elite.",36,11,6,19,10,4,0,6,26,7,6,13
4085,"Limits on panhandling activities.",1,1,0,0,1,1,0,0,0,0,0,0
4086,"We need more neighborhoods built around parks--not just those supported by HOAs.",59,38,0,21,19,4,0,15,40,34,0,6
4087,"We need to see more neighborhood efforts like Hunters Crossing's work to create food truck and holiday events.",50,23,3,24,16,2,2,12,34,21,1,12
4088,"All subdivisions located next to the interstates should have soundproof paneling like Nashville etc.",53,26,5,22,17,4,0,13,36,22,5,9
4089,"We need a prison located in the Bowling Green area.",32,2,20,10,9,0,7,2,23,2,13,8
4090,"We will have wages high enough that one parent can opt to stay home and the family can still have a decent middle class lifestyle.",61,34,2,25,22,7,0,15,39,27,2,10
4091,"We will celebrate and normalize stable, two-parent families with lots of kids.",45,8,18,19,18,5,2,11,27,3,16,8
4092,"All the main roads into BG should look like Cemetery Road.",50,24,3,23,16,5,1,10,34,19,2,13
4093,"Cemetery Road should use perennial flows, as it cuts down on maintenance.",35,16,1,18,11,3,0,8,24,13,1,10
4094,"Arthouse theatre like the Belcourt in Nashville. More original language films.",1,1,0,0,0,0,0,0,1,1,0,0
4095,"Create a county or city-run EMS service to provide more competition.",51,26,1,24,19,8,0,11,32,18,1,13
4096,"Put more quality Emergency Medical Technicians on the street.",55,30,3,22,19,3,1,15,36,27,2,7
4097,"The city needs many more trees planted, many spaces are starting to feel depressing due lack of green spaces.",1,1,0,0,0,0,0,0,1,1,0,0
4098,"Elizabethtown is growing quickly as well. Collaborate with them, and find ways our cities can complement each other instead of competing.",58,33,3,22,20,5,0,15,38,28,3,7
4099,"Subdivisions lack green spaces, builders will have to prioritize less financial gain and increase green spaces for neighborhoods.",1,1,0,0,0,0,0,0,1,1,0,0
4100,"Connecting the Riverwalk park and all of downtown for a seamless walking experience.",1,1,0,0,0,0,0,0,1,1,0,0
4101,"The local theatres are really lacking, much nicer theatres with more foreign films shown.",1,1,0,0,0,0,0,0,1,1,0,0
4102,"Favorable tax incentives to attract companies and entrepreneurs to make BG home. BG could grow on a fashion similar to Chattanooga.",56,24,7,25,17,2,3,12,39,22,4,13
4103,"An Adventure Museum would be an asset to this community.",42,22,0,20,14,3,0,11,28,19,0,9
4104,"In the future, I hope museums in the area will serve locally sourced concessions.",54,29,3,22,19,4,1,14,35,25,2,8
4105,"BG 2050 will be a result of a comprehensive growth and beatification plan.",1,1,0,0,1,1,0,0,0,0,0,0
4106,"Have a plan for growth in the north end. Including a travel corridor in the north end from I-165 to I-65",1,1,0,0,1,1,0,0,0,0,0,0
4107,"We will have invested in jobs and infrastructure to build the right solutions to road management early so that the growth won't hit us hard.",1,1,0,0,1,1,0,0,0,0,0,0
4108,"Increased greenbelt access, would love to be able to walk the entire city!",1,1,0,0,0,0,0,0,1,1,0,0
4109,"We will get a Fresh Thyme.",26,1,7,18,8,0,2,6,18,1,5,12
4110,"We need a housing plan that doesn’t mean changing rural zones to multi family and then changing it to multi apartment.",43,18,3,22,15,5,1,9,28,13,2,13
4111,"We will have more 5Ks all around the county.",36,10,5,21,12,2,2,8,24,8,3,13
4112,"Enact signage controls to beautify the area. BG looks cheap and doesn’t have to.",60,44,0,16,18,7,0,11,42,37,0,5
4113,"Improved streetlights system and better maintenance of the current system.",51,31,1,19,17,6,0,11,34,25,1,8
4114,"No county taxes. Find another way to raise money.",31,3,17,11,9,0,3,6,22,3,14,5
4115,"Plan to prevent uncontrolled urban sprawl",1,1,0,0,1,1,0,0,0,0,0,0
4116,"We should add a place for kids, an adventure indoor place and a trader Joe or whole foods",0,0,0,0,0,0,0,0,0,0,0,0
4117,"Grow with extra wide sidewalks around businesses to allow for outdoor eating or exhibits of goods",61,40,3,18,20,5,3,12,41,35,0,6
4118,"Bowling Green will solve its air pollution problem.",41,18,0,23,13,1,0,12,28,17,0,11
4119,"indoor paintball",37,7,7,23,12,1,3,8,25,6,4,15
4120,"Local government will ensure non-discrimination but not offer special rights or entitlements to particular groups.",44,18,4,22,12,4,1,7,32,14,3,15
4121,"Pickleball added to Lovers Lane complex.",49,22,3,24,18,6,1,11,31,16,2,13
4122,"Prevent medical monopolies that drive down standard of care with more focus on prevention and holistic treatment.",1,1,0,0,1,1,0,0,0,0,0,0
4123,"We will no longer take away parking to put in more trees.",33,2,20,11,14,1,3,10,19,1,17,1
4124,"Bowling Greenians will be educated on the role of government vs. the role of business vs. the role of private citizens.",46,21,2,23,17,6,0,11,29,15,2,12
4125,"I hope we have more urban sprawl because more businesses paying taxes lowers our individual taxes.",27,2,11,14,8,0,2,6,19,2,9,8
4126,"STEM museum for kids",57,37,2,18,20,5,2,13,37,32,0,5
4127,"Have a plan to expand, remodel, and replace schools that plans for growth beyond 1-2 years.",51,25,2,24,18,5,0,13,33,20,2,11
4128,"Remove homeless camps in the Bowling Green area.",49,22,10,17,19,8,1,10,30,14,9,7
4129,"Bowling Green will have a Montessori school that goes up to high school.",39,13,5,21,12,2,1,9,27,11,4,12
4130,"Bowling Green will have a Waldorf school.",33,5,8,20,10,1,3,6,23,4,5,14
4131,"Bowling Green will have dual immersion language schools.",62,35,9,18,19,3,6,10,43,32,3,8
4132,"We will have a STEAM-focused specialized school.",51,19,5,27,16,2,1,13,35,17,4,14
4133,"We will have a performing arts specialized school.",45,22,7,16,14,4,4,6,31,18,3,10
4134,"We will have a medical specialized high school.",34,10,6,18,11,1,1,9,23,9,5,9
4135,"We will prioritize energy efficient homes.",55,37,2,16,17,4,1,12,38,33,1,4
4136,"We will prioritize energy efficient/green buildings in the Bowling Green area.",52,30,6,16,17,1,5,11,35,29,1,5
4137,"To capitalize on underground utilities, which we had the opportunity to begin to do in 2021.",1,1,0,0,1,1,0,0,0,0,0,0
4138,"We will have no more drag shows in public spaces.",48,11,30,7,14,6,5,3,34,5,25,4
4139,"We will have no minors at drag shows anywhere.",57,18,26,13,18,10,2,6,39,8,24,7
4140,"We will have a strong public school system and our teachers will be paid one of the top salaries nationally",54,34,4,16,20,6,2,12,34,28,2,4
4141,"Bowling Green will have a bigger T.J. Maxx.",30,3,8,19,9,1,1,7,21,2,7,12
4142,"Bowling Green will have a Marshall's.",30,1,12,17,10,0,3,7,20,1,9,10
4143,"We will have an arthouse theatre like the Belcourt in Nashville that plays more films in their original language.",52,26,7,19,15,1,3,11,37,25,4,8
4144,"We will have theaters that show more foreign films.",47,18,7,22,15,0,3,12,32,18,4,10
4145,"BG 2050 will be a result of a comprehensive growth and beautification plan.",58,41,2,15,17,6,1,10,41,35,1,5
4146,"We will have policies that will prevent medical monopolies from forming that would drive down standard of care.",51,29,0,22,16,5,0,11,35,24,0,11
4147,"We need to drastically reduce the number of refugees and immigrants being allowed into our city.",1,1,0,0,1,1,0,0,0,0,0,0
4148,"We will put more of our healthcare focus on prevention and holistic treatment.",51,27,3,21,16,2,1,13,35,25,2,8
4149,"Discontinue use of our public parks for Pride festivals and Drag shows.",1,1,0,0,1,1,0,0,0,0,0,0
4150,"Provide more ways of helping the homeless population by creating more affordable housing, jobs, and mental health assistance.",1,1,0,0,0,0,0,0,1,1,0,0
4151,"I think our two theatres are in need of an update. I also think that BG could support a drive in theatre since the one in Franklin closed",1,1,0,0,0,0,0,0,1,1,0,0
4152,"Commuter services between BG and surrounding towns like Russellville and Glasgow.",1,1,0,0,0,0,0,0,1,1,0,0
4153,"We’ll limit the number of chain restaurants and support more local business.",1,1,0,0,0,0,0,0,1,1,0,0
4154,"Church and Worship centers",1,1,0,0,0,0,0,0,1,1,0,0
4155,"By 2050, improvement of athletics, sport facilities, and overall activity in BG. We come closer as a community with things to bond over.",1,1,0,0,0,0,0,0,1,1,0,0
4156,"By 2050, We all do our part together and fairly to get all the results that we want effectively and efficiently!",42,21,1,20,13,3,0,10,29,18,1,10
4157,"By 2050, more work opportunities!",1,1,0,0,0,0,0,0,1,1,0,0
4158,"Planning commission needs to have a master plan for the city. There should NOT be residential areas in the middle of industrial parks.",0,0,0,0,0,0,0,0,0,0,0,0
4159,"By 2050, more opportunity for research and innovation",59,39,3,17,19,6,1,12,40,33,2,5
4160,"BG should consider hosting a music festival at Bowling Green Ballpark sometime during the summer each year!",55,34,3,18,17,4,1,12,38,30,2,6
4161,"Christian based community that emphasizes and supports capitalism and free enterprise system",53,15,23,15,19,9,5,5,34,6,18,10
4162,"The city should be renamed to new Bosnia and Herzegovina and make bosnian and English the official language of bowling green",36,3,22,11,14,1,6,7,22,2,16,4
4163,"Bowling green should start using the green blue white Grey yellow Seychelles 🇸🇨 looking flag",32,3,13,16,11,1,4,6,21,2,9,10
4164,"The bosnian language should be mandatory for all schools elementary though higschool",30,1,23,6,10,1,6,3,20,0,17,3
4166,"Not use tax dollars to achieve Museums Bus service Food pantries Indoor water parks River front development",1,1,0,0,1,1,0,0,0,0,0,0
4167,"aquatic center",1,1,0,0,0,0,0,0,1,1,0,0
4168,"I hope all our schools 8's or higher over 10 in BG.",30,6,5,19,11,0,2,9,19,6,3,10
4169,"Live music alley like a  Bourbon Row/Blvd",45,19,1,25,15,1,1,13,30,18,0,12
4170,"I hope our schools focus on teaching - reading, writing & arithmetic - not politics",48,20,9,19,16,6,3,7,32,14,6,12
4171,"Bowling green should start adopting parts of bosnian and hispanic culture",1,1,0,0,1,1,0,0,0,0,0,0
4172,"Mammoth lantern festival in BG",45,19,1,25,13,1,0,12,32,18,1,13
4173,"Hot air balloon, drone, kite, aviation festival",45,20,5,20,15,2,2,11,30,18,3,9
4174,"Maybe an international village or culture district. Like china town, little Italy, etc.",1,1,0,0,0,0,0,0,1,1,0,0
4175,"Multicultural mural walk",43,21,5,17,12,0,3,9,31,21,2,8
4176,"Less regulations on developers and builders to create affordable housing",44,10,11,23,15,3,2,10,29,7,9,13
4178,"Language/cultural exchange coffee center, something of a partnership between the library system, GEO high school, and international center.",52,31,4,17,17,2,2,13,35,29,2,4
4179,"Zen garden and Tea house coordinated through international center or something",56,28,6,22,19,2,5,12,37,26,1,10
4180,"Libraries and community centers with language learning tech like duo lingo",57,37,4,16,18,3,2,13,39,34,2,3
4181,"More mosques and less churches",31,2,14,15,12,1,6,5,19,1,8,10
4182,"City wide wifi and more charging stations for electric cars and devices.",1,1,0,0,0,0,0,0,1,1,0,0
4183,"Bring the greenwood mall back to life and something to rival the malls in Nashville.",1,1,0,0,0,0,0,0,1,1,0,0
4185,"In 2027 bowling green would've already invaded and took over all of Warren County",1,1,0,0,1,1,0,0,0,0,0,0
4186,"A community center with space to have parties, conventions, meetings- that's not a religious church or faith centered.",51,30,1,20,16,2,1,13,35,28,0,7
4187,"We don't need anymore fast food, chain restaurants or vape shops.",1,1,0,0,0,0,0,0,1,1,0,0
4188,"Easily accessible medical marijuana",55,23,13,19,19,2,7,10,36,21,6,9
4190,"Sound paneling along the interstate near neighborhoods",43,21,2,20,15,6,0,9,28,15,2,11
4191,"More public pools",1,1,0,0,0,0,0,0,1,1,0,0
4192,"Noise ordinances in the city and the county",1,1,0,0,0,0,0,0,1,1,0,0
4193,"Quiet hours",44,14,12,18,15,3,2,10,29,11,10,8
4194,"Leash laws for dogs in the city and county",56,37,1,18,18,8,1,9,38,29,0,9
4195,"Widen all the roads",1,1,0,0,0,0,0,0,1,1,0,0
4196,"That the people who are critical of developers realize that we all live on a developed street/road",43,12,8,23,14,2,2,10,29,10,6,13
4197,"A restaurant district",42,14,7,21,15,3,1,11,27,11,6,10
4198,"Free English classes for immigrants",63,42,4,17,20,3,4,13,43,39,0,4
4199,"The downtown area need to have more festivals. How about a craft show around the first of December around the park",1,1,0,0,0,0,0,0,1,1,0,0
4200,"Bring back fountain square car shows.",52,21,13,18,17,4,5,8,35,17,8,10
4201,"No more houses so close together you can almost lean out your window and touch the house next door.",41,11,11,19,13,3,0,10,28,8,11,9
4202,"BG will have more indoor playgrounds and an indoor walking track",1,1,0,0,0,0,0,0,1,1,0,0
4203,"BG will invest in attracting businesses that retain WKU grads instead of just focusing on factory jobs.",62,42,3,17,20,5,2,13,42,37,1,4
4204,"Commercial airline service must happen for our businesses to grow and to attract new companies.",48,22,8,18,14,5,2,7,34,17,6,11
4205,"A development strategy like Copenhagen’s “Five Finger” plan to balance growth with the preservation of agricultural/recreational spaces.",47,26,1,20,15,4,0,11,32,22,1,9
4206,"Pop up restaurants, bars and galleries for the holidays to make us a local destination",51,27,1,23,18,2,1,15,33,25,0,8
4207,"Bridges over busy roads to allow pedestrians to walk without being in danger of traffic",1,1,0,0,0,0,0,0,1,1,0,0
4208,"A legitimate airport shuttle service sponsored by the city and that is regulated and tax funded to promote tourism and travel",39,14,8,17,12,0,3,9,27,14,5,8
4209,"Put a cap on warehouse space and 8 plex apartment buildings. They are an eyesore.",1,1,0,0,0,0,0,0,1,1,0,0
4212,"Get more people under 30 involved in community orgs and committees. We have a lot of the same 40-60 year olds in everything",58,39,2,17,18,6,0,12,40,33,2,5
4213,"Put a term limit on city and county offices. We don’t want the same mayor and commissioners for 10+ years.",1,1,0,0,0,0,0,0,1,1,0,0
4214,"Get several YMCA’s in town for people of all ages.",42,18,7,17,12,5,1,6,30,13,6,11
4215,"We need an outlets mall!",1,1,0,0,0,0,0,0,1,1,0,0
4216,"There will be more paved trails and wider sidewalks to keep runners/bikers safer. Also more places to run than just gravel loops",1,1,0,0,0,0,0,0,1,1,0,0
4217,"We will have a similar trail system to the green belt in Owensboro",55,32,2,21,16,2,2,12,39,30,0,9
4218,"Invest more in the public library system!",1,1,0,0,0,0,0,0,1,1,0,0
4219,"Despite rising population, Bowling Green will remain a relatively affordable place to live",1,1,0,0,0,0,0,0,1,1,0,0
4220,"Need a homegoods, Trader Joe’s, Costco",1,1,0,0,0,0,0,0,1,1,0,0
4221,"Needs a way to travel through train to other cities",1,1,0,0,0,0,0,0,1,1,0,0
4222,"Museums that foster children learning. Expanding our parks to be even bigger, more walking trails, sensory play for kids like Roland Bland.",1,1,0,0,0,0,0,0,1,1,0,0
4223,"I hope to see Bowling Green increase the amount of local businesses and restaurants,",1,1,0,0,0,0,0,0,1,1,0,0
4224,"I hope to see Bowling Green increase affordable housing options and meet demand in the market.",1,1,0,0,0,0,0,0,1,1,0,0
4225,"Better cinema options. It would be wonderful to have arthouse and more niche films shown locally.",1,1,0,0,0,0,0,0,1,1,0,0
4226,"More community pools and increased availability of swim education to all children.",1,1,0,0,0,0,0,0,1,1,0,0
4227,"Skyscrapers and a beautiful skyline",1,1,0,0,0,0,0,0,1,1,0,0
4228,"BG needs to entirely rethink the traffic flows throughout town. Safe and efficient public transit would help a lot.",1,1,0,0,0,0,0,0,1,1,0,0
4229,"Prioritize the protection of nature, green spaces and greenways, the rivers and streams. Educate the importance of this protection.",1,1,0,0,0,0,0,0,1,1,0,0
4230,"Fancy schools do not produce well-educated students. Qualified, well-paid teachers do produce well-educated students. Priorities!",1,1,0,0,0,0,0,0,1,1,0,0
4231,"Promote rainwater harvesting, water-efficient landscaping, and improved wastewater treatment to protect local water resources.",1,1,0,0,0,0,0,0,1,1,0,0
4232,"Invest in stormwater management infrastructure to mitigate flooding, particularly in low-lying areas near the Barren River.",52,40,0,12,16,8,0,8,36,32,0,4
4233,"Enhance the Barren River greenway system and create more parks to promote outdoor recreation and environmental conservation",1,1,0,0,0,0,0,0,1,1,0,0
4234,"Develop a more reliable and accessible public transportation system, including expanded bus routes and ride-sharing partnerships.",1,1,0,0,0,0,0,0,1,1,0,0
4235,"Affordable and QUALITY housing. Even the expensive homes and apartments are not of good quality.",1,1,0,0,0,0,0,0,1,1,0,0
4236,"Improve mixed-income developments and zoning reforms to ensure housing remains affordable for all residents.",1,1,0,0,0,0,0,0,1,1,0,0
4237,"Expand sidewalks, bike lanes, and pedestrian-friendly areas to reduce car dependency and improve community connectivity.",1,1,0,0,0,0,0,0,1,1,0,0
4238,"Desperately need a better recycling program and education.",1,1,0,0,0,0,0,0,1,1,0,0
4239,"Support community gardens, urban agriculture, and farmers’ markets to increase access to fresh, local food.",1,1,0,0,0,0,0,0,1,1,0,0
4240,"Improve lighting, neighborhood watch programs, and community policing efforts to ensure a safer city.",1,1,0,0,0,0,0,0,1,1,0,0
4241,"Address side roads on scottsville road to help with traffic",48,26,2,20,14,1,0,13,34,25,2,7
4242,"Better pay will attract quality teachers. Schools need to prioritize teacher salaries over sports and building projects.",1,1,0,0,0,0,0,0,1,1,0,0
4243,"Better natural disaster preparedness. Flood mitigation for low-lying areas of BG and Warren Co.",59,42,0,17,20,7,0,13,39,35,0,4
4244,"Prioritize recycling, conservation, preservation and environmental sustainability",1,1,0,0,0,0,0,0,1,1,0,0
4245,"Smaller, neighborhood schools, especially for younger students. Walkable. Bikeable.",1,1,0,0,0,0,0,0,1,1,0,0
4246,"I wish we had a signature restaurant to take every guest. Also, Go Karts",1,1,0,0,0,0,0,0,1,1,0,0
4247,"There needs to be a focus on creating entrepreneurship over creating dead end jobs. Too few jobs can support a family.",1,1,0,0,0,0,0,0,1,1,0,0
4248,"Stop requiring superfluous 101 classes in secondary education to make a buck and teach these subjects in k-12.",1,1,0,0,0,0,0,0,1,1,0,0
4249,"Hold Sec 8 landlords accountable for maintaining their properties.",1,1,0,0,0,0,0,0,1,1,0,0
4250,"Prioritize pedestrians over cars. Public transit, walking and biking paths, E-bikes, etc.",1,1,0,0,0,0,0,0,1,1,0,0
4251,"Bring back a similar event to Balloons, Toons, and BBQ! I miss hot air balloons and it was a great event for kids!",1,1,0,0,1,1,0,0,0,0,0,0
4252,"I would love to see a wider variety of performances at SkyPAC - opera, poetry slams, ethnic/cultural performances.",1,1,0,0,0,0,0,0,1,1,0,0
4253,"I’d like the Capitol theatre to have more offerings - art films, foreign films, etc. I really feel the venue is underutilized.",1,1,0,0,0,0,0,0,1,1,0,0
4254,"Allow food trucks to register and then park in city and county parks to service visitors. Two trucks per day, register online.",48,24,6,18,17,3,3,11,31,21,3,7
4255,"I would love to see a wider variety of performances at SKyPAC in the future.",57,39,2,16,18,5,2,11,39,34,0,5
4256,"I would love to see opera performances at SKyPAC in the future.",42,19,7,16,14,1,3,10,28,18,4,6
4257,"I would love to see poetry slams at SKyPAC in the future.",35,10,7,18,12,1,4,7,23,9,3,11
4258,"The government will hold Section 8 landlords accountable for maintaining their properties.",56,37,1,18,19,5,1,13,37,32,0,5
4259,"I'd like BG to be the tech sector known for solving ""practical problems"" like investing in tech for manufacturing, infrastructure, & energy",51,24,3,24,16,3,2,11,35,21,1,13
4260,"We will have a business association especially focused on small businesses and not the manufacturing sector.",59,35,2,22,20,4,1,15,39,31,1,7
4261,"Private investors will have resources to help them invest smartly in tech innovation, even if they are unfamiliar with it.",46,20,3,23,15,2,2,11,31,18,1,12
4262,"Private investors will focus as much on the companies that will occupy their real estate as they do on the real estate itself",48,21,2,25,16,2,1,13,32,19,1,12
4263,"In the future, our region's economic development will be focused on attracting businesses we want as a top priority and not national economic development awards.",44,19,1,24,13,3,0,10,31,16,1,14
4264,"Bowling Green will put a cap on warehouse space. They are an eyesore.",35,8,6,21,9,1,1,7,26,7,5,14
4265,"Bowling Green will put a cap on 8 plex apartment buildings. They are an eyesore.",38,10,7,21,13,2,1,10,25,8,6,11
4266,"I'd love to see a location of the Turnip Truck, the Nashville-based, independently-owned grocery chain that offers regional & healthy foods",39,14,1,24,13,0,1,12,26,14,0,12
4267,"We will have a craft show around the first of December around the park downtown.",51,24,4,23,17,4,1,12,34,20,3,11
4268,"BG will work with employers to become ""recovery-friendly workplaces"" which helps keep people well and working, and helps families stabilize",50,30,2,18,17,2,1,14,33,28,1,4
4269,"Get an amtrack station in Bowling green",1,1,0,0,0,0,0,0,1,1,0,0
4270,"We need a larger tourism focus.",43,13,7,23,12,2,2,8,31,11,5,15
4271,"Public-private partnerships (e.g. Chamber, tech ppl, companies) will build new career aptitude tools to get ppl into jobs that work for them",56,28,3,25,18,2,1,15,38,26,2,10
4272,"In the future, we will not use tax dollars to pay for museums.",30,3,18,9,10,1,4,5,20,2,14,4
4273,"In the future, we will not use tax dollars to pay for bus service.",37,5,21,11,12,3,4,5,25,2,17,6
4274,"In the future, we will not use tax dollars to pay for food pantries.",27,2,15,10,8,0,4,4,19,2,11,6
4275,"In the future, we will not use tax dollars to pay for indoor water parks.",30,3,8,19,9,1,1,7,21,2,7,12
4276,"In the future, we will not use tax dollars to pay for indoor riverfront development.",29,3,10,16,9,0,4,5,20,3,6,11
4277,"There will be wider sidewalks to keep runners/bikers safer.",55,30,4,21,18,2,3,13,37,28,1,8
4278,"We will have more places to run than just gravel loops.",45,24,0,21,15,4,0,11,30,20,0,10
4279,"I would like to see us lose the labels. We are ALL people. Labeling causes separation.",32,9,4,19,11,1,3,7,21,8,1,12
4280,"Bowling Green will have more sensory play for kids like Roland Bland does.",46,26,2,18,15,2,1,12,31,24,1,6
4281,"Bowling Green will have increased availability of swim education to all children.",55,35,1,19,16,3,1,12,39,32,0,7
4282,"Our area higher education institutions will stop requiring superfluous 101 classes to make a buck and teach these subjects in K-12.",39,10,9,20,15,4,1,10,24,6,8,10
4283,"I wish we had a signature restaurant to take every out-of-town guest to.",44,16,5,23,13,2,1,10,31,14,4,13
4284,"We will educate local residents on the importance of protecting nature, green spaces, greenways, rivers, and streams.",54,39,1,14,17,6,0,11,37,33,1,3
4285,"There is an elderly population growing in BG, I would like to see more interaction/engagement with them by providing centers, events etc.",0,0,0,0,0,0,0,0,0,0,0,0
4286,"Schools need to prioritize teacher salaries over sports.",54,39,0,15,18,8,0,10,36,31,0,5
4287,"We will improve neighborhood watch programs to ensure a safer city.",43,22,3,18,16,6,1,9,27,16,2,9
4288,"We will improve community policing efforts to ensure a safer city.",54,31,4,19,19,6,0,13,35,25,4,6
4289,"Bowling Green will have better recycling education for area residents and businesses.",52,32,1,19,17,3,1,13,35,29,0,6
4290,"We will include ride-sharing partnerships as part of a reliable and accessible public transportation system.",55,33,5,17,20,2,3,15,35,31,2,2
4291,"Promote rainwater harvesting to protect local water resources.",54,41,1,12,16,7,0,9,38,34,1,3
4292,"Promote water-efficient landscaping to protect local water resources.",53,37,0,16,19,4,0,15,34,33,0,1
4293,"Improve wastewater treatment to protect local water resources.",57,40,1,16,19,7,0,12,38,33,1,4
4294,"We will provide more opportunities for elderly residents to engage with one another.",54,39,0,15,17,5,0,12,37,34,0,3
4295,"Multiple safe childcare options for working families",1,1,0,0,0,0,0,0,1,1,0,0
4296,"We will provide more opportunities for local residents of all ages to engage with our growing elderly population to combat loneliness.",54,36,3,15,16,2,3,11,38,34,0,4
4297,"Multiple summer long summer camps for school age children.",52,29,3,20,16,1,0,15,36,28,3,5
4298,"Bowling Green should start adopting parts of Bosnian culture.",37,11,14,12,12,0,7,5,25,11,7,7
4299,"Bowling Green should start adopting parts of Hispanic culture.",51,19,13,19,16,0,8,8,35,19,5,11
4300,"We will have citywide WiFi.",46,26,3,17,13,2,1,10,33,24,2,7
4301,"I'd  like to see safe reliable public transportation that extends beyond the city limits",0,0,0,0,0,0,0,0,0,0,0,0
4302,"The community should rally more around WKU and less around UK and UofL. We should sell out athletic events",1,1,0,0,0,0,0,0,1,1,0,0
4303,"We need more parkway entrances for the south side of the county, specifically near Jody Richards school/Elrod Rd to help with traffic.",1,1,0,0,0,0,0,0,1,1,0,0
4304,"Continued road widening for highly congested and dangerous 2 lane roads (Plano Rd, cemetery rd, Fairview Ave, Dillard Rd, 3 springs, etc)",1,1,0,0,0,0,0,0,1,1,0,0
4305,"We need a good gas station downtown. The one has had a shooting and I don't feel comfortable there.",1,1,0,0,1,1,0,0,0,0,0,0
4306,"Install a multi-sport complex similar to the Cal Ripken Expereince, but designed for football, baseball, basketball, tennis, and soccer.",41,13,8,20,13,3,3,7,28,10,5,13
4307,"In 2050, we will have more public charging stations for electronic devices.",49,28,9,12,15,2,7,6,34,26,2,6
4308,"We will have actual summer school parents can opt into. This means more buses to be provided for summer school.",34,12,7,15,10,0,3,7,24,12,4,8
4309,"Minimum 10% green space for all new buildings",52,29,2,21,15,1,1,13,37,28,1,8
4310,"I think BG should have better mental health provisions for adults, instead of sending everyone to Vanderbilt for eating disorders, OCD, etc.",54,38,2,14,17,4,1,12,37,34,1,2
4311,"Increased use of our regional airport for events and commercial flights!",1,1,0,0,0,0,0,0,1,1,0,0
4312,"A city our size needs more year-round shelter options for folks without housing.",1,1,0,0,0,0,0,0,1,1,0,0
4314,"More events for young adults, not just passing it all to Nashville, create fun arcades, indoor activities that can be done year long",1,1,0,0,0,0,0,0,1,1,0,0
4315,"A metro government to better serve the community in all public service aspects",1,1,0,0,0,0,0,0,1,1,0,0
4316,"I'd like to see a resurgence of airsofters in the community with a new shop/field. Since BG Airsoft closed, I haven't seen any new players.",37,7,8,22,13,1,2,10,24,6,6,12
4317,"I hope we don't develop a strong brand based off of alcohol and uncleanliness like Nashville has",49,23,6,20,16,4,2,10,33,19,4,10
4318,"I’d like to see functional health Dr’s and more health related research facilities",1,1,0,0,0,0,0,0,1,1,0,0
4319,"We need sidewalks to plum springs community from north ridge neighborhood down Louisville rd to old Louisville Road. Many people walk it.",48,25,4,19,17,1,3,13,31,24,1,6
4320,"I agree with the idea of supporting small businesses and farmer’s markets",1,1,0,0,0,0,0,0,1,1,0,0
4321,"I agree with weaving nature into the center of our town",1,1,0,0,0,0,0,0,1,1,0,0
4322,"I would love more martial art classes and a focus on self defense classes for women and youth.",52,21,5,26,18,2,1,15,34,19,4,11
4323,"I also hope there will be farming to stay and improve in this county",1,1,0,0,0,0,0,0,1,1,0,0
4324,"I hope we are able to support more small businesses that are locally owned.",1,1,0,0,0,0,0,0,1,1,0,0
4325,"BG should remain true to the identity of Kentuckians and represent the south central commonwealth. Also an improved traffic system.",1,1,0,0,0,0,0,0,1,1,0,0
4326,"We should have a hyperloop/rail to Lexington and Nashville",50,26,6,18,16,2,3,11,34,24,3,7
4327,"The Bowling Green area will have more health-related research facilities.",50,30,1,19,17,2,0,15,33,28,1,4
4328,"BG should remain true to the identity of Kentuckians and represent the South Central Commonwealth.",40,19,2,19,14,6,1,7,26,13,1,12
4329,"I’d like to see more roundabouts instead of traffic lights",1,1,0,0,0,0,0,0,1,1,0,0
4330,"BG needs more LGBTQIA+ community events.",44,17,15,12,15,2,7,6,29,15,8,6
4331,"BG needs a more lively bar scene.",37,12,11,14,12,2,2,8,25,10,9,6
4332,"An entertainment district that actually has worthwhile bars, pubs, restaurants.",1,1,0,0,0,0,0,0,1,1,0,0
4333,"A public transport system much like in Louisville. An app needs to be developed for schedules and public transport announcements",1,1,0,0,0,0,0,0,1,1,0,0
4334,"BG needs to address those experiencing homelessness in a better way",1,1,0,0,0,0,0,0,1,1,0,0
4335,"We need more book stores!",1,1,0,0,0,0,0,0,1,1,0,0
4336,"BG is a midpoint for lots of travelers. We need more attractions!",1,1,0,0,0,0,0,0,1,1,0,0
4337,"Free parking entirely downtown",1,1,0,0,0,0,0,0,1,1,0,0
4338,"Affordable housing for the REAL LIVING WAGE of the citizens of Bowling Green.",1,1,0,0,0,0,0,0,1,1,0,0
4339,"We will have a Trader Joe's",1,1,0,0,0,0,0,0,1,1,0,0
4340,"All non-English speaking students must learn and be competent speakers and writers of English before being placed in a regular classroom.",1,1,0,0,1,1,0,0,0,0,0,0
4341,"Mass transit for rides to and from Sky pac and WKU ballgames.",1,1,0,0,0,0,0,0,1,1,0,0
4342,"Mass transit for rides to and from SkyPac and WKU ballgames.",1,1,0,0,0,0,0,0,1,1,0,0
4343,"Remove the web of wires and have underground utility wires, especially 31W and major thoroughfares to make BG look better.",1,1,0,0,0,0,0,0,1,1,0,0
4344,"I think we should not automatically make all farmland into subdivisions. Keep some as farms!",1,1,0,0,0,0,0,0,1,1,0,0
4345,"We need more benches at our Bus Stops.",1,1,0,0,0,0,0,0,1,1,0,0
4346,"We need to slow down the ""Go"" time on pedestrian walks at lights. Some older people have a hard time making it across!",53,32,2,19,17,2,1,14,36,30,1,5
4347,"We need to plan ahead MUCH better for access to roads when planning subdivisions. Keeping some land as parks or farms would help also.",1,1,0,0,0,0,0,0,1,1,0,0
4348,"We will grow our Strong Towns chapter, and integrate their perspective to make roads safer for pedestrians, cyclists, AND motorists.",1,1,0,0,0,0,0,0,1,1,0,0
4349,"We need to slow down our rapid development that is swallowing up our beautiful land. Maybe re-develop city areas instead?",1,1,0,0,0,0,0,0,1,1,0,0
4350,"I think we should make sure we have a Passenger Train stop right here in Bowling Green, KY. I think people would really use it!",1,1,0,0,0,0,0,0,1,1,0,0
4351,"If there are more electrical box covers they should be mural style like the one at State and Broadway. Don't just hire a graphic designer!",1,1,0,0,0,0,0,0,1,1,0,0
4352,"BG needs to better address traffic concerns as urban creep continues and impacts small roads leading to and from shopping and dining areas.",1,1,0,0,0,0,0,0,1,1,0,0
4353,"BG needs to add access points to I65 and I165 to redirect traffic from smaller residential roads like Smallhouse and Three Springs.",1,1,0,0,0,0,0,0,1,1,0,0
4354,"I think we need honest county and city government officials with a focus on what is best for the community not what is best for tax revenue.",1,1,0,0,1,1,0,0,0,0,0,0
4355,"No more gas stations on Lover's Lane and definitely no WAWA. Keep the experience valued .. and use already existing gas stations on each end",1,1,0,0,0,0,0,0,1,1,0,0
4356,"BG will work to reduce local income tax - to help have more companies within city limits.",48,12,13,23,18,3,1,14,30,9,12,9
4357,"A more streamlined, accessible, and robust public transportation system. Our current buses are inefficient for people with mobility devices.",1,1,0,0,0,0,0,0,1,1,0,0
4358,"Move the airport. Develop lovers lane as downtown BG with historic designation to the current. Close enough to i65 for out of state traffic.",1,1,0,0,0,0,0,0,1,1,0,0
4359,"Year round farmers market, local grocery",1,1,0,0,1,1,0,0,0,0,0,0
4360,"Build smaller sqft homes. Not all of us want or can afford 1200sqft.",1,1,0,0,1,1,0,0,0,0,0,0
4361,"A better movie theater",1,1,0,0,0,0,0,0,1,1,0,0
4362,"Build more roundabouts if needed, and in the center of each, plant perennial flows so it looks nice all year round.",53,35,4,14,17,5,2,10,36,30,2,4
4363,"Bowling Green/Warren County will fully support and lead recycling efforts including fully funding them.",53,31,7,15,19,4,3,12,34,27,4,3
4364,"RENOVATE MOVIE THEATERS",1,1,0,0,1,1,0,0,0,0,0,0
4365,"a trader joes or whole foods",1,1,0,0,0,0,0,0,1,1,0,0
4366,"Expand Nashville road to take pressure off scottsville road",1,1,0,0,1,1,0,0,0,0,0,0
4367,"RENOVATED MOVIE THEATER",1,1,0,0,1,1,0,0,0,0,0,0
4368,"We'll be known for simply being a kind town. For respecting differences of opinion, culture, politics, religious/non-religious beliefs.",47,30,1,16,15,3,1,11,32,27,0,5
4369,"We'll care deeply for and strongly support our at-risk and foster care children.",55,37,0,18,20,6,0,14,35,31,0,4
4370,"I would love to see more downtown food festivals.",59,43,3,13,17,6,2,9,42,37,1,4
4371,"I would love it if we brought more comedy acts to BG or had a dedicated comedy club or something similar to a Howl At The Moon.",48,21,3,24,14,2,1,11,34,19,2,13
4372,"We'll have an online hub to quickly access weekly & monthly WKU, downtown & surrounding area, upcoming events/sports art, theater, concerts",1,1,0,0,0,0,0,0,1,1,0,0
4373,"More ""Hub"" style developments",41,16,3,22,15,4,0,11,26,12,3,11
4374,"I would like to see BG streets get cleaned up. The city is gross. We also need cleaner waterways. More boat ports.",0,0,0,0,0,0,0,0,0,0,0,0
4375,"We'll have local businesses designed to bring together new moms.",31,12,1,18,9,1,0,8,22,11,1,10
4376,"Two words: TRADER JOE'S",1,1,0,0,0,0,0,0,1,1,0,0
4377,"We'll have a fantastic, upscale movie theater with beer & food service.",1,1,0,0,0,0,0,0,1,1,0,0
4378,"trader joes",0,0,0,0,0,0,0,0,0,0,0,0
4379,"Definitely need more parking downtown that you do NOT have to pay for and can access during the day to shop at the local shops!",0,0,0,0,0,0,0,0,0,0,0,0
4380,"Less BG officials control, more county input and keep farming alive. NO MORE APARTMENTS",1,1,0,0,1,1,0,0,0,0,0,0
4381,"I would like to see a place on the River Front where I can float & work on my laptop w/ coworkers in a pod next to me.",40,13,9,18,14,2,3,9,26,11,6,9
4382,"BG needs a whole foods or trader joe’s for clean eating options",1,1,0,0,0,0,0,0,1,1,0,0
4383,"Everyone would be up to date on their vaccinations",54,34,6,14,16,6,2,8,38,28,4,6
4384,"There will be a team of social workers embedded in the police department",58,39,4,15,20,6,3,11,38,33,1,4
4385,"Bring back the Greyhound station!",1,1,0,0,0,0,0,0,1,1,0,0
4386,"Nashville Road will have sidewalks.",1,1,0,0,0,0,0,0,1,1,0,0
4387,"I would like to see the Airport be developed more to serve more destinations or be relocated to handle the cities needs nowadays",1,1,0,0,0,0,0,0,1,1,0,0
4388,"More healthy food options",1,1,0,0,0,0,0,0,1,1,0,0
4389,"Top Golf, Trader Joe’s, more stuff for kids",1,1,0,0,0,0,0,0,1,1,0,0
4390,"A public transport system much like in Louisville.",50,24,3,23,17,1,2,14,33,23,1,9
4391,"A public transit app needs to be developed for schedules and public transport announcements here in the Bowling Green area.",55,38,2,15,17,2,2,13,38,36,0,2
4392,"Mass transit for rides to and from SKyPAC for events.",50,24,7,19,19,0,4,15,31,24,3,4
4393,"Mass transit for rides to and from WKU ballgames.",51,26,6,19,16,0,3,13,35,26,3,6
4394,"We need to plan ahead MUCH better for access to roads when planning subdivisions.",55,38,0,17,19,7,0,12,36,31,0,5
4395,"I think we need honest county and city government officials.",49,32,0,17,16,5,0,11,33,27,0,6
4396,"We need county and city government officials with a focus on what is best for the community not what is best for tax revenue.",53,32,2,19,19,6,1,12,34,26,1,7
4397,"No more jagoe subdivisions",1,1,0,0,0,0,0,0,1,1,0,0
4398,"We do not need any more gas stations on Lovers Lane. People will use the already existing gas stations on each end.",38,15,3,20,14,3,0,11,24,12,3,9
4399,"We do not need a WAWA.",41,12,2,27,15,3,1,11,26,9,1,16
4400,"Homeless is an issue..",1,1,0,0,0,0,0,0,1,1,0,0
4401,"Changes in road plans. Traffic has gotten worse since I’ve moved here and I imagine that would get worse with more people.",1,1,0,0,0,0,0,0,1,1,0,0
4402,"Develop Lovers Lane in a way that is consistent with downtown Bowling Green.",39,15,1,23,14,3,0,11,25,12,1,12
4403,"Keep local businesses alive",1,1,0,0,0,0,0,0,1,1,0,0
4404,"Bring back the city recycling",1,1,0,0,0,0,0,0,1,1,0,0
4405,"More indoor activities for kids in winter.",1,1,0,0,0,0,0,0,1,1,0,0
4406,"High end mall",1,1,0,0,0,0,0,0,1,1,0,0
4407,"Better hospitals..",1,1,0,0,0,0,0,0,1,1,0,0
4408,"More nicer golf courses",34,4,11,19,11,2,1,8,23,2,10,11
4409,"We need cleaner waterways in Bowling Green.",47,28,1,18,17,2,1,14,30,26,0,4
4410,"We need more boat ports in the region.",36,8,6,22,13,0,3,10,23,8,3,12
4412,"We will have less control for decisions coming from Bowling Green officials and more county input on decisions in the future.",32,11,2,19,10,2,0,8,22,9,2,11
4413,"I would like to see a farm-to-table restaurant concept in BG.",1,1,0,0,0,0,0,0,1,1,0,0
4414,"I would like to see a music festival in BG, with a full weekend lineup of artists.",1,1,0,0,0,0,0,0,1,1,0,0
4415,"BG needs more activities for physically challenged senior adults, a centrally located center for games, crafts, etc...",53,36,1,16,17,3,1,13,36,33,0,3
4416,"BG needs a YMCA complete with inside swimming pool, therapy pool and hot tub along with facilities for indoor& outdoor sports.",52,29,6,17,18,7,1,10,34,22,5,7
4417,"SKYPAC is great, but we will need more venues for live entertainment for adults.",1,1,0,0,0,0,0,0,1,1,0,0
4418,"Bowling Green will have a public bus system that runs all day and has plenty of stops to transport people all around town.",1,1,0,0,0,0,0,0,1,1,0,0
4419,"I appreciate this effort",1,1,0,0,0,0,0,0,1,1,0,0
4420,"I hope our leaders protect parents rights in our school systems.",1,1,0,0,0,0,0,0,1,1,0,0
4421,"Increased security and safety in our schools.",43,19,2,22,13,4,0,9,30,15,2,13
4422,"I hope local police and government uphold our state and local rights.",43,25,1,17,15,2,0,13,28,23,1,4
4423,"Bowling Green will have early childhood interventions for every child—BG will try its best to give all students the best foundation possible",47,26,2,19,15,2,1,12,32,24,1,7
4424,"Preserve the history of all parts of Bowling Green as much as possible.",1,1,0,0,0,0,0,0,1,1,0,0
4425,"We should design a comprehensive and effective mass transit system.",0,0,0,0,0,0,0,0,0,0,0,0
4428,"By 2050, roundabouts will be in use in most intersections.",48,27,5,16,17,7,2,8,31,20,3,8
4429,"The displays of flags and horses welcome me home.  I hope we adequately maintain them so they continue to welcome residents and visitors.",37,11,9,17,11,2,3,6,26,9,6,11
4430,"I hope BG will take action to address climate change by bringing back recycling, using solar power, etc.",1,1,0,0,0,0,0,0,1,1,0,0
4431,"I hope we maintain or even improve our water quality.  (I have traveled to many states and know how much better ours is than others.)",53,33,2,18,19,7,1,11,34,26,1,7
4432,"I hope BG will improve traffic by adding more stop lights at dangerous intersections and providing better public transportation",1,1,0,0,0,0,0,0,1,1,0,0
4433,"I hope BG will bring back trains for both material transport and passengers so we can reduce road traffic",55,43,1,11,16,6,1,9,39,37,0,2
4434,"I hope BG will build storm shelters to prepare for the increase in tornados that climate scientists are predicting for our area",1,1,0,0,0,0,0,0,1,1,0,0
4435,"I hope BG will prepare for the coming water crisis",44,19,1,24,17,4,1,12,27,15,0,12
4436,"I hope BG will provide affordable housing for vulnerable populations",1,1,0,0,0,0,0,0,1,1,0,0
4437,"As sea levels rise and temperatures increase, more people will migrate here from the South. BG must prepare for a population explosion.",53,21,9,23,17,3,4,10,36,18,5,13
4438,"We must protect green spaces and plant more trees as more land is developed.",1,1,0,0,0,0,0,0,1,1,0,0
4439,"I hope BG will continue to be a friendly town even as it becomes a big city.",1,1,0,0,0,0,0,0,1,1,0,0
4440,"In 2050, there will be an expansion of specialty courts such as drug court and mental health court to address overpopulation in our jails",51,30,1,20,16,2,0,14,35,28,1,6
4441,"I hope there will be more and better employment opportunities that will make our young people want to stay in BG.",1,1,0,0,0,0,0,0,1,1,0,0
4442,"I would like to see BG become more pedestrian and bike-friendly, with shaded walk/bike paths, catwalks, tunnels, etc.",1,1,0,0,0,0,0,0,1,1,0,0
4443,"I would like to see places where people can get more mental health coaching.",52,33,1,18,18,3,1,14,34,30,0,4
4444,"A tram/shuttle service that runs throughout the city would alleviate traffic and parking issues.",1,1,0,0,0,0,0,0,1,1,0,0
4445,"We need less populated subdivisions and apartments",31,6,9,16,10,2,0,8,21,4,9,8
4446,"We should find a way to keep free parking and parking garages downtown. That's one thing Bowling Green has that other big cities don't.",1,1,0,0,0,0,0,0,1,1,0,0
4447,"More festivals and opportunities that tie directly into the small businesses downtown.",55,38,2,15,18,6,1,11,37,32,1,4
4448,"With the last of the Boomers retiring, we need plans to better deal with transportation and community services issues for the elderly.",53,38,2,13,17,5,2,10,36,33,0,3
4449,"We need the buses to run for events such as Hot Rod games, Harvest Fest, etc. so all our neighbors can attend.",1,1,0,0,0,0,0,0,1,1,0,0
4450,"I would recommend investigating different public transit apps. Moovit is not very user-friendly.",37,16,1,20,11,0,1,10,26,16,0,10
4451,"Community officials will have open meetings and public committees to get input on issues.",57,45,1,11,19,10,1,8,38,35,0,3
4452,"Bowling Green has a ton of restaurants. More locally owned and unique restaurants are needed.",1,1,0,0,0,0,0,0,1,1,0,0
4453,"Bible study options and clubs and places to worship",1,1,0,0,1,1,0,0,0,0,0,0
4454,"A christian workout/yoga/pilates/cycling  business with worship music and a welcoming environment! :)",38,5,15,18,11,0,3,8,27,5,12,10
4455,"More churches and christian worship places.",1,1,0,0,0,0,0,0,1,1,0,0
4456,"Spaces and environments for people to freely study the Bible and Worship.",48,14,15,19,16,6,3,7,32,8,12,12
4457,"Options for the Youth of Bowling Green to worship and learn more about God.",49,18,13,18,15,6,3,6,34,12,10,12
4459,"Get a Traders Joes, Moes, Lululemon, Free People, etc",1,1,0,0,0,0,0,0,1,1,0,0
4460,"I want to see healthy churches in different languages for different people groups.",46,21,5,20,16,6,2,8,30,15,3,12
4461,"Another Ice skating rink, Ski resort, Top golf….",1,1,0,0,0,0,0,0,1,1,0,0
4462,"More hiking, biking, walking outdoors trails.",1,1,0,0,0,0,0,0,1,1,0,0
4463,"A train or metro option that travels strait to Nashville.",1,1,0,0,0,0,0,0,1,1,0,0
4464,"Bigger or new mall, with new shopping options and food courts.",1,1,0,0,0,0,0,0,1,1,0,0
4465,"More holistic practices that focus on healing through root cause rather than pushing pharmaceuticals and surgeries.",44,22,2,20,16,3,1,12,28,19,1,8
4466,"No more LGBTQ+ parades in public places.",1,1,0,0,1,1,0,0,0,0,0,0
4467,"No more LGTBQ+ parades or gatherings held in Bowling Green public places.",1,1,0,0,0,0,0,0,1,1,0,0
4468,"More Churches",1,1,0,0,0,0,0,0,1,1,0,0
4469,"Another fitness or gym facility",41,11,9,21,15,1,3,11,26,10,6,10
4471,"BG will remove local income tax on W2s.. helping employee and employer to keep jobs locally.",1,1,0,0,0,0,0,0,1,1,0,0
4472,"Less gas stations, less tobacco stores, less liquor stores in favor of more creative businesses.",1,1,0,0,0,0,0,0,1,1,0,0
4473,"Well integrated K-1 onwards volunteer programs for the betterment of BG while ensuring that we have a combined spirit of the town we belong.",39,15,1,23,14,1,0,13,25,14,1,10
4474,"I want our Bowling Green churches to work better together.",45,21,2,22,13,5,0,8,32,16,2,14
4475,"In the future BG needs better public transportation with buses running every 20 minutes.  Housing will be planned for access to transit.",1,1,0,0,0,0,0,0,1,1,0,0
4476,"They ARE essential, but every city our size has just as many",1,1,0,0,0,0,0,0,1,1,0,0
4477,"Pedestrian traffic signal flashing ""Walk"" will activate ""No Turn"" signal that prevents vehicles entering crosswalks from the right and left.",49,29,4,16,17,4,2,11,32,25,2,5
4478,"Collaboration with BRADD and other counties to focus on our development as a region",47,32,0,15,13,4,0,9,34,28,0,6
4479,"Scottsville Rd by mall is VERY crowded, reviving the mall will make it worse. It could house more family entertainment options",1,1,0,0,0,0,0,0,1,1,0,0
4480,"Reduce car dependency with public transit and walking/biking infrastucture",1,1,0,0,0,0,0,0,1,1,0,0
4481,"Reactivate the passenger train with public transit meeting it at the station.",1,1,0,0,0,0,0,0,1,1,0,0
4482,"The Fairness Ordinance will be passed.",1,1,0,0,0,0,0,0,1,1,0,0
4483,"Shuttle services to attractions like beech bend, corvette museum, lost river cave",48,26,4,18,17,1,3,13,31,25,1,5
4484,"Preserve the area around lost river cave. It is becoming too commercial and the area is losing its charm with all the fast food chains.",46,20,3,23,15,3,1,11,31,17,2,12
4485,"This is great, but not the gov't's job:  In the future, we'll have an upscale outlet!",1,1,0,0,1,1,0,0,0,0,0,0
4486,"Eliminate parking lots and problems with 24-hour driver-less cabs.",34,5,8,21,10,0,1,9,24,5,7,12
4487,"Uplift our community farmers market to have a bigger facility that will attract more ppl interested in organic/local and expanding small biz",1,1,0,0,0,0,0,0,1,1,0,0
4488,"Great, but do NOT want gov't controlling landlord rent: Dntn rentals shd b affordable so local biz can STAY instd of cover ridiculous rent.",1,1,0,0,1,1,0,0,0,0,0,0
4489,"Taxes from those who are stealing our farmlands and building shoddy houses on top of it.",1,1,0,0,0,0,0,0,1,1,0,0
4490,"Reinstate universal recycling",1,1,0,0,0,0,0,0,1,1,0,0
4491,"More reflective road dots, visible when it rains.",1,1,0,0,1,1,0,0,0,0,0,0
4492,"World's tallest skyscraper please.",1,1,0,0,1,1,0,0,0,0,0,0
4493,"Start universal composting",1,1,0,0,0,0,0,0,1,1,0,0
4494,"NOT Gov't's job:  ""Bowling Green will have multiple miniature golf courses in the future.""",1,1,0,0,1,1,0,0,0,0,0,0
4495,"We need more open area bike and walk trails.",0,0,0,0,0,0,0,0,0,0,0,0
4496,"In 2050, underground utilities will be the norm. No more web of wires overhead, so suceptible to weather or property damage.",1,1,0,0,0,0,0,0,1,1,0,0
4497,"Revitalize the Greenwood mall into a beautiful, new development with more quality brands.",1,1,0,0,0,0,0,0,1,1,0,0
4498,"In 2050, we will not provide excessive tax breaks to recruit economic devlopment. Growth is essential but not the only measure of success.",42,21,0,21,13,2,0,11,29,19,0,10
4499,"Access to healthier food-based grocery options via a Sprouts or Whole Foods.",1,1,0,0,0,0,0,0,1,1,0,0
4500,"We should renovate our movie theaters or build a new one to have a better space for entertainment.",51,29,1,21,15,3,0,12,36,26,1,9
4501,"Certain grocery stores also attract lifestyle conscious people",1,1,0,0,0,0,0,0,1,1,0,0
4502,"We need airports because of all the crashes",1,1,0,0,0,0,0,0,1,1,0,0
4503,"I feel that my child’s recess is a non screen time",1,1,0,0,0,0,0,0,1,1,0,0
4504,"BG will have a Trader Joe’s or Whole Foods",1,1,0,0,0,0,0,0,1,1,0,0
4505,"Activity driven business would be attracted to BG, ideally from a local individual starting a business venture (I.e. Mini Golf Course)",50,26,1,23,16,2,0,14,34,24,1,9
4506,"we will have better, more modern options for entertainment, like updated movie theatres.",1,1,0,0,0,0,0,0,1,1,0,0
4507,"We need more entertainment spaces and options.",1,1,0,0,0,0,0,0,1,1,0,0
4508,"In 2025 we will have a subway or air train system to lessen our carbon footprint",1,1,0,0,0,0,0,0,1,1,0,0
4509,"I hope we will have new shopping options & locations, with modern experiences.",1,1,0,0,0,0,0,0,1,1,0,0
4510,"I hope there are more family friendly businesses and more activities for kids, families to do on the weekends.",1,1,0,0,0,0,0,0,1,1,0,0
4511,"We will have more rec spots for kids so they have more nature/outdoor activities.",1,1,0,0,0,0,0,0,1,1,0,0
4512,"We will have more family friendly activities",1,1,0,0,0,0,0,0,1,1,0,0
4513,"I would like to see more programs like LifeWorks that serve our autistic citizens.",43,26,0,17,14,3,0,11,29,23,0,6
4514,"More activities to take children to both during the day and after hours",1,1,0,0,0,0,0,0,1,1,0,0
4515,"Preserved history of Arts and Music from the past. Aka Museums",45,25,3,17,14,0,2,12,31,25,1,5
4516,"Adding another interstate through BG to help alleviate traffic.",31,3,15,13,9,1,2,6,22,2,13,7
4517,"Plan for walkable community that incorporate best practices of the existing research/plans for walkable communities.",57,42,1,14,18,6,1,11,39,36,0,3
4518,"More dog friendly businesses",1,1,0,0,0,0,0,0,1,1,0,0
4519,"A better movie theatre",1,1,0,0,0,0,0,0,1,1,0,0
4520,"In 2050 Bowling Green is just recognizing its diverse population, but working to preserve historical ethnic conclaves that make it so.",50,23,3,24,16,0,3,13,34,23,0,11
4521,"We need new, modernized movie theaters",1,1,0,0,0,0,0,0,1,1,0,0
4522,"Renovated capital arts building",1,1,0,0,0,0,0,0,1,1,0,0
4523,"In 2050, students of WKU and SKYCTC have an active role in the development and civic programming of Bowling Green",41,20,3,18,14,2,2,10,27,18,1,8
4524,"For downtown bg to have an interactive map that shows me as a pin and gives me directions/available parking and events. Like the disney app",51,25,8,18,19,4,2,13,32,21,6,5
4525,"Bowling Green will have its first skyscraper.",1,1,0,0,0,0,0,0,1,1,0,0
4526,"Bike paths, outdoor recreation centers, canoe/kayak venues on Drake's Creek/Barren River, YMCA/YWCA facilitites (swimming/water exercises),",0,0,0,0,0,0,0,0,0,0,0,0
4527,"I would like to see the social services brought back to the downtown area where it is closer to the people that utilize these services.",40,22,1,17,13,3,0,10,27,19,1,7
4528,"Bowling Green will have a network of greenways, bike lanes, and transit lines connecting all schools and downtown.",55,39,2,14,18,5,2,11,37,34,0,3
4529,"The court house has inadequate parking.",1,1,0,0,1,1,0,0,0,0,0,0
4530,"Pass the fairness ordinance",1,1,0,0,0,0,0,0,1,1,0,0
4531,"The city should be building up more instead of just out into the county.",1,1,0,0,1,1,0,0,0,0,0,0
4532,"I would like county residents to be able to vote for city government offices because it affects the county residents equally.",43,17,8,18,14,3,2,9,29,14,6,9
4533,"More paved walkways at parks. Gravel is not stroller friendly.",51,31,4,16,15,7,1,7,36,24,3,9
4534,"Place future roundabouts only in areas that will make traffic flow better.  Small street roundabouts make no sense and waste funds.",36,13,9,14,12,5,0,7,24,8,9,7
4535,"Promote development in the North and West sides of BG.  Too traffic and business heavy South and East.",1,1,0,0,1,1,0,0,0,0,0,0
4536,"We become one of the best southern cities for outdoor recreation. We already have great parks & trails we should continue to capitalize on",54,38,0,16,17,3,0,14,37,35,0,2
4537,"More single family homes to build generational wealth and elevate the community to attract better businesses and people.",48,25,5,18,15,4,0,11,33,21,5,7
4538,"The Chamber should split from economic development. We need more focus on small business and professional companies - not manufacturing.",1,1,0,0,0,0,0,0,1,1,0,0
4539,"Redevelop the Bypass for businesses, food industry and shopping instead of apartments or housing.",1,1,0,0,1,1,0,0,0,0,0,0
4540,"Publicize volunteer opportunities - serving your own community gives you connection/emotional investment in its health and people",49,34,0,15,16,3,0,13,33,31,0,2
4541,"An arts district downtown that centers around the Capitol. We should be encouraging the artists in our community to show what BG can offer",1,1,0,0,0,0,0,0,1,1,0,0
4542,"BG needs a safe, lit pathway that extends from the Capitol all the way to the Riverfront- we already own the alley - make it happen!",54,37,2,15,17,4,2,11,37,33,0,4
4543,"For every green space or empty lot we have, we should be planting local, pollinating plants",1,1,0,0,0,0,0,0,1,1,0,0
4544,"More free / low cost activity places for adults and kids",1,1,0,0,0,0,0,0,1,1,0,0
4545,"Places for moms with children to work",50,27,1,22,16,3,0,13,34,24,1,9
4546,"More educational activities places besides public schools",47,27,4,16,15,3,1,11,32,24,3,5
4547,"I would love to see more support of local musicians and live music at local bars and restaurants.",48,29,1,18,14,3,1,10,34,26,0,8
4548,"Public spaces planting trees and plants that produce food that is available for the community",1,1,0,0,0,0,0,0,1,1,0,0
4549,"Adventure science museum",1,1,0,0,0,0,0,0,1,1,0,0
4550,"We need to rethink our transportation issues. Lane expansion and public transportation is a must!",0,0,0,0,0,0,0,0,0,0,0,0
4551,"I would love to see growth of places like White Squirrel Brewery and the welcoming community it offers to so many!",48,31,0,17,15,3,0,12,33,28,0,5
4552,"I hope the expansion of the Shake Rag district continues and our community supports those locally owned businesses!",50,33,1,16,16,2,1,13,34,31,0,3
4553,"Nonprofits working together and collaborating on services for the better of our community and those they are serving.",55,40,0,15,18,5,0,13,37,35,0,2
4554,"As the Downtown area grows, I would love to see the city work to find the best places to create parking garages/more parking opportunities.",1,1,0,0,0,0,0,0,1,1,0,0
4555,"BG would benefit greatly from neighboring businesses, property owners, etc working together to improve their overall look and accessibility.",47,32,0,15,16,5,0,11,31,27,0,4
4556,"Increased marketing and signage to encourage tourism coming off the interstate to visit locally owned shops, restaurants and bars.",49,24,4,21,17,2,1,14,32,22,3,7
4557,"Bowling Green will tackle it's transportation issues allowing for shorter commute times when traveling from one side of BG to the other.",1,1,0,0,0,0,0,0,1,1,0,0
4558,"I pray for Bowling Green’s Christian community to continue to grow",43,14,12,17,14,5,3,6,29,9,9,11
4559,"Expansion of the incredible art and murals we have showcasing the beauty and history of our community!",1,1,0,0,0,0,0,0,1,1,0,0
4560,"Increased awareness of local events for the community and nonprofits to use them as a way to bring in others from surrounding counties.",51,33,1,17,16,4,0,12,35,29,1,5
4561,"Every BG resident will know & believe in - what do BG stands for.",1,1,0,0,0,0,0,0,1,1,0,0
4562,"More/Bigger Stage Theatres, for plays and musicals.",41,19,3,19,13,3,1,9,28,16,2,10
4563,"Indoor Ice Hockey Rink.",1,1,0,0,0,0,0,0,1,1,0,0
4564,"Make Greenwood mall an interior sports / night life venue.",37,12,5,20,12,2,2,8,25,10,3,12
4565,"Increased activities and business geared towards families with children to open up more doors for recruitment to careers in our community",1,1,0,0,0,0,0,0,1,1,0,0
4566,"Would love to see the hockey community represented more- in-line, ice, roller derby- all could benefit from an indoor facility!",0,0,0,0,0,0,0,0,0,0,0,0
4567,"we need big amusement park also one big water park to attract tourism in the city",1,1,0,0,0,0,0,0,1,1,0,0
4568,"Improved stormwater management across the county to promote better stormwater drainage and reduce potential flooding scenarios.",1,1,0,0,0,0,0,0,1,1,0,0
4569,"More mixed-use real estate development to promote central locations that satisfy commercial and residential needs.",1,1,0,0,0,0,0,0,1,1,0,0
4570,"BG will have a thriving local music scene with venues that give local acts a stage.",46,31,1,14,15,3,1,11,31,28,0,3
4571,"Better traffic control/flow and traffic noise/loud engine reduction",1,1,0,0,0,0,0,0,1,1,0,0
4572,"We need more spaces for small businesses just starting to reach consumers.",49,30,0,19,16,3,0,13,33,27,0,6
4573,"Better public transportation! We need buses that run on weekends and longer than 5pm on the weekdays.",1,1,0,0,0,0,0,0,1,1,0,0
4574,"Depressed areas, such as along Morgantown Rd, get aesthetic projects, such as low-maintenance flower beds, or xmas lights at the holidays.",53,36,1,16,18,7,0,11,35,29,1,5
4575,"Safe, affordable and accessible childcare",1,1,0,0,0,0,0,0,1,1,0,0
4576,"More stores and restaurants needs to be on Russellville rd",46,24,3,19,15,3,0,12,31,21,3,7
4577,"More festivals to attend when the weather is nice on a weekend and to attract tourists.",1,1,0,0,0,0,0,0,1,1,0,0
4578,"Bowling Green has many restaurants, hotels, activities.  We need a larger, updated conference center.",0,0,0,0,0,0,0,0,0,0,0,0
4579,"Continuing development of our parks.  A pedestrian trail connecting parks would be nice!",0,0,0,0,0,0,0,0,0,0,0,0
4580,"Safe biking and walking paths that are not county roads where no motor vehicles are allowed.",0,0,0,0,0,0,0,0,0,0,0,0
4581,"Bringing Amtrak to BG so we can travel easier",1,1,0,0,0,0,0,0,1,1,0,0
4582,"More expansion in the Alvaton area",1,1,0,0,0,0,0,0,1,1,0,0
4583,"More things to do in town for families - specifically in winter or rain",1,1,0,0,0,0,0,0,1,1,0,0
4585,"A birthing center",1,1,0,0,0,0,0,0,1,1,0,0
4586,"Roundabouts on scottsville road and Campbell lane",1,1,0,0,0,0,0,0,1,1,0,0
4587,"Hiking/Walking trails throughout the city. More paths for bikes/runners/walkers to exercise on",1,1,0,0,1,1,0,0,0,0,0,0
4588,"Must have recycling!",1,1,0,0,0,0,0,0,1,1,0,0
4589,"Bowling Green is becoming very spread out. Build up instead of out. Preserve our farms.",1,1,0,0,0,0,0,0,1,1,0,0
4590,"Need more mindful residential and commercial development planning.  Some things in recent years have not made sense.",1,1,0,0,0,0,0,0,1,1,0,0
4591,"Never lose the collaboration between city/county government that we currently have.",50,32,0,18,16,7,0,9,34,25,0,9
4592,"By-pass area to resemble 12 South Nashville.",30,9,1,20,10,2,0,8,20,7,1,12
4593,"Be a city that truly welcomes all cultures",57,37,4,16,19,3,4,12,38,34,0,4
4594,"More mental health awareness initiatives.",50,34,3,13,16,7,1,8,34,27,2,5
4595,"Infrastructure needs prioritizing.",1,1,0,0,0,0,0,0,1,1,0,0
4596,"Be a community obsessed with giving back.",54,38,2,14,16,6,2,8,38,32,0,6
4597,"Our education system will continue to offer opportunities in technology and other areas that meet the demands of growing job markets.",49,35,1,13,16,6,0,10,33,29,1,3
4598,"Roadways that support our current and existing growth.",1,1,0,0,0,0,0,0,1,1,0,0
4599,"Mariah’s returns and gets it right.",39,14,4,21,13,3,0,10,26,11,4,11
4600,"I would love to see more local business(not coffee) instead of another fast food chain. Or maybe a Trader Joe’s or Whole Foods?",0,0,0,0,0,0,0,0,0,0,0,0
4601,"In 2050, I hope to see our businesses and nonprofits working together for the best of the community as a whole!",53,35,0,18,17,3,0,14,36,32,0,4
4602,"Let’s put people first. Let’s set up our migrants and refugees for success rather than bringing in more to appease corporate interests.",1,1,0,0,0,0,0,0,1,1,0,0
4604,"REAL CLEAN FOOD PLACES",41,20,0,21,11,1,0,10,30,19,0,11
4605,"We need to offer extensive ESL training for the refugees & migrants that are already here. Young and old.",49,30,3,16,17,2,3,12,32,28,0,4
4606,"Revitalizing downtown and building it up and out",1,1,0,0,0,0,0,0,1,1,0,0
4607,"BG will have a park and ride near I65 and I-165 for Nashville commute.",45,23,4,18,16,3,1,12,29,20,3,6
4608,"Develop a reasonable transportation plan including an elevated Scottsville Road",1,1,0,0,0,0,0,0,1,1,0,0
4609,"Merge City and County government",1,1,0,0,0,0,0,0,1,1,0,0
4610,"Bowling Green/Warren County should begin the process now of relocating the local airport. The current airport is landlocked. No growth.",0,0,0,0,0,0,0,0,0,0,0,0
4611,"We need a second hospital in town that delivers babies with a labor and delivery floor.",40,16,2,22,14,1,1,12,26,15,1,10
4612,"We need roundabouts on Scottsville Road.",43,15,7,21,16,4,2,10,27,11,5,11
4613,"We need roundabouts on Campbell Lane.",35,12,6,17,10,3,1,6,25,9,5,11
4614,"Our utility companies will operate fairly and efficiently in the favor of the citizens they serve.",46,27,0,19,16,4,0,12,30,23,0,7
4615,"I hope BG will improve traffic by adding more stoplights at dangerous intersections.",35,12,8,15,10,1,1,8,25,11,7,7
4616,"I would like to see BG become more pedestrian and bike-friendly, with catwalks.",49,32,3,14,16,4,2,10,33,28,1,4
4617,"I would like to see BG become more pedestrian and bike-friendly, with tunnels.",41,20,4,17,14,1,2,11,27,19,2,6
4618,"We need the buses to run for events such as Hot Rod games so all our neighbors can attend.",48,32,2,14,15,2,1,12,33,30,1,2
4619,"We need the buses to run for events such as Harvest Fest.",52,34,3,15,16,1,2,13,36,33,1,2
4620,"I hope we will have more bible study options in the future.",43,10,16,17,13,4,2,7,30,6,14,10
4621,"Downtown could be so beautiful- there is so much history.",1,1,0,0,0,0,0,0,1,1,0,0
4622,"TRADER JOES!",1,1,0,0,0,0,0,0,1,1,0,0
4623,"It could use more senior living facilities",44,29,0,15,13,4,0,9,31,25,0,6
4624,"More greenspace and park areas with walking trails",1,1,0,0,0,0,0,0,1,1,0,0
4625,"develop more creek and river access areas for canoeing and kayaking",52,41,0,11,17,10,0,7,35,31,0,4
4626,"We will be a more pedestrian friendly city.  Expanding the Greenway to span from one side of the city to the other side.",1,1,0,0,0,0,0,0,1,1,0,0
4627,"Expand the bus system to include access to Warren County Public Parks.",1,1,0,0,0,0,0,0,1,1,0,0
4628,"As Boomers age, they will lose access to driving cars. We must have a public transit system that allows them to stay in their homes.",48,30,1,17,17,2,1,14,31,28,0,3
4629,"A robust public transit system would significantly reduce congestion. We need bus routes to areas like the transpark.",47,32,2,13,15,3,2,10,32,29,0,3
4630,"We need a community advisory committee for GoBG to allow for public input on routes, etc.",46,26,4,16,16,2,3,11,30,24,1,5
4631,"I wish there was more gratitude for the unelected city workers. Many of these folks are dedicated and really strive to make our town great!",52,36,1,15,15,4,0,11,37,32,1,4
4632,"We will have a Moe's Southwest Grill in town.",31,5,7,19,10,2,0,8,21,3,7,11
4633,"Get a Lululemon.",29,2,8,19,9,1,1,7,20,1,7,12
4634,"Neighborhood block parties like those had in years past. These are great venues for community building!",49,31,0,18,16,5,0,11,33,26,0,7
4635,"Get a Free People.",25,1,6,18,8,0,1,7,17,1,5,11
4636,"A lot of Section 8 housing is being built on the outskirts of town with no access to public transit. Buses are needed here!",50,30,5,15,16,4,3,9,34,26,2,6
4637,"The region will have a ski resort.",27,0,17,10,9,0,3,6,18,0,14,4
4638,"In the future, BG needs better public transportation, with buses running every 20 minutes.",46,27,3,16,16,3,2,11,30,24,1,5
4639,"In the future, housing will be planned for access to transit.",49,36,2,11,15,3,2,10,34,33,0,1
4641,"In the future, we do NOT want government controlling landlord rent!",27,5,7,15,8,1,1,6,19,4,6,9
4642,"We will have bike paths, outdoor recreation centers, and canoe/kayak venues on Drake's Creek/Barren River.",50,35,2,13,17,6,2,9,33,29,0,4
4643,"We will have YWCA facilities for swimming/water exercises.",41,22,4,15,13,5,1,7,28,17,3,8
4644,"Vehicles should not hurt our ears, or frighten our children and animals. Simply enforce the codes already on the books, for a better BG.",52,33,3,16,17,5,2,10,35,28,1,6
4645,"Our courthouse will have adequate parking.",39,18,2,19,12,1,0,11,27,17,2,8
4646,"We will promote development in the West side of Bowling Green.",44,25,2,17,14,2,1,11,30,23,1,6
4647,"We will have separate entities for attracting new economic development to the region and for serving existing local businesses.",32,11,0,21,10,2,0,8,22,9,0,13
4648,"Commercial lots left vacant for years are third-world blights. Owners will be required to restore to grass, if not immediately redeveloped.",48,29,2,17,14,4,1,9,34,25,1,8
4649,"Bowling Green needs a big amusement park.",29,4,11,14,9,2,1,6,20,2,10,8
4650,"Bowling Green needs one big water park to attract tourism in the city.",26,2,9,15,8,1,2,5,18,1,7,10
4651,"In the future there will be limits to holdings by corporate landlords, especially for single-family homes.",1,1,0,0,0,0,0,0,1,1,0,0
4652,"In the future, the government will focus on owner-occupied housing. Apartments are fine as long as they are OWNED, not rented.",42,14,5,23,13,1,0,12,29,13,5,11
4653,"We need an indoor facility for inline hockey.",34,9,8,17,12,1,3,8,22,8,5,9
4654,"Each time we lose an iconic historic structure, we lose a bit of our identity, of what it means to be BG. Historic districts will expand.",45,28,2,15,15,5,1,9,30,23,1,6
4655,"Every BG resident will know and believe in the shared values that bring our town together.",51,29,6,16,16,4,3,9,35,25,3,7
4656,"I hope our planners will commit to a long-range plan that we stick to and do not change with frequency.",39,14,1,24,13,1,0,12,26,13,1,12
4657,"Our cityscape is designed for vehicles, not humans. We need pedestrian bridges and greenways throughout the city.",1,1,0,0,0,0,0,0,1,1,0,0
4658,"We will eliminate unneeded, painful vehicle exhaust decibels.",44,20,3,21,13,2,2,9,31,18,1,12
4659,"Outdoor sports complex that mimics Indy’s World Sports Park. Let athletes play travel ball in BG instead of supporting other economies .",39,13,7,19,12,1,4,7,27,12,3,12
4660,"By 2050, we will not have the visual blight of overhead power and communication lines, they will be underground.",1,1,0,0,0,0,0,0,1,1,0,0
4661,"We will have a health food store, Fresh Tyme or otherwise, at the corner of Cabell and the Bypass, in the now vacant and unsightly lot.",1,1,0,0,0,0,0,0,1,1,0,0
4662,"I hope to see a growing healthcare sector. Not just MedCenter, not just GGC, but systems that work together for the good of the community.",1,1,0,0,0,0,0,0,1,1,0,0
4663,"Bg of the future should bring more beautification and variety to the north side of town by the transpark",45,27,1,17,14,2,1,11,31,25,0,6
4664,"There needs to be an emphasis on infrastructure. Roads, water drainage and efficiency are already over capacity.",0,0,0,0,0,0,0,0,0,0,0,0
4665,"A more thorough bicycle friendly community. Extensive safe routes for commuting.",0,0,0,0,0,0,0,0,0,0,0,0
4666,"BG will be a Recovery Ready Community and will welcome ALL and be understanding of ALL pathways to recovery including Medicated assisted TX",40,16,4,20,13,0,3,10,27,16,1,10
4667,"Bowling green should put more into our conservation of rural areas and farm land.",1,1,0,0,0,0,0,0,1,1,0,0
4668,"Bowling green needs an art museum, children museum, or an aquarium.",1,1,0,0,0,0,0,0,1,1,0,0
4669,"B G needs a YMCA",1,1,0,0,0,0,0,0,1,1,0,0
4670,"BG needs a botanical garden center.",1,1,0,0,0,0,0,0,1,1,0,0
4671,"We will have a health food store, Fresh Thyme or otherwise, at the corner of Cabell and the Bypass, in the now vacant and unsightly lot.",40,17,1,22,13,3,0,10,27,14,1,12
4672,"Christian Wellness center that considers the spiritual, mental, and physical health of the patient and treats him or her holistically.",48,14,16,18,15,5,2,8,33,9,14,10
4673,"More interactive public art. Bronze memorials, plastic animals at welcome signs and “I💚” signage are not connecting-Invest in local artists",0,0,0,0,0,0,0,0,0,0,0,0
4674,"BG will be a safe and inclusive community.",1,1,0,0,0,0,0,0,1,1,0,0
4675,"BG will focus on uplifting the arts and revitalizing the music scene.",1,1,0,0,0,0,0,0,1,1,0,0
4676,"There will be better resources for our unhoused population and an emphasis on mental health care.",1,1,0,0,0,0,0,0,1,1,0,0
4677,"Bowling Green will have a traffic system that will keep traffic flowing faster and smoother than any city in the USA",45,27,3,15,14,4,0,10,31,23,3,5
4678,"We will do everything in our power to ensure that Bowling Green does not grow by 90,000 people.",44,12,16,16,14,6,2,6,30,6,14,10
4679,"Vacant commercial lots will not be allowed to exist as unsightly, urban scars. They will be restored to grass, until sold or utilized.",1,1,0,0,0,0,0,0,1,1,0,0
4680,"We need more doctors in town so specialist appointments don’t have to be booked months in advance",1,1,0,0,0,0,0,0,1,1,0,0
4681,"BG City ordinances will allow for accessory-dwelling units (ADUs)",1,1,0,0,0,0,0,0,1,1,0,0
4682,"Implement a rain garden initiative",40,22,1,17,12,2,1,9,28,20,0,8
4683,"Establish a city-wide repair cafe",40,12,5,23,14,2,2,10,26,10,3,13
4684,"Enhance public parks with fitness equipment and walking trails",1,1,0,0,0,0,0,0,1,1,0,0
4685,"Create more dog parks to encourage pet ownership and walking",1,1,0,0,0,0,0,0,1,1,0,0
4686,"Revitalize the old bank building located downtown",1,1,0,0,0,0,0,0,1,1,0,0
4687,"Add e-Bike/scooter rental at Sloan convention center. Make pleasing greenways to connect hotels and restaurants. Shuttle/bus to downtown.",1,1,0,0,0,0,0,0,1,1,0,0
4688,"Have the WCPS aquatic center open to the public during off-school hours.",46,28,3,15,16,4,2,10,30,24,1,5
4689,"Emphasis on increased zoning of new and existing developments to continue the beautification of the county.",1,1,0,0,1,1,0,0,0,0,0,0
4690,"in 2050 we will have underground powerlines on Scottsville Rd and 31-W Bypass.",1,1,0,0,1,1,0,0,0,0,0,0
4691,"Please , Please , Please do something about the traffic and traffic lights and congestion in Bowling Green . ..it's Terrible!!",1,1,0,0,0,0,0,0,1,1,0,0
4692,"We will invest in kindergarten readiness programs to ease the burden on our public schools.  So many kids are not ready for school.",50,32,3,15,16,5,1,10,34,27,2,5
4693,"in 2050 we will move away from the idea of being a sanctuary city and immigration hub.",43,12,18,13,15,6,2,7,28,6,16,6
4694,"BG will have a board game cafe",1,1,0,0,0,0,0,0,1,1,0,0
4695,"Bowling Green needs a better movie theater with modern accommodations at a reasonable price and more variety of new releases.",1,1,0,0,0,0,0,0,1,1,0,0
4696,"In 2050, BG will have more for seniors such as Senior Living facilities, Assisted Living and Memory Care.",49,32,1,16,17,5,0,12,32,27,1,4
4697,"More festivals.  International festival should be more than 1 day. Henderson has multiple festivals a year for free.",1,1,0,0,0,0,0,0,1,1,0,0
4698,"Affordable spaces for local businesses. Small business owners can't afford $3,000 a month just for rent. That's why so many don't survive.",50,37,0,13,15,5,0,10,35,32,0,3
4699,"Less roadside litter. Have a program that offers assistance to homeless in exchange for helping keep the city and roadways clean.",49,30,4,15,15,6,1,8,34,24,3,7
4700,"Fill empty spaces downtown with affordable diverse local businesses.",1,1,0,0,0,0,0,0,1,1,0,0
4701,"More sidewalks & trails for walking the city.",1,1,0,0,0,0,0,0,1,1,0,0
4702,"More public Transportation options. Bring back the public flights at the airport.",1,1,0,0,0,0,0,0,1,1,0,0
4703,"Expand the waterpark and add some new slides or another attraction.",41,21,2,18,12,4,0,8,29,17,2,10
4705,"Can we get a bus stop for greyhound",1,1,0,0,0,0,0,0,1,1,0,0
4706,"A YMCA!!",1,1,0,0,0,0,0,0,1,1,0,0
4707,"We need a larger multisport facility similar to the sports complex in Madisonville in the downtown area to facilitate travel basketball.",35,8,11,16,12,2,4,6,23,6,7,10
4708,"We need to have an indoor track facility similar to the one in Louisville.",1,1,0,0,1,1,0,0,0,0,0,0
4709,"Solar panels on businesses and apartments to help offset the cost of rent",47,32,6,9,14,3,4,7,33,29,2,2
4710,"Permanent E-Waste Recycling Center",50,32,3,15,15,2,2,11,35,30,1,4
4711,"A homeless night shelter like a Japanese Capsule Hotel would be cheap and efficient to provide for them.",43,21,2,20,13,5,1,7,30,16,1,13
4712,"Permanent yard waste disposal location in the county.",46,29,0,17,16,7,0,9,30,22,0,8
4713,"Encouraging and providing non-agricultural scientific research opportunities and new entities with WKU, K-12, and Adult educational groups.",39,19,1,19,11,2,0,9,28,17,1,10
4714,"We need Video Game Cafe's with great games and great food/snacks.   Those we have visited in other towns are great experiences!",40,19,6,15,12,2,2,8,28,17,4,7
4715,"More mass transit options",0,0,0,0,0,0,0,0,0,0,0,0
4716,"Public transportation within city limits and city annex.",1,1,0,0,0,0,0,0,1,1,0,0
4717,"For current and future roadways, please use roundabouts more than traditional 4 way stops",1,1,0,0,0,0,0,0,1,1,0,0
4718,"School uniforms for public school systems.",42,8,23,11,14,3,5,6,28,5,18,5
4719,"More specialities provider to mitigate the need to travel out of town!",1,1,0,0,0,0,0,0,1,1,0,0
4720,"We need sports facilities for thousands of kids, like an indoor ice rink and indoor soccer facility, rather than more pickleball courts",1,1,0,0,0,0,0,0,1,1,0,0
4721,"BG in 2050 will have a public indoor pool.",1,1,0,0,0,0,0,0,1,1,0,0
4722,"Dear Anonymous, the Southern Queen is gone, taken by shortsightedness and apathy.",1,1,0,0,0,0,0,0,1,1,0,0
4723,"More businesses on the North part of town.",1,1,0,0,0,0,0,0,1,1,0,0
4724,"The city will have a historic preservationist on its staff.",47,33,3,11,15,6,2,7,32,27,1,4
4725,"Update our roads with more lanes, not just round a-bouts, if we are going to grow, our roads need to grow.",1,1,0,0,0,0,0,0,1,1,0,0
4726,"A raised road on top of Scottsville Rd. Could drive from exit 22 all the way to Campbell ln or Steak-n-Shake without stopping.",1,1,0,0,0,0,0,0,1,1,0,0
4727,"By 2050, I would love to see subway stations here in Bowling Green.",30,4,13,13,9,0,3,6,21,4,10,7
4728,"Bring better grocery stores, Trader Joe's, Whole Foods, Homegoods, Costco",1,1,0,0,0,0,0,0,1,1,0,0
4729,"Stop overloading schools with immigrants without sufficient translators, staff & funding.The special-ed/autism population is out of control.",1,1,0,0,0,0,0,0,1,1,0,0
4730,"Stop being a sanctuary city. Our schools are overcrowded, underfunded & understaffed currently.",1,1,0,0,0,0,0,0,1,1,0,0
4731,"A designated permanent area for food trucks with parking and tables to encourage and grow that type of eatery.",1,1,0,0,0,0,0,0,1,1,0,0
4732,"A dedicated bike path all the way around the city.  Similar to Louisville.",46,24,7,15,16,2,4,10,30,22,3,5
4733,"My government won't waste our tax dollars on surveys like this one, so they can pretend that they've done something.",1,1,0,0,1,1,0,0,0,0,0,0
4734,"domaerot",1,1,0,0,0,0,0,0,1,1,0,0
4735,"uiroiwr",1,1,0,0,0,0,0,0,1,1,0,0
4736,"Are you perspectives",1,1,0,0,0,0,0,0,1,1,0,0
4737,"Are your perspectives or experiences missing from the conversationIf so, add them in the box below — one at a time.",1,1,0,0,0,0,0,0,1,1,0,0
4738,"Anonymous wrote:100+ remaining In 2050, BG will maintain its unique identity and NOT just be ""northern Nashville.""",1,1,0,0,0,0,0,0,1,1,0,0
4739,"More green spaces, walking areas /track that is secure or patrolled by security.",0,0,0,0,0,0,0,0,0,0,0,0
4740,"I would love to see BG become a place of inclusion. We don't need to separate by school, mix these boys and girls together more often.",31,13,3,15,9,0,2,7,22,13,1,8
4741,"BG will need to grow up instead of out. I hate to see so many acres of farmland being developed for housing.",1,1,0,0,0,0,0,0,1,1,0,0
4742,"Bowling Green needs more affordable entertainment venues. SKyPAC is nice but the pricing is out of reach for most people.",1,1,0,0,0,0,0,0,1,1,0,0
4743,"Bowling Green will heavily regulate the towing industry by imposing high bonds as part of the licensing to insure consumers are protected.",40,15,3,22,13,3,0,10,27,12,3,12
4744,"Had to post on yalls fb page.. character limit completely cramps my style and got a lot to contribute",0,0,0,0,0,0,0,0,0,0,0,0
4745,"Bowling Green will have sidewalks on ALL city streets.",46,32,2,12,15,5,2,8,31,27,0,4
4746,"We need to encourage retail and restaurant business to move into downtown.",42,25,0,17,14,3,0,11,28,22,0,6
4747,"Predatory towing needs to be stopped.",1,1,0,0,0,0,0,0,1,1,0,0
4748,"The City needs to incentivize local parking lot owners to allow free parking downtown, maybe through a tax break of some sort.",30,6,5,19,9,1,0,8,21,5,5,11
4749,"We need a more robust ambulance system operated by the City for emergencies and private ambulance service for non emergency transports.",37,15,3,19,11,1,1,9,26,14,2,10
4750,"I imagine the downtown having more community growth based events. Examples: farmers market Djs in the park, Pilates in the park ect.",1,1,0,0,0,0,0,0,1,1,0,0
4751,"Incentivize the owner of Greenwood Mall to make substantial improvements to attract higher end retailers or tear it down and start over.",1,1,0,0,0,0,0,0,1,1,0,0
4752,"Improving the inside of the capitol while preserving the outside. We could use this space for so much more if it looked aesthetic.",49,28,2,19,16,5,0,11,33,23,2,8
4753,"We need a speakeasy, a great authentic pizza place, an amphitheater, cocktail classes, and cooking classes, more live music",1,1,0,0,0,0,0,0,1,1,0,0
4754,"A planned retirement community with condos only, pool, coffee shop, clubhouse",44,22,2,20,15,4,0,11,29,18,2,9
4755,"Bring COSTCO and Trader Joe’s so we don’t have to take our business to Nashville!!",1,1,0,0,0,0,0,0,1,1,0,0
4756,"Continue to be a place where not only do businesses thrive, but so do our nonprofit agencies. We need them to survive.",45,29,1,15,15,4,0,11,30,25,1,4
4757,"Bowling Green / Warren County  NEEDS a better traffic system ! ! !",1,1,0,0,1,1,0,0,0,0,0,0
4758,"More pedestrian friendly on Scottsville rd area. Sidewalks. Skywalks.",1,1,0,0,0,0,0,0,1,1,0,0
4759,"BG must continue to grow smartly while showcasing all the unique businesses and attractions in our area. We have much to be proud of!",42,25,0,17,15,5,0,10,27,20,0,7
4760,"A pediatric hospital! So many parents and caregivers have to drive to Vanderbilt or Louisville for their child(s) to see a specialist.",0,0,0,0,0,0,0,0,0,0,0,0
4761,"Public transportation",0,0,0,0,0,0,0,0,0,0,0,0
4762,"A dedicated Art District along College St where the public can access art in all forms from paintings, music, sculptures, theater, and dance",49,31,2,16,15,2,2,11,34,29,0,5
4763,"Youth sports capital of BG. Hosting State tourney and national tourney. All things to do around BG and Nashville makes this a prime spot.",1,1,0,0,0,0,0,0,1,1,0,0
4764,"I would love to see a downtown area similar to Owensboro. I would like safer green spaces for walking.",1,1,0,0,0,0,0,0,1,1,0,0
4765,"I would like more restaurants and coffee shops that are not commercial.",1,1,0,0,0,0,0,0,1,1,0,0
4766,"I would like businesses to clean up their land/parking lots. There is a great deal of trash in BG.",48,34,0,14,16,6,0,10,32,28,0,4
4767,"Homeless shelter. More places for homeless to sleep at night",1,1,0,0,1,1,0,0,0,0,0,0
4768,"Outlet Mall. Everyone drives to or around Nashville, Lexington, and Louisville to shop.",1,1,0,0,1,1,0,0,0,0,0,0
4769,"I agre",0,0,0,0,0,0,0,0,0,0,0,0
4770,"I would like to see more hang out places for younger people 18-30 that isn’t bars or coffee shops.",1,1,0,0,0,0,0,0,1,1,0,0
4771,"We need a good arcade.",1,1,0,0,0,0,0,0,1,1,0,0
4772,"We need a Costco.",1,1,0,0,0,0,0,0,1,1,0,0
4773,"We need more big festivals more often.",1,1,0,0,0,0,0,0,1,1,0,0
4774,"We need a bigger Half Price Books.",35,9,8,18,10,2,2,6,25,7,6,12
4775,"Permanent ice rink.",1,1,0,0,0,0,0,0,1,1,0,0
4776,"We should have a good passenger train that connects to different cities.",1,1,0,0,0,0,0,0,1,1,0,0
4777,"We need light poles in places where they have none and hard to see at night, especially with the curvy country roads.",40,19,5,16,13,4,0,9,27,15,5,7
4778,"We need big festivals that are for winter, fall, spring, and summer.",47,30,2,15,14,5,1,8,33,25,1,7
4779,"We need more office type jobs that pay well.",44,22,1,21,15,5,0,10,29,17,1,11
4780,"The city needs to become a more walkable city.",1,1,0,0,0,0,0,0,1,1,0,0
4781,"We need more affordable housing.",1,1,0,0,0,0,0,0,1,1,0,0
4782,"More commercial spaces/buildings that aren’t for rent, and are affordable.",43,20,2,21,15,4,0,11,28,16,2,10
4783,"Bowling Green needs more affordable priced housing and apartments, that aren’t cheaply built.",1,1,0,0,0,0,0,0,1,1,0,0
4784,"We need a Ross dress for less and other stores like it.",1,1,0,0,0,0,0,0,1,1,0,0
4785,"The city seems to be doing a good job keeping most crime under control, and I hope to see that is still true in 2050.",46,32,1,13,15,7,0,8,31,25,1,5
4786,"The mall needs to have cheaper renting prices so businesses can actually come in and stay.",39,16,0,23,13,4,0,9,26,12,0,14
4787,"More parking in downtown.",0,0,0,0,0,0,0,0,0,0,0,0
4788,"More things for our kids to do",0,0,0,0,0,0,0,0,0,0,0,0
4789,"I wish to see more recognition  of professional Latino Comunity ,  there  aremany , engineers,  artists , architects    & a lot more others",0,0,0,0,0,0,0,0,0,0,0,0
4790,"Bowling green will have more dance studios to offer various types of dance to all ages, not just children.",39,15,5,19,11,0,3,8,28,15,2,11
4791,"More commercial growth like grocery, restaurants, shopping, etc. to build on the outer parts of the city not just Scottsville rd. and such.",1,1,0,0,0,0,0,0,1,1,0,0
4792,"More jobs that will train entry level.",45,28,2,15,15,4,1,10,30,24,1,5
4793,"BG needs fun hang-out places for specific groups like: families, teens, young adults, and older adults (not just bars!) Fellowship wise.",1,1,0,0,0,0,0,0,1,1,0,0
4794,"Make ALL schools safer with resource officers in every school and metal detectors that work.",1,1,0,0,0,0,0,0,1,1,0,0
4795,"By needs shoulders on roads and wider parking spaces.",1,1,0,0,0,0,0,0,1,1,0,0
4796,"I would like to see less cheap stores like the Dollar General and see some good clothing stores come in.",0,0,0,0,0,0,0,0,0,0,0,0
4798,"Traffic! Scottsville road needs to be built up as an overpass.",1,1,0,0,1,1,0,0,0,0,0,0
4799,"BG needs more local restaurants that aren’t located downtown.",39,18,3,18,12,0,2,10,27,18,1,8
4800,"Costco by 2050!",1,1,0,0,0,0,0,0,1,1,0,0
4801,"We need a better plan for county development instead of cramming two lane roads. Need better health facilities for women and children.",1,1,0,0,0,0,0,0,1,1,0,0
4802,"In 2050 BG should bring back entertainment attractions like RaceWorld, ZapZone, MiniGolf, etc. Busy minds don’t commit crimes",1,1,0,0,1,1,0,0,0,0,0,0
4803,"A “park-park”. There is no where that teenagers can park and hangout like we used to. With drug use climbing, what are they hurting in lots",28,3,5,20,9,2,0,7,19,1,5,13
4804,"An intersection or large billboard dedicated to auction advertising. Where the public can find upcoming auctions while driving through town",30,2,16,12,11,1,3,7,19,1,13,5
4805,"A zoo.",1,1,0,0,1,1,0,0,0,0,0,0
4806,"Bring back Baloons and Tunes BBQ concerts",1,1,0,0,1,1,0,0,0,0,0,0
4807,"Local news to be local again. Share more positive stories of local happenings, not all the negative from miles and miles away",40,24,2,14,13,8,0,5,27,16,2,9
4808,"Ignore “identities” and view each other as the same with differences. It’s okay to be different, but everyone shouldn’t have to cater to you",44,15,14,15,14,4,3,7,30,11,11,8
4809,"By 2050, we will not hear vehicle exhaust from half a mile away, while in our homes.",1,1,0,0,0,0,0,0,1,1,0,0
4810,"Embrace and teach our towns history, the good and the bad. May we learn from both",47,32,2,13,16,4,2,10,31,28,0,3
4811,"Promotion of careers in skilled trades such as electrical, HVAC, plumbing, carpentry, ironwork, excavation, concrete, drywall, etc.",48,37,1,10,17,8,1,8,31,29,0,2
4812,"A festival similar to “Catfish Festival”, “BBQ Festival”, Watermelon Festival”, etc. that surrounding counties have, with free activities",42,21,4,17,15,4,1,10,27,17,3,7
4813,"Aquarium in town",1,1,0,0,1,1,0,0,0,0,0,0
4814,"Embrace 4-H, FFA, Saddle Clubs, and workshops for the youth to learn every day life necessities.",48,31,1,16,16,6,0,10,32,25,1,6
4815,"Should be a traditional conservative and Christian influenced culture.",37,9,21,7,11,5,3,3,26,4,18,4
4816,"It’s important to preserve rural landscapes.There is such a thing as over-development and too much growth, too quickly without forethought.",0,0,0,0,0,0,0,0,0,0,0,0
4817,"In 2050 I hope we are not taken over by corporations that are occupying our land with gas stations and fast food and parking lots.",47,32,0,15,16,5,0,11,31,27,0,4
4818,"More businesses to be open before 10am.",40,16,3,21,12,1,1,10,28,15,2,11
4819,"More places we all travel to for shopping and food need to be here. Cheesecake Factory, Dave & Busters, etc.",1,1,0,0,0,0,0,0,1,1,0,0
4820,"We need a Cheesecake Factory here so that we don't have to travel to another city to eat there.",28,3,14,11,8,1,1,6,20,2,13,5
4821,"We will have walking areas or a track that is secure or patrolled by security.",35,14,5,16,11,1,2,8,24,13,3,8
4822,"We should bring back an entertainment attraction like Raceworld. Busy minds don’t commit crimes.",30,4,8,18,8,1,1,6,22,3,7,12
4823,"We should bring back an entertainment attraction like Zap Zone. Busy minds don’t commit crimes.",31,6,4,21,9,1,0,8,22,5,4,13
4824,"We need better health facilities for women.",46,30,1,15,15,4,0,11,31,26,1,4
4825,"Make ALL schools safer with metal detectors that work.",42,16,5,21,15,4,2,9,27,12,3,12
4826,"I wish to see more recognition of the professional Latino community in BG. There are many engineers,  artists, architects, and other professionals.",43,24,5,14,15,1,5,9,28,23,0,5
4827,"We need a Ross Dress for Less and other stores like it.",25,0,9,16,8,0,2,6,17,0,7,10
4828,"We need cocktail classes.",28,5,8,15,10,0,3,7,18,5,5,8
4829,"We need a great authentic pizza place.",32,13,2,17,8,1,1,6,24,12,1,11
4830,"We need cooking classes.",33,16,1,16,10,2,0,8,23,14,1,8
4831,"More interactive public art. Bronze memorials, plastic animals at welcome signs and “I💚” signage are not connecting.",33,11,9,13,11,3,3,5,22,8,6,8
4832,"Section 8/subsidized housing should be built in/near existing transit lines, NOT on the outskirts of town, then demanding transit service.",36,20,0,16,11,4,0,7,25,16,0,9
4833,"Healthcare facilities will be greatly improved performance and quality wise, with better care experiences for people.",40,26,1,13,13,3,0,10,27,23,1,3
4834,"Bowling Green will be the youth sports capital of KY, hosting state and national tournaments and promoting experiences in BG and Nashville for visitors.",40,10,12,18,14,1,6,7,26,9,6,11
4835,"Work on less privileged areas to make them safer.",44,31,0,13,12,4,0,8,32,27,0,5
4836,"We will have more events with DJs in our downtown parks.",35,11,4,20,11,1,0,10,24,10,4,10
4837,"We will have Pilates at the Park events in downtown Bowling Green.",42,18,5,19,14,1,3,10,28,17,2,9
4838,"Stop overloading schools with immigrants without sufficient translators, staff, & funding.",40,16,10,14,11,3,2,6,29,13,8,8
4839,"Schools need more resources for the support of special education and autism students.",48,32,2,14,15,4,1,10,33,28,1,4
4840,"We need an indoor youth soccer facility.",30,4,7,19,10,1,3,6,20,3,4,13
4841,"The International Festival will be more than one day.",44,26,4,14,15,1,4,10,29,25,0,4
4842,"Add e-Bike/scooter rental at Sloan Convention Center.",39,17,9,13,12,1,2,9,27,16,7,4
4843,"Make pleasing greenways which connect hotels to restaurants.",48,34,2,12,16,4,2,10,32,30,0,2
4844,"now small areas around town will become more walkable and hold more businesses",1,1,0,0,0,0,0,0,1,1,0,0
4845,"BG will have art districts and tech districts! more specialized parts of town!",0,0,0,0,0,0,0,0,0,0,0,0
4846,"BG will have many 3rd spaces and walkable communities",1,1,0,0,0,0,0,0,1,1,0,0
4847,"affordable housing for young people so they have a chance to build a future for themselves like generations past",48,36,1,11,14,5,0,9,34,31,1,2
4848,"BG will prioritize accepting young people into the workforce without taking advantage of them, paying them a livable wage",46,30,0,16,15,4,0,11,31,26,0,5
4849,"more mom & pops… less billionaire corporations",1,1,0,0,0,0,0,0,1,1,0,0
4850,"Need an Indoor Pool, either building a YMCA or a community center that is more accessible to the whole community.",1,1,0,0,0,0,0,0,1,1,0,0
4851,"Better roadways eliminating congestion. Indoor ninja warrior course. Climbing obstacles at Lost River. Floating water park.Drive in theater.",1,1,0,0,1,1,0,0,0,0,0,0
4852,"YMCA! Primitive survival classes for all ages. Home economics/life skills. Computer science, coding, gaming development ect.",1,1,0,0,1,1,0,0,0,0,0,0
4853,"BG needs a neighborhood of small homes for newly married couples or small families. 2 bed/2 bath basic homes in a safe area for 200K or less",43,26,2,15,14,4,1,9,29,22,1,6
4854,"Better radio stations. Not everyone listens to country. Bring back oldies 50s and 60s and the golden age of hip hop and r&b 80s and 90s",1,1,0,0,1,1,0,0,0,0,0,0
4855,"BG will have an indoor pool accessible to the public.",1,1,0,0,1,1,0,0,0,0,0,0
4856,"Post positive ""Headlines"" in our local news, instead of stories and pictures of criminals. There is a lot of good, but it's not highlighted.",37,18,3,16,10,2,0,8,27,16,3,8
4857,"Handicapped public transport for county that is not solely for Medicaid trips",41,25,1,15,11,1,1,9,30,24,0,6
4859,"If panhandling is unsafe, and signs say ""choose other ways to give"" then why do we allow it?",0,0,0,0,0,0,0,0,0,0,0,0
4860,"We should increase our Live Music Events and venues! Someday they’ll say “Bowling Green Ky was so fun we didn’t even make it to NASHVILLE!”",46,30,2,14,15,6,1,8,31,24,1,6
4861,"Less rundown and more classy like Franklin, TN. Better selection for dining and shopping and also better farmers mkt. improved roads.",1,1,0,0,1,1,0,0,0,0,0,0
4862,"Legalize recreational marijuana!",1,1,0,0,1,1,0,0,0,0,0,0
4863,"Make it illegal to panhandle.  It leaves a very poor impression when you get off the interstate only to be welcomed by a panhandler.",0,0,0,0,0,0,0,0,0,0,0,0
4864,"I would appreciate if there were commercial flights at airport",0,0,0,0,0,0,0,0,0,0,0,0
4865,"Would love to see more murals around town!",1,1,0,0,0,0,0,0,1,1,0,0
4866,"Better internet options that are not Spectrum. Google Fiber?",0,0,0,0,0,0,0,0,0,0,0,0
4867,"Continue to develop downtown to make it a family environment.",1,1,0,0,0,0,0,0,1,1,0,0
4868,"Better Pizza. Theres no good local pizza spots here. Not chains either.",1,1,0,0,0,0,0,0,1,1,0,0
4869,"I would love to see BG become the true international city the is processes to be once a year.  Something more than Anglo Saxon culture",0,0,0,0,0,0,0,0,0,0,0,0
4870,"I love fountain square having the lights up during the winter months.Could we have them all year long or at least through spring.",34,14,4,16,10,3,2,5,24,11,2,11
4871,"Bird Scooters downtown and WKU",26,3,10,13,8,1,1,6,18,2,9,7
4872,"The city travel infrastructure is already obsolete.   If something major is not done soon, we'll end up in gridlock!",0,0,0,0,0,0,0,0,0,0,0,0
4873,"I need you opinion",1,1,0,0,0,0,0,0,1,1,0,0
4874,"We should have train to the airport",0,0,0,0,0,0,0,0,0,0,0,0
4875,"More walkable sidewalks off the west end and downtown Bowling Green.",1,1,0,0,0,0,0,0,1,1,0,0
4876,"I also wonderful for this plan.",0,0,0,0,0,0,0,0,0,0,0,0
4877,"ကောာင်းကောင်းဆက်စံခဲတယ်",30,6,4,20,10,0,2,8,20,6,2,12
4878,"Ineed to opinion",1,1,0,0,0,0,0,0,1,1,0,0
4879,"We need Public Transportation",0,0,0,0,0,0,0,0,0,0,0,0
4880,"BG should develop more homeowner projects, affordable,  accessible to low income individuals/families.",1,1,0,0,0,0,0,0,1,1,0,0
4882,"I would love to see more small scale local food production, ideally at the neighborhood co-op scale, and farmers markets to support them.",46,33,0,13,15,5,0,10,31,28,0,3
4883,"Incentives for more locally owned alternatives to corporate chains.",45,27,2,16,15,4,1,10,30,23,1,6
4884,"Better public transit options and bike access.",1,1,0,0,0,0,0,0,1,1,0,0
4885,"Bowling Green will provide incentives for maintaining and preserving historical structures including houses, landmarks, and parks.",47,32,0,15,15,4,0,11,32,28,0,4
4886,"BG will have a digital AND visual single source ""yellow pages"" for commercial ads and ""bulletin board"" place for all other events or notices",1,1,0,0,0,0,0,0,1,1,0,0
4887,"BG will have TREE SHADED sidewalks city wide.",1,1,0,0,0,0,0,0,1,1,0,0
4888,"Free, easily accessible , required, English classes for all immigrants.",1,1,0,0,0,0,0,0,1,1,0,0
4889,"BG will not have a need for section 8 housing.  We will learn how to well house our population.",1,1,0,0,0,0,0,0,1,1,0,0
4890,"BG will have a blended school district, with capacity levels and parents being able to choose schools.",34,10,10,14,12,2,4,6,22,8,6,8
4891,"Shake Rag District will NOT be gentrified or bulldozed",1,1,0,0,0,0,0,0,1,1,0,0
4892,"BG will have more barrier free third spaces to hang out at night without getting drunk",1,1,0,0,0,0,0,0,1,1,0,0
4893,"BG will have a small grocery store on fountain square",41,21,5,15,12,4,2,6,29,17,3,9
4894,"BG will quit worrying about driving and parking because we've incentivized and prioritized public transport and walkable spaces",1,1,0,0,0,0,0,0,1,1,0,0
4895,"We need public transportation.",0,0,0,0,0,0,0,0,0,0,0,0
4896,"BG will have a main station for the bus system from which bus routes stem and transit is centralized",35,16,3,16,10,1,2,7,25,15,1,9
4897,"No taxes that support military, police, or Israel",1,1,0,0,0,0,0,0,1,1,0,0
4898,"BG will still have good air quality as compared to surrounding cities (e.g. Nashville's air is very bad), plus no dog food smell",1,1,0,0,0,0,0,0,1,1,0,0
4899,"BG residents will no longer have to work extra jobs in addition to full-time work because our needs will be fulfilled",46,31,0,15,15,5,0,10,31,26,0,5
4900,"Give us the Amtrak",0,0,0,0,0,0,0,0,0,0,0,0
4901,"I would like Bowling Green to have school choice. Downtown/Scottsville areas needs to updated to the charming place to attract visitors",1,1,0,0,1,1,0,0,0,0,0,0
4902,"BG needs school choices. The downtown/Scottsville area needs to be updated to the charming city itcan be to attract visitors",1,1,0,0,1,1,0,0,0,0,0,0
4904,"I would like to see high speed train connecting BG, to Chicago , Louisville, Nashville and Atlanta",1,1,0,0,0,0,0,0,1,1,0,0
4905,"High speed train connection to Nashville",1,1,0,0,0,0,0,0,1,1,0,0
4906,"Regional airport and more walkable community",1,1,0,0,0,0,0,0,1,1,0,0
4907,"High speed train similar to brightline in Florida",42,26,5,11,14,5,2,7,28,21,3,4
4908,"Regional airport",1,1,0,0,0,0,0,0,1,1,0,0
4909,"Development downtown and across from railroad tracks",1,1,0,0,0,0,0,0,1,1,0,0
4910,"Preserve and grow our family farms so as not to be chopped up into subdivisions",1,1,0,0,0,0,0,0,1,1,0,0
4911,"Encourage our farms to consider alternate crops and greenhouse growing  like medicinal plants, not pot, and plants specific to our area.",43,22,1,20,15,2,1,12,28,20,0,8
4912,"Showcase farmers markets.",45,32,0,13,15,6,0,9,30,26,0,4
4913,"No to the Fairness Ordinance",1,1,0,0,0,0,0,0,1,1,0,0
4914,"Consider a drug rehab facility near industrial park.",38,14,4,20,12,3,1,8,26,11,3,12
4915,"Tiny home area for our homeless teens",41,20,6,15,14,3,2,9,27,17,4,6
4916,"Encourage Habitat participation and areas to build these homes.",1,1,0,0,0,0,0,0,1,1,0,0
4917,"When adding sidewalks, make wide enough for bike and walkers everywhere",1,1,0,0,0,0,0,0,1,1,0,0
4918,"I hope BG gets more healthy markets and restaurants",1,1,0,0,0,0,0,0,1,1,0,0
4919,"Expand county parks where need arises",1,1,0,0,0,0,0,0,1,1,0,0
4920,"More landscaping, parks, and nature in run down parts of town",45,34,1,10,15,6,1,8,30,28,0,2
4921,"Trader Joe's and home goods please",1,1,0,0,0,0,0,0,1,1,0,0
4922,"When considering adding subdivisions, not enough attention to what the land is like",1,1,0,0,0,0,0,0,1,1,0,0
4923,"Everyday people on Planning and zoning not just rubber-stamped people.",45,27,4,14,15,4,0,11,30,23,4,3
4924,"Better EMS service not just another one",1,1,0,0,0,0,0,0,1,1,0,0
4925,"Recruit independent, specialized physicians.",45,29,0,16,15,5,0,10,30,24,0,6
4926,"I would like to see more walkable/bikable routes",1,1,0,0,0,0,0,0,1,1,0,0
4927,"Utilize WKU as hub for specialize training, ie, emergency services, tech training, business management",39,19,1,19,13,3,0,10,26,16,1,9
4928,"I would like a better shopping mall ours is rundown and outdated",1,1,0,0,0,0,0,0,1,1,0,0
4929,"Bring back basic classes in school, ie math, reading and develop those skills above all others",40,19,5,16,12,3,2,7,28,16,3,9
4930,"Each district develop plans for how they see their growth with input from people in those districts",43,25,0,18,14,4,0,10,29,21,0,8
4931,"Safe bike ways for all age backers",1,1,0,0,0,0,0,0,1,1,0,0
4932,"Promote all forms of energy w/o use of subsidies",42,20,6,16,13,2,3,8,29,18,3,8
4933,"Residential and Commercial Buildings will be 4+ stories…. Because any ordinances and requirements will be lessened so we can have density",42,17,3,22,13,1,1,11,29,16,2,11
4934,"More police enforcement of traffic laws! Red light cameras!  The BG of the future will not have so many traffic accidents!!!",1,1,0,0,1,1,0,0,0,0,0,0
4935,"We will need more tech start ups and scale up’s either by recruiting or incubating at WKU innovation campus.",36,15,2,19,11,1,0,10,25,14,2,9
4936,"Laser-tag hub of the Midwest",32,6,12,14,12,3,3,6,20,3,9,8
4937,"BG will better address homelessness in the community by offering housing transition programs and/or more emergency shelters",1,1,0,0,0,0,0,0,1,1,0,0
4938,"Dave and Busters, or other fun activities for teens/kids.",1,1,0,0,0,0,0,0,1,1,0,0
4939,"BG will have specialized tech districts in particular parts of town.",33,9,6,18,8,1,1,6,25,8,5,12
4940,"BG will be as lame as it is now. Run by the same boring blase suburbanites.",28,3,13,12,8,2,0,6,20,1,13,6
4941,"Indoor ninja warrior course",32,8,8,16,11,1,3,7,21,7,5,9
4942,"Climbing obstacles will be added at Lost River Cave.",42,18,5,19,14,3,0,11,28,15,5,8
4943,"We will put an emphasis on teaching home economics/life skills again.",45,32,1,12,13,5,1,7,32,27,0,5
4944,"We will have primitive survival classes for all ages.",30,5,4,21,10,1,1,8,20,4,3,13
4945,"We will have more classes available for computer science, coding, and gaming development.",41,21,1,19,15,4,0,11,26,17,1,8
4946,"We will have an oldies 50s and 60s radio station.",28,3,6,19,9,0,1,8,19,3,5,11
4947,"We will have a radio station dedicated to the 1980s and 1990s golden age of hip hop and R&B.",32,7,4,21,9,1,0,8,23,6,4,13
4948,"We will have a process for getting your driver's license here that sets a good first impression.",38,21,0,17,13,2,0,11,25,19,0,6
4949,"We will have Google Fiber available in Bowling Green.",39,14,5,20,13,1,2,10,26,13,3,10
4950,"We will have more walkable sidewalks in the west end.",44,26,2,16,15,0,2,13,29,26,0,3
4952,"BG could be the heart of Kentucky!",41,19,4,18,14,5,1,8,27,14,3,10
4953,"Improve animal laws and enforce current",1,1,0,0,0,0,0,0,1,1,0,0
4954,"Any new building require underground utilities in all.",45,32,2,11,14,7,2,5,31,25,0,6
4955,"Work toward putting existing utilities underground",1,1,0,0,0,0,0,0,1,1,0,0
4956,"Encourage investment in manufacturing of computer chips and anything to do with that aspect of manufacturing",35,13,2,20,11,1,1,9,24,12,1,11
4957,"By 2025 BG will have a Music Hall of Fame for local and area musicians with ties to BG",36,10,10,16,9,0,5,4,27,10,5,12
4958,"Move airport and use that land for housing development",1,1,0,0,0,0,0,0,1,1,0,0
4959,"By 2050 we will have another downtown parking structure located within a block of the square",37,19,1,17,13,6,1,6,24,13,0,11
4960,"We will have several local breweries and brew pubs",46,25,3,18,15,4,2,9,31,21,1,9
4961,"We will have an Metro Government",1,1,0,0,0,0,0,0,1,1,0,0
4962,"I want more secondary spaces that aren't just restaurants or bars.",1,1,0,0,0,0,0,0,1,1,0,0
4963,"We will have a public transportation system that reaches everyone, not just those living in the heart of Bowling Green.",1,1,0,0,0,0,0,0,1,1,0,0
4964,"Enhancing the knowledge of our American history in conjunction with local history",46,31,3,12,15,5,2,8,31,26,1,4
4965,"Enhance local health care capabilities and less referral to larger cities",1,1,0,0,1,1,0,0,0,0,0,0
4966,"A community with affordable housing for everyone",1,1,0,0,0,0,0,0,1,1,0,0
4967,"Schools being built on main thoroughfares just doesn’t make sense and should be subject to a study and approval first.",31,10,2,19,10,1,0,9,21,9,2,10
4968,"A zoo would be amazing!  It would be both recreational and educational.",1,1,0,0,0,0,0,0,1,1,0,0
4969,"Allow parents to direct funding for their children to the school that meets their children’s educational needs",42,14,20,8,14,7,5,2,28,7,15,6
4970,"We will adopt URLTA because renters deserve more rights",1,1,0,0,0,0,0,0,1,1,0,0
4971,"More indoor gun ranges where noise can be contained",38,15,8,15,14,6,2,6,24,9,6,9
4972,"Traffic signal poles with cameras should be installed to prevent so many people running red lights. This will also bring in a ton of money.",0,0,0,0,0,0,0,0,0,0,0,0
4973,"Restrictions on individuals shooting guns within certain proximities to other houses.",44,31,3,10,15,5,3,7,29,26,0,3
4974,"Before 2050 our airport must be moved. Use the current location for development",1,1,0,0,1,1,0,0,0,0,0,0
4975,"Support medical partnership with UK and WKU, not Vandy",1,1,0,0,0,0,0,0,1,1,0,0
4976,"Bowling needs an ice skating rink for kids and families and sports! Could even be used for indoor soccer!",1,1,0,0,1,1,0,0,0,0,0,0
4977,"The Corvette Museum Racetrack will have spectator stands and attract a national race series event.",40,16,6,18,12,5,2,5,28,11,4,13
4978,"I think it’s perfect besides the schools there to hard I love the country",1,1,0,0,0,0,0,0,1,1,0,0
4979,"There should be more stuff to do to have fun to be entertained",1,1,0,0,0,0,0,0,1,1,0,0
4980,"Maybe by 2050 our local law enforcement might decide to uphold the ""fireworks"" law inside the city limits. The unenforcement is just wrong.",38,15,5,18,13,3,2,8,25,12,3,10
4981,"There isn’t enough for kids and families to do. A childrens museum or zoo. Restaurants with play areas for kids.",0,0,0,0,0,0,0,0,0,0,0,0
4982,"More Breweries",41,17,8,16,14,3,2,9,27,14,6,7
4983,"Dave & Busters immediately please! Or a good arcade!",0,0,0,0,0,0,0,0,0,0,0,0
4984,"Better downtown with good shops and restaurants.",0,0,0,0,0,0,0,0,0,0,0,0
4985,"We will find ways to build upward (even in cave country) and not just outward. We'll grow, while still protecting our farm lands.",0,0,0,0,0,0,0,0,0,0,0,0
4986,"Merge green space and walking with downtown areas, like Greenville SC",45,34,1,10,13,3,1,9,32,31,0,1
4987,"HomeGoods",1,1,0,0,0,0,0,0,1,1,0,0
4988,"Trader Joe’s",1,1,0,0,0,0,0,0,1,1,0,0
4989,"Agree",0,0,0,0,0,0,0,0,0,0,0,0
4990,"Bowling Green as a media center for timely and accurate local and regional news within a 100 mile radius.",38,20,3,15,14,4,1,9,24,16,2,6
4991,"Curbside recycling or at least more accessible recycling facilities",1,1,0,0,0,0,0,0,1,1,0,0
4992,"BG has 100s of unused parking spaces too far from downtown.  Need safe reliable shuttle from the mall areas to downtown and points between.",32,17,2,13,10,4,0,6,22,13,2,7
4993,"Libraries/other buildings can double as trade centers for local small business and craftspeople.",40,17,6,17,13,2,3,8,27,15,3,9
4994,"More sidewalks and access to better public transportation",1,1,0,0,0,0,0,0,1,1,0,0
4995,"Bowling Green needs many more fun places for children. Bowling green needs to add more bus routes Bowling green need more affordable housing",0,0,0,0,0,0,0,0,0,0,0,0
4996,"We should have more opportunities to encourage and make art and creativity, like an art center!",45,25,3,17,15,1,2,12,30,24,1,5
4997,"A school system that also provides educational growth for academic high achievers",44,33,0,11,14,6,0,8,30,27,0,3
4998,"A regional airport with major airlines would serve the area well.",1,1,0,0,0,0,0,0,1,1,0,0
4999,"We need affordable housing and we need a Fairness Ordinance. We need jobs that pay a sustainable wage.",1,1,0,0,0,0,0,0,1,1,0,0
5000,"Resources for aging in place. A senior village with multiple options depending on level of care",1,1,0,0,0,0,0,0,1,1,0,0
5001,"BG2050 needs to partner with current museums cultural entities that work to tell the vibrant story of our past and present.",0,0,0,0,0,0,0,0,0,0,0,0
5002,"Would like to see BG have a anime/Gaming cafe",33,10,6,17,10,0,2,8,23,10,4,9
5003,"BG needs to not become like Nashville.",1,1,0,0,0,0,0,0,1,1,0,0
5004,"A womens health center to tackle everything from menstruation, cancer, pregnancy, perimenopause and menopause.",45,29,2,14,12,1,0,11,33,28,2,3
5005,"improve the infrastructure, put bypass back to 4 lanes. Promote more business on bypass. more small businesses, local restaurants.",0,0,0,0,0,0,0,0,0,0,0,0
5006,"More things for kids to do. Possibly a YMCA. Three Springs road needs access to the parkway, too much traffic. Crime is worse. address it.",0,0,0,0,0,0,0,0,0,0,0,0
5007,"I hope Bowling Green’s continued growth includes our tradition of Entrepreneurial Mentorship;such as my legacy from D. Garvin & F. Higgins.",0,0,0,0,0,0,0,0,0,0,0,0
5008,"Before annexing subdivisions into the city allow the residents to vote on the annexation.",40,17,2,21,15,6,0,9,25,11,2,12
5009,"I hope Bowling Green’s continued growth includes a continuation of our tradition of entrepreneurial mentorship.",48,31,2,15,15,6,0,9,33,25,2,6
5010,"A senior village with multiple options depending on level of care.",43,30,1,12,15,5,0,10,28,25,1,2
5011,"More accessible recycling facilities",45,32,3,10,14,4,2,8,31,28,1,2
5012,"We should incorporate cake! The Duncan Hines connection should be utilized better - a cake-baking series of contests with BIG prizes!",38,16,8,14,10,3,3,4,28,13,5,10
5013,"Using the Duncan Hines theme, we should have artists create cake sculptures at all public spaces! Cakes are universally loved!",33,12,9,12,9,1,3,5,24,11,6,7
5014,"Restaurants with play areas for kids.",41,20,5,16,13,4,1,8,28,16,4,8
5015,"We need to be a vibrant, thriving city, but one that is also less car-dependent.",1,1,0,0,0,0,0,0,1,1,0,0
5016,"BG will better address homelessness in the community by offering housing transition programs.",45,28,2,15,14,1,1,12,31,27,1,3
5017,"BG will develop an Art/entertainment district close to the river and the square providing a different unique atmosphere to our city",1,1,0,0,0,0,0,0,1,1,0,0
5018,"We will have better EMS service in the future.",41,23,0,18,14,5,0,9,27,18,0,9
5019,"In the future, when we are considering adding subdivisions, we will pay enough attention to what the land is like.",45,30,1,14,13,5,0,8,32,25,1,6
5020,"55+ planned community that provides not just 1800-2000 sq.ft. Homes but club house, swimming pool, pickleball/tennis courts, lawn care, etc.",44,26,1,17,14,6,0,8,30,20,1,9
5021,"Would love to see an affordable train route connected to other major cities.",1,1,0,0,0,0,0,0,1,1,0,0
5022,"We will encourage Habitat for Humanity participation and find more areas to build those homes.",45,35,0,10,14,9,0,5,31,26,0,5
5023,"Bowling green in the next 2-3 years have restaurants with patios on the river",46,30,3,13,13,4,1,8,33,26,2,5
5024,"In the future, Bowling Green will not pass an unnecessary Fairness Ordinance.",38,8,19,11,12,4,3,5,26,4,16,6
5025,"Bowling green in the next 1-2 years use the hotrods stadium for more events live music and music festivals",1,1,0,0,0,0,0,0,1,1,0,0
5026,"We will have more new development in Bowling Green across the railroad tracks.",45,29,0,16,14,3,0,11,31,26,0,5
5027,"WKU staff processes will utilize new technologies for timekeeping, expense reports, etc.",26,5,3,18,8,0,1,7,18,5,2,11
5028,"Bowling Green will have support organizations for Native Americans living in the region.",33,14,0,19,9,1,0,8,24,13,0,11
5029,"Bowling Green will have more support serving non-refugee immigrants to the region.",38,18,3,17,12,1,2,9,26,17,1,8
5030,"Bg current downtown district will become more like a Beale st or bourbon. Blocked off for nightlife with a police presence til 2am",33,11,4,18,8,1,0,7,25,10,4,11
5031,"Downtown parking will be better with an additional free parking structure closer to the square",1,1,0,0,0,0,0,0,1,1,0,0
5032,"An indoor ice rink for sports & family enjoyment added to the park system.",1,1,0,0,0,0,0,0,1,1,0,0
5033,"The vacant space above down town business be converted in to apartments or to rooftop social venues like Nashville",46,30,0,16,15,4,0,11,31,26,0,5
5034,"BG will not have a need for Section 8 housing.  We will learn better ways to house our population.",38,16,2,20,12,2,1,9,26,14,1,11
5035,"BG will still have good air quality as compared to surrounding cities (e.g. Nashville's air is very bad).",44,35,1,8,13,5,1,7,31,30,0,1
5036,"In 2050, the Bowling Green area will have no taxes that support the military.",30,4,10,16,11,0,2,9,19,4,8,7
5037,"In 2050, the Bowling Green area will have no taxes that support police.",27,2,16,9,8,1,2,5,19,1,14,4
5038,"In 2050, the Bowling Green area will have no taxes that support Israel.",33,9,6,18,11,2,2,7,22,7,4,11
5039,"Require new subdivisions to have tree lined streets as part of their development. Goes a long way toward beautification. Not just entrances.",42,29,2,11,14,7,1,6,28,22,1,5
5040,"Update the area by wku track and field with more college style apartments, restaurants, a walking bridge over the tracks to campus",42,24,1,17,13,4,0,9,29,20,1,8
5041,"Add another police district in the southern Warren county area in the next 2-5 years",32,9,2,21,10,2,0,8,22,7,2,13
5042,"Relocate the county jail to the outskirts of town with upgrades facilities",1,1,0,0,0,0,0,0,1,1,0,0
5043,"We will locate an upgraded county jail to the outskirts of town.",32,12,4,16,9,3,0,6,23,9,4,10
5044,"Turn lover lane into an art district and green way parks with some fine dining options over the next 5 years",1,1,0,0,0,0,0,0,1,1,0,0
5045,"Gentrification of clay street and the T-mart gas station are with college friendly areas or art district",1,1,0,0,0,0,0,0,1,1,0,0
5046,"A Dave and buster out lovers lane",1,1,0,0,0,0,0,0,1,1,0,0
5047,"Free parking downtown",1,1,0,0,0,0,0,0,1,1,0,0
5048,"A big family kid friendly place with bowling laser tag, jump zone, skating, indoor playground one building",42,18,2,22,13,2,0,11,29,16,2,11
5049,"Turn Lovers Lane into an art district with greenway parks and some fine dining options over the next 5 years.",35,14,3,18,9,1,2,6,26,13,1,12
5050,"Wku football and basketball to schedule big name schools for home games like UK, Texas, Tennessee, Duke, Vandy in the next 1-2 years",44,13,12,19,14,2,5,7,30,11,7,12
5051,"We will gentrify Clay Street and Adams Street adjacent to WKU to become a college friendly area/art district.",42,14,9,19,14,0,4,10,28,14,5,9
5052,"High school state championship basketball games hosted at diddle arena",45,21,6,18,13,2,3,8,32,19,3,10
5053,"Botanical gardens",1,1,0,0,0,0,0,0,1,1,0,0
5054,"We will have a Dave and Busters on Lovers Lane.",30,3,8,19,9,1,2,6,21,2,6,13
5055,"Beech bend upgrade its park newer rides and upgrades to the water park.",41,18,1,22,13,3,0,10,28,15,1,12
5056,"All schools have a clear bag policy, every school has at least 2 police officer on sight and metal detectors at all entrances",32,6,12,14,10,0,5,5,22,6,7,9
5057,"Bring back the Sober bus for free rides to decrease drunk drivers",41,25,1,15,14,5,1,8,27,20,0,7
5058,"More roadblocks and checkpoints on the weekends",38,9,9,20,12,0,3,9,26,9,6,11
5059,"Relocate sober living house closer to the trans parks",1,1,0,0,0,0,0,0,1,1,0,0
5060,"Update the housing authority with a nicer park with a sports complex",40,20,5,15,11,1,3,7,29,19,2,8
5061,"Relocate and update the Salvation Army to be able to house the homeless and provide them with showers food and rehabilitation",40,23,1,16,11,4,0,7,29,19,1,9
5063,"The city ordinance for alcohol sell to extend to 4 am",27,3,12,12,8,0,3,5,19,3,9,7
5064,"A tour plus that goes around the city and county talking about the history of Bowling green",1,1,0,0,0,0,0,0,1,1,0,0
5065,"A man made lake for fishing and kayaking with a walking trail and park out by Jackson orchard",31,7,8,16,9,1,2,6,22,6,6,10
5066,"No more HOA neighborhoods",38,15,9,14,12,4,4,4,26,11,5,10
5067,"Upgrade all infrastructure",1,1,0,0,0,0,0,0,1,1,0,0
5068,"To have a Walmart by exit 28 to help provide groceries and essential to northern Warren county in the Next 2-3 years",35,10,11,14,9,3,2,4,26,7,9,10
5070,"A sober bar like the one in Nashville",37,17,1,19,12,1,1,10,25,16,0,9
5071,"Add a beer garden on lovers lane into the next year",38,17,5,16,12,2,3,7,26,15,2,9
5072,"A Hooters out on lovers lane",29,2,14,13,9,1,3,5,20,1,11,8
5073,"More funding for the police department to grow. We need more drug task agents. To combat the fentanyl crisis",1,1,0,0,0,0,0,0,1,1,0,0
5074,"Spencer’s coffee to expand to have a rooftop hangout area",42,28,1,13,13,4,1,8,29,24,0,5
5075,"In 2050, BG will have banned home fireworks to allow residents to enjoy their neighborhoods in peace.  (And will enforce this restriction.)",39,16,9,14,14,5,3,6,25,11,6,8
5076,"More big name celebrities like jelly roll to perform at hotrods stadium or diddle arena like Jack Harlow Did",46,21,9,16,15,2,4,9,31,19,5,7
5077,"More support for small businesses to succeed, including renters rights.",39,21,2,16,12,0,2,10,27,21,0,6
5078,"More stand up comedy shows with bigger names Matt rife, Dave Chappelle, Katt Williams, Ron white",43,16,8,19,14,3,3,8,29,13,5,11
5079,"BG should bring back the Humpfest festival by Tom Humphrey",28,2,7,19,9,1,3,5,19,1,4,14
5080,"Hospital hill to be upgraded with a beer garden restaurant and a park for enjoying the view of Warren County",40,17,5,18,12,2,1,9,28,15,4,9
5081,"Put COSTCO",0,0,0,0,0,0,0,0,0,0,0,0
5082,"Plz give costco",0,0,0,0,0,0,0,0,0,0,0,0
5083,"Reduce menial lawsuits with more legal options such as mitigation who can decide if there is a case to be had.",33,12,3,18,12,3,0,9,21,9,3,9
5084,"Most discrimination lawsuits should go through some sort of mitigation first before being put on docket. Can use certified paralegals.",1,1,0,0,0,0,0,0,1,1,0,0
5085,"County planning should be done with local involvement and only be implemented based on results.",34,14,2,18,11,3,0,8,23,11,2,10
5086,"Stop illegal home shooting ranges, especially w/n close proximity to houses and agriculture animals.",43,27,2,14,14,5,2,7,29,22,0,7
5087,"Better animal control laws and officers to handle complaints.",44,21,4,19,15,3,2,10,29,18,2,9
5088,"Any anti-discrimination laws only serve to discriminate especially as we are a community of people escaping discrimination.",26,2,6,18,8,0,1,7,18,2,5,11
5089,"More jobs will be available for American Citizens of all kinds and backgrounds, who are here already or who came here the legal right way.",39,11,13,15,13,3,3,7,26,8,10,8
5090,"I hope BG quits building apartments everywhere! We are killing our farmland! Take all  these empty buildings and remodel them to make homes!",1,1,0,0,1,1,0,0,0,0,0,0
5091,"Construct a proper sports park to hold major athletic events for all ages. Ex. Elizabethtown Sports Park.",1,1,0,0,0,0,0,0,1,1,0,0
5092,"Develop safe, affordable activities for teenagers.",1,1,0,0,0,0,0,0,1,1,0,0
5093,"More unique restaurants, not just chains.",1,1,0,0,0,0,0,0,1,1,0,0
5094,"Clean, safe aquatic park or swim center.",40,25,0,15,12,3,0,9,28,22,0,6
5095,"Amusement park",1,1,0,0,0,0,0,0,1,1,0,0
5096,"More extracurricular activities for adults",1,1,0,0,0,0,0,0,1,1,0,0
5097,"Law enforcement that enforces basic laws such as speeding, blocking traffic, road rage, running lights, etc.",1,1,0,0,0,0,0,0,1,1,0,0
5098,"Stop the influx on immigrants until we can withhold our current infrastructure.",1,1,0,0,0,0,0,0,1,1,0,0
5099,"Businesses in BG will make efforts to make their premises handicapped-accessible.",46,31,0,15,14,1,0,13,32,30,0,2
5100,"I think Bowling Green will continue to add more activities and things to do so traffic coming in off 65 will have more attractions",42,24,1,17,13,3,1,9,29,21,0,8
5101,"Clean, safe Riverwalk like Owensboro!",1,1,0,0,0,0,0,0,1,1,0,0
5102,"Redistrict the school systems betwen city and county! County schools are overcrowded and are city limit area is small.",33,8,9,16,8,2,2,4,25,6,7,12
5103,"Bowling Green needs to relocate the aiport to out in the County/Country-side where there is less risk of a high amount of death if a crash.",43,24,5,14,15,5,1,9,28,19,4,5
5104,"Turn Hobson grove into Top Golf",34,5,15,14,8,2,2,4,26,3,13,10
5105,"To have a Publix",1,1,0,0,0,0,0,0,1,1,0,0
5106,"One big family friendly sport bars",36,12,7,17,12,2,1,9,24,10,6,8
5107,"More use of capital arts for Broadway plays",1,1,0,0,0,0,0,0,1,1,0,0
5108,"City and county government merged for more cohesive and cost effective services.",1,1,0,0,0,0,0,0,1,1,0,0
5109,"BG City schools merged with Warren County Schools for more cohesive, better and more economical educational opportunities.",1,1,0,0,0,0,0,0,1,1,0,0
5110,"More events to be hosted at diddle arena. Circus, concerts, WWE Raw etc",40,16,7,17,14,2,3,9,26,14,4,8
5111,"An aquarium like the one in NewPort Ky",39,15,9,15,10,2,3,5,29,13,6,10
5112,"Vacant buildings downtown to be turned into apartments that are affordable",1,1,0,0,0,0,0,0,1,1,0,0
5113,"Smith grove will have a Walmart within 3 years",32,8,9,15,8,1,2,5,24,7,7,10
5114,"Turn the movie theaters to one big IMAX",29,8,8,13,9,2,2,5,20,6,6,8
5116,"I can’t wait!!",0,0,0,0,0,0,0,0,0,0,0,0
5117,"Revive the shopping center where roses is with a Kroger, coffee shop, a nice restaurant like hooters, or turn into college Apartments",1,1,0,0,0,0,0,0,1,1,0,0
5118,"Have Local and State law enforcement collaborate, work with and support ICE officers.",39,8,19,12,13,2,3,8,26,6,16,4
5121,"Fountain Square should be trademarked to protect the brand and stop predatory businesses from ruining its name.",1,1,0,0,1,1,0,0,0,0,0,0
5122,"More streetlights everywhere. I don't care about light pollution.",42,13,15,14,15,5,2,8,27,8,13,6
5123,"I love the horses/flags at our city entrance.",1,1,0,0,1,1,0,0,0,0,0,0
5124,"Seems like cops don't pull over people for running red lights anymore.  They should.",1,1,0,0,1,1,0,0,0,0,0,0
5125,"Give me at least one skyscraper.  We should have the tallest building in KY, not Louisville.",32,8,16,8,11,2,4,5,21,6,12,3
5126,"Can we move the airport so it can have at least one commercial airline?  Please?",1,1,0,0,1,1,0,0,0,0,0,0
5127,"This would be great, but it's not gov't's job: ""Bowling Green will have larger and well kept movie theaters that people will want to go to.",1,1,0,0,1,1,0,0,0,0,0,0
5130,"Con Cons should be on the National Register of Historic Places.",30,4,6,20,9,2,2,5,21,2,4,15
5131,"An indoor sports complex with 3 connected buildings - one for indoor soccer fields, one for figure skating/ice hockey and one for swimming.",41,18,5,18,11,1,2,8,30,17,3,10
5132,"Outlaw predatory towing.",1,1,0,0,0,0,0,0,1,1,0,0
5133,"More thoughtfully planned infrastructure. Especially for foot and bike travel.",1,1,0,0,0,0,0,0,1,1,0,0
5134,"Underground power",1,1,0,0,0,0,0,0,1,1,0,0
5135,"More parks and a better connection between them so you can take a long bike ride",1,1,0,0,0,0,0,0,1,1,0,0
5136,"There needs to be a traffic at light three springs road and small house roads.",1,1,0,0,0,0,0,0,1,1,0,0
5137,"More variety in restaurants with different ethnic foods.",1,1,0,0,0,0,0,0,1,1,0,0
5138,"More variety in athletic offerings (different dance classes, acrobatics,…)",37,19,3,15,11,2,2,7,26,17,1,8
5139,"Train to Nashville airport",1,1,0,0,0,0,0,0,1,1,0,0
5140,"Busineses will no longer require many years experience for entry level job, employers will train employees, and the pay rate will be posted",1,1,0,0,1,1,0,0,0,0,0,0
5141,"BG can't be anything until they move the airport and make it big enough to get commercial flights.",1,1,0,0,0,0,0,0,1,1,0,0
5142,"Natural bridges for safe animal crossing.",36,16,2,18,11,1,1,9,25,15,1,9
5143,"More events for families like the sprouts kids events at soky marketplace",42,24,0,18,13,3,0,10,29,21,0,8
5145,"Far more affordable housing hopefully - there are not a lot of good-paying jobs here, but the cost is skyrocketing.",1,1,0,0,0,0,0,0,1,1,0,0
5146,"Public transportation options",1,1,0,0,0,0,0,0,1,1,0,0
5147,"Work on traffic control.  You need to expedite people quickly around the community including in and out of BG.",1,1,0,0,0,0,0,0,1,1,0,0
5148,"Open city zoning to allow property owners to utilize their property for businesses, if desired, making room for more walkable amenities.",37,11,7,19,12,1,5,6,25,10,2,13
5149,"Promote pedestrian friendly access to downtown. More bike lanes",1,1,0,0,0,0,0,0,1,1,0,0
5150,"More development at Riverfront for shops, restaurants, and outdoor activities",1,1,0,0,0,0,0,0,1,1,0,0
5151,"Designated parking on order near the square for the elderly",34,9,5,20,11,1,1,9,23,8,4,11
5152,"Bowling Green needs an airport that can support international flights and freight for industrial businesses.",1,1,0,0,0,0,0,0,1,1,0,0
5153,"Another public pool",1,1,0,0,0,0,0,0,1,1,0,0
5154,"Keep supporting parks and nature trails",1,1,0,0,0,0,0,0,1,1,0,0
5155,"Thank you for this poll. BG is known for its friendliness!",1,1,0,0,0,0,0,0,1,1,0,0
5156,"Dog friendly restaurant",1,1,0,0,0,0,0,0,1,1,0,0
5157,"A dinner train",39,16,6,17,12,1,2,9,27,15,4,8
5158,"Summer children’s programs.",1,1,0,0,0,0,0,0,1,1,0,0
5159,"Public library is great but need more space for classes etc",38,22,3,13,11,5,0,6,27,17,3,7
5160,"Not using Weldon Pete trail as much as we could. Area doesn’t feel safe",1,1,0,0,0,0,0,0,1,1,0,0
5161,"Can the medical Center do a walking or health trail on their campus? Med Center and Ggc cover several blocks",1,1,0,0,0,0,0,0,1,1,0,0
5162,"Be accepting of all forms of recovery",42,19,2,21,13,1,1,11,29,18,1,10
5163,"I think BG should continue to work on its traffic issues. Maybe even put a loop around the whole city like Louisville or Lexington has done.",0,0,0,0,0,0,0,0,0,0,0,0
5164,"BG should continue to focus on law enforcement and don't allow gangs take over like in the big cities that is happening across the country.",43,26,4,13,15,8,1,6,28,18,3,7
5165,"We should honor black history by rebuilding The Quanset as a historical landmark",29,9,3,17,9,0,1,8,20,9,2,9
5166,"Keep the small town feel.",1,1,0,0,0,0,0,0,1,1,0,0
5167,"Build a new, larger airport (in a different location) to support commercial airlines. OR offer a shuttle service to and from BNA",1,1,0,0,0,0,0,0,1,1,0,0
5168,"More grocery options! Trader Joe’s and Whole Foods please",1,1,0,0,0,0,0,0,1,1,0,0
5169,"More LGBTQIA+ friendly venues",1,1,0,0,0,0,0,0,1,1,0,0
5170,"An Arts Center to showcase local and Kentuckian based artwork that also gets involved in the community",43,25,3,15,15,0,3,12,28,25,0,3
5171,"Bowling Green will become a hub for locally owned businesses and food markets",1,1,0,0,0,0,0,0,1,1,0,0
5172,"BG will be known for being the most accessible city in the country through more transportation methods and more accessible architecture",42,26,2,14,14,1,2,11,28,25,0,3
5173,"Preservation of farmland and the locals owning their own farms rather than large companies",1,1,0,0,0,0,0,0,1,1,0,0
5174,"BG will become a more diverse area with people of all backgrounds. More backgrounds for more frames of mind for continual growth.",1,1,0,0,0,0,0,0,1,1,0,0
5175,"BG is busting at the seams now.  Soon we will be just like Nashville which people are leaving.  Most of our issues are political based :/",1,1,0,0,0,0,0,0,1,1,0,0
5176,"3 words... Enough. Apartments. Already.",1,1,0,0,0,0,0,0,1,1,0,0
5177,"BG will become a hub for informational resources dealing with public health, weather, environmental studies, resource management",1,1,0,0,0,0,0,0,1,1,0,0
5178,"We need a helicopter service here.",28,5,8,15,8,1,1,6,20,4,7,9
5179,"BG will become a hub for education on information literacy",43,26,1,16,15,3,1,11,28,23,0,5
5180,"To preserve fame land we need someone to build a few high rise residentials",1,1,0,0,0,0,0,0,1,1,0,0
5181,"Small Business and restaurant incubator for start-up entrepreneurs who are testing products before launching a full restaurant.",46,28,2,16,15,4,0,11,31,24,2,5
5182,"Sidewalks would be nice",1,1,0,0,0,0,0,0,1,1,0,0
5183,"City and county boards should reflect the demographics of everyone, including those from minorities for more well rounded policy making",44,29,2,13,13,4,2,7,31,25,0,6
5184,"I have noticed a lot of religious affiliated hospitals, and being LGBTQIA+ I would like more non-religious affiliated options for safety",1,1,0,0,0,0,0,0,1,1,0,0
5185,"More non-religious affiliated healthcare centers for women, LGBTQIA+, and other minorities.",42,23,8,11,13,2,6,5,29,21,2,6
5186,"BG will become a hub for immigration resources. Where to get jobs, homing programs, help with identification records, etc.",43,22,9,12,15,1,6,8,28,21,3,4
5187,"For Nashville to keep it's upcoming police city in Nashville and to not militarize near Bowling Green.",37,15,2,20,12,3,1,8,25,12,1,12
5188,"Improved highway infrastructure to to get different parts of town.",1,1,0,0,0,0,0,0,1,1,0,0
5189,"Better parks and public play areas for children.",1,1,0,0,0,0,0,0,1,1,0,0
5190,"Trail systems to connect communities and neighborhoods together. More movie nights in the parks.",1,1,0,0,0,0,0,0,1,1,0,0
5191,"A program like Kahoots in Eugene, OR. First responders for any mental health related 911 call alongside local PD.",41,19,2,20,12,3,1,8,29,16,1,12
5192,"Model after Chattanooga, TN and make bowling green a National Park City!",37,20,3,14,13,5,2,6,24,15,1,8
5193,"That’s the business owners’ decision",1,1,0,0,0,0,0,0,1,1,0,0
5194,"They pay taxes too",1,1,0,0,0,0,0,0,1,1,0,0
5195,"I hope the community will be more safe for us too",1,1,0,0,0,0,0,0,1,1,0,0
5196,"BG can support them. We need to be creative about how and lose the zero sum ideals.",1,1,0,0,0,0,0,0,1,1,0,0
5197,"And be impacted by the chemicals inside of those products. We have to be more mindful about how other manage their own health.",1,1,0,0,0,0,0,0,1,1,0,0
5198,"Making Bowling Green more walkable and bikeable.",1,1,0,0,0,0,0,0,1,1,0,0
5199,"We need and international airport so we don’t have to drive over one hour to get out the states",0,0,0,0,0,0,0,0,0,0,0,0
5200,"Bowling Green is still is a lovely place. I hate to see us add new people, our infrastructure is not ready think schools, roads, healthcare.",1,1,0,0,0,0,0,0,1,1,0,0
5201,"We are full for now. No one else unless they are self efficient.",1,1,0,0,0,0,0,0,1,1,0,0
5202,"Need infrastructure on or around Scottsville Rd. in BG before anyone else gets in.  Stop the apartments",0,0,0,0,0,0,0,0,0,0,0,0
5203,"A new deluxe movie theater. With few indoor activities to do in BG, a new movie theater is a MUST. Both current theaters are pitiful.",1,1,0,0,0,0,0,0,1,1,0,0
5204,"Bring back easy access for recycling. Whether it be drop off locations, or paid curbside.",1,1,0,0,0,0,0,0,1,1,0,0
5205,"Bg needs more family friendly non-alcoholic recreation.",0,0,0,0,0,0,0,0,0,0,0,0
5206,"BG will have more big green spaces, parks for long hikes and bike riding!",1,1,0,0,0,0,0,0,1,1,0,0
5207,"BG will protect its old trees and wont allow to let them be chopped down.",1,1,0,0,0,0,0,0,1,1,0,0
5208,"BG needs to be friendly to pedestrian traffic, reaching public places by foot, promote cultural meetings that include WKU+SkyCTC.  .",1,1,0,0,0,0,0,0,1,1,0,0
5209,"We should embrace the arts by reclaiming run down buildings and provide grants to artist for music, art studios. Music, Art & Nature 🎶💜🌳",1,1,0,0,0,0,0,0,1,1,0,0
5210,"More speciality physicians.",1,1,0,0,0,0,0,0,1,1,0,0
5211,"A separate mediation section of our courts led by paralegals to keep frivolous lawsuits off the dockets",28,9,3,16,8,1,0,7,20,8,3,9
5213,"More support for non profits",1,1,0,0,0,0,0,0,1,1,0,0
5214,"Year round indoor/outdoor youth sports facilities",1,1,0,0,0,0,0,0,1,1,0,0
5215,"Planning/zoning is required to have landowners involved when deciding county land use",36,15,3,18,11,1,1,9,25,14,2,9
5216,"Planning/zoning is nothing but a rubber stamped committee. More landowners on commission",1,1,0,0,0,0,0,0,1,1,0,0
5217,"Hopefully, by 2050, BG will figure out a way to reduce traffic congestion.  They have a lot of work to do.",1,1,0,0,0,0,0,0,1,1,0,0
5218,"Stop homeowner gun ranges close to houses out in county",1,1,0,0,0,0,0,0,1,1,0,0
5219,"Consider current landowners when moving growth to the county",37,16,2,19,13,3,1,9,24,13,1,10
5220,"School board shouldn’t have carte blanch when raising our property taxes. No accountability",29,10,4,15,10,5,2,3,19,5,2,12
5221,"Quit changing county land use comprehensive plan to appease builders",1,1,0,0,0,0,0,0,1,1,0,0
5222,"Encourage small family farming on what’s left of the county land",44,34,1,9,15,8,1,6,29,26,0,3
5223,"Traffic infrastructure is the most important factor, followed by housing, jobs, and safety. These are my main points were lacking in!",1,1,0,0,0,0,0,0,1,1,0,0
5224,"There needs to be an I-265 built that connects the north side of 65 to 165 and then from 165 to 65 south.",40,14,8,18,13,3,1,9,27,11,7,9
5225,"We need better grocery stores. Stores like Sprouts, Trader Joe’s and Whole Foods. Not enough healthy choices in this city. Very sad!",0,0,0,0,0,0,0,0,0,0,0,0
5226,"I would love to see recycling be easily accessible; in neighborhoods, parks, etc.",45,33,3,9,13,4,2,7,32,29,1,2
5227,"It would be awesome to see an exit from the Natcher/165 towards the Richardsville and Oakland area. This would allow more/quicker access!",37,13,10,14,11,2,1,8,26,11,9,6
5228,"We will Repair/remodel/reconstruct homes that already exist instead of building in new homes on good farm land.",41,27,2,12,13,5,1,7,28,22,1,5
5229,"BG will have to change mindsets of citizens from going first to Scottsville Rd to going to Downtown BG and from isolation to community.",1,1,0,0,1,1,0,0,0,0,0,0
5230,"BG needs to look at how they zone for apartment housing. Apartments in the middle of the bypass is not good zoning.",36,12,5,19,12,4,1,7,24,8,4,12
5231,"i would love to see more hippie spaces 😌",32,7,7,18,13,1,4,8,19,6,3,10
5232,"BG needs more job opportunities, better transportation, and support for immigrants with limited experience.",0,0,0,0,0,0,0,0,0,0,0,0
5233,"free activities",1,1,0,0,0,0,0,0,1,1,0,0
5235,"I can only hope that for my grandkids and great grandkids that they learn about the rich history of this area,",44,26,1,17,13,4,0,9,31,22,1,8
5236,"that history of this place is preserved, and that people are no longer categorized by their skin color but what they bring to our society",1,1,0,0,0,0,0,0,1,1,0,0
5237,"BG in 2050 will be overran with immigration, most people won’t be able to afford a house, and native to BG will be gone. 👍",1,1,0,0,0,0,0,0,1,1,0,0
5238,"We will have a hiking path built out to Mammoth Park",1,1,0,0,0,0,0,0,1,1,0,0
5239,"It would be nice if Bowling Green had a Costco in the future.",1,1,0,0,0,0,0,0,1,1,0,0
5240,"VTOL at the municipal airport for quick connections to region and Nashville.",1,1,0,0,0,0,0,0,1,1,0,0
5241,"I want to see us bring in more entertainment options (putt shack, top golf, arcade, live music, sporting complexes, etc). We need some fun!",1,1,0,0,1,1,0,0,0,0,0,0
5242,"We need a professional sports team outside of the Hot Rods!!",34,9,11,14,11,3,2,6,23,6,9,8
5243,"We need a better MALL!",1,1,0,0,1,1,0,0,0,0,0,0
5244,"End Homelessness. Or a war (to get rid of them off the streets.)",1,1,0,0,0,0,0,0,1,1,0,0
5245,"Another Gambling Hall.",31,1,20,10,11,0,6,5,20,1,14,5
5246,"I'd like Bowling Green to be quant and charming, especially the Downtown area. I'd like to see revitalization rather than new growth.",1,1,0,0,0,0,0,0,1,1,0,0
5247,"I’d love to see more bike paths, more outdoor parks, more running paths, and just more outdoor areas to encourage and promote exercise.",1,1,0,0,1,1,0,0,0,0,0,0
5248,"Salvation Army 2.0",1,1,0,0,0,0,0,0,1,1,0,0
5249,"TRADER JOES!!!",1,1,0,0,0,0,0,0,1,1,0,0
5250,"PUBLIX!!!!",1,1,0,0,0,0,0,0,1,1,0,0
5251,"Pass a fairness ordinance - if the state still lets locals determine these things.",1,1,0,0,0,0,0,0,1,1,0,0
5252,"BG in 2050 will have a Trader Joes",1,1,0,0,0,0,0,0,1,1,0,0
5253,"We will relocate our sober living houses closer to our industrial parks.",31,9,6,16,9,1,2,6,22,8,4,10
5254,"We need more drug task agents to combat the fentanyl crisis.",34,13,4,17,11,2,1,8,23,11,3,9
5255,"Bring back no cost curbside recycling.",0,0,0,0,0,0,0,0,0,0,0,0
5256,"A huge bicycle path from South Warren HS all the way up to Warren East HS.  Good exercise, less vehicle emissions, fun entertainment for all",44,23,4,17,14,2,2,10,30,21,2,7
5257,"I'd like Bowling Green to be quaint and charming, especially the Downtown area. I'd like to see revitalization rather than new growth.",45,33,1,11,15,10,0,5,30,23,1,6
5258,"More use of The Capitol for Broadway plays.",43,26,1,16,14,3,0,11,29,23,1,5
5259,"BG needs something like Brooklyn Bowl in Nashville. Fun music and activity!",32,11,1,20,11,4,0,7,21,7,1,13
5260,"Tear down low-end motels and trailers close to campus and turn them into housing for young professionals post-college.",38,14,6,18,15,3,3,9,23,11,3,9
5261,"Revive the shopping center where Roses is with a Kroger, coffee shop, and a nice restaurant like Hooters.",28,5,9,14,8,0,3,5,20,5,6,9
5262,"Revive the shopping center where Roses is by turning them into college apartments.",32,8,6,18,10,1,3,6,22,7,3,12
5263,"Companies won't be afraid to locate downtown because of parking and towing issues.",44,30,0,14,15,6,0,9,29,24,0,5
5264,"BG needs a dinner theater.",33,16,1,16,8,1,1,6,25,15,0,10
5265,"There needs to be a traffic light at the intersection of Three Springs Road and Smallhouse Road.",29,7,7,15,8,1,1,6,21,6,6,9
5266,"Businesses will no longer require many years of experience for entry-level jobs.",38,21,4,13,12,2,2,8,26,19,2,5
5267,"The pay rate will be posted for jobs.",42,28,1,13,12,3,1,8,30,25,0,5
5268,"City welcome signs will not name a particular local/regional business and show favor or exclusivity to one over another.",41,24,6,11,13,6,3,4,28,18,3,7
5269,"BG would be more welcoming if we had sidewalks on every street.",0,0,0,0,0,0,0,0,0,0,0,0
5270,"Bowling Green needs an airport that can handle freight shipping for industrial businesses.",40,16,7,17,12,3,0,9,28,13,7,8
5271,"I hope Bowling Green will continue to be known for its friendliness.",44,33,1,10,15,7,1,7,29,26,0,3
5272,"We will use Weldon Peete Park as much as we could, and it will feel safe there.",40,22,0,18,13,3,0,10,27,19,0,8
5273,"The Medical Center and Graves Gilbert Clinic will partner on a walking and health trail across their downtown properties.",44,25,1,18,14,2,1,11,30,23,0,7
5274,"A tour bus that goes around the city and county talking about the history of Bowling Green.",35,16,5,14,12,2,3,7,23,14,2,7
5275,"Those who move here will not dilute our ways by continuing to live their ways.",38,8,22,8,12,4,3,5,26,4,19,3
5276,"We need a Puttshack.",27,3,8,16,8,1,1,6,19,2,7,10
5277,"We need Vertical Take-Off and Landing (VTOL) at our airport for quick connections to the region and Nashville.",27,5,8,14,8,0,3,5,19,5,5,9
5278,"In 2050, the area will still have some Warren County natives.",44,29,1,14,15,7,0,8,29,22,1,6
5280,"We will have less homeless, mentally ill , and addicts cruising parking lots and gas stations",37,16,3,18,12,3,1,8,25,13,2,10
5281,"We would have less leftist ruining our town",37,8,22,7,12,5,3,4,25,3,19,3
5282,"We will support our local humane society through increased funding, land, and campaigns to educate the community about proper pet care",42,29,1,12,13,4,1,8,29,25,0,4
5283,"Invest in opportunities to educate the community about humane animal care and pet ownership. Too many street cats and dogs hit by cars!",37,22,1,14,12,2,1,9,25,20,0,5
5284,"Invest in building more hiking trails and bike paths surrounded by nature (rather than busy roads!)",1,1,0,0,0,0,0,0,1,1,0,0
5285,"Build a YMCA with state of the art workout facilities, exercise classes, and an Olympic sized pool",1,1,0,0,0,0,0,0,1,1,0,0
5286,"Find ways to help promote and support local restaurants!",1,1,0,0,0,0,0,0,1,1,0,0
5287,"The bike routes are not safe.  Drivers don't respect the lanes.  We need a bike park. Add bike lanes to our existing walking trails.",1,1,0,0,0,0,0,0,1,1,0,0
5288,"Serious criminal penalties for animal neglect and abuse!",39,26,1,12,11,3,1,7,28,23,0,5
5289,"Affordable housing will become a priority.",1,1,0,0,0,0,0,0,1,1,0,0
5290,"Provide a sliding scale for people in need of financial help that can bridge them out of poverty.",40,20,3,17,13,1,2,10,27,19,1,7
5291,"Focus on partnering with people in the West End to improve their circumstances.",40,24,0,16,10,2,0,8,30,22,0,8
5292,"Connect public transit to Nashville",1,1,0,0,0,0,0,0,1,1,0,0
5293,"Private schools are required to offer scholarships to underpriveleged students only.",30,7,8,15,8,2,2,4,22,5,6,11
5294,"Get an airline to have flights in and out of Bowling Green. Not just charter flights.",1,1,0,0,0,0,0,0,1,1,0,0
5295,"We need more indoor family businesses with ability to open up to outdoors (weather permitting) like pins mechanical company in Nashville",0,0,0,0,0,0,0,0,0,0,0,0
5296,"We should work to maintain the character and charm of BG as it grows, enhancing but not replacing our current culture",42,26,1,15,15,7,0,8,27,19,1,7
5297,"Continue to embrace the manufacturing and agricultural businesses here. We don’t need to be a tech hub to be great!",43,18,2,23,14,2,1,11,29,16,1,12
5298,"Have a well maintained rail system as a transportation option from BG to/from Nashville similar to ones in Europe",0,0,0,0,0,0,0,0,0,0,0,0
5299,"Better advertisement for high school graduates interested in joining our police, fire and sheriff departments",43,23,5,15,15,4,1,10,28,19,4,5
5300,"Fountain square thriving with shops and eateries and the downtown streets extending from there also thriving with the same.",0,0,0,0,0,0,0,0,0,0,0,0
5301,"We need to do better by our unhoused population. Food and shelter are basic needs!",0,0,0,0,0,0,0,0,0,0,0,0
5302,"BG will become the Music Capital of the world, a City of Stars!",26,1,14,11,8,0,4,4,18,1,10,7
5303,"Bowling Green will have more running and biking trails that are interconnected and safe to allow for more active lifestyles",1,1,0,0,0,0,0,0,1,1,0,0
5304,"Farmland will be preserved and not turned into cookie cutter subdivisions or apartments",1,1,0,0,0,0,0,0,1,1,0,0
5305,"I hope the history of this place is preserved in 2050.",41,28,2,11,14,7,2,5,27,21,0,6
5306,"I hope that people are no longer categorized by their skin color but what they bring to our society.",38,24,0,14,11,2,0,9,27,22,0,5
5307,"I hope Bowling Green's downtown entertainment district is governed by a group of educated individuals.",41,20,1,20,14,2,1,11,27,18,0,9
5308,"We will have more support for immigrants with limited work experience.",37,19,4,14,11,0,3,8,26,19,1,6
5309,"BG will have to change mindsets of citizens from isolation to community.",42,25,2,15,15,6,1,8,27,19,1,7
5310,"I hope we can expand the opportunities we have for lifelong learning.",43,29,0,14,13,2,0,11,30,27,0,3
5311,"My preference would be for less narcotics and terrorism resulting in less harm to people and less need for police efforts.",34,14,2,18,9,2,0,7,25,12,2,11
5312,"We will have evaluated if and where our city and county governments could be merged",39,22,1,16,12,4,0,8,27,18,1,8
5313,"All children by age 7 will have had beginner swim lessons",37,20,4,13,10,1,3,6,27,19,1,7
5314,"Everyone is treated with respect and has accessible healthy food and safe affordable housing",1,1,0,0,0,0,0,0,1,1,0,0
5315,"We will have more movie nights in the parks.",45,32,0,13,15,7,0,8,30,25,0,5
5316,"In the future, we will be creative on how we balance our priorities and lose zero sum ideals.",26,7,0,19,8,1,0,7,18,6,0,12
5317,"We need to stop building apartments around Scottsville Road.",33,7,8,18,10,2,1,7,23,5,7,11
5318,"BG will protect its old trees and won't allow them be chopped down.",44,35,0,9,14,7,0,7,30,28,0,2
5319,"I hope Bowling Green has better walkability. I hope it has a bigger, visually appealing downtown with shops, music venues, and activities.",1,1,0,0,0,0,0,0,1,1,0,0
5320,"I hope bowling green has a rail system that takes you safer and quicker throughout the bowling green / nashville metro areas.",1,1,0,0,0,0,0,0,1,1,0,0
5321,"BG will be cleaned up in terms of parks, streets, etc. families should be able to walk freely from place to place downtown",1,1,0,0,0,0,0,0,1,1,0,0
5322,"More local events for families, downtown is beautiful but no utilized enough",1,1,0,0,0,0,0,0,1,1,0,0
5323,"Less cookie cutter neighborhoods. Expanding is great but everything looks the same.",1,1,0,0,0,0,0,0,1,1,0,0
5324,"Part of the train transportation across the country!",1,1,0,0,0,0,0,0,1,1,0,0
5325,"More festival for families, the international festival is amazing why can’t we have more?",1,1,0,0,0,0,0,0,1,1,0,0
5326,"A huge farmers market. I don’t get the reason for two, yeah they are passed out but let’s make one like Nashville where it’s all together",1,1,0,0,0,0,0,0,1,1,0,0
5327,"We will promote cultural meetings that include WKU and SKyCTC.  .",35,15,3,17,11,0,1,10,24,15,2,7
5328,"Get the homeless off the street, I don’t mean to be mean but they are everywhere. Build them a place to go",1,1,0,0,0,0,0,0,1,1,0,0
5329,"Stop taking away farm land and embrace farm to table",1,1,0,0,0,0,0,0,1,1,0,0
5330,"Les fast food",1,1,0,0,0,0,0,0,1,1,0,0
5331,"Our bike lanes will be safe because drivers in the future will respect the lines of those bike lanes.",43,24,6,13,15,2,5,8,28,22,1,5
5332,"We will have a bike park.",36,14,6,16,12,1,3,8,24,13,3,8
5333,"We will add more bike lanes to walking trails away from car traffic.",42,25,3,14,15,3,2,10,27,22,1,4
5334,"We will have a business like Pins Mechanical Company in Nashville here in Bowling Green.",27,2,4,21,9,1,1,7,18,1,3,14
5335,"Bowling Green will have rent caps imposed so people can afford to live here comfortably.",1,1,0,0,0,0,0,0,1,1,0,0
5336,"More community involved celebrations/art/festivals. More public art and more live music/performances!",1,1,0,0,0,0,0,0,1,1,0,0
5337,"Update our mall to be a lifestyle center - with outlet stores, better movie theaters, and restaurants all walkable outdoors",1,1,0,0,0,0,0,0,1,1,0,0
5338,"The hospitals will be updated.",1,1,0,0,0,0,0,0,1,1,0,0
5339,"No MRAPS for the police. We don't need a paramilitary of unaccountable white men with guns.",1,1,0,0,1,1,0,0,0,0,0,0
5340,"Expanded access to public transit into the county.",1,1,0,0,0,0,0,0,1,1,0,0
5341,"BG could do more to support our homeless communities and ensure the safety and wellbeing of these groups.",1,1,0,0,0,0,0,0,1,1,0,0
5342,"BG will be a leader in diversity, creating a safe and friendly city for our LGBT, Multi-cultural, and minority communities!",1,1,0,0,0,0,0,0,1,1,0,0
5343,"BG will always have the small town attitude even with immense growth. We will maintain our friendly, kind, and welcoming attitude!",1,1,0,0,0,0,0,0,1,1,0,0
5344,"BG will create a city center that is more walkable and improve public transit, lessening our dependence on ever expanding roads and cars.",1,1,0,0,0,0,0,0,1,1,0,0
5345,"Cave mill rd, Smallhouse rd and three springs road all have a middle turning lane to cut down on traffic,  Josh Harris",1,1,0,0,0,0,0,0,1,1,0,0
5346,"Wider roads and more lanes for traffic if there is space.",1,1,0,0,0,0,0,0,1,1,0,0
5347,"Less businesses of 'faith' that fleece the public and do not add to tax revenue.",41,15,13,13,14,2,5,7,27,13,8,6
5348,"I think the airport should be moved out from the middle of town.",1,1,0,0,0,0,0,0,1,1,0,0
5349,"Cincinnati should not be our model for anything.",30,8,6,16,10,5,1,4,20,3,5,12
5350,"Hope to see BG bring the cost of business properties down through fines to owners that leave them empty rather than reducing the price.",1,1,0,0,0,0,0,0,1,1,0,0
5351,"lets arrest the cabal controlling bowling green",1,1,0,0,1,1,0,0,0,0,0,0
5352,"Get rid of the pot dispensaries that aren't even here yet.  No pot.  THe electorate got this one wrong.",1,1,0,0,1,1,0,0,0,0,0,0
5357,"Hope to see BG encourage locally/regionally supplied grocery stores.",1,1,0,0,0,0,0,0,1,1,0,0
5439,"Hope to see BG become a stop on the disc golf pro tour.",41,14,8,19,15,1,3,11,26,13,5,8
5487,"Hope to see BG have more centers of reason and less buildings of faith.",44,18,15,11,14,3,7,4,30,15,8,7
5514,"A championship level disc golf course.",34,10,9,15,10,1,5,4,24,9,4,11
5550,"Hope we encourage and support single income families that live within their means.",35,18,0,17,10,2,0,8,25,16,0,9
5553,"We need a Costco, Trader Joe’s and Sprouts. In general we need grocery stores outside of the city.",1,1,0,0,1,1,0,0,0,0,0,0
5554,"Hope BG encourages 'Victory Gardens'.",37,17,0,20,13,3,0,10,24,14,0,10
5555,"Hope to see a historic marker on the disc golf course at Hobson Grove.",33,8,5,20,9,1,2,6,24,7,3,14
5556,"BG could be more of a place of reason and less of a place of faith.",44,18,15,11,15,3,7,5,29,15,8,6
5557,"BG will hopefully turn out for WKU Sports so they are self sustaining.",1,1,0,0,0,0,0,0,1,1,0,0
5558,"BG will hopefully have better planning and not just allow anyone that can flash cash to build whatever they want.",1,1,0,0,0,0,0,0,1,1,0,0
5559,"More public restrooms in parks like the one at Lampkin Park that's more difficult to 'camp' in.",32,14,1,17,9,1,0,8,23,13,1,9
5560,"Attract more A-Tier disc golf tournaments.",29,6,6,17,8,1,2,5,21,5,4,12
5561,"In BG/WC we will respect our employees off the clock time and disallow their employer to 'fire' them for off the clock, after work  THC use.",35,11,3,21,11,3,0,8,24,8,3,13
5562,"Bowling Green will be a destination for all things arts. We will move away from big chains and towards smaller, local business.",1,1,0,0,0,0,0,0,1,1,0,0
5563,"The planning board will actually care of the agriculture and natural habitat instead of red stamping every subdivision project.",1,1,0,0,0,0,0,0,1,1,0,0
5564,"Bowling Green will not offer recycling but offer a tax incentive to do so.",31,7,8,16,8,2,1,5,23,5,7,11
5565,"BG could discourage the formations of HOAs.",34,14,4,16,11,4,2,5,23,10,2,11
5566,"BG’s locally owned businesses will be very big",39,22,1,16,11,2,1,8,28,20,0,8
5568,"Scottsville Road will not be a nightmare to drive down.",1,1,0,0,0,0,0,0,1,1,0,0
5569,"BG could be a paradisiacal community of reason.",31,6,3,22,9,0,2,7,22,6,1,15
5570,"That the office spaces in the HitCents Plaza (is it even called that anymore?) should be APARTMENT/CONDOS and the gravel side finished!",1,1,0,0,0,0,0,0,1,1,0,0
5571,"BG could be a disc golf vacation destination.",33,10,5,18,10,1,1,8,23,9,4,10
5572,"Would love to see a covered walkway from Skypac to the parking garage. I think it would help the traffic flow on 7th street.",44,21,6,17,15,2,4,9,29,19,2,8
5573,"That BG will be a city with better public transportation to and from Nashville/Louisville. Passenger trains!",1,1,0,0,0,0,0,0,1,1,0,0
5574,"Hope that BG stops growing where local leaders' 'friends' own property.",1,1,0,0,0,0,0,0,1,1,0,0
5575,"No more access roads on Scottsville road and TURNING lanes with median lanes on all busy intersections/roads/highways.",1,1,0,0,0,0,0,0,1,1,0,0
5576,"BG could have a quality adaptive/pitch-and-putt disc golf course for beginners.",40,17,5,18,13,3,2,8,27,14,3,10
5577,"BG will have well maintained parks with on site employees.",42,24,2,16,14,1,2,11,28,23,0,5
5578,"BG could have a couple of arcades not focused on ticket games or being a 'casino lite'.",1,1,0,0,0,0,0,0,1,1,0,0
5579,"Less churches.",1,1,0,0,0,0,0,0,1,1,0,0
5580,"BG could reduce noise from I-65 and I-165 by planting a lot of trees where the black fencing is going in.",38,22,2,14,12,3,0,9,26,19,2,5
5581,"Hope to see traffic cameras and strict fines for red light runners and more roundabouts.",1,1,0,0,0,0,0,0,1,1,0,0
5582,"Fruit bearing trees in parks. More focus on sustainability.",0,0,0,0,0,0,0,0,0,0,0,0
5583,"BG could incentivize developers with penalties instead of tax breaks.",34,12,3,19,13,0,2,11,21,12,1,8
5584,"BG could encourage more single family homes with room for home gardens.",40,23,2,15,11,5,0,6,29,18,2,9
5585,"Develop the river front area into something like Bernheim Forest.",42,27,4,11,14,6,1,7,28,21,3,4
5586,"BG could let people know that the river front development used to be the city dump.",35,8,7,20,11,1,1,9,24,7,6,11
5587,"EMS needs to be one agency strategically stationed to handle only emergencies.Non emergency transportation can be several organizations",1,1,0,0,1,1,0,0,0,0,0,0
5588,"It needs to because me a nationally recognized culinary food festival, not ducks and cakes",1,1,0,0,0,0,0,0,1,1,0,0
5589,"BG could be a city that reduces light pollution to the point of being able to see the night sky from downtown.",39,21,2,16,14,4,0,10,25,17,2,6
5590,"Railroad service",1,1,0,0,0,0,0,0,1,1,0,0
5591,"We have one",1,1,0,0,0,0,0,0,1,1,0,0
5592,"Downtown needs to be a no car area and outdoor mall concept",36,14,6,16,12,3,2,7,24,11,4,9
5593,"BG/WC need to merge into a metro government",1,1,0,0,1,1,0,0,0,0,0,0
5594,"American focus we are Americans first!",42,11,22,9,13,5,4,4,29,6,18,5
5595,"BG could have multiple community pools that are easier to maintain and a better value than the water park.",1,1,0,0,0,0,0,0,1,1,0,0
5596,"Need one CENTRAL 911 center to handle all emergency services",1,1,0,0,1,1,0,0,0,0,0,0
5597,"Americans not certain kinds of Americans based on race",1,1,0,0,0,0,0,0,1,1,0,0
5598,"BG needs less faith based private schools.",39,11,16,12,14,2,8,4,25,9,8,8
5599,"Define this",1,1,0,0,0,0,0,0,1,1,0,0
5600,"No a focus on the trades",1,1,0,0,0,0,0,0,1,1,0,0
5601,"BG could be a place where drivers understand how stop signs work.",38,25,0,13,12,3,0,9,26,22,0,4
5602,"The Fringe will actually be used and create revenue for the city instead of being a waste of parking spaces.",37,19,2,16,12,2,1,9,25,17,1,7
5603,"No stop the focus on this group, just be who you are and not require that everyone must be required to live life around this group",1,1,0,0,0,0,0,0,1,1,0,0
5604,"That’s a community driven demand",1,1,0,0,0,0,0,0,1,1,0,0
5605,"Needs to get further defined",1,1,0,0,0,0,0,0,1,1,0,0
5606,"Bring back the bypass as a economic and cultural pathway through BG",43,29,0,14,15,6,0,9,28,23,0,5
5607,"BG could replace the flimsy black fencing along the interstates with strong barriers that are safer and easier/cheaper to maintain.",29,7,6,16,9,0,2,7,20,7,4,9
5608,"Lost River and Bark Park- make connection by using the house on Cave Mill, turn it into a dog friendly coffee shop",27,7,3,17,8,0,1,7,19,7,2,10
5609,"Improve what we have",1,1,0,0,0,0,0,0,1,1,0,0
5610,"All day",1,1,0,0,0,0,0,0,1,1,0,0
5611,"That’s demand driven",1,1,0,0,0,0,0,0,1,1,0,0
5612,"Not needed",1,1,0,0,0,0,0,0,1,1,0,0
5613,"As needed",1,1,0,0,0,0,0,0,1,1,0,0
5614,"If needed market demand",1,1,0,0,0,0,0,0,1,1,0,0
5615,"Not college student driven",1,1,0,0,0,0,0,0,1,1,0,0
5617,"No refocus on what we have, if you build it they will stop going to what existing reinvent it",1,1,0,0,0,0,0,0,1,1,0,0
5618,"If market demands justifies it",1,1,0,0,0,0,0,0,1,1,0,0
5619,"BG/WC schools will teach civics to all students in a non-partisan manner.",35,21,0,14,11,2,0,9,24,19,0,5
5620,"Remember GODS word",36,9,15,12,10,3,3,4,26,6,12,8
5621,"Business drivers not tax payer funded",1,1,0,0,0,0,0,0,1,1,0,0
5622,"Would be nice",1,1,0,0,0,0,0,0,1,1,0,0
5623,"Market and fine tune what we already have",1,1,0,0,0,0,0,0,1,1,0,0
5624,"If needed but not tax payer supported",1,1,0,0,0,0,0,0,1,1,0,0
5625,"Stop making this group a focus",1,1,0,0,0,0,0,0,1,1,0,0
5626,"Market demand driven",1,1,0,0,0,0,0,0,1,1,0,0
5627,"If financially feasible",1,1,0,0,0,0,0,0,1,1,0,0
5628,"BG could have better care in our parks instead of wild growth everywhere.",34,8,9,17,11,2,1,8,23,6,8,9
5629,"Do both",1,1,0,0,0,0,0,0,1,1,0,0
5630,"Edible landscaping",1,1,0,0,0,0,0,0,1,1,0,0
5631,"If needed",1,1,0,0,0,0,0,0,1,1,0,0
5632,"On school system!",1,1,0,0,0,0,0,0,1,1,0,0
5633,"Market riven",1,1,0,0,0,0,0,0,1,1,0,0
5634,"Community driven",1,1,0,0,0,0,0,0,1,1,0,0
5635,"market driven",1,1,0,0,0,0,0,0,1,1,0,0
5636,"WKU must drive this not local tax",1,1,0,0,0,0,0,0,1,1,0,0
5637,"Our police will not have mine-resistant ambush protected vehicles (MRAPs).",32,7,6,19,10,2,3,5,22,5,3,14
5638,"Market driven",1,1,0,0,0,0,0,0,1,1,0,0
5639,"We should get more sit down restaurants rather then coffee shops and gas stations that we already have.",1,1,0,0,0,0,0,0,1,1,0,0
5640,"Our police will not become a paramilitary of unaccountable white men with guns.",41,22,4,15,14,4,2,8,27,18,2,7
5641,"Already exist",1,1,0,0,0,0,0,0,1,1,0,0
5642,"Cave Mill Road will have a middle turning lane to cut down on traffic.",33,14,4,15,12,5,0,7,21,9,4,8
5643,"Smallhouse Road will have a middle turning lane to cut down on traffic.",29,9,5,15,9,2,0,7,20,7,5,8
5644,"Three Springs Road will have a middle turning lane to cut down on traffic.",34,12,5,17,12,4,0,8,22,8,5,9
5645,"Safe our safe our archectecture",1,1,0,0,0,0,0,0,1,1,0,0
5646,"Business driven",1,1,0,0,0,0,0,0,1,1,0,0
5647,"BG could have a sanctioned local disc golf tour.",32,13,5,14,8,1,1,6,24,12,4,8
5648,"BG can be a community based in reality instead of religious fantasy.",44,19,12,13,15,3,7,5,29,16,5,8
5649,"We will not have legalized medical marijuana dispensaries in the future.",35,7,14,14,11,4,3,4,24,3,11,10
5650,"We will discontinue beautification projects that make our interstates louder and less safe, and that increase the cost of maintenance.",32,12,5,15,10,3,1,6,22,9,4,9
5651,"BG could use less faith and more reason.",1,1,0,0,0,0,0,0,1,1,0,0
5652,"Our healthcare companies will not have predatory billing practices.",41,30,0,11,14,5,0,9,27,25,0,2
5653,"We will convert the office spaces around the parking garage into apartments/condos, and add more on the other side that is currently gravel.",30,9,4,17,9,1,1,7,21,8,3,10
5654,"I hope that Bowling Green doesn't just grow where friends of local leadership own property.",40,25,0,15,14,4,0,10,26,21,0,5
5655,"Fruit bearing trees in parks.",43,24,3,16,15,5,1,9,28,19,2,7
5656,"Have a Trader Joe’s or Fresh Thyme",1,1,0,0,0,0,0,0,1,1,0,0
5657,"Duncan Hines Days will become a nationally recognized culinary food festival, not ducks and cakes.",32,11,5,16,10,2,3,5,22,9,2,11
5658,"More museums and spaces dedicated to the art and culture of our BG mixing pot",1,1,0,0,0,0,0,0,1,1,0,0
5659,"Less bars and more community spaces",1,1,0,0,0,0,0,0,1,1,0,0
5660,"More LGBTQ and culturally owned businesses and spaces",1,1,0,0,0,0,0,0,1,1,0,0
5661,"Businesses need to be able to pay their employees a living wage.",1,1,0,0,0,0,0,0,1,1,0,0
5662,"Homes for the homeless",0,0,0,0,0,0,0,0,0,0,0,0
5663,"Bowling Green needs more indoor play places for kids of all ages. (Ex: science museum, arcade, indoor park)",1,1,0,0,0,0,0,0,1,1,0,0
5664,"More support for homeschool activities from local businesses such as free days for homeschoolers or homeschool activity days",39,17,10,12,14,6,3,5,25,11,7,7
5665,"More LGBTQ-owned businesses and spaces.",33,15,7,11,9,1,3,5,24,14,4,6
5666,"BG leaders will not use theirs or others 'faith' to get elected or make community decisions.",41,25,7,9,13,4,5,4,28,21,2,5
5667,"Bowling green should take a harder stance on vagrants that have come here from other areas and other states to use our taxpayers resources.",36,11,10,15,12,3,1,8,24,8,9,7
5668,"Bowling Green should take a tough stance on homeless encampments setting up on private property including forcing violators to clean up.",39,19,8,12,14,7,0,7,25,12,8,5
5669,"Bowling Green should not use taxpayer money to house illegal immigrants.",36,11,10,15,12,5,2,5,24,6,8,10
5670,"BG can be a non-religious based community that emphasizes and supports well regulated capitalism and free enterprise.",36,12,14,10,11,1,5,5,25,11,9,5
5671,"Section 8 should be more closely monitored to make sure recipients of these benefits are not cheating the system.",30,8,5,17,9,1,1,7,21,7,4,10
5672,"Panhandling in Bowling Green should be criminalized to help rid the city of its serious, dangerous, and growing homeless problem.",1,1,0,0,0,0,0,0,1,1,0,0
5673,"Start building vertically in the downtown area to be a more walkable/convienent entertainment and food district as well as vertical living",1,1,0,0,0,0,0,0,1,1,0,0
5674,"I hope to see a growing community that can protect the values that it has been built on up to this point.",37,17,3,17,13,5,1,7,24,12,2,10
5675,"Homeless should be forced to clean the messes they leave behind. Panhandling and illegal encampment should have penalties including cleanup",1,1,0,0,0,0,0,0,1,1,0,0
5676,"Leadership needs to think Big to ensure we grow and don’t become stagnant or shrink. Don’t become a manufacturer community.",40,16,5,19,12,1,3,8,28,15,2,11
5677,"Illegal encampment should carry penalties of community service including cleanup of private property where homeless camps have left a mess.",35,13,9,13,11,5,1,5,24,8,8,8
5678,"Bowilng Green Kentucky to be the Holly Land of USA. Where there no hate and abuse to others. No Homeless people. God bless America 🇺🇸.",0,0,0,0,0,0,0,0,0,0,0,0
5679,"Reduce current BG poverty rate of 19.2% based on 2021 estimates from the U.S. Census Bureau. 20% of $1 of national income goes to top 1%",40,22,3,15,15,5,1,9,25,17,2,6
5680,"There won't be a big mega church on every corner that act like large corporations and do nothing for the community",41,22,6,13,14,4,3,7,27,18,3,6
5681,"Free Trolley services with stops from WKU to Riverfront on Fridays and Saturdays",40,26,3,11,14,3,3,8,26,23,0,3
5682,"Smarter planned growth to allow for more cost effective expansion of road and utility infrastructure",1,1,0,0,0,0,0,0,1,1,0,0
5683,"Boutique hotel(s) downtown to draw tourists away from the periphery and into downtown.",1,1,0,0,0,0,0,0,1,1,0,0
5684,"In 2007 poverty rate BG was 12% now it’s 19%. Investigate why then work to fix.",37,20,1,16,12,4,1,7,25,16,0,9
5685,"More private school options for children that are not religion affiliated.",37,15,5,17,13,6,0,7,24,9,5,10
5686,"We need a state park for recreation.",31,10,5,16,9,2,1,6,22,8,4,10
5687,"Develop infrastructure for pedestrians and cyclists and encourage neighborhood business to allow citizens to avoid driving to everything.",1,1,0,0,0,0,0,0,1,1,0,0
5688,"The loss is of prime farm land will be slowed down and more focus  on infill development.",1,1,0,0,0,0,0,0,1,1,0,0
5689,"The preservation of historic structures and neighborhoods will be important again.",1,1,0,0,0,0,0,0,1,1,0,0
5690,"We need to look at more ideas to bring tourists to our area!",1,1,0,0,0,0,0,0,1,1,0,0
5691,"Bowling Green needs a housing community for 50 plus. Like the Villages in FL.",40,23,3,14,14,6,1,7,26,17,2,7
5692,"Business sponsored sculptures along river including lighted sculptures",33,13,4,16,11,0,1,10,22,13,3,6
5693,"Lgb is accepted by dropping the letters “tq” just like trump has.",1,1,0,0,0,0,0,0,1,1,0,0
5694,"City to court Costco, Trader Joe’s, Whole Foods",1,1,0,0,0,0,0,0,1,1,0,0
5695,"Don’t support international day downtown if it’s supporting religions that support terrorist.We  make it Founders Day or Founders of KY.",36,7,23,6,11,4,4,3,25,3,19,3
5696,"We need to clean up the homeless problem, the bridges and drug areas.",1,1,0,0,0,0,0,0,1,1,0,0
5697,"More engaging activities for weekend fun bringing the community together.",40,27,1,12,14,5,0,9,26,22,1,3
5698,"Bowling green will have festivals and community sales events, promoting local business and art.",1,1,0,0,0,0,0,0,1,1,0,0
5699,"Bg needs more clean up of Russellville rd from having too many used car lots. It makes Bg look 3rd world.",34,16,3,15,11,4,0,7,23,12,3,8
5700,"Weldon Pete park needs safety person there.",1,1,0,0,0,0,0,0,1,1,0,0
5701,"Sidewalks connecting all streets",1,1,0,0,0,0,0,0,1,1,0,0
5702,"By pass doesn’t need anymore used car lots.",38,23,0,15,11,4,0,7,27,19,0,8
5703,"Greenwood mall needs repaved!",1,1,0,0,0,0,0,0,1,1,0,0
5704,"Christmas festival more than one day. Make it a weekend and have it be set up completely around the downtown.",39,20,6,13,13,4,1,8,26,16,5,5
5705,"Bg downtown needs a tram that will just take you around its area.",1,1,0,0,0,0,0,0,1,1,0,0
5706,"We need to celebrate our Christianity more with Christ like festivals.",41,11,20,10,13,5,3,5,28,6,17,5
5707,"By 2050 it will be nice to see Bg as a Christian hub city.",37,9,17,11,12,4,3,5,25,5,14,6
5708,"We need to have BG enforcement of homes that are bought by immigrants that put multifamily in one house tho it’s single family subdivisions.",36,14,7,15,12,6,1,5,24,8,6,10
5709,"I hope to see less refugees. We are maxed and integration ends up buying one home and shoving many families in it. Not mean but it’s true.",1,1,0,0,0,0,0,0,1,1,0,0
5710,"The panhandling  needs to stop. It junks up our city.",1,1,0,0,0,0,0,0,1,1,0,0
5711,"Let’s upgrade our businesses to fly American Flags outside their business. Also the  BG flag. It’s our ancestral support. We are USA  only.",1,1,0,0,0,0,0,0,1,1,0,0
5712,"We are USA flag only city.",35,6,20,9,12,4,4,4,23,2,16,5
5713,"We need to increase BG as a stop of all of the great history people of the state!",1,1,0,0,0,0,0,0,1,1,0,0
5714,"Downtown flooded with American flags.",35,8,18,9,11,3,3,5,24,5,15,4
5715,"No one smokes. Those shops need gone.",1,1,0,0,0,0,0,0,1,1,0,0
5716,"Bg needs to beautify outlining the railroad track with a wall or tall arborvitae.Its unattractive and it’s a diff part of town past railway.",32,7,7,18,10,0,2,8,22,7,5,10
5717,"Needs less foreign grocery stores that aren’t attractive.,",36,4,21,11,11,2,2,7,25,2,19,4
5718,"No more used car lots! There’s more cars than people.",38,16,3,19,12,3,0,9,26,13,3,10
5719,"Stricter enforcement in section 8 housing. It’s always messy looking & our town isn’t messy.",34,11,5,18,9,2,0,7,25,9,5,11
5720,"Clean up shopping carts left all over the place.",42,24,2,16,13,6,0,7,29,18,2,9
5721,"Lgb is accepted by Trump. No more drag show but Lgb is supported.",1,1,0,0,0,0,0,0,1,1,0,0
5722,"Bg needs to open a super nice corvette hotel. But needs to clean up Louisville rd first.",1,1,0,0,0,0,0,0,1,1,0,0
5723,"Louisville rd has too many used car lots and wish washy.  Make there be a minimal standard of attraction.",1,1,0,0,0,0,0,0,1,1,0,0
5724,"We should make required showing how many families live in homes. That gets ride of abuse of single family areas. Don’t want tool 3rd world.",1,1,0,0,0,0,0,0,1,1,0,0
5725,"We need to have more areas clean up landscape. We want Bg beautiful. Not painted ugly, not trashed, not full of cars, but nice!",1,1,0,0,0,0,0,0,1,1,0,0
5726,"Make secretion 8 house legit. Not for lazy or immigrants given everything. If don’t want to clean it up then keep it out of sight.",1,1,0,0,0,0,0,0,1,1,0,0
5727,"BG needs more nightlife for people under 21, need more touristy activities.",0,0,0,0,0,0,0,0,0,0,0,0
5728,"Mental health facilities seem to be a must",0,0,0,0,0,0,0,0,0,0,0,0
5729,"We will find better, more compassionate ways to help our unhoused community",1,1,0,0,0,0,0,0,1,1,0,0
5730,"We will have more long term treatment facilities that assist with strictly mental health disorders ie; schizoaffective, bipolar ect",41,26,2,13,15,4,1,10,26,22,1,3
5731,"More awareness and events surrounding veteran affairs",41,23,4,14,14,3,1,10,27,20,3,4
5732,"More affordable housing options and a more forgiving financial bracket to qualify",1,1,0,0,0,0,0,0,1,1,0,0
5733,"Smoke/vape businesses, adult entertainment like drag shows should not be permitted in or around parks/public areas or near schools/daycare.",1,1,0,0,1,1,0,0,0,0,0,0
5734,"The current public transport system is under utilized and not well managed.",1,1,0,0,1,1,0,0,0,0,0,0
5735,"Define compassion. If it is a hand up, and not a hand out, I agree.",1,1,0,0,1,1,0,0,0,0,0,0
5736,"Developers will recognize and work with the karst topography in Warren County to minimize flooding and new sink hole development.",43,36,1,6,14,8,0,6,29,28,1,0
5737,"We need more healthcare employees to care for the sick and elderly. We need better nursing homes",1,1,0,0,1,1,0,0,0,0,0,0
5738,"Bowling Green, Kentucky, to be the Holy Land of USA. Where there no hate and abuse to others. No Homeless people. God bless America 🇺🇸.",32,8,13,11,12,1,5,6,20,7,8,5
5739,"More Planning Commission members who are not developers and more recusals from those who are when a conflict of interest is even perceived.",1,1,0,0,0,0,0,0,1,1,0,0
5740,"Child care can be remedied a number of ways. Work with churches to provide affordable care.",38,14,6,18,12,4,1,7,26,10,5,11
5741,"Our town needs better nursing homes and more Healthcare providers. We should prioritize caring for one another over entertainmennt",1,1,0,0,1,1,0,0,0,0,0,0
5742,"We should be defined by how we care for the elderly and infirm. I love our flag, but we have enough",1,1,0,0,1,1,0,0,0,0,0,0
5743,"Disagree! Maybe the author of this question should endeavor to understand why these concerns exist",1,1,0,0,1,1,0,0,0,0,0,0
5744,"We will clean up our bridges.",38,21,0,17,13,3,0,10,25,18,0,7
5745,"We will clean up our drug areas.",35,17,1,17,11,3,0,8,24,14,1,9
5746,"Need more enforcement especially near water park. To much crime.",28,8,3,17,8,1,0,7,20,7,3,10
5747,"Huge investments on broadway where you enter downtown. (Starting around chase bank) Something similar to 12 S. in Nashville",38,19,1,18,11,5,0,6,27,14,1,12
5748,"Zoning in county do we quit seeing trashed home next to decent home. This poly families staking residences is awful. We aren’t other nations",1,1,0,0,0,0,0,0,1,1,0,0
5749,"Move all section 8 to one location. The crime associated with it doesn’t integrate well the city surroundings.",1,1,0,0,0,0,0,0,1,1,0,0
5750,"Christian city not sanctuary. That name is ending so need to establish Christ!",1,1,0,0,0,0,0,0,1,1,0,0
5751,"Outdoor amphitheater",1,1,0,0,0,0,0,0,1,1,0,0
5752,"Improve the 68/80 corridor with more attractive development.",40,25,2,13,13,5,1,7,27,20,1,6
5753,"We will think of and understand lesbian, gay, and bisexual communities separately from transgender/gender-questioning communities.",27,8,5,14,8,0,2,6,19,8,3,8
5754,"Weldon Peete Park needs a safety person working there.",28,9,2,17,9,2,0,7,19,7,2,10
5755,"Bowling Green will be seen as an essential travel stop for all of the tourists interested in the history of the state/region.",38,21,1,16,13,3,0,10,25,18,1,6
5756,"We will have no more smoke shops because no one smokes.",38,20,4,14,13,5,1,7,25,15,3,7
5757,"Part of BGs heritage was capital of the Confederacy for Kentucky.We don’t need a sculpture or mural to celebrate that.",33,13,6,14,8,3,1,4,25,10,5,10
5758,"With 3 major retailers closing, I hope that they are replaced by even better shopping experiences to create more jobs",1,1,0,0,0,0,0,0,1,1,0,0
5759,"Passing the fairness ordinance is critical to show that we are a growing area.",1,1,0,0,0,0,0,0,1,1,0,0
5760,"I don’t think bowling green has the infrastructure to keep growing at the pace that it is. We need more roads, houses (not apts) & stores",0,0,0,0,0,0,0,0,0,0,0,0
5761,"We serve many counties. Bring in Costco, Whole Foods and Trader Joe’s.",1,1,0,0,0,0,0,0,1,1,0,0
5762,"Have a truly workable transportation system that goes to work areas and homes",1,1,0,0,0,0,0,0,1,1,0,0
5763,"BG/WC should prepare for the infrastructure to transition to autonomous driving (robotaxis that transport people inexpensively).",36,9,14,13,15,1,6,8,21,8,8,5
5764,"Our lesbian, gay, and bisexual communities are supported but not tied to drag shows/drag culture.",33,10,8,15,11,0,5,6,22,10,3,9
5765,"Pass a viable renters protection Ordinance",1,1,0,0,0,0,0,0,1,1,0,0
5766,"Bowling Green needs to open a super nice Corvette hotel close to the National Corvette Museum and the Corvette plant.",35,14,4,17,11,4,0,7,24,10,4,10
5767,"Stop the panhandling. They are aggressive and it junks up city.",1,1,0,0,0,0,0,0,1,1,0,0
5768,"Louisville Road will have fewer used car lots.",38,19,2,17,13,4,0,9,25,15,2,8
5769,"Make beech rd a lot nicer. The drive down it is not attractive.",1,1,0,0,0,0,0,0,1,1,0,0
5770,"Louisville Road will not have as many unattractive car washes.",35,13,2,20,12,4,1,7,23,9,1,13
5771,"Glow in dark road lines painted. You can’t see 1/2 of them at night.",36,21,1,14,11,2,0,9,25,19,1,5
5772,"We will require a minimal standard for attractiveness for properties on Louisville Road.",38,18,3,17,12,4,1,7,26,14,2,10
5773,"Housing for the homeless needed and consultation to get them on their feet",1,1,0,0,0,0,0,0,1,1,0,0
5774,"Revolutionary statues, civil war statues and monuments. We need to not forget history. 1776 USA!",37,13,15,9,14,5,3,6,23,8,12,3
5775,"The Greenwood Mall area needs to be repaved.",31,8,4,19,10,3,0,7,21,5,4,12
5776,"USA culture festivals.  Celebrate our heritage. If someone wants to celebrate theirs they can personally not force it on our country.",35,6,25,4,10,3,4,3,25,3,21,1
5777,"A helicopter service to Nashville would be a big plus.",28,6,9,13,9,1,1,7,19,5,8,6
5778,"Need county and city to combine and make the whole town great! Structure, cleanliness, regulations, zoning etc.",1,1,0,0,0,0,0,0,1,1,0,0
5779,"Solar panels should be required on all new housing. Just like the electricity is checked, etc..",38,15,13,10,12,2,6,4,26,13,7,6
5780,"Our city and county will continue to grow together. Affordable housing and employment opportunties will ne plentiful.",0,0,0,0,0,0,0,0,0,0,0,0
5781,"We need to clean up the landscape of BG to make it beautiful--no houses that are painted ugly, properties that are trashed, or yards that are full of cars.",37,15,6,16,13,4,2,7,24,11,4,9
5782,"Quit turning buildings into another Mexican restaurant. Less car lots.",1,1,0,0,0,0,0,0,1,1,0,0
5783,"We need more forgiving financial brackets to qualify for buying a home.",33,13,4,16,11,3,1,7,22,10,3,9
5784,"Move section 8 apartments away from mall and scottsville rd.",29,4,7,18,8,0,1,7,21,4,6,11
5785,"Adult entertainment like drag shows should not be permitted near schools/daycares.",39,12,19,8,13,6,2,5,26,6,17,3
5786,"Smoke/vape businesses should not be allowed around parks or public areas.",37,17,4,16,12,3,1,8,25,14,3,8
5787,"Bowling Green schools in Warren County school should merge and save the taxpayers lots of money.",1,1,0,0,0,0,0,0,1,1,0,0
5788,"In the future, we will define compassion as a hand up, not a hand out.",39,22,2,15,15,6,1,8,24,16,1,7
5789,"More dog wood trees, arborvitae or crepemrytal threes up and down to outline city.",34,14,6,14,11,0,4,7,23,14,2,7
5790,"We need more healthcare employees to care for the sick and the elderly.",40,28,0,12,13,6,0,7,27,22,0,5
5791,"In the future, I hope we have better nursing homes in the area.",42,27,0,15,15,6,0,9,27,21,0,6
5792,"Badly needed and at present poorly executed",1,1,0,0,0,0,0,0,1,1,0,0
5793,"In the future, I hope we have more Planning Commission recusals from developers involved when a conflict of interest is even perceived.",35,23,0,12,10,2,0,8,25,21,0,4
5794,"I hope, in the future, we are defined by how we care for the elderly and infirm.",37,23,2,12,12,2,1,9,25,21,1,3
5795,"Preserve community spirit.  Enhance and expand education particularly Pre-k -12.  Engage Seniors in supportively constructed communities.",0,0,0,0,0,0,0,0,0,0,0,0
5796,"I love the American flag, and we have enough in the community today. We should maintain the same proportion in the future.",26,6,3,17,8,2,0,6,18,4,3,11
5797,"We will adjust zoning in Warren County so that we do not see trashed homes next to decent homes.",31,9,1,21,9,3,0,6,22,6,1,15
5798,"We will move all Section 8 housing to one location. The crime associated with it will be contained away from the rest of the city.",30,2,17,11,9,1,0,8,21,1,17,3
5799,"Require solar panels on all new construction.",1,1,0,0,0,0,0,0,1,1,0,0
5800,"And eliminate the side road on Scottsville Road, which is a dangerous situation and Unneeded",1,1,0,0,0,0,0,0,1,1,0,0
5801,"We will have fewer car lots.",39,22,1,16,14,4,0,10,25,18,1,6
5802,"Try to not jump to conclusions in 2050 without research",35,17,2,16,9,1,2,6,26,16,0,10
5803,"We will quit turning buildings into Mexican restaurants.",30,6,13,11,10,2,2,6,20,4,11,5
5804,"Bowling Green could recognize that our most beautiful and fun places are downtown, and make it legal to build like that everywhere again",34,18,0,16,8,2,0,6,26,16,0,10
5805,"We will preserve Bowling Green's community spirit.",40,26,1,13,13,4,1,8,27,22,0,5
5806,"We can pedestrianize and densify our city, so we don’t spend so much on roads and utility maintenance, and so we don’t need a car to survive",1,1,0,0,0,0,0,0,1,1,0,0
5807,"Our city should ensure there is a fresh food grocery store and reliable public transportation within walking distance of all residences.",39,22,2,15,14,3,0,11,25,19,2,4
5808,"We need to continue the great work the city has been doing on road dieting, reducing the danger and ugliness of major roadways in town.",40,21,1,18,14,4,1,9,26,17,0,9
5809,"I don’t see people fleeing to Nashville because they can’t afford to live in Nashville.",1,1,0,0,0,0,0,0,1,1,0,0
5810,"Again, merging Bowling Green screws with Warren County schools will save taxpayers dollars.",1,1,0,0,0,0,0,0,1,1,0,0
5811,"We could utilize the various empty lots around town to densify our city and stop wasting space, eliminate lot size requirements & do infill",1,1,0,0,0,0,0,0,1,1,0,0
5812,"Less infantilizing options for the disabled community; including affordable housing. Making accommodations actually accessible.",1,1,0,0,0,0,0,0,1,1,0,0
5813,"Build sidewalks along both sides of *every* street, so they’re safer and more pleasant to walk along, plant some trees for shade and beauty.",1,1,0,0,0,0,0,0,1,1,0,0
5814,"More inclusive playgrounds; places of shopping for our disabled community. More appropriate ramps, safe passages and parking.",1,1,0,0,0,0,0,0,1,1,0,0
5815,"Make Beech Bend Road a lot nicer. The drive down it is not attractive.",33,11,3,19,12,3,1,8,21,8,2,11
5816,"Complete an Urban3 land value assessment of the city, so we can identify the most productive and unproductive uses of land, and zone smarter",38,16,1,21,13,3,1,9,25,13,0,12
5817,"Bowling Green needs another sliding scale/low income community clinic.",34,22,1,11,9,2,0,7,25,20,1,4
5818,"Pedestrianize downtown as much as possible, it is the jewel of our city. It should be a place to enjoy on foot, not to drive through.",1,1,0,0,0,0,0,0,1,1,0,0
5819,"More sidewalks in residential areas",1,1,0,0,0,0,0,0,1,1,0,0
5820,"Our city leaders should travel to European and Asian cities of similar size and population to Bowling Green, and build places like that here",35,14,7,14,11,1,5,5,24,13,2,9
5821,"Longer turn lanes for high traffic areas such as next to Best Buy and Fazolis.",29,10,6,13,9,2,1,6,20,8,5,7
5822,"We *need* to densify and build BG *up*, not *out*. Endless suburban sprawl *will* bankrupt our city. Please google “the growth Ponzi scheme”",1,1,0,0,0,0,0,0,1,1,0,0
5823,"The *only* way to alleviate traffic issues as we grow is to reduce the number of cars on the road, we *need* reliable public transportation.",1,1,0,0,0,0,0,0,1,1,0,0
5824,"By reducing car dependency we can make our city safer, more beautiful, more enjoyable, and a healthier place for everyone who lives here.",1,1,0,0,0,0,0,0,1,1,0,0
5825,"All the great cities in the world are built so that people can get to and from their home to work, grocery stores, parks, etc. without a car",39,24,2,13,14,6,0,8,25,18,2,5
5826,"We need stronger renter protections in line with Lexington and Louisville's ordinances",40,21,8,11,13,2,6,5,27,19,2,6
5827,"Bowling Green will be safe for trans and non-binary people to enjoy without fear of violence, abuse, and discrimination.",41,23,8,10,15,2,6,7,26,21,2,3
5828,"Legalize and encourage densification and in-fill development so we can build more beautiful, enjoyable, and human-scale places like downtown",1,1,0,0,0,0,0,0,1,1,0,0
5829,"More family oriented places, parks, and attractions.",1,1,0,0,1,1,0,0,0,0,0,0
5830,"Create a network of protected pedestrian paths all around the city that are wide, beautiful, and tree-lined so we can all walk and bike",40,30,1,9,13,4,1,8,27,26,0,1
5831,"I hope public schools support the idea that parents - not administrators--know what's best for children.",31,9,8,14,10,5,2,3,21,4,6,11
5832,"Roads and sidewalks will be accessible and well-lit. The lighting will be designed to minimize light pollution and conserve energy.",1,1,0,0,0,0,0,0,1,1,0,0
5833,"Legalize the construction of more buildings and spaces like those downtown, that are beautiful, productive, and fun to be around and explore",1,1,0,0,0,0,0,0,1,1,0,0
5834,"More opportunities for Co-ops or homeschooling that promotes more involvement from parents and the community.",38,14,7,17,14,5,2,7,24,9,5,10
5835,"Bowling Green will employ urban planning centered around pedestrian dignity and safety, clean energy, and environmental conservation.",1,1,0,0,0,0,0,0,1,1,0,0
5836,"It shouldn’t be a requirement that you have to own a car to live here. Densification, pedestrianization, and public transportation will help",1,1,0,0,0,0,0,0,1,1,0,0
5837,"I don't believe the city /county should give tax incentives to any business. Growth should occur naturally.",35,10,9,16,12,3,2,7,23,7,7,9
5838,"BG will have constructed its own clean energy sources and formed necessary relationships with regional CES to maximize pollution reduction.",1,1,0,0,0,0,0,0,1,1,0,0
5839,"Bring back passenger rail to Bowling Green! The L&N can get us to Nashville or Louisville in an hour without having to suffer those drives",1,1,0,0,0,0,0,0,1,1,0,0
5840,"We need to focus less on feel good amenities and more on good fiscal governance.",33,10,7,16,11,5,0,6,22,5,7,10
5841,"Lower speed limits and narrow roadways city wide, replace as many intersections with roundabouts as possible Physics works better than signs",1,1,0,0,0,0,0,0,1,1,0,0
5842,"Government has no business telling other businesses what to do. Tax money should not be used for this purpose.",1,1,0,0,1,1,0,0,0,0,0,0
5843,"We need good governance ...We already have SkyPac which is heavily subsidized with tax dollars. Use a room at  SkyPac for an art gallery.",1,1,0,0,1,1,0,0,0,0,0,0
5844,"Bowling Green needs better collaboration and more health care innovation to meet the growing needs of our community",0,0,0,0,0,0,0,0,0,0,0,0
5845,"Our city leaders should engage with www.strongtownsbgky.com to work on making our city as livable and financially resilient as possible",1,1,0,0,0,0,0,0,1,1,0,0
5846,"Fix the traffic situation in the whole county.  It all needs to be redone.",1,1,0,0,1,1,0,0,0,0,0,0
5847,"Indianapolis has more than a million residents. Who is going to pay for this $250 million structure.  Citizens can privately fund this idea",1,1,0,0,1,1,0,0,0,0,0,0
5848,"We already have SkyPac and an arts/entertainment district. What we need is wise use of tax dollars for infrastructure",1,1,0,0,1,1,0,0,0,0,0,0
5849,"People who can’t afford a car or those who can’t drive  are effectively treated as second-class citizens in a town with bad public transport",1,1,0,0,0,0,0,0,1,1,0,0
5850,"Renter's rights already exist in Kentucky",1,1,0,0,1,1,0,0,0,0,0,0
5851,"We already have bookstores with coffee shops.",1,1,0,0,1,1,0,0,0,0,0,0
5852,"We have enough",1,1,0,0,1,1,0,0,0,0,0,0
5853,"Need more green space and fewer apartment complexes",1,1,0,0,1,1,0,0,0,0,0,0
5854,"Close off the roads around fountain square park in the summer and turn the parking spaces into a space for pedestrians and local vendors.",38,22,6,10,13,4,3,6,25,18,3,4
5855,"This would be a nice investment in our infrastructure as long as we can afford it without a new tax.",1,1,0,0,1,1,0,0,0,0,0,0
5856,"We are not Nashville...nor do we want to be",40,24,1,15,13,6,0,7,27,18,1,8
5857,"No one prefers to use public transportation..",1,1,0,0,1,1,0,0,0,0,0,0
5858,"Our city needs to pursue a housing-first approach to homelessness. They do this in Finland and from 2008 to 2022 homelessness decreased 68%",36,18,2,16,12,3,1,8,24,15,1,8
5859,"Government should not use tax dollars as incentives to encourage people to do anything.",32,7,12,13,10,3,1,6,22,4,11,7
5860,"We do not need more chain businesses in BG. We need unique shops that can't be found elsewhere",1,1,0,0,1,1,0,0,0,0,0,0
5861,"Establish rent-controlled housing with legacy maintenance contracts. Not all housing should be for creating millionaire landlords.",40,19,6,15,14,3,3,8,26,16,3,7
5862,"Fix the traffic situation",1,1,0,0,1,1,0,0,0,0,0,0
5863,"Curb cuts at every possible intersection could provide increased safety and enjoyment to pedestrians walking all around our town.",33,16,2,15,11,1,1,9,22,15,1,6
5864,"End the moratorium on regular police traffic enforcement. Aggressive driving is out of control.",1,1,0,0,0,0,0,0,1,1,0,0
5865,"No chain/box stores. We have enough",1,1,0,0,1,1,0,0,0,0,0,0
5866,"The more our city densifies and builds up the less land we waste to outward suburban sprawl allowing for a lot more beautiful outdoor spaces",1,1,0,0,0,0,0,0,1,1,0,0
5867,"BG is not Lexington. Ppl live here because they like living in a smaller town.",1,1,0,0,1,1,0,0,0,0,0,0
5868,"Install traffic cameras, enforce traffic light compliance. It's do bad that we are afraid to go at green lights and there's no enforcement",1,1,0,0,0,0,0,0,1,1,0,0
5869,"Improve traffic issues...Agree!",1,1,0,0,1,1,0,0,0,0,0,0
5870,"Pass laws to disincentivize out-of-state landlords. They are stripping away local revenue and don't respect tenants' rights.",42,28,2,12,15,6,0,9,27,22,2,3
5871,"Government should not use tax dollars to tell businesses what to do",1,1,0,0,1,1,0,0,0,0,0,0
5872,"Widening roads only encourages more car traffic, we should be aware of “induced demand” and work to actually fix traffic by having less cars",39,20,3,16,13,3,0,10,26,17,3,6
5873,"Fund the arts in K-12. Establish BG as a hub for more arts development and attraction. A trade school for art & craft trades would be great!",1,1,0,0,0,0,0,0,1,1,0,0
5874,"Scottsville Rd, Campbell Ln, the 31 W, and some of our other roadways are very ugly and unpleasant to walk along on foot. It can be better",1,1,0,0,0,0,0,0,1,1,0,0
5875,"Establish a plan to significantly decrease noise pollution from modified vehicle exhaust. Require inspections and law enforcement.",34,16,3,15,9,0,1,8,25,16,2,7
5876,"No more Jagoe homes! They’re an eyesore!",1,1,0,0,0,0,0,0,1,1,0,0
5877,"We won't have any more chain or box stores come in. We have enough.",29,10,5,14,9,1,2,6,20,9,3,8
5878,"Stope developers from buying land and building more apartments, condos, townhomes, etc. Instead, build restaurants, shopping, parks.",1,1,0,0,0,0,0,0,1,1,0,0
5879,"Promote more farm life instead of buying the land to build new subdivisions / apartments.",1,1,0,0,0,0,0,0,1,1,0,0
5880,"We will only improve our infrastructure as long as we can afford it without a new tax.",36,10,11,15,11,2,1,8,25,8,10,7
5881,"We will maintain the bookstore with a coffee shop that we already have in Bowling Green.",27,12,1,14,9,2,1,6,18,10,0,8
5882,"We will maintain the renters rights we already have in Kentucky.",32,11,6,15,9,0,3,6,23,11,3,9
5883,"I’d like to see a river front that meets downtown with a lot more activity year round.",1,1,0,0,0,0,0,0,1,1,0,0
5884,"People who can’t afford a car or who can’t drive won't be effectively treated as second-class citizens in the future.",38,26,2,10,13,3,1,9,25,23,1,1
5885,"Our city needs to focus on addressing the *root* causes of crime, homelessness, health, and safety concern, instead of more police, EMS etc",38,21,3,14,13,5,0,8,25,16,3,6
5886,"There shouldn’t be so many paid parking places downtown.",1,1,0,0,0,0,0,0,1,1,0,0
5887,"A better developed linked greenway system for walking, running, and/or bike riding throughout the city and county.",1,1,0,0,0,0,0,0,1,1,0,0
5888,"We will support SKyPAC and our existing arts/entertainment initiatives.",38,26,2,10,11,2,1,8,27,24,1,2
5889,"Increased support and resources for the animal shelter and its programs.",1,1,0,0,0,0,0,0,1,1,0,0
5890,"More robust building and sanitation codes and real enforcement for rental property, with meaningful penalties for non-compliance.",37,24,1,12,11,3,1,7,26,21,0,5
5891,"Since we have heavily subsidized SKyPAC with tax dollars, we will develop a room at SKyPAC to create an art gallery.",27,7,1,19,8,0,1,7,19,7,0,12
5892,"Government has no business telling a business what to do. Tax money should not be used for such a purpose.",27,2,14,11,8,0,4,4,19,2,10,7
5893,"Lower speed limits city wide.",32,7,6,19,12,0,2,10,20,7,4,9
5894,"Narrow our roadways city wide.",33,7,14,12,11,0,5,6,22,7,9,6
5895,"BG will have constructed its own clean energy sources.",31,16,2,13,9,1,2,6,22,15,0,7
5896,"Bowling Green and Warren County governing bodies need to unite for cost savings and MANY other positive economic reasons.",1,1,0,0,0,0,0,0,1,1,0,0
5897,"BG will have formed necessary relationships with our regional clean energy standard to maximize pollution reduction.",32,20,0,12,10,1,0,9,22,19,0,3
5898,"County land isn’t a builders playground",1,1,0,0,0,0,0,0,1,1,0,0
5899,"Rapid growth and runaway housing costs ruin communities. Plan growth that supports affordable housing for working people.",1,1,0,0,0,0,0,0,1,1,0,0
5900,"County pool at one of the parks",37,23,4,10,13,5,2,6,24,18,2,4
5901,"We should NOT widen any roads. Even if we double the size of all roads we’ll just have the same traffic problem when the population doubles.",1,1,0,0,0,0,0,0,1,1,0,0
5902,"I would love to see a children’s museum with interactive exhibits",1,1,0,0,0,0,0,0,1,1,0,0
5903,"More outdoor downtown options",0,0,0,0,0,0,0,0,0,0,0,0
5904,"Move section 8, used car lots,tattoo parlors, vape business away from town.",1,1,0,0,0,0,0,0,1,1,0,0
5905,"A large indoor shooting range in the county, maybe up by the race track to mitigate noise",32,10,8,14,11,2,3,6,21,8,5,8
5907,"Doge for county and city government",1,1,0,0,0,0,0,0,1,1,0,0
5908,"No hate but we need less foreign groceries and junk car lots.",1,1,0,0,0,0,0,0,1,1,0,0
5909,"Better zoning? And thought through housing proposals, not a neighborhood next to an industrial park and more options besides apartments",1,1,0,0,0,0,0,0,1,1,0,0
5910,"We need to celebrate what BG is, where it came from and the people who established it.",38,20,3,15,14,5,1,8,24,15,2,7
5911,"It would be nice to have better pools.  Need people who educate their kids and keep them clean and under control.",1,1,0,0,0,0,0,0,1,1,0,0
5912,"Better and more diverse healthcare choices (like birthing center)",1,1,0,0,0,0,0,0,1,1,0,0
5913,"We need a cross resurrected.",1,1,0,0,0,0,0,0,1,1,0,0
5914,"We will have a Light Rail system structured above I-65 right-of-way lands that connects us to Nashville, Louisville, and beyond.",39,21,7,11,13,3,4,6,26,18,3,5
5915,"There are huge crosses erected on the way to gatlingburg. We need that. We aren’t a sanctuary city city but a Christ city.",1,1,0,0,0,0,0,0,1,1,0,0
5916,"Recycling",1,1,0,0,0,0,0,0,1,1,0,0
5917,"I wish 31W Bypass could evolve to somewhat more upscale businesses and replace the run-down 1930-40s converted residential architecture.",1,1,0,0,0,0,0,0,1,1,0,0
5918,"Create outer loop services & retail buffer for regional commerce needs, reducing the need for the high volume of rural traffic in BG proper.",34,17,2,15,11,4,1,6,23,13,1,9
5919,"It should be as comfortable, safe, and convenient to take public transit or walk/bike as it is to drive. A car shouldn’t be a requirement",1,1,0,0,0,0,0,0,1,1,0,0
5920,"We will have less infantilizing options for the disabled community, allowing folks to live independently and autonomously.",37,23,2,12,13,4,0,9,24,19,2,3
5921,"We will ensure that accommodations for disabled communities are actually accessible.",36,21,0,15,13,2,0,11,23,19,0,4
5922,"Fund the arts in K-12 education.",38,25,2,11,14,3,2,9,24,22,0,2
5923,"Double or triple all local taxes so we can afford a massive densification, pedestrianization, and public transportation rework of our city",33,5,14,14,9,0,3,6,24,5,11,8
5924,"A trade school for art & craft trades would be great!",38,22,4,12,13,4,2,7,25,18,2,5
5925,"Our county land won't be builders' playground.",39,22,3,14,13,5,1,7,26,17,2,7
5926,"Create a DOGE for the Bowling Green city government.",33,6,22,5,11,3,5,3,22,3,17,2
5927,"We need people who educate their kids and will keep them clean and under control.",26,7,1,18,8,1,0,7,18,6,1,11
5928,"There are huge crosses erected on the way to Gatlinburg. We need that.",25,0,18,7,8,0,5,3,17,0,13,4
5929,"Stop developers from buying land and building more apartments, condos, townhomes, etc. Instead, build restaurants, shopping, parks.",31,7,10,14,9,3,2,4,22,4,8,10
5930,"Invest in “smart” traffic signals.  Timers are outdated, inefficient, & waste gas.",1,1,0,0,0,0,0,0,1,1,0,0
5931,"Expand BGMU fiber to everyone so as to break the att monopoly.",1,1,0,0,1,1,0,0,0,0,0,0
5932,"BG will have fair, safe and affordable housing options. Average families will be able to buy a home",1,1,0,0,0,0,0,0,1,1,0,0
5933,"Metro bus systems must go to work sites and housing area areas to be effective.",1,1,0,0,0,0,0,0,1,1,0,0
5934,"Solar should be mandatory for all new buildings as is correct electricity in building code",1,1,0,0,0,0,0,0,1,1,0,0
5935,"Hope renters code is enforced which would prevent complexes being run down after 5 to 10 years",1,1,0,0,0,0,0,0,1,1,0,0
5936,"Uh huh. The mall will still be 33% empty and what’s left will all be shoe stores",1,1,0,0,1,1,0,0,0,0,0,0
5937,"There will be TWO vape shops on every corner not just one.",30,2,19,9,10,2,3,5,20,0,16,4
5938,"Traffic will still suck but the solution will be to create one giant roundabout 🙄",29,4,10,15,10,2,1,7,19,2,9,8
5940,"The same ultra conservative maga morons running the city now will still be in charge",1,1,0,0,1,1,0,0,0,0,0,0
5941,"1",1,1,0,0,0,0,0,0,1,1,0,0
5942,"If you want it to grow we need two main things: better pay- no reason a typical corporate job is “high paying” at $18hr & the roads expanded",1,1,0,0,0,0,0,0,1,1,0,0
5943,"BGMU will offer residential fiber.",35,18,2,15,13,4,2,7,22,14,0,8
5944,"Lgb is the newer Trump terminology. Lgb is accepted for fairness w/o trans.",1,1,0,0,0,0,0,0,1,1,0,0
5945,"No more international festivals. However have ky heritage festivals.",1,1,0,0,0,0,0,0,1,1,0,0
5946,"Our city is filled with of enough immigrants. We need to focus on quality and not quantity.",1,1,0,0,0,0,0,0,1,1,0,0
5947,"Zoning needs more structure. There needs to be understanding when you buy here what zoning is allowed. Too many crammed in houses.",1,1,0,0,0,0,0,0,1,1,0,0
5948,"We are LGB community.",1,1,0,0,0,0,0,0,1,1,0,0
5949,"No more mosques",34,6,18,10,12,3,4,5,22,3,14,5
5950,"Clean up apartments.",1,1,0,0,0,0,0,0,1,1,0,0
5951,"I hope the same ultra-conservative MAGA leaders will not still be in charge of Bowling Green in 2050.",37,21,8,8,13,5,5,3,24,16,3,5
5952,"More private schools",1,1,0,0,0,0,0,0,1,1,0,0
5953,"Not be giving 100k to refugees to buy homes with other families and have 10 people living in same house. No one explaining zone rules.",1,1,0,0,0,0,0,0,1,1,0,0
5954,"BG2050 will be ready to support our residents in the event of future tornadoes, flooding, etc.",1,1,0,0,0,0,0,0,1,1,0,0
5955,"Bowling Green will have a chain coffee shop downtown.",30,3,17,10,10,2,3,5,20,1,14,5
5956,"As long as they are legal.",1,1,0,0,1,1,0,0,0,0,0,0
5957,"There will be county wide recycling and bio waste composting.",1,1,0,0,0,0,0,0,1,1,0,0
5958,"A convenient public transportation system through every section of city and county to public offices.",40,27,2,11,13,2,1,10,27,25,1,1
5959,"Bowling Green will be an LGB-friendly community.",36,21,6,9,12,2,5,5,24,19,1,4
5960,"All schools will have kindness curriculums.",1,1,0,0,0,0,0,0,1,1,0,0
5961,"All high schools will have KY state civic responsibility courses and hands on opportunity for participation.",35,21,3,11,12,3,2,7,23,18,1,4
5962,"In 2050, we will have cleaned up run-down apartment complexes in the Bowling Green area.",37,23,0,14,10,1,0,9,27,22,0,5
5963,"BG/WC will prohibit the topping of trees, promoting the shading of properties and parking lots.",34,23,2,9,11,4,2,5,23,19,0,4
5964,"If it's profitable",1,1,0,0,1,1,0,0,0,0,0,0
5965,"Promote and incentivize participation in town meetings in every district.",37,19,1,17,14,3,1,10,23,16,0,7
5966,"Could have whole county/ city non partisan voting.  No districts.  If I live in the county I can vote for anyone I like running for office.",1,1,0,0,0,0,0,0,1,1,0,0
5967,"Our schools will teach science based Earthcare classes appropriate K-12.",32,21,1,10,9,4,0,5,23,17,1,5
5968,"If profitable",1,1,0,0,1,1,0,0,0,0,0,0
5969,"We should not offer tax incentives to lure businesses.",1,1,0,0,1,1,0,0,0,0,0,0
5970,"Neighborhood diversity should be celebrated",1,1,0,0,1,1,0,0,0,0,0,0
5971,"Term limits - yes!",1,1,0,0,1,1,0,0,0,0,0,0
5972,"Costco :)",1,1,0,0,0,0,0,0,1,1,0,0
5973,"Area out by SWHS have more restaurants",34,16,1,17,11,3,0,8,23,13,1,9
5974,"Elected positions in Warren County and the City of Bowling Green will all be non-partisan elections.",29,15,2,12,8,3,0,5,21,12,2,7
5975,"I would to see a YMCA for all ages, especially targeting teens to get them involved in the community, and give them a purpose.",1,1,0,0,0,0,0,0,1,1,0,0
5976,"Have more bike lanes around the city",1,1,0,0,0,0,0,0,1,1,0,0
5977,"I hope there will be more affordable housing for young professionals. So many living in apartments due to housing costs.",36,24,1,11,10,3,0,7,26,21,1,4
5978,"Stay a small town environment with social agendas kept out of our community, schools and away from our children.",32,9,7,16,12,4,1,7,20,5,6,9
5979,"A dinner train service from the train depot similar to the one in Bardstown KY",0,0,0,0,0,0,0,0,0,0,0,0
5980,"Regenerative farming city and county wide.   Do our part to combat climate change.  If we don’t expect food prices to continue to rise",1,1,0,0,0,0,0,0,1,1,0,0
5981,"No more roundabouts at simple four way stops!",31,3,21,7,9,2,4,3,22,1,17,4
5982,"We need an ikea.",36,14,8,14,11,5,2,4,25,9,6,10
5983,"More family oriented entertainment. Nice multi-use arcade (think Dave & Busters/ Malibu Jacks),etc. More shopping options and fine dining",0,0,0,0,0,0,0,0,0,0,0,0
5984,"More Jobs",0,0,0,0,0,0,0,0,0,0,0,0
5985,"More funding for public schools and investment in public transport. Sustainable housing!",1,1,0,0,0,0,0,0,1,1,0,0
5986,"A local art house theater",0,0,0,0,0,0,0,0,0,0,0,0
5987,"If we are planning for this kind of growth then we must address infrastructure and not in the way of more roundabouts.",0,0,0,0,0,0,0,0,0,0,0,0
5988,"We need more kid/family attractions. Science center, small aquarium, indoor jungle gym.",1,1,0,0,0,0,0,0,1,1,0,0
5990,"People will stop moving here so we can keep the same home town feel that BG has always had, that is quickly being lost",30,7,13,10,9,3,1,5,21,4,12,5
5991,"Merged government",1,1,0,0,1,1,0,0,0,0,0,0
5992,"We should more projects And for the youth to exercise freedoms of the nation. Such as group projects like cleaning the community",0,0,0,0,0,0,0,0,0,0,0,0
5993,"We need an indoor jungle gym for our kids.",34,18,1,15,11,3,0,8,23,15,1,7
5994,"This should be a priority while encouraging multiple sources of energy",1,1,0,0,0,0,0,0,1,1,0,0
5995,"City is looking like one long strip mall in some places",1,1,0,0,0,0,0,0,1,1,0,0
5996,"BG needs recycling. We are a larger city in the making. We need infrastructure that is responsible and sustainable.",1,1,0,0,0,0,0,0,1,1,0,0
5997,"We’d like to see in south Warren a higher quality of restaurants and grocery stores.",1,1,0,0,0,0,0,0,1,1,0,0
5998,"Fun Alert: Indoor GoKarts",1,1,0,0,0,0,0,0,1,1,0,0
5999,"I hope to see more starter ""houses"" than apartments being built. Both in town and in the county.",1,1,0,0,0,0,0,0,1,1,0,0
6000,"Local governments will work to help childcare providers stay in business. Childcare and after-school care for students is essential.",38,26,1,11,13,6,0,7,25,20,1,4
6001,"There should be a large retail store for every day items and a grocery store farther out Louisville Rd. for people of Northern Warren Co.",1,1,0,0,0,0,0,0,1,1,0,0
6002,"More bus  service to more areas and expanded hours.   More programs for seniors with daily activities and lunch.",1,1,0,0,0,0,0,0,1,1,0,0
6003,"As BG grows, we will strategically plan affordable housing development in areas with strong public transportation and essential resources.",1,1,0,0,0,0,0,0,1,1,0,0
6004,"Have a hospital outside of the Monopoly we have, focused on Nutritional aspects and not on pharmaceuticals with doctors not owned by them.",1,1,0,0,1,1,0,0,0,0,0,0
6005,"City-sponsored yard waste disposal/mulching service like in Owensboro.",37,24,2,11,12,2,1,9,25,22,1,2
6006,"In 2050, BG will have more services for the elderly so they can remain in their own homes.",1,1,0,0,0,0,0,0,1,1,0,0
6007,"A train or bus route to Nashville, with morning and evening options for a day trip",1,1,0,0,0,0,0,0,1,1,0,0
6008,"Outdoor dining or drinking spaces that don’t face a parking lot or major road",38,24,2,12,14,5,1,8,24,19,1,4
6009,"Historic spaces and places will be celebrated alongside progress and development",1,1,0,0,0,0,0,0,1,1,0,0
6010,"A weekly market celebrating local culture’s international cuisines with seating at community tables",37,21,4,12,13,0,4,9,24,21,0,3
6011,"WKU will offer competitive salaries that attract scholars who improve the student experience and community impact",39,26,2,11,12,5,2,5,27,21,0,6
6012,"¡Trader Joe’s!",1,1,0,0,0,0,0,0,1,1,0,0
6013,"BG will offer more options to gather/connect with other twenty- and thirty-somethings aside from bars and restaurants",1,1,0,0,0,0,0,0,1,1,0,0
6014,"An independent bookstore, pretty please!",1,1,0,0,0,0,0,0,1,1,0,0
6015,"Public transportation from pick-up spots to downtown, encouraging more pedestrian traffic to support small businesses and alleviate parking",1,1,0,0,0,0,0,0,1,1,0,0
6016,"Incentivize investment in historic preservation of commercial and residential spaces currently threatened",38,25,3,10,12,4,1,7,26,21,2,3
6017,"Allow and incentivize repurposing historic commercial or residential properties",37,17,4,16,12,1,1,10,25,16,3,6
6018,"More historic preservation efforts that encompass cultural preservation, too",34,22,0,12,11,2,0,9,23,20,0,3
6019,"Improve and expand mass transit into neighborhoods so that all citizens live within a 15-minute walk of the nearest stop.",1,1,0,0,0,0,0,0,1,1,0,0
6020,"All bus stops should be covered, lighted, and monitored by cameras. Add regional bus service.",1,1,0,0,0,0,0,0,1,1,0,0
6021,"Invest in an attraction that will entice visitors to exit I-65 and stay overnight.",30,13,2,15,9,3,0,6,21,10,2,9
6022,"Build a gazebo-style stage in Fountain Square on the State Street end for music, theater, weddings, and other events.",31,11,9,11,9,3,3,3,22,8,6,8
6023,"Tired of the homeless sleeping in the parks? They are too. Provide basic shelter-food-job training to help them contribute to the community.",1,1,0,0,0,0,0,0,1,1,0,0
6024,"BG must develop a consistent zoning plan to develop desirable, affordable, walkable neighborhoods throughout.",1,1,0,0,0,0,0,0,1,1,0,0
6025,"Offer incentives to downtown businesses to allow public parking in their lots during non-business hours.",41,26,2,13,15,7,1,7,26,19,1,6
6026,"BG’s close proximity to Mammoth Cave is underutilized for tourism. Gateway to Mammoth!",1,1,0,0,0,0,0,0,1,1,0,0
6027,"Require all new large downtown buildings to include underground parking, a portion of which must be available for public use.",32,6,11,15,10,2,4,4,22,4,7,11
6028,"WKU needs to address the shortage of student housing by building high-rise dorms on their campus.",30,9,4,17,9,2,1,6,21,7,3,11
6029,"Non-English speaking students need to attend ESL-based schools before being assimilated into the general school population.",1,1,0,0,0,0,0,0,1,1,0,0
6030,"Work with state and federal authorities to include Bowling Green in a passenger rail system connecting Chicago to Florida.",1,1,0,0,0,0,0,0,1,1,0,0
6031,"Refurbish historic downtown Bowling Green. A vibrant downtown is the heartbeat of all great cities.",1,1,0,0,0,0,0,0,1,1,0,0
6032,"Convert the area around Fountain Square into a pedestrian zone. Increase dining and entertainment to make it a stand alone destination.",1,1,0,0,0,0,0,0,1,1,0,0
6033,"Create more all-ages performance venues and events.",1,1,0,0,0,0,0,0,1,1,0,0
6034,"Establish an arts district and offer incentives to attract artists' studios and shops. Will draw visitors and support local arts education.",1,1,0,0,0,0,0,0,1,1,0,0
6035,"Partner with the WKU Department of Biology to build an aquarium. This will boost tourism and support advanced education.",36,14,10,12,11,2,3,6,25,12,7,6
6036,"Build an indoor water park and playground.",1,1,0,0,0,0,0,0,1,1,0,0
6037,"Build a tree-covered riverwalk between Circus Square and the Barren River, lined with restaurants, music venues, and local shops.",37,25,1,11,11,4,1,6,26,21,0,5
6038,"Construct a parking garage behind 922 State Street. Free parking for employees & free parking for others w/ proof of purchase downtown.",33,13,2,18,11,2,0,9,22,11,2,9
6039,"If you encourage dining and entertainment downtown, shopping and lodging will follow.",1,1,0,0,0,0,0,0,1,1,0,0
6040,"Better advertising for the new small business incubator on College! Let’s fill those spaces!",36,21,1,14,12,4,0,8,24,17,1,6
6041,"Extend the Entertainment Zone hours.",31,9,4,18,8,2,0,6,23,7,4,12
6042,"More parks and green space.",1,1,0,0,0,0,0,0,1,1,0,0
6043,"I would like to see BG get its own mail processing service back (from Nashville).  We have lost a great deal of service since this move.",39,26,0,13,13,6,0,7,26,20,0,6
6044,"Build neighborhoods that accommodate seniors lifestyles so they don’t end up in nursing homes.",1,1,0,0,0,0,0,0,1,1,0,0
6045,"Move the mall/ shopping to the outskirts of town city or in county! a Top golf A Sports complex  Take the mall land and turn it into a Park",0,0,0,0,0,0,0,0,0,0,0,0
6046,"Improve standards for Section 8 landlords or give funds directly to recipients to use wherever they choose.",1,1,0,0,0,0,0,0,1,1,0,0
6047,"BG needs to address homelessness by expanding the men’s shelter facilities at Salvation Army and construct a separate women’s shelter.",37,21,3,13,13,5,1,7,24,16,2,6
6048,"BG will have a variety of dining options including a farm-to-table concept, food assembly halls, and multi-cultural restaurants.",1,1,0,0,0,0,0,0,1,1,0,0
6049,"Employers, especially these national/multi-national companies, need to offer skilled training to fill positions.",1,1,0,0,0,0,0,0,1,1,0,0
6050,"I hope that by 2050, people are educated about the value of buying local and they better support local businesses.",1,1,0,0,0,0,0,0,1,1,0,0
6051,"A better Cinema option other than the two outdated theaters.  An Imax off I-65.",1,1,0,0,0,0,0,0,1,1,0,0
6052,"I'd like to see more sit-down coffee shops instead of drive-thru chains. Third places are important for our growing community.",1,1,0,0,0,0,0,0,1,1,0,0
6053,"More income-based housing opportunities",1,1,0,0,0,0,0,0,1,1,0,0
6054,"i think the way Owensboro has their water front area set up would be great here, and to have it incorporate into the downtown square area",1,1,0,0,0,0,0,0,1,1,0,0
6055,"In 2050, BG will have an abundance of sidewalks to promote walking for health and short distance transportation.",1,1,0,0,0,0,0,0,1,1,0,0
6056,"Commuter train to Nashville and BNA",1,1,0,0,0,0,0,0,1,1,0,0
6057,"Start up incubator",1,1,0,0,0,0,0,0,1,1,0,0
6058,"I hope the city will not look like one long strip mall. It is already happening in some places.",34,22,0,12,11,3,0,8,23,19,0,4
6059,"The Bypass needs to be drastically renovated. It is currently an eyesore with many buildings needing to be demolished or rebuilt.",1,1,0,0,0,0,0,0,1,1,0,0
6060,"Bowling Green needs more private/parochial school options, especially at the high schoo level.",1,1,0,0,0,0,0,0,1,1,0,0
6061,"We need a major thoroughfare that goes around the city to help alleviate traffic on Scottsville Rd. and Campbell Lane.",1,1,0,0,0,0,0,0,1,1,0,0
6062,"Another 18-hole public golf course is needed.",1,1,0,0,0,0,0,0,1,1,0,0
6063,"Fewer 7 Brews and car wash location, more locally owned establishments.",1,1,0,0,0,0,0,0,1,1,0,0
6064,"A Trader Joe's will be here in 2050.",1,1,0,0,0,0,0,0,1,1,0,0
6065,"A locally owned bookstore will be in BG, ideally on the Square, but at least something other than Barnes & Noble.",1,1,0,0,0,0,0,0,1,1,0,0
6066,"A new, modern movie theater is much needed so that we don't have to drive to Owensboro, E-Town or Nashville for comfortable seating.",1,1,0,0,0,0,0,0,1,1,0,0
6067,"A Trader Joe's is much needed for this community.",1,1,0,0,0,0,0,0,1,1,0,0
6068,"Vacant homes and businesses will be demolished or refurbished by a city land bank.",37,14,5,18,14,4,0,10,23,10,5,8
6069,"The position of city mayor should become a full-time job, not a part-time job, for a city the size of Bowling Green.",36,19,3,14,11,5,0,6,25,14,3,8
6070,"BG needs healthy, fun social activities for our youth and public transit to get them there.",1,1,0,0,0,0,0,0,1,1,0,0
6071,"Commercial flights in and out of BG Airport. Perhaps moving/expanding the airport to another part of the county would help this.",1,1,0,0,0,0,0,0,1,1,0,0
6072,"End inter-generational poverty by creating homeownership. It will also create less transient and safer neighborhoods.",1,1,0,0,0,0,0,0,1,1,0,0
6073,"BG needs to focus on creating better paying jobs, especially those that sustain one-income households.",1,1,0,0,0,0,0,0,1,1,0,0
6074,"There should be a large retail store for every day items farther out Louisville Rd. for people of Northern Warren Co.",35,19,1,15,11,4,0,7,24,15,1,8
6075,"I hope BG will remain affordable for a variety of income levels.",1,1,0,0,0,0,0,0,1,1,0,0
6076,"People in the city will pick up after their dogs rather than creating a land mine field.",39,28,1,10,14,8,0,6,25,20,1,4
6077,"All bus stops should be monitored by cameras.",37,15,6,16,12,2,2,8,25,13,4,8
6078,"Public landscaping will focus on native species that help our ecology and require less care.",1,1,0,0,0,0,0,0,1,1,0,0
6079,"Individuals will prioritize native plants in their yards, with less grass that requires weekly mowing and chemicals to make it grow more.",34,25,0,9,12,5,0,7,22,20,0,2
6080,"In the future, Section 8 funding will be given directly to recipients to use wherever they choose.",28,3,9,16,8,1,1,6,20,2,8,10
6081,"Bowling Green will have an incubator program for startup companies.",36,21,1,14,11,4,0,7,25,17,1,7
6082,"Free arts/entertainment like movies at the Capital and Summer & Winter Concert series downtown will still be thriving.",37,25,2,10,13,4,2,7,24,21,0,3
6083,"I would like flood-plains engineered to a high level in some areas of business and some homes, Warren County.",29,13,0,16,10,1,0,9,19,12,0,7
6084,"People in the city will not be allowed to leave trash bins blocking the sidewalk all week long.",37,24,3,10,12,8,1,3,25,16,2,7
6085,"Downtown will have a thriving farmers market.",1,1,0,0,0,0,0,0,1,1,0,0
6086,"Bowling Green will be Kentucky's epicenter for Halloween, with a month-long series of Halloween events for all ages.",31,10,9,12,9,1,4,4,22,9,5,8
6087,"Nobody in BG will drive because our road infrastructure mimics Los Angeles.",30,5,10,15,8,2,0,6,22,3,10,9
6088,"BG eliminates political signage at every election",34,15,4,15,11,5,0,6,23,10,4,9
6089,"The frontage road on Scottsville Road needs another outlet.",27,8,7,12,8,2,0,6,19,6,7,6
6090,"Fix the traffic problems",1,1,0,0,1,1,0,0,0,0,0,0
6091,"Update our traffic situation",1,1,0,0,1,1,0,0,0,0,0,0
6092,"Better traffic control",1,1,0,0,1,1,0,0,0,0,0,0
6093,"Improve our traffic situation",1,1,0,0,1,1,0,0,0,0,0,0
6094,"Traffic needs serious readjusting",1,1,0,0,1,1,0,0,0,0,0,0
6095,"The blue street lights will be gone",1,1,0,0,0,0,0,0,1,1,0,0
6096,"We embrace the TRUE American spirit of being a melting pot, where all backgrounds and cultures can be welcomed, respected, and successful.",1,1,0,0,0,0,0,0,1,1,0,0
6097,"I hope the city fireworks law might finally be enforced.",0,0,0,0,0,0,0,0,0,0,0,0
6098,"I hope the police might stop the daily, and nightly, motorcycle races on Campbell Lane.",34,12,3,19,12,3,1,8,22,9,2,11
6099,"In 2050 Bowling Green infrastructure will accommodate businesses (commercial and otherwise) in areas of the city other than Scottsville Road",1,1,0,0,0,0,0,0,1,1,0,0
6100,"BG will have better public transportation and more walkability connecting more areas of town",1,1,0,0,0,0,0,0,1,1,0,0
6101,"BG will preserve historic downtown district and stop allowing large apartment complexes to be built downtown, ruining the beauty of the area",1,1,0,0,0,0,0,0,1,1,0,0
6102,"One movie theaters will be updated to look nicer and cleaner, offer more concessions and one of them converted to a drive-in theater.",1,1,0,0,0,0,0,0,1,1,0,0
6103,"BG will offer more public activities like a science center or aquarium or interactive museums/experiences",1,1,0,0,0,0,0,0,1,1,0,0
6104,"BG will have an amphitheater for more outdoor venue options",1,1,0,0,0,0,0,0,1,1,0,0
6105,"BG will continue to be a place where small business are appreciated and thriving",1,1,0,0,0,0,0,0,1,1,0,0
6106,"There will be greater interactivity between WKU and the Bowling Green.",1,1,0,0,0,0,0,0,1,1,0,0
6107,"There will be more effort to keep Bowling Green neighborhoods and roadways clean and trash free.",1,1,0,0,0,0,0,0,1,1,0,0
6108,"That Bowling Green will become a destination for something other than car shows.",1,1,0,0,0,0,0,0,1,1,0,0
6109,"That Bowling Green will be a more inclusive community and will support fairness.",1,1,0,0,0,0,0,0,1,1,0,0
6110,"I would like to see more support of the small business community.",0,0,0,0,0,0,0,0,0,0,0,0
6111,"Improve the traffic flow on Scottsville Road",0,0,0,0,0,0,0,0,0,0,0,0
6112,"Continue to provide quality education including trade schools",0,0,0,0,0,0,0,0,0,0,0,0
6113,"BG will never be the city most of us want it to be until we get serious about our airport. We must have air service here, asap.",1,1,0,0,0,0,0,0,1,1,0,0
6114,"Neighborhoods will be more walkable with more sidewalks, access to corner stores, and easy public transit.",1,1,0,0,0,0,0,0,1,1,0,0
6115,"By 2050, BG will pass a Fairness Ordinance to ensure equality for LGBTQIA+ people.",1,1,0,0,0,0,0,0,1,1,0,0
6116,"A train or trolley system that goes to key points around town with longer connections to Nashville and Louisville.",1,1,0,0,0,0,0,0,1,1,0,0
6117,"More support for farmers, less buying of farmland for apartments. farmers market, more farm to table/grocery, preserve farm land",1,1,0,0,1,1,0,0,0,0,0,0
6118,"Defund the police.",32,5,17,10,9,1,2,6,23,4,15,4
6119,"More parks/playgrounds in residential neighborhoods that families can walk to.",1,1,0,0,0,0,0,0,1,1,0,0
6120,"Making sure thru zoning committee that when people buy houses they know before closing on them how they are zoned. Single family means one",29,12,2,15,9,3,0,6,20,9,2,9
6121,"We cherish our fundamental roots of BG.  Don’t mean to be mean but we weren’t international and need back to our roots.",33,7,18,8,10,3,1,6,23,4,17,2
6122,"We need a founders day festival. Bring back the history.",33,12,4,17,10,1,2,7,23,11,2,10
6123,"Clean up Louisville rd and Russellville rd",1,1,0,0,0,0,0,0,1,1,0,0
6124,"Less used car lots.",1,1,0,0,0,0,0,0,1,1,0,0
6125,"Less used clothing stores",29,4,15,10,9,1,2,6,20,3,13,4
6126,"BG thrives because of the family friendly events. Our libraries, parks and rec, and other organizations towards the future are a must.",1,1,0,0,0,0,0,0,1,1,0,0
6127,"We need to fix our congestion and our traffic before we can have more people move here.",1,1,0,0,1,1,0,0,0,0,0,0
6128,"Roads in the county need to be widened.",0,0,0,0,0,0,0,0,0,0,0,0
6129,"Spread out new businesses instead of putting them in one or two areas.",0,0,0,0,0,0,0,0,0,0,0,0
6130,"We need metro government.",0,0,0,0,0,0,0,0,0,0,0,0
6131,"I would like to see a Maker Space where citizens could access tools and classes for various hobbies like woodworking, stained glass, etc.",38,31,1,6,11,5,1,5,27,26,0,1
6132,"I’d like to see more lifelong education opportunities for retired people, such as a university retirement community in partnership with WKU.",38,28,0,10,12,3,0,9,26,25,0,1
6133,"More teen family game places. Like parent child bowling league. Parent child roller or ice skating hour.",0,0,0,0,0,0,0,0,0,0,0,0
6134,"Bowling Green will have a large annual arts and crafts fair similar to the St. James Court Art Show in Louisville.",36,21,1,14,12,4,1,7,24,17,0,7
6135,"BG could be better. But it won't be much better, more of the same and still the same as it is. Meh.",1,1,0,0,1,1,0,0,0,0,0,0
6136,"Given the economic trajectory of the US. There is a good chance we won't see the 90K increase and probably a decrease in population",1,1,0,0,1,1,0,0,0,0,0,0
6137,"Have a Recycling company throughout the county",1,1,0,0,0,0,0,0,1,1,0,0
6138,"Bowling Green will have affordable starter homes.",1,1,0,0,0,0,0,0,1,1,0,0
6139,"Bowling Green will have city-wide recycling.",1,1,0,0,0,0,0,0,1,1,0,0
6140,"Agree, but cannot guarantee this.",1,1,0,0,0,0,0,0,1,1,0,0
6141,"Less head start",27,1,13,13,8,0,1,7,19,1,12,6
6142,"Community is essential as they know the history. Less immigrants.",1,1,0,0,0,0,0,0,1,1,0,0
6143,"Start doing a few commercial flights out the airport. Even just a few.",1,1,0,0,0,0,0,0,1,1,0,0
6144,"- Concert venue  - a fall festival for local businesses",0,0,0,0,0,0,0,0,0,0,0,0
6145,"I wish that we would do more than have a public voting booth for “what could BG be in 2050”",31,8,4,19,9,2,1,6,22,6,3,13
6146,"Bowling green will build more public transportation infrastructure",1,1,0,0,0,0,0,0,1,1,0,0
6147,"An Earthfare would be amazing!",28,7,1,20,8,0,1,7,20,7,0,13
6148,"YMCA & YWCA",1,1,0,0,0,0,0,0,1,1,0,0
6149,"As a senior, I see BG being senior friendly with several afternoon  offerings at SKYPAC....Plays, Dancers, Speakers and educational classes.",35,25,0,10,12,3,0,9,23,22,0,1
6150,"More offerings on the north side to spread out traffic.",1,1,0,0,0,0,0,0,1,1,0,0
6151,"We need a state of the art full service movie theater!",1,1,0,0,0,0,0,0,1,1,0,0
6152,"Turn the US Bank on the square back into a nice hotel like the past with a nice restaurant and valet parking. Make it a destination.",39,23,0,16,14,6,0,8,25,17,0,8
6153,"When activities activities are advertised it will show date, time and address.",1,1,0,0,0,0,0,0,1,1,0,0
6154,"Supporting more local businesses",1,1,0,0,0,0,0,0,1,1,0,0
6155,"Public schools will be irrelevant if they do not support the will of the parents and the community.",36,10,13,13,11,4,2,5,25,6,11,8
6156,"Plenty of affordable single-family homes instead of more and more apartments.",1,1,0,0,0,0,0,0,1,1,0,0
6157,"Toot’s",31,7,10,14,9,1,3,5,22,6,7,9
6158,"Implement an incentivized recycling program.",1,1,0,0,0,0,0,0,1,1,0,0
6159,"All school will offer free breakfast and lunch.",36,22,2,12,13,2,1,10,23,20,1,2
6160,"We will see an end to homelessness because we have affordable transitional housing and residential rehab facilities.",1,1,0,0,0,0,0,0,1,1,0,0
6161,"We will have nonprofit grocery stores and eliminate all food deserts.",29,14,3,12,8,2,0,6,21,12,3,6
6162,"That more residents will get a job and provide for themselves so taxes could be used to further the visions of most working citizens.",31,12,1,18,11,4,0,7,20,8,1,11
6163,"BG will have a stand-alone violence response and prevention center for victims of sexual or domestic violence of all ages.",37,24,3,10,12,4,1,7,25,20,2,3
6164,"BG will have actual public transportation. Why grow by 90k ppl if you can't even offer options for parking? There's a parking crisis already",1,1,0,0,0,0,0,0,1,1,0,0
6165,"BG will have free parking, affordable parking, and available parking options.",1,1,0,0,0,0,0,0,1,1,0,0
6166,"We need public transportation infrastructure to alleviate major congestion to and from Scottsville road, where businesses are.",1,1,0,0,0,0,0,0,1,1,0,0
6167,"Better shopping!",0,0,0,0,0,0,0,0,0,0,0,0
6168,"I would love to see a parent/child bowling league.",26,8,1,17,8,1,0,7,18,7,1,10
6169,"I would love to see a parent/child roller skating hour.",25,4,3,18,8,0,1,7,17,4,2,11
6170,"I would love to see a parent/child ice skating hour.",29,9,3,17,9,1,0,8,20,8,3,9
6171,"We will have a fall festival for local businesses.",32,17,3,12,9,3,0,6,23,14,3,6
6172,"When activities are advertised in the region, it will always show the date, time, and address.",34,23,0,11,10,4,0,6,24,19,0,5
6173,"Increased economic opportunities, meaning better jobs, jobs that prioritize workers wellbeing.",34,24,0,10,11,4,0,7,23,20,0,3
6174,"We need more primary care doctors.",33,21,0,12,10,1,0,9,23,20,0,3
6175,"Having more businesses on the north or south ends of town vs. all on Scottsville Rd./Campbell Ln. would be a nice plan moving forward.",1,1,0,0,0,0,0,0,1,1,0,0
6176,"BG needs a better mall and more stuff to do indoor for children. I hope we preserve the feeling of living both in the city and country.",1,1,0,0,0,0,0,0,1,1,0,0
6177,"BG public schools leading the charge in the state, and nation. Children are the future, there is no one more important to invest in.",37,28,0,9,13,6,0,7,24,22,0,2
6178,"BG2050 needs a full aquatic center featuring 50 meter Olympic length pools",33,16,3,14,9,2,1,6,24,14,2,8
6179,"We need more traffic law enforcement. Speeding 10 plus mph over the speed limit is becoming common. Can't imagine what it would be in 25 yrs",1,1,0,0,0,0,0,0,1,1,0,0
6180,"Community art spaces around the city that allow you to check out tools, appliances, and supplies.",38,22,3,13,12,2,2,8,26,20,1,5
6181,"Having another recycling company take over recycling pickup in Warren County",1,1,0,0,0,0,0,0,1,1,0,0
6182,"Smart-Kiosks placed across BG to help those in need or in crisis. Includes power, free wifi, phone capabilities, & a database of resources.",30,15,2,13,9,2,1,6,21,13,1,7
6183,"A community that values all religions and cultures. Christian Nationalism will be a thing of the past.",33,18,3,12,10,2,2,6,23,16,1,6
6184,"A great thing about BG is cultural diversity - thanks to WKU, the International Center, etc. We should encourage and celebrate diversity.",1,1,0,0,0,0,0,0,1,1,0,0
6185,"P.O.S like Nashville",1,1,0,0,0,0,0,0,1,1,0,0
6186,"We will have a model early childhood education system that is accessible for working parents of all shifts, creating lasting change for BG.",36,24,0,12,12,3,0,9,24,21,0,3
6187,"We show up and support the things we talked about how much we needed or wanted in 2025 when most of it was right in front of our faces.",35,15,3,17,10,2,0,8,25,13,3,9
6188,"Continuing to improve our excellent libraries! 📚",0,0,0,0,0,0,0,0,0,0,0,0
6189,"We'll have a YMCA!",1,1,0,0,0,0,0,0,1,1,0,0
6190,"Free outdoor Shakespeare in the park regularly each summer.",1,1,0,0,0,0,0,0,1,1,0,0
6191,"BG will get a Trader Joe’s!",1,1,0,0,0,0,0,0,1,1,0,0
6192,"Hope not",1,1,0,0,0,0,0,0,1,1,0,0
6193,"Hopefully more places for individuals and families to go and have fun. More entertainment places.",1,1,0,0,0,0,0,0,1,1,0,0
6194,"We here in bowling green need substantially more access to mental health services, there is not enough offered for testing or med providers",1,1,0,0,0,0,0,0,1,1,0,0
6195,"We need some more Mediterranean restaurants, healthier options on campus as well, I'm tired of eating chick fila",1,1,0,0,0,0,0,0,1,1,0,0
6196,"Yes- as someone working in the schools I completely agree with this. Allocate the funding to make it happen!",1,1,0,0,0,0,0,0,1,1,0,0
6197,"A Complete Community Center. At a reasonable fee 7 days a week. Basketball, Gym, swimming lessons, self defense classes etc",33,20,0,13,11,2,0,9,22,18,0,4
6198,"Free indoor walking track, more family play places, more affordable housing",0,0,0,0,0,0,0,0,0,0,0,0
6200,"Stop taxpayer-funded waste. Let local churches and nonprofit entities provide more focused charity from their focused congregations..",28,6,8,14,8,1,2,5,20,5,6,9
6201,"No more coffee shops, banks, and dumb things. Build stuff ppl can enjoy themselves like gatti land and etc.",29,4,12,13,9,1,1,7,20,3,11,6
6202,"Make water parks for adults while kids are in school at least a pool",29,11,4,14,8,2,2,4,21,9,2,10
6203,"Dave & Busters!!",1,1,0,0,0,0,0,0,1,1,0,0
6204,"By 2050, I’d like to see marginalized groups gain equal footing in housing and employment opportunities. Stop the hate.",35,21,3,11,11,3,1,7,24,18,2,4
6205,"i would love to see more dance studios/community theatres & spaces for the arts to shine for ALL ages!",1,1,0,0,0,0,0,0,1,1,0,0
6206,"We will stop the gentrification of Shake Rag and instead encourage preservation of its history and empower POC to invest in the neighborhood",1,1,0,0,0,0,0,0,1,1,0,0
6207,"I like to see BG become a more multiverse city for all color of people .",35,20,3,12,10,0,2,8,25,20,1,4
6208,"Tear down Greenwood Mall and replace it with an outdoor shopping venue with more current and popular shops, restaurants, and local shops",1,1,0,0,0,0,0,0,1,1,0,0
6210,"Bentonville, AR is the same size we are, with better pay and lifestyle. It took private investment to subsidize that. Let’s do that here",33,12,1,20,11,2,1,8,22,10,0,12
6211,"Passenger rail, more walkable neighborhoods, less building with no greenspace.  We need to seriously work toward traffic issues & speeding",1,1,0,0,0,0,0,0,1,1,0,0
6212,"Increased public transportation and safer covered bus stops",1,1,0,0,0,0,0,0,1,1,0,0
6213,"Bowling green needs more grocery options such as Publix and Trader Joes",1,1,0,0,0,0,0,0,1,1,0,0
6214,"Be able to utilize airport and take flights",1,1,0,0,0,0,0,0,1,1,0,0
6215,"I hope that the apartments on Bryant Ave can be rejuvenated. The buildings are dirty and the streets are full of trash.",32,17,0,15,8,3,0,5,24,14,0,10
6216,"I wish for there to be excellent mental-health/psychiatric facilities. The ones we have currently are lackluster.",1,1,0,0,0,0,0,0,1,1,0,0
6217,"We need an ice hockey rink!",1,1,0,0,0,0,0,0,1,1,0,0
6218,"More walkability and pedestrian-friendliness - not just downtown but all over the city.",1,1,0,0,0,0,0,0,1,1,0,0
6219,"Reliable public transit (buses, trains, etc)",1,1,0,0,0,0,0,0,1,1,0,0
6220,"More funding for our public library! Would love to see expansion of library offerings, like the public library of Fayetteville, AR",34,18,3,13,10,2,1,7,24,16,2,6
6221,"More ""third spaces"" for people of all ages",1,1,0,0,0,0,0,0,1,1,0,0
6222,"I think we should start growing up downtown instead of spreading out into the county.  Let’s make the downtown a business district",1,1,0,0,0,0,0,0,1,1,0,0
6223,"More sidewalks on busy neighborhood roads that are used as cut throughs.",1,1,0,0,1,1,0,0,0,0,0,0
6224,"I hope that bg will keep  so much of the home town  feeling .  I also would love to see a ice skating  ring  permanent .",1,1,0,0,0,0,0,0,1,1,0,0
6225,"More people will get their dogs and cats neutered.",38,27,0,11,13,5,0,8,25,22,0,3
6226,"Permanent ice skating rink and ice hockey",0,0,0,0,0,0,0,0,0,0,0,0
6227,"Keep our southern hometown atmosphere and hospitality, and not become a “little Nashville”.",1,1,0,0,0,0,0,0,1,1,0,0
6228,"BG should have housing for disabled young adults who desire to live independently and affordable housing for those making under $100K.",1,1,0,0,0,0,0,0,1,1,0,0
6229,"In 2050, BG will have more grocery stores that expands the entire county with a focus on developing the northern part of the city.",1,1,0,0,0,0,0,0,1,1,0,0
6230,"BG will have finally embraced the roller derby leagues who call this city home, yet consistently have to pay travel expenses just to play.",32,12,8,12,9,0,3,6,23,12,5,6
6231,"By 2050 BG will return to their famous “small town” feel and hopefully not have an additional 90K people in 25 years.  Traffic is horrid now",1,1,0,0,1,1,0,0,0,0,0,0
6232,"We need outlet stores.  Keep the money in Bowling Green.",1,1,0,0,1,1,0,0,0,0,0,0
6233,"Variety of grocery stores",1,1,0,0,1,1,0,0,0,0,0,0
6234,"Clean up and build the North side of town. Also Morgantown Road and Russellville Road.",1,1,0,0,1,1,0,0,0,0,0,0
6235,"Wider county roads that doesn’t fit 2 cars passing.",30,11,4,15,10,3,0,7,20,8,4,8
6236,"Better hospitals and medical care.",1,1,0,0,1,1,0,0,0,0,0,0
6237,"More affordable housing",1,1,0,0,1,1,0,0,0,0,0,0
6238,"More help for the homeless.",1,1,0,0,1,1,0,0,0,0,0,0
6239,"Better drivers licenses location and easier process.",38,22,1,15,13,7,0,6,25,15,1,9
6240,"No bikes on dangerous county roads.",30,5,13,12,10,2,3,5,20,3,10,7
6241,"Bowling Green needs their own airport.",0,0,0,0,0,0,0,0,0,0,0,0
6242,"More street lights.",1,1,0,0,1,1,0,0,0,0,0,0
6243,"Street lights on Nashville Road.",37,13,6,18,13,4,0,9,24,9,6,9
6244,"More help and resources for the elderly.",1,1,0,0,1,1,0,0,0,0,0,0
6245,"Bigger airport with direct flights.",1,1,0,0,1,1,0,0,0,0,0,0
6246,"More traffic lights where needed.",1,1,0,0,1,1,0,0,0,0,0,0
6247,"More entertainment that starts before 9:00 pm",36,23,0,13,12,6,0,6,24,17,0,7
6248,"I think BG should be more intentional about good forest management. They need to hire local consultant foresters.",1,1,0,0,0,0,0,0,1,1,0,0
6249,"Bowling Green needs more affordable housing and major improvements to infrastructure to be able to support population growth.",1,1,0,0,0,0,0,0,1,1,0,0
6250,"Combine City/County governments.",1,1,0,0,1,1,0,0,0,0,0,0
6251,"truly green city that has blended nature into city living.  Trails, gardens, solar energy,  healthy lifestyle, and more community projects",0,0,0,0,0,0,0,0,0,0,0,0
6252,"I’d like to see fruit trees growing and maintained in areas where those in need can freely enjoy them.",0,0,0,0,0,0,0,0,0,0,0,0
6253,"Move airport for expansion.",1,1,0,0,1,1,0,0,0,0,0,0
6254,"More soccer tirk fields and soccer indoor facilities open to everyone not just one club",0,0,0,0,0,0,0,0,0,0,0,0
6255,"By 2050 we lead the country in ecological sustainability, and conservation. BEFORE the next natural disaster: sinkhole, earthquake, tornado.",35,24,1,10,10,3,0,7,25,21,1,3
6256,"No more lanes for cars converted to bike lanes",33,9,17,7,12,6,2,4,21,3,15,3
6257,"A thriving arts community for all artists",1,1,0,0,0,0,0,0,1,1,0,0
6258,"BG needs more entertainment options for all ages.",1,1,0,0,0,0,0,0,1,1,0,0
6259,"More shopping options",1,1,0,0,0,0,0,0,1,1,0,0
6260,"We will be work harder on getting rid of  drugs and  lowering crime rates",1,1,0,0,0,0,0,0,1,1,0,0
6261,"A public transit system that actually runs all the time and all over the city",1,1,0,0,0,0,0,0,1,1,0,0
6262,"Enough with the constant ""diversity"" back-patting. We all get it, and the ones who don't never will. The ongoing commotions will ruin it.",1,1,0,0,0,0,0,0,1,1,0,0
6263,"Have commissioners who push best interests of the entire city. Not just their own personal agendas. Enough is enough and it's unproductive.",1,1,0,0,0,0,0,0,1,1,0,0
6264,"I would like to see a project to have more/better sidewalks, walking paths, and bike paths throughout the city and county. (traffic/health)",0,0,0,0,0,0,0,0,0,0,0,0
6265,"Our airport to serve the commercial community more! Nonstop flights to FL NY SC etc!",1,1,0,0,0,0,0,0,1,1,0,0
6266,"More programs for the TRIAB? community",1,1,0,0,1,1,0,0,0,0,0,0
6267,"More comic and nerd conventions, especially those that feature our local content creators!",33,17,3,13,11,1,2,8,22,16,1,5
6268,"I hope we preserve the feeling of living both in the city and country.",39,23,1,15,13,4,0,9,26,19,1,6
6269,"We need some more Mediterranean restaurants in Bowling Green.",35,18,2,15,12,2,2,8,23,16,0,7
6270,"We will have healthier food options on WKU's campus. I'm tired of eating Chick-fil-A.",33,22,1,10,10,3,0,7,23,19,1,3
6271,"To continue to see Mellow World grow to become a major theme park of the midwest",29,5,5,19,9,1,1,7,20,4,4,12
6273,"Prevent out-of-towners from moving in and pricing out the locals.",31,7,11,13,10,3,1,6,21,4,10,7
6274,"I hope we can prioritize green spaces and maybe even have a small zoo.",1,1,0,0,0,0,0,0,1,1,0,0
6275,"BG should have housing for disabled young adults who desire to live independently.",34,24,0,10,10,2,0,8,24,22,0,2
6276,"We need a comedy spot!",1,1,0,0,0,0,0,0,1,1,0,0
6277,"We will have more soccer turf fields open to everyone, not just one club.",35,15,6,14,12,1,4,7,23,14,2,7
6278,"We will have more indoor soccer facilities open to everyone, not just one club.",32,15,6,11,10,1,3,6,22,14,3,5
6279,"Move International Festival to River Front. Have different nationality each week throughout the summer",31,11,6,14,9,0,3,6,22,11,3,8
6280,"We won't have constant ""diversity"" back-patting. We all get it, and we'll realize that the ones who don't never will and that the ongoing commotion could ruin it.",25,4,4,17,8,1,0,7,17,3,4,10
6281,"Bowling Green City Commissioners will push the best interests of the entire city, not just their own personal agendas. It's unproductive.",33,19,0,14,11,3,0,8,22,16,0,6
6282,"BG will have more affordable activities for large familiesz",1,1,0,0,0,0,0,0,1,1,0,0
6283,"More sidewalks need to be added in county neighborhoods.",1,1,0,0,0,0,0,0,1,1,0,0
6284,"I would love more sidewalks throughout the city including adding in the older neighborhoods like Briarwood & Bent Tree. More bike lanes too!",1,1,0,0,0,0,0,0,1,1,0,0
6285,"Bowling Green needs an IMAX theater by, hopefully sooner than, 2050.",1,1,0,0,0,0,0,0,1,1,0,0
6286,"Working/middle class will be supported.",1,1,0,0,0,0,0,0,1,1,0,0
6287,"Downtown BG will have a skyscraper by 2050",1,1,0,0,0,0,0,0,1,1,0,0
6288,"BG will have more affordable activities for large families.",35,21,1,13,12,2,0,10,23,19,1,3
6289,"Better residential recycling pickup options.",1,1,0,0,0,0,0,0,1,1,0,0
6290,"Widen Scottsville Rd.",1,1,0,0,0,0,0,0,1,1,0,0
6291,"Bowling Green will have a Korean BBQ restaurant.",31,14,1,16,8,1,1,6,23,13,0,10
6292,"I would love sidewalks throughout Briarwood.",32,21,0,11,11,5,0,6,21,16,0,5
6293,"I would love sidewalks throughout Bent Tree.",34,19,1,14,12,4,0,8,22,15,1,6
6294,"Bowling Green will have a larger indoor rock climbing facility.",36,17,3,16,11,3,0,8,25,14,3,8
6295,"Entertainment as well as Tom’s of child entertainment combined with no more coffee shops, or banks! More trails!",0,0,0,0,0,0,0,0,0,0,0,0
6296,"We need more programs for the #TRIAB community.",25,1,4,20,8,0,2,6,17,1,2,14
6297,"Contract with a reputable traffic consultant/planner, to redesign downtown traffic.  The parking on the square and State street lane flow.",33,16,3,14,11,2,0,9,22,14,3,5
6298,"BG needs more hoyyyy ya",1,1,0,0,0,0,0,0,1,1,0,0
6299,"I think BG needs a Trader Joes. PERIOD!!!!!",1,1,0,0,0,0,0,0,1,1,0,0
6302,"BG will have planned, organized, and cohesive growth, not random storage facilities next to subdivisions next to trucking companies, etc..",1,1,0,0,0,0,0,0,1,1,0,0
6304,"BG will have expanded and protected ""green space"" areas, parks, and nature preserves.",1,1,0,0,0,0,0,0,1,1,0,0
6307,"BG Planning /Zoning Commission will comprised of neutral members who are focused on what is best for the community, not just the developers.",1,1,0,0,0,0,0,0,1,1,0,0
6308,"Rebuild and give more funding to North Warren Elementary School.",33,11,0,22,10,1,0,9,23,10,0,13
6309,"BG should have an indoor pool/activity center. An indoor water park area for winter use...see the Natatorium in Cuyahoga Falls, Ohio",37,21,5,11,11,5,1,5,26,16,4,6
6310,"Local media should investigate local corruption and hold politicians accountable.",39,27,1,11,14,6,0,8,25,21,1,3
6311,"At 2050 maybe our citizens who always depend on handouts and various other free  stuff will be persuaded to make their own way.",35,12,7,16,12,4,3,5,23,8,4,11
6312,"We will have more competition for sanitation services in Bowling Green.",33,18,2,13,9,3,0,6,24,15,2,7
6313,"Homeless shelters for emergency situations",37,25,2,10,13,3,1,9,24,22,1,1
6314,"Be accepting of all forms of treatment and be open to how outpatient programs can be helpful",33,15,0,18,11,1,0,10,22,14,0,8
6315,"We will no longer use robotic trash trucks, leaving cans strewn on trash day and making our beautiful city look like a 3rd world country.",29,5,10,14,10,0,3,7,19,5,7,7
6316,"Have better affordable housing options for low income families.",1,1,0,0,0,0,0,0,1,1,0,0
6317,"Sanitation workers will follow automated trash trucks to return cans upright and close the lids.",27,7,6,14,8,0,2,6,19,7,4,8
6318,"Where is our much needed commercial airport.  When I grew up here Eastern Airlines flew into BG. Have we gone backward? Let's get an airport",0,0,0,0,0,0,0,0,0,0,0,0
6319,"Science center/ hands on museums. Bowling green NEEDS THESE!!",1,1,0,0,0,0,0,0,1,1,0,0
6320,"We need more signs that tell us we are in Bowling Green, more coffee shops, more car washes and more traffic lights!",1,1,0,0,1,1,0,0,0,0,0,0
6321,"Some real adult entertainment establishments: what kind of college town doesn't have a strip club",31,2,18,11,10,2,2,6,21,0,16,5
6322,"More family friendly venues for activities year round.",1,1,0,0,0,0,0,0,1,1,0,0
6323,"Solutions to traffic congestion!!!",1,1,0,0,0,0,0,0,1,1,0,0
6324,"Bring Trader Joe’s & Costco!",1,1,0,0,0,0,0,0,1,1,0,0
6325,"In 2050 we will have outdoor amusement rides with arcade together, different from beach bend but more modern to dell well outside",1,1,0,0,0,0,0,0,1,1,0,0
6326,"In 2050 we will have museums and aquariums to go see and children's museum",1,1,0,0,0,0,0,0,1,1,0,0
6327,"In 2050 we will have indoor racing go karts and more, and bumper cars",1,1,0,0,0,0,0,0,1,1,0,0
6328,"In 2050 we will have more fall festivities downtown and different other events in all the whole year so all families can have more fun",1,1,0,0,0,0,0,0,1,1,0,0
6329,"Expanded public transit. Including both in town travel (ie buses) and town to town travel (ie railways)",1,1,0,0,0,0,0,0,1,1,0,0
6330,"Small town feel with larger community amenities - more sidewalks!",1,1,0,0,0,0,0,0,1,1,0,0
6331,"International Airport",0,0,0,0,0,0,0,0,0,0,0,0
6332,"City hall will occupy space in Wal*Mart gaining both dedicated greeters and a snack isle.",28,4,14,10,9,2,1,6,19,2,13,4
6333,"Bowling Green should have more play for kids and teens.",0,0,0,0,0,0,0,0,0,0,0,0
6334,"MAKE BG A WALKABLE CITY. NOT JUST AT WKU.",1,1,0,0,0,0,0,0,1,1,0,0
6335,"No more panhandling, better assistance through things like Community Action to help minimize taking more than you need.",0,0,0,0,0,0,0,0,0,0,0,0
6336,"Updated mall and bowling alley, keep Southern Lanes(just update)",0,0,0,0,0,0,0,0,0,0,0,0
6337,"Publix please!",0,0,0,0,0,0,0,0,0,0,0,0
6338,"Small town communications like bulletin boards, “take a note, leave a note” stations, bird house libraries.",31,17,2,12,10,2,1,7,21,15,1,5
6339,"Incoming cultures should not want to change our southern values",30,8,11,11,8,2,1,5,22,6,10,6
6340,"I agree, renovate the existing large shopping Mall",1,1,0,0,1,1,0,0,0,0,0,0
6341,"expand senior living options similar to Massey Springs!!!!",34,18,1,15,10,2,0,8,24,16,1,7
6342,"Clean up and shape up the not so honest car lots, garages, businesses.",1,1,0,0,0,0,0,0,1,1,0,0
6343,"Less sub standard car lots",1,1,0,0,0,0,0,0,1,1,0,0
6344,"WKU needs to leave C-USA for a better athletic conference! Community morale and support will remain dismal if this does not happen.",30,9,2,19,9,3,1,5,21,6,1,14
6345,"Look at how Carmel IN attracts businesses through tax benefits and follow suit. It would also be nice to have stricter design standards.",1,1,0,0,0,0,0,0,1,1,0,0
6346,"Mandatory basements in new development housing due to continued severe weather",32,14,8,10,11,3,3,5,21,11,5,5
6347,"With the location of BG considering major cities around, invest in sports/ recreational activities to bring in revenue and employment also",0,0,0,0,0,0,0,0,0,0,0,0
6348,"A nice amphitheater in the outskirts of town would bring in a lot of visitors and revenue",35,19,4,12,12,7,1,4,23,12,3,8
6349,"See more evidence of trash pickup across annexed areas or mandate that businesses pick up around their properties. Use those incarcerated",1,1,0,0,0,0,0,0,1,1,0,0
6350,"It would be great if we could somehow invest in something to help our children with special needs like autism with an activity type center",0,0,0,0,0,0,0,0,0,0,0,0
6351,"Design and develop and area as a hostile place for the homeless to clean, find rest, feel safe, similar to other countries for hikers.",1,1,0,0,0,0,0,0,1,1,0,0
6352,"A must to figure out the housing shortage. Each builder given a % of portion of their builds supporting affordable housing",32,16,4,12,9,2,1,6,23,14,3,6
6353,"Panhandling control, they are here to stay probably, but they need to move around and not get comfortable in one spot.",35,16,3,16,11,5,1,5,24,11,2,11
6354,"Affordable nice senior care facilities. Transportation for those of us who won’t be able to drive. Senior centers at all the parks.       .",0,0,0,0,0,0,0,0,0,0,0,0
6355,"I would love to see Bowling Green become more ""Fitness Lifestyle Friendly"" with bike lanes, greenways & sidewalks where you can safely walk.",1,1,0,0,0,0,0,0,1,1,0,0
6356,"Public transportation would facilitate more employment opportunities.",34,22,1,11,9,1,1,7,25,21,0,4
6357,"Protect our diversity and welcome all.   Show we care by passing a fairness ordinance.  Room for secular beliefs not everyone is “Christian”",0,0,0,0,0,0,0,0,0,0,0,0
6358,"Not sure",1,1,0,0,0,0,0,0,1,1,0,0
6359,"That runs from Chicago through Indy, through Owensboro, through BG, through Nashville to Atlanta would be even better to have by 2050.",1,1,0,0,0,0,0,0,1,1,0,0
6360,"I think just better venues that offer live music; there aren't any unless you go to Nashville.",1,1,0,0,0,0,0,0,1,1,0,0
6361,"Shopping, food and professional services.",1,1,0,0,0,0,0,0,1,1,0,0
6362,"I think Three Springs Rd and 242 will be expanded to three lanes and become an exit/entrance to I-65.",35,12,7,16,10,2,0,8,25,10,7,8
6363,"I think Bowling Green will become a baseball and softball destination city with all-weather turf fields.",34,10,7,17,10,2,1,7,24,8,6,10
6364,"Bowling Green will complete a comprehensive study and implement aggressive traffic mediation construction.",1,1,0,0,0,0,0,0,1,1,0,0
6365,"I believe BG will become a baseball and softball destination city with indoor fields and year-round games and tournaments.",33,8,6,19,9,2,1,6,24,6,5,13
6366,"Bowling Green will modernize movie theatres.",1,1,0,0,0,0,0,0,1,1,0,0
6367,"Bowling Green will upgrade Beech Bend to a full-scale water park.",31,10,9,12,9,2,2,5,22,8,7,7
6368,"Bowling Green will have several zip line options.",31,9,8,14,10,3,2,5,21,6,6,9
6369,"I think the housing will be resurrected downtown, from The Hill to the landing on the river.",1,1,0,0,0,0,0,0,1,1,0,0
6370,"More apartment options for WKU students and graduates",35,15,5,15,9,2,1,6,26,13,4,9
6371,"I’d really like to have a Costco here. Sam’s isn’t the same",1,1,0,0,0,0,0,0,1,1,0,0
6372,"Hopefully one day we will have rear-of-house garbage pickup again! The city streets look like a garbage dump.",1,1,0,0,0,0,0,0,1,1,0,0
6373,"Less missionaries bothering people in their home or on the street.",32,15,5,12,10,3,4,3,22,12,1,9
6374,"We need more variety of restaurants and better retail shopping. Also more entertainment options.",1,1,0,0,0,0,0,0,1,1,0,0
6375,"Combine Warren County government with BG government to combine resources.",1,1,0,0,0,0,0,0,1,1,0,0
6376,"Expand roadways to encourage development and ease BG traffic before it becomes a problem.",1,1,0,0,0,0,0,0,1,1,0,0
6377,"Retain more WKU graduates, with quality career choices.",1,1,0,0,1,1,0,0,0,0,0,0
6378,"4 lane Nashville Road to Franklin, KY",33,11,7,15,10,2,0,8,23,9,7,7
6379,"More grocery options",1,1,0,0,1,1,0,0,0,0,0,0
6380,"Indoor community pool, olympic size.",1,1,0,0,1,1,0,0,0,0,0,0
6381,"Indoor ice rink.",1,1,0,0,1,1,0,0,0,0,0,0
6382,"Move airport so it can grow",1,1,0,0,0,0,0,0,1,1,0,0
6383,"EV charging stations",1,1,0,0,1,1,0,0,0,0,0,0
6384,"Combined urban/county government with elected positions that pay enough to attract quality candidates",32,13,8,11,10,2,2,6,22,11,6,5
6385,"a sprouts for healthy food 😻",1,1,0,0,0,0,0,0,1,1,0,0
6386,"Bowling Green needs a Top Golf.",1,1,0,0,0,0,0,0,1,1,0,0
6387,"Get a bicycle",0,0,0,0,0,0,0,0,0,0,0,0
6388,"What are the plans to combat the homeless population? What is being done to make bowling green a safer city,  like it used to be?",1,1,0,0,0,0,0,0,1,1,0,0
6389,"What is being done to fix scottsville rd traffic. The concrete barriers and one ways have destroyed the flow of traffic",1,1,0,0,0,0,0,0,1,1,0,0
6390,"I thank we need train services",0,0,0,0,0,0,0,0,0,0,0,0
6391,"BG in the future will have more fun for kids a nice downtime with a nice waterfront to walk to see nice tall hotels and banks",1,1,0,0,0,0,0,0,1,1,0,0
6392,"Healthy additional places to eat, affordable housing, decent shopping mall",0,0,0,0,0,0,0,0,0,0,0,0
6393,"Retail and night life scene needs revitalization desperately",1,1,0,0,0,0,0,0,1,1,0,0
6394,"Greenways trail like Whitehouse, TN",1,1,0,0,1,1,0,0,0,0,0,0
6395,"Grocers like Whole Foods and Publix",1,1,0,0,1,1,0,0,0,0,0,0
6396,"Continue to invest in parks",1,1,0,0,1,1,0,0,0,0,0,0
6397,"Bring curbside recycling back - like Lexington with a Rosie for recycling, Herbie for trash, and Lenny for lawn waste",36,22,1,13,13,5,1,7,23,17,0,6
6398,"More people to understand and be prepared for disasters",32,20,0,12,11,2,0,9,21,18,0,3
6399,"Be a pet friendly city. Outdoor dining where pets are welcome.",1,1,0,0,0,0,0,0,1,1,0,0
6400,"I hope our movie theaters get a much needed update and offer amenities such as alcohol, reclining chairs, better food options.",0,0,0,0,0,0,0,0,0,0,0,0
6401,"Would like to see more upscale retail, Publix, Trader Joe’s, Fresh Market or Whole Foods. Home Goods and a nice classy wine bar.",1,1,0,0,0,0,0,0,1,1,0,0
6402,"Save the farm land.",1,1,0,0,0,0,0,0,1,1,0,0
6403,"In 2050 instances of homelessness in BG will be rare and brief, functionally zero in all categories",1,1,0,0,0,0,0,0,1,1,0,0
6404,"I’d like to see more opportunities for independent musicians that are not controlled by the say-so of one or two “town leaders”",33,14,2,17,11,2,1,8,22,12,1,9
6405,"I’d like to see less mowing down of forests for building industrial parks and apartments.",34,25,1,8,12,5,0,7,22,20,1,1
6406,"Protect county farmland",1,1,0,0,0,0,0,0,1,1,0,0
6407,"Restrict large business signs on main roadways for a better aesthetic. Also, bury power lines for a cleaner look.",1,1,0,0,0,0,0,0,1,1,0,0
6408,"In 2050 BG will have multiple charter schools to help better prepare and educate our children",1,1,0,0,0,0,0,0,1,1,0,0
6409,"Variety of foods/restaurants: Vietnamese, Filipino, Burmese, Boba drinks and more.",0,0,0,0,0,0,0,0,0,0,0,0
6410,"2 words: Whole Foods!",1,1,0,0,0,0,0,0,1,1,0,0
6411,"With a few tweaks like a major concert worthy community/arts center BG could be the arts capital of Ky.",39,21,3,15,13,1,3,9,26,20,0,6
6412,"BG will have a trolley/bus transit system with more stops with a bigger footprint that will help non-drivers & the environment",1,1,0,0,0,0,0,0,1,1,0,0
6413,"BG will elect individuals to it's national offices people who truly care for Kentuckians and democracy and not just lining their own pockets",36,21,2,13,10,5,0,5,26,16,2,8
6414,"We will continue to support and fund our greatest local institution: Warren county public library",1,1,0,0,0,0,0,0,1,1,0,0
6415,"A stop sign at the top of the hill on 10th Ave to allow safe pedestrian crossing to Reservoir park",33,13,1,19,10,1,0,9,23,12,1,10
6416,"Bowling Green should have a Public Montessori elementary school, like Cincinnati or Madison.",32,15,5,12,9,2,1,6,23,13,4,6
6417,"I wish something could be done about the traffic congestion on 31-W By Pass",1,1,0,0,0,0,0,0,1,1,0,0
6418,"BG will ensure it keeps it southern charm and conservative values and not have WOKE ideology with LGBTQ+ festivities in our community.",1,1,0,0,1,1,0,0,0,0,0,0
6419,"Increase police force andAMBULANCE support with updated hospitals.",1,1,0,0,1,1,0,0,0,0,0,0
6420,"MMGA- Make Malls Great Again.",32,4,15,13,10,2,4,4,22,2,11,9
6421,"BG could offer a vibrant artist community that offers artist living and work space, galleries and class space.",0,0,0,0,0,0,0,0,0,0,0,0
6422,"I am hoping we preserve the small town amenities as we grow toward a more urbanized city",33,22,0,11,11,3,0,8,22,19,0,3
6423,"In 2050 any display of the confederate flag will have been banned",35,15,5,15,10,2,1,7,25,13,4,8
6424,"Love the history, warmth, and sense of community. I love the diversity.",36,23,2,11,12,2,2,8,24,21,0,3
6425,"I wish there was more to do: nicer movie theatre, family park with nice arcade, better mini golf, nicer bowling alley, trendier night spots",0,0,0,0,0,0,0,0,0,0,0,0
6426,"Less chain restaurants and more unique dining. Nicer jump zones for kids, nice bars or spots that stay open past 9 (not dirty bars)",0,0,0,0,0,0,0,0,0,0,0,0
6427,"A greyhound bus stop is needed again in a location that's accessible and safe.",1,1,0,0,0,0,0,0,1,1,0,0
6428,"We need to work on housing development for all income levels. Housing that is comfortable and safe for all tenants.",1,1,0,0,0,0,0,0,1,1,0,0
6429,"Bowling Green and Warren County will have curbside recycling",1,1,0,0,0,0,0,0,1,1,0,0
6430,"Bowling Green/Warren County will have a solid waste management plan that included single stream sortation",34,15,0,19,10,1,0,9,24,14,0,10
6431,"Adequate trash and recycling collection in public spaces",36,29,0,7,11,4,0,7,25,25,0,0
6432,"A traffic and infrastructure plan that considers the growth and bypasses to alleviate in-town traffic",1,1,0,0,0,0,0,0,1,1,0,0
6433,"Different ethnic festivals at River Front park every weekend in the summer",31,17,2,12,10,3,1,6,21,14,1,6
6434,"Relative to housing I would love to see fewer apartments and more sidewalks.  Do something positive and exciting with the riverfront.",0,0,0,0,0,0,0,0,0,0,0,0
6435,"Preserve neighborhoods and do not widen their roads causing them to become commuter corridors.",35,15,1,19,11,1,1,9,24,14,0,10
6436,"Hola me gustaria ke siga mejorando está bien todas las ayudas ke están brindando está bien",31,13,2,16,11,0,2,9,20,13,0,7
6437,"Me gustaría que siga creciendo mejorando por nuestra Juventud",31,16,1,14,10,1,1,8,21,15,0,6
6438,"Esta bien las ayudas ke nos brinda ojalá y al futuro siga siempre igual",31,15,3,13,9,0,2,7,22,15,1,6
6439,"Yes I'd love this to be more popular as when I was a child",1,1,0,0,0,0,0,0,1,1,0,0
6440,"Si sería bien por los niños q vienen creciendo hacer hitoricos",31,13,2,16,10,2,1,7,21,11,1,9
6441,"Definitely a very good choice with a combination to a non slaughter chicken farm just for free range eggs",1,1,0,0,0,0,0,0,1,1,0,0
6442,"No lo sé aún por las leyes de gobierno cambian",26,1,3,22,8,0,1,7,18,1,2,15
6443,"Empleos mejores",36,18,3,15,12,3,1,8,24,15,2,7
6444,"Services (insurance, etc)  no longer punish people that pay their bills and discontinue incentivising deadbeats. Encouraging responsibility",29,6,6,17,8,1,0,7,21,5,6,10
6445,"Yes for adults only, as a child ESL kept me from learning my best in the English language and was pulled out of class to learn my basics.",1,1,0,0,0,0,0,0,1,1,0,0
6446,"Si",0,0,0,0,0,0,0,0,0,0,0,0
6447,"I love my open city I think it's just growing too fast, Louisville Rd is ok I guess but that's just me!",1,1,0,0,0,0,0,0,1,1,0,0
6448,"Bowling Green's stores will be updated to match the population size. Our current Wal-Marts and Target are small and outdated.",1,1,0,0,0,0,0,0,1,1,0,0
6449,"Bring back Taco John's!",27,4,6,17,8,2,0,6,19,2,6,11
6450,"Bring In 'n Out to BG.",31,9,8,14,9,3,0,6,22,6,8,8
6451,"Hoping that everything can come together",1,1,0,0,0,0,0,0,1,1,0,0
6452,"More storm shelters closer to large residential areas",1,1,0,0,1,1,0,0,0,0,0,0
6453,"Stop gang activity",35,18,3,14,11,4,1,6,24,14,2,8
6454,"Be more prepared for natural disasters",1,1,0,0,0,0,0,0,1,1,0,0
6455,"We should have greyhound buses",1,1,0,0,0,0,0,0,1,1,0,0
6456,"More grocers in the walkable areas like downtown. Most of the small local grocery/bodegas are not in walkable areas to a lot of other things",1,1,0,0,0,0,0,0,1,1,0,0
6457,"Display the sign that states BG was the confederate capital of Kentucky",34,6,18,10,10,0,4,6,24,6,14,4
6458,"More nightlife and events that don't last only 4 hours.",1,1,0,0,0,0,0,0,1,1,0,0
6459,"I hope to see Scottsville Rd & Campbell Ln where traffic is not backed between & under traffic lights.",1,1,0,0,0,0,0,0,1,1,0,0
6460,"Bowling Green will solve the traffic issue by widening Scottsville Road to 3 lanes each way from Plano Road to the Bypass",0,0,0,0,0,0,0,0,0,0,0,0
6461,"Relocate the airport to north of town and make it larger for corporate use",0,0,0,0,0,0,0,0,0,0,0,0
6462,"Low income housing specifically for the special needs community",35,23,0,12,10,2,0,8,25,21,0,4
6463,"Low Income housing for the homeless community",1,1,0,0,0,0,0,0,1,1,0,0
6464,"Publix, GoKarts, Winery, Arcades, Costco, outlet mall, drive in theatre, fine dining",1,1,0,0,0,0,0,0,1,1,0,0
6465,"I’m fairly new to BG and it needs work. Compared to Paducah where I am from it needs more shopping, entertainment, road infrastructure fixed",0,0,0,0,0,0,0,0,0,0,0,0
6466,"That special needs students actually get an education even though dei has been took out of schools",31,17,1,13,8,3,0,5,23,14,1,8
6467,"I strongly believe that Bowling Green needs more community spaces that are open late hours.",1,1,0,0,0,0,0,0,1,1,0,0
6468,"That we have a costco",1,1,0,0,0,0,0,0,1,1,0,0
6469,"BG should abandon 4-way stop intersections on city roads in favor of Roundabouts and Turnabouts for a more efficient flow of traffic.",1,1,0,0,0,0,0,0,1,1,0,0
6470,"I’d love to see more low-cost childcare and housing options for low income and unhoused families.",37,27,2,8,11,4,1,6,26,23,1,2
6471,"BG should have a quality Homeless Shelter so we can house and rehabilitate the homeless folk rather than criminalizing and persecuting them.",1,1,0,0,0,0,0,0,1,1,0,0
6472,"BG should offer the public free walk-in medical clinics so the low-income majority have a better option than expensive privatized hospitals.",36,19,3,14,11,2,1,8,25,17,2,6
6473,"BG should focus on building more family houses, and severely cut back the apartment complex epidemic",1,1,0,0,0,0,0,0,1,1,0,0
6474,"We need a soccer stadium",1,1,0,0,0,0,0,0,1,1,0,0
6475,"Intersection of Cemetery Road and Hampton Drive needs improvement.",33,14,2,17,9,5,0,4,24,9,2,13
6476,"Commercial flights to hub cities like Charlotte, Atlanta, or Chicago.",1,1,0,0,0,0,0,0,1,1,0,0
6477,"Fill in the stretch of College St between WKU and downtown BG with business to encourage foot traffic both ways.",38,29,0,9,12,6,0,6,26,23,0,3
6478,"No more chain restaurants!",1,1,0,0,0,0,0,0,1,1,0,0
6479,"BG will work towards securing grants/funding to build museums and cultural centers. Too much shopping not enough enrichment.",36,26,1,9,11,4,0,7,25,22,1,2
6480,"Housing and jobs for people who have pass felony convictions on their record because people change they just made mistakes in the past",1,1,0,0,0,0,0,0,1,1,0,0
6481,"Would love to see more greenway options.",1,1,0,0,0,0,0,0,1,1,0,0
6482,"Our elderly need more options for community engagement and living. So do our veterans. Both deserve dignity.",1,1,0,0,0,0,0,0,1,1,0,0
6483,"Keep a Christian atmosphere not allowing ways of the world to condition our community.",33,7,16,10,10,3,3,4,23,4,13,6
6484,"More public art and murals for local community",1,1,0,0,0,0,0,0,1,1,0,0
6485,"Safer shelters in bowling green",1,1,0,0,0,0,0,0,1,1,0,0
6486,"Have a safe place for our younger generations to go and hang out and us parents not have to worry so much",1,1,0,0,0,0,0,0,1,1,0,0
6487,"Local artisan market for people to sell their goods",1,1,0,0,0,0,0,0,1,1,0,0
6488,"Have more shelters for our homeless to have a warm and safe place to lay their head",1,1,0,0,0,0,0,0,1,1,0,0
6489,"Better public transportation, make the city more pedestrian friendly. Allowing nature to thrive, creating less traffic and happier people",0,0,0,0,0,0,0,0,0,0,0,0
6490,"Better public transportation and become more pedestrian friendly (sidewalks, greenways, etc).",0,0,0,0,0,0,0,0,0,0,0,0
6491,"Would love to see some of these places that don't pay enough increase the pay so people are not having to work two/three jobs",1,1,0,0,0,0,0,0,1,1,0,0
6492,"Bring back toots",1,1,0,0,0,0,0,0,1,1,0,0
6493,"We will expand/relocate our airport to make commercial flights available on the regular.",1,1,0,0,1,1,0,0,0,0,0,0
6494,"I would like to see efforts at investing in the next generation by creating coaching, mentoring and discipleship programs.",34,19,5,10,10,4,2,4,24,15,3,6
6495,"Make the main roads more walkable! Too many people getting hit by cars everyday. A majority of our hotels are on those roads as well.",1,1,0,0,0,0,0,0,1,1,0,0
6496,"A Ross",1,1,0,0,0,0,0,0,1,1,0,0
6497,"Spotted in Bowling Green will be the #1 news outlet",27,5,9,13,8,1,2,5,19,4,7,8
6498,"BG needs to do more about the homeless population.",1,1,0,0,0,0,0,0,1,1,0,0
6499,"Passenger Train Service needed in BG.",1,1,0,0,0,0,0,0,1,1,0,0
6500,"BG 2050 will have regular scheduled multi pickup points for workers from around town to the north and south industrial parks",35,22,2,11,11,2,2,7,24,20,0,4
6501,"Better live music venues",1,1,0,0,0,0,0,0,1,1,0,0
6502,"I would love to have train transportation  in bg again  . I think it would be great  for those who want fly .",0,0,0,0,0,0,0,0,0,0,0,0
6503,"More restaurants, 1,000,000 more restaurants there’s not enough",0,0,0,0,0,0,0,0,0,0,0,0
6504,"I think there needs to be more family-oriented activities for everyone. Roller and ice skating rinks for example.",1,1,0,0,0,0,0,0,1,1,0,0
6505,"recovery-in whatever form it takes-restoration",0,0,0,0,0,0,0,0,0,0,0,0
6506,"Our veterans need more options for community engagement and living. They deserve dignity.",34,25,1,8,12,4,1,7,22,21,0,1
6507,"Jobs for people who have past felony convictions on their record because people change. They just made mistakes in the past.",34,22,0,12,11,2,0,9,23,20,0,3
6508,"Commercial flights to Charlotte, NC.",27,6,6,15,8,1,1,6,19,5,5,9
6509,"A hands-on museum for kids and adults, similar to the Science Museum in Louisville with interactive displays.",1,1,0,0,0,0,0,0,1,1,0,0
6510,"An aquarium would be great.",1,1,0,0,0,0,0,0,1,1,0,0
6511,"Bg should build a new airport for larger flights/higher shipment volumes. Get rid of old airport and add new mall there for entertainment.",1,1,0,0,0,0,0,0,1,1,0,0
6512,"Public transport is going to need to be added with increase in population, more walkable and easily accessible locations to improve traffic",1,1,0,0,0,0,0,0,1,1,0,0
6513,"BG will have more JOBS, we need less manufacturing plants and more commercial/sales/everyday jobs for all people",33,16,4,13,10,2,1,7,23,14,3,6
6514,"We'll have more events that go longer than just 4 hours.",28,7,1,20,9,2,0,7,19,5,1,13
6515,"Bg will invest in public schools bringing better education to the city, as well as career schools/vocational programs",1,1,0,0,0,0,0,0,1,1,0,0
6516,"Bowling green has become a place of work and expensive sleep, I want to see more local activities for all ages",1,1,0,0,0,0,0,0,1,1,0,0
6517,"We need a non-slaughter chicken farm just for free range eggs.",30,11,2,17,9,1,0,8,21,10,2,9
6520,"A more smoother dmv system.",1,1,0,0,0,0,0,0,1,1,0,0
6521,"A Dave’s hot chicken",28,3,10,15,8,0,2,6,20,3,8,9
6522,"More job opportunities for teens",1,1,0,0,0,0,0,0,1,1,0,0
6523,"A 4dx movie theater",31,8,5,18,10,0,1,9,21,8,4,9
6524,"We need more signs that tell us we are in Bowling Green.",26,3,10,13,8,0,3,5,18,3,7,8
6525,"We will have indoor racing go karts.",30,6,9,15,9,1,2,6,21,5,7,9
6526,"We will have bumper cars.",26,3,7,16,8,1,0,7,18,2,7,9
6527,"In 2050, we will have more fall festivities downtown.",32,18,2,12,9,2,0,7,23,16,2,5
6528,"BG needs a trader joes !",0,0,0,0,0,0,0,0,0,0,0,0
6529,"We will have better assistance through things like Community Action to help minimize folks taking more than they need.",29,9,1,19,8,1,0,7,21,8,1,12
6530,"Southern Lanes will still be here and updated in 2050.",29,12,1,16,8,2,0,6,21,10,1,10
6531,"We will clean up and shape up not-so-honest car lots.",33,17,1,15,10,2,0,8,23,15,1,7
6532,"We will clean up and shape up the not-so-honest auto repair shops.",32,14,2,16,10,1,1,8,22,13,1,8
6533,"Look at how Carmel IN attracts businesses through tax benefits and follow suit.",30,6,0,24,8,2,0,6,22,4,0,18
6534,"It would be nice to have stricter design standards for the city.",32,15,1,16,9,2,0,7,23,13,1,9
6535,"We will require trash pickup across annexed areas.",28,11,0,17,9,1,0,8,19,10,0,9
6536,"We will mandate that businesses pick up around their properties.",35,22,1,12,11,3,0,8,24,19,1,4
6537,"We will use our incarcerated people to help with trash pickup around the city.",31,13,5,13,9,2,0,7,22,11,5,6
6538,"Design and develop an area as a hostel for the homeless to clean, find rest, feel safe--similar to other countries for hikers.",32,14,5,13,9,2,1,6,23,12,4,7
6539,"We will have senior centers at all our parks.",29,14,1,14,9,1,0,8,20,13,1,6
6540,"Bowling green should focus on low income housing for people who can pay bills but can’t afford the outrageous houses that are available.",33,20,2,11,9,3,0,6,24,17,2,5
6541,"Lost its identity and small town feel. It’s too large already. Too many stop lights. Too much traffic. Way to many apartment buildings",1,1,0,0,1,1,0,0,0,0,0,0
6542,"Greenways trail like White House, TN",32,18,1,13,10,3,1,6,22,15,0,7
6543,"I hope our movie theaters offer alcohol.",30,8,8,14,8,0,3,5,22,8,5,9
6544,"We will have biking and walking paths throughout our community connecting parks, restaurants and other attractions for families",0,0,0,0,0,0,0,0,0,0,0,0
6545,"Restrict large business signs on main roadways for a better aesthetic.",34,22,0,12,11,4,0,7,23,18,0,5
6546,"We will have more Vietnamese restaurants.",30,12,2,16,10,0,2,8,20,12,0,8
6547,"We will have multiple Burmese restaurants.",27,10,2,15,8,0,2,6,19,10,0,9
6548,"We will have Filipino restaurants.",32,16,2,14,10,0,2,8,22,16,0,6
6549,"We will have more places that offer boba drinks.",27,6,7,14,8,0,2,6,19,6,5,8
6550,"Bowling Green will have an independent movie theater to support a thriving local cinema scene.",1,1,0,0,0,0,0,0,1,1,0,0
6551,"Good public transportation that meets the needs of citizens.  Public transportation needs to be increased routes and times",1,1,0,0,0,0,0,0,1,1,0,0
6552,"By 2050, I hope Bowling Green thrives with growth, innovation & opportunity—while keeping its small-town charm & deep roots intact.",35,25,2,8,11,4,1,6,24,21,1,2
6553,"Build bridges or tunnels over train tracks. I'm tired of CSX and their chaotic schedules always ruining my commute.",1,1,0,0,1,1,0,0,0,0,0,0
6554,"a topgolf",1,1,0,0,0,0,0,0,1,1,0,0
6555,"Buffet style restaurant",27,5,8,14,8,1,0,7,19,4,8,7
6556,"RadioShack.",27,2,12,13,8,0,2,6,19,2,10,7
6557,"More development on the east side",0,0,0,0,0,0,0,0,0,0,0,0
6558,"I see Bowling Green as a place where culture is further celebrated. A lot less crime, and a lot less drugs.",0,0,0,0,0,0,0,0,0,0,0,0
6559,"In 2050 Slum Lords and Absentee Landlords will be legally held responsible for the living conditions of their properties.",34,25,0,9,10,3,0,7,24,22,0,2
6560,"There will be code regulations holding property owners in less desirable areas of town responsible for the appearance of their property.",35,18,5,12,10,3,1,6,25,15,4,6
6561,"Mandate all utilities be underground",1,1,0,0,1,1,0,0,0,0,0,0
6562,"Stop spending government dollars on wood fences",32,8,7,17,10,1,2,7,22,7,5,10
6563,"No private business on welcome signs",1,1,0,0,1,1,0,0,0,0,0,0
6564,"Remove illegal signs in r/w",30,18,0,12,8,3,0,5,22,15,0,7
6565,"No billboards except along interstate",35,22,1,12,12,4,1,7,23,18,0,5
6566,"Outlaw hazardous led billboards",29,12,0,17,9,2,0,7,20,10,0,10
6567,"Incentivize higher wages",1,1,0,0,1,1,0,0,0,0,0,0
6568,"Findfiber.net will be where everyone signs up for internet",1,1,0,0,0,0,0,0,1,1,0,0
6570,"Don’t be Nashville!! Plan for public transportation like a Marta system before there are 500,000 people here.",1,1,0,0,0,0,0,0,1,1,0,0
6572,"Less apartments and more crops in fields. Happier citizens who enjoy BG and not grumpy from overgrowth and traffic congestion.",1,1,0,0,1,1,0,0,0,0,0,0
6573,"Electric car hookups at restaurants while your eating your food",31,14,10,7,9,1,3,5,22,13,7,2
6574,"Establish a new architecture overlay district unique to BGs history.",29,9,1,19,8,1,0,7,21,8,1,12
6575,"Add turn lanes, extend turn lanes, add double turn lanes at congested intersections.",1,1,0,0,1,1,0,0,0,0,0,0
6576,"Kytc prioritizes efficiency over safety",26,3,7,16,8,1,0,7,18,2,7,9
6579,"Force farmers to follow the same water quality acts that developers have to follow",31,12,3,16,9,3,0,6,22,9,3,10
6580,"We’ll have weekly home recycling pickups again.",1,1,0,0,1,1,0,0,0,0,0,0
6582,"Equal support and funding for all high schools - not just South Warren and Bowling Green.",33,18,2,13,11,2,1,8,22,16,1,5
6583,"Zero tolerance for panhandlers.",1,1,0,0,1,1,0,0,0,0,0,0
6584,"Less roundabouts.",1,1,0,0,1,1,0,0,0,0,0,0
6585,"More restrictions on businesses to clean up their outside appearance. Morgantown, Russellville & Louisville Roads look run down and terrible",1,1,0,0,1,1,0,0,0,0,0,0
6587,"Less Car Washes.",1,1,0,0,1,1,0,0,0,0,0,0
6590,"Better police support from community leaders",35,15,6,14,11,2,1,8,24,13,5,6
6592,"I want to see BG become a place where people can actually get where they are going without traffic jams and where small business thrives.",1,1,0,0,1,1,0,0,0,0,0,0
6593,"Large organizations will stop buying random properties and turning them into parking lots or leaving them abandoned waste lands.",33,23,1,9,11,6,0,5,22,17,1,4
6594,"Bowling Green will have venues built for big name shows, not 2nd and 3rd rate acts.",26,9,3,14,8,3,0,5,18,6,3,9
6595,"We will add turn lanes to many of our roads.",29,11,3,15,8,1,0,7,21,10,3,8
6596,"We will extend turn lanes on many of our roads.",31,11,4,16,8,1,0,7,23,10,4,9
6597,"We will add double turn lanes at congested intersections.",27,8,6,13,8,2,1,5,19,6,5,8
6598,"We will have local TV stations with operations that reflect a city of expanded size.",29,17,0,12,8,2,0,6,21,15,0,6
6599,"Plan for public transportation like a Marta system before there are 500,000 people here.",33,20,1,12,10,3,0,7,23,17,1,5
6600,"We will have good brewery options with good beer.",32,18,3,11,10,3,1,6,22,15,2,5
6601,"In 2050, we will have nice people working in our public offices.",29,17,0,12,9,2,0,7,20,15,0,5
6602,"We need more community events like Owensboro: Burger Week, Friday after 5, BBq festival.",31,19,1,11,9,3,0,6,22,16,1,5
6603,"Put pee-pee/poo-poo stations throughout town to go pee-pee and poo-poo",0,0,0,0,0,0,0,0,0,0,0,0
6604,"Okay hear me out. A Dave & Busters with a Trader Joe’s inside and a Golden Corral as the restaurant.",25,0,13,12,8,0,4,4,17,0,9,8
6605,"We should have a children's museum that is fun, creative, and educational.  Like City Musuem in St. LOUIS.",1,1,0,0,1,1,0,0,0,0,0,0
6606,"I think it would be great to have a new or upgraded movie theater!",1,1,0,0,0,0,0,0,1,1,0,0
6607,"The crime rate to stay low/go lower than now! Make BG feel safe!",1,1,0,0,0,0,0,0,1,1,0,0
6608,"bowling green needs to take a stand and uplift all things queer, anti racist, diverse, and inclusive. it will lose folks if not",1,1,0,0,0,0,0,0,1,1,0,0
6609,"That Bowling Green has stopped welcoming mass culture changing people who dilute our southern core values and the city is lost by default.",1,1,0,0,1,1,0,0,0,0,0,0
6610,"That the current ""click"" government is finally overridden into a city/county metro form of appropriate management and oversight.",1,1,0,0,1,1,0,0,0,0,0,0
6611,"Uphold the ""fireworks"" issue as written and the ""bombing"" of our fine city stopped. The high refugee population seem to enjoy the noise.",1,1,0,0,1,1,0,0,0,0,0,0
6612,"Bowling Green will have a variety of charter schools to better suite parental preferences of their children's cultural learning.",1,1,0,0,1,1,0,0,0,0,0,0
6613,"That the trash pickup negotiated contract improves. With smaller waste containers of more appropriate colors that will blend with our homes.",1,1,0,0,1,1,0,0,0,0,0,0
6614,"That Bowling Green rolls up the immigrant red carpet and stops the constant influx of nonconforming groups who then push their own agendas.",1,1,0,0,1,1,0,0,0,0,0,0
6615,"That a new airport is built somewhere other than the middle of a highly populated area. It's just a matter of time until the luck runs out.",1,1,0,0,1,1,0,0,0,0,0,0
6616,"That Bowling Green will dial down the efforts of becoming the poster city and mecca of the LGBTQIA+ movement.",1,1,0,0,1,1,0,0,0,0,0,0
6617,"The currant immigrant draw is too much now. If it continues into the 2050 Bowling Green the city will be forever transformed and forgotten.",1,1,0,0,1,1,0,0,0,0,0,0
6618,"Do more to improve the cosmetics of Campbell Lane. Junky car lots with wrecked vehicles and their greasy, oily eyesores have taken over.",34,15,4,15,11,3,1,7,23,12,3,8
6619,"More roundabouts!",1,1,0,0,0,0,0,0,1,1,0,0
6620,"An amazing place to live begins with the highest standards of public schools and public safety with forward thinking traffic dispersion plan",1,1,0,0,0,0,0,0,1,1,0,0
6621,"Bowling Green will be an ecosystem that attracts world-class startup founders & talent.",32,14,3,15,9,1,1,7,23,13,2,8
6622,"BG needs to alleviate traffic congestion on scottsville Rd.",0,0,0,0,0,0,0,0,0,0,0,0
6623,"I believe that all sidewalks will be carpeted, nothing better than walking around the square in your socky feet. Tooter",0,0,0,0,0,0,0,0,0,0,0,0
6624,"I would love to see a series of meatball filled boxes around the city for the hungry peoples :-(",27,2,14,11,9,1,2,6,18,1,12,5
6625,"Legalized prostitution in the  downtown district, with fair rates! Help a brother out!",30,3,20,7,10,1,5,4,20,2,15,3
6626,"I  imagine the city covered by a huge dome, allowing us to enjoy climate controlled weather year round!",26,1,19,6,8,1,3,4,18,0,16,2
6627,"I have cheetos in my socks",0,0,0,0,0,0,0,0,0,0,0,0
6629,"We need legal brothels!",1,1,0,0,1,1,0,0,0,0,0,0
6630,"Downtown BG will have a 5/5 walkability score from Riverfront Park to Fountain Square. Trader Joe’s will be our downtown grocery.",1,1,0,0,0,0,0,0,1,1,0,0
6631,"We will have public restrooms available throughout the town.",32,17,5,10,10,4,1,5,22,13,4,5
6632,"Bowling Green will have waste containers that have more appropriate colors that will blend with our homes.",32,11,4,17,10,3,1,6,22,8,3,11
6633,"Bowling Green will have smaller waste containers.",25,3,9,13,8,0,1,7,17,3,8,6
6634,"Downtown BG will have a 5/5 walkability score from Riverfront Park to Fountain Square.",34,28,0,6,11,5,0,6,23,23,0,0
6635,"Trader Joe’s will be our downtown grocery.",30,14,4,12,9,4,1,4,21,10,3,8
6636,"I believe that all sidewalks will be carpeted. Nothing better than walking around the square in your socky feet.",25,0,20,5,8,0,6,2,17,0,14,3
6637,"Incentivize farms to add greenhouses and small plots to grow medicinal plants for making drugs (not pot)",30,12,2,16,9,1,1,7,21,11,1,9
6638,"Encourage farms to expand growing options that are lucrative and not sell land to build homes",33,19,1,13,10,3,0,7,23,16,1,6
6639,"More support for our farming community to include Co Ops",1,1,0,0,0,0,0,0,1,1,0,0
6640,"Bike trails throughout the county",1,1,0,0,0,0,0,0,1,1,0,0
6641,"Move the airport",1,1,0,0,0,0,0,0,1,1,0,0
6642,"Encourage home composting",32,27,0,5,8,5,0,3,24,22,0,2
6643,"Bring in manufacturers who make cardboard takeout containers, bread ties, hot cups not styrofoam",30,13,2,15,8,2,0,6,22,11,2,9
6644,"More local wrestling events!",30,8,13,9,8,0,5,3,22,8,8,6
6645,"Strengthen animal control laws. Too much abuse and puppy mills",33,25,0,8,10,5,0,5,23,20,0,3
6646,"More senior assisted living",1,1,0,0,0,0,0,0,1,1,0,0
6647,"Fix the problem that is the Cave Mill Road/Scottsville Road all the way down Lovers Lane past the WCPS Board of Education.",1,1,0,0,1,1,0,0,0,0,0,0
6648,"Commission to study ways to recycle or use manufacturing waste produced by our industrial businesses",33,22,1,10,9,3,0,6,24,19,1,4
6649,"Build a plant here that recycles metal not ship out. Can be used to build homes instead of wood",33,14,4,15,9,2,0,7,24,12,4,8
6650,"Work with other counties to preserve their farmland for feeding people",35,23,2,10,11,5,0,6,24,18,2,4
6651,"In 2050 BG could be more metropolitan.  Bringing in more events. And having more to do.  We are uniquely positioned in the SOKY",0,0,0,0,0,0,0,0,0,0,0,0
6652,"Involve everyday citizens in formation of comprehensive plan and then ABIDE by it.",32,15,1,16,10,1,0,9,22,14,1,7
6653,"Alternate energy sources can be encouraged but not mandated",29,15,0,14,8,2,0,6,21,13,0,8
6654,"More family friendly places, that includes the toddlers to the teens. More indoor parks.",1,1,0,0,0,0,0,0,1,1,0,0
6655,"considering the amount of traffic in bowling  green, i think a widening of the Scottsville road would be a great idea.",0,0,0,0,0,0,0,0,0,0,0,0
6656,"Fix the traffic problems at the intersection of Cave Mill Road and Scottsville Road.",32,15,3,14,9,3,0,6,23,12,3,8
6657,"Fix the traffic problems on Lovers Lane from Scottsville Road to the Warren County Public Schools Board of Education building.",28,7,4,17,8,2,0,6,20,5,4,11
6658,"I'm tired of spending $50 for a family of 4 to eat out we don't do all the time. But would be nice to have a all you can eat for that price",30,7,7,16,10,2,1,7,20,5,6,9
6659,"More affordable housing for the aging population. Income based and handicap accessible units.",1,1,0,0,0,0,0,0,1,1,0,0
6660,"For Bowling Green to have domestic airport or international airport by 2050.",1,1,0,0,0,0,0,0,1,1,0,0
6661,"1/3 of the population  are senior citizens. BG needs an active senior center six days a week with evening activities not just mid day",33,23,0,10,10,5,0,5,23,18,0,5
6662,"BG needs a YMCA",1,1,0,0,1,1,0,0,0,0,0,0
6663,"Senior are not able to attend downtown events b/c they are not able to walk from the parking structure",1,1,0,0,1,1,0,0,0,0,0,0
6664,"In town Senior Center",1,1,0,0,1,1,0,0,0,0,0,0
6665,"More affordable and accessible transportation for seniors. Most seniors can’t get to current bus stops",1,1,0,0,1,1,0,0,0,0,0,0
6666,"I'd like a golden corral or a buffet option like we had with Ryan's.",1,1,0,0,0,0,0,0,1,1,0,0
6667,"BG will grow to have more subdivisions in surrounding counties with better roads between.",28,8,8,12,8,1,1,6,20,7,7,6
6668,"a smaller community atmosphere with larger community resources and programs",32,18,1,13,10,2,0,8,22,16,1,5
6669,"we need to make sure our infrastructure is up to the growth anticipated",0,0,0,0,0,0,0,0,0,0,0,0
6670,"We will be a well designed town with architecture and planning to create spaces and places people want to be. Designed for experiences",33,24,1,8,10,3,1,6,23,21,0,2
6671,"We will be a town with districts that support art, breweries, food because we gave incentive to attract these makers from other places",33,21,3,9,10,2,2,6,23,19,1,3
6673,"Can we get some brownstones instead of subdivisions? We don't have to build uninspiring things. Borrow from the past for a future",33,23,0,10,9,3,0,6,24,20,0,4
6674,"I dream of a route 66 style district (the by-pass) to support our auto tourism. Retro eateries live drive-ins, lots of neon and classic cars",30,14,2,14,8,1,1,6,22,13,1,8
6675,"Bowling Green needs to find it’s unique voice and stop trying to be Louisville or Nashville!",33,20,1,12,10,5,0,5,23,15,1,7
6676,"I'd love to see more casual spaces downtown (besides bars or restaurants) where people can enjoy time together.",0,0,0,0,0,0,0,0,0,0,0,0
6677,"We need bike trails that do not require bikers to go on backroads. A bike bath from downtown and down Louisville Rd toward Mammoth Cave.",0,0,0,0,0,0,0,0,0,0,0,0
6678,"It's time to contain the urban sprawl.  Build up, not out!",1,1,0,0,0,0,0,0,1,1,0,0
6679,"More Christian private schools",29,6,15,8,8,2,2,4,21,4,13,4
6680,"In 2050 driving or walking around town will be an experience and delight. We made street level ux a priority other places will study us",33,19,0,14,9,2,0,7,24,17,0,7
6681,"We will look back at investing in developing an architecture plan and guidelines as the blueprint that made our town an extraordinary place",32,19,1,12,9,3,1,5,23,16,0,7
6682,"We will celebrate the choice to prioritize foot traffic over cars that led to building interesting explorable places causing a tourism boom",35,24,1,10,11,4,1,6,24,20,0,4
6683,"Our investment in municipal golf proved to be a great preservation of green space. Sustainable course redesigns have been studied by others",1,1,0,0,0,0,0,0,1,1,0,0
6684,"Classic architecture templates persevered our town historical feel while encouraging growth and made the perfect place for life and work",1,1,0,0,0,0,0,0,1,1,0,0
6685,"Design this this town like we aren't trash. We do not have to be the cheapest version of ourself. Otherwise folks will always flee",32,19,1,12,9,2,0,7,23,17,1,5
6686,"We saw how term limits on commissioners lead to fresh leadership and growth, not just the same uninspired ideas",34,19,0,15,10,4,0,6,24,15,0,9
6687,"We finally have a brewery that actually make good beer! Unfortunately now I'm so old my doctor says I shouldn't drink much",1,1,0,0,0,0,0,0,1,1,0,0
6688,"Our Board of Design proved to be pivotal in making our town making the top 10 most beautiful places to live in the US!",31,15,1,15,9,2,0,7,22,13,1,8
6689,"11% of Bowling Green‘s population is over 65. 19% is between 55 and 65. I saw no one on the listening board representing seniors",1,1,0,0,1,1,0,0,0,0,0,0
6690,"Senior center located with in the city.",1,1,0,0,1,1,0,0,0,0,0,0
6691,"FREE parking",1,1,0,0,1,1,0,0,0,0,0,0
6692,"Free transit for seniors",1,1,0,0,1,1,0,0,0,0,0,0
6693,"Free community gardens for those who work in them",33,23,2,8,11,3,1,7,22,20,1,1
6694,"Shuttles to events for seniors concerts in the park, Winterfest, WKU ball games, other WKU events, etc.",33,20,1,12,11,3,0,8,22,17,1,4
6695,"As Bowling Green continues to grow, I would like to see an emphasis on cleaner energy, health and nature.",1,1,0,0,0,0,0,0,1,1,0,0
6696,"As we continue to grow, I would like to see more outreach programs to truly help those in need, not just give them temporary assistance.",1,1,0,0,0,0,0,0,1,1,0,0
6697,"I would like to see more emphasis on health and fitness. It's essential for a community to maintain its health as it grows.",1,1,0,0,0,0,0,0,1,1,0,0
6698,"There are so many coffee shops.... a few tea shops would be nice.",31,19,1,11,8,3,0,5,23,16,1,6
6699,"More ways to experience cinema... maybe a drive-in or dollar theatre.",1,1,0,0,0,0,0,0,1,1,0,0
6700,"We need more options for recycling.",1,1,0,0,0,0,0,0,1,1,0,0
6701,"I would love to get a Trader Joe's",0,0,0,0,0,0,0,0,0,0,0,0
6702,"More restaurants that emphasize healthier food options. More options for vegetarians and vegans as well.",1,1,0,0,0,0,0,0,1,1,0,0
6703,"In 2050, Bowling Green’s organizations and businesses should be trained to step in when witnessing the warning signs of violence",32,18,0,14,9,1,0,8,23,17,0,6
6704,"Bowling Green will prioritize violence prevention efforts starting as early as other forms of education",31,21,0,10,9,3,0,6,22,18,0,4
6705,"A classic arcade would be awesome.",1,1,0,0,0,0,0,0,1,1,0,0
6706,"More public trash and recycling bins.",1,1,0,0,0,0,0,0,1,1,0,0
6707,"Incentive programs to promote less litter or cleaning litter up.",35,27,0,8,11,4,0,7,24,23,0,1
6708,"Forward-thinking traffic infrastructure with more main roads, wider roads, and new bypasses.",1,1,0,0,0,0,0,0,1,1,0,0
6709,"WKU will have ample parking convenient to it's buildings.",30,14,6,10,8,3,2,3,22,11,4,7
6710,"Set general guidelines for the exteriors of businesses -especially the gaudy signs or nuisance lighting (e.g. the smoke shop by Azzip)",1,1,0,0,0,0,0,0,1,1,0,0
6711,"Will have figured out how to separate bike lanes and vehicles so both can travel safely",1,1,0,0,0,0,0,0,1,1,0,0
6712,"Fun public golf like ""the muni"" in Charleston. The fill the tee sheet everyday and make a fortune fueled by designing a creative course",1,1,0,0,0,0,0,0,1,1,0,0
6713,"Nate Bargatze will want to live here!",31,8,9,14,9,3,3,3,22,5,6,11
6714,"Is Warren county still a certified clean county? I’ve seen trash everywhere.",1,1,0,0,0,0,0,0,1,1,0,0
6715,"BG needs another skate park in door maybe",1,1,0,0,0,0,0,0,1,1,0,0
6716,"Adding a local coffee shop (Looking at you Spencer's) into one of our local libraries, like Quills Coffee did in Louisville's East library.",32,19,2,11,9,5,0,4,23,14,2,7
6717,"Bowling Green needs to proactively work towards a diversified economy which should include Healthcare, R&D, Technology, Corporate HQ, AI.",33,21,1,11,9,4,0,5,24,17,1,6
6718,"Renovate public golf courses for a better golf experience and earn more money for the city. Look at Winter Park golf course as example $1M",34,12,6,16,10,5,0,5,24,7,6,11
6719,"Public golf done right is a gold mine. Palm Beach Par 3 reports record  year with over 55,000 rounds played in 2023. Earnings of $5.09M",1,1,0,0,0,0,0,0,1,1,0,0
6720,"I would like to see more communities being built that look welcoming and are family friendly, not just thinking of profit.",33,22,0,11,11,3,0,8,22,19,0,3
6721,"Lets get those power lines underground and beautify our streets!",1,1,0,0,0,0,0,0,1,1,0,0
6722,"Make Bowling Green Great Again",1,1,0,0,0,0,0,0,1,1,0,0
6723,"Would love to see some Natural Health and Wellness Centers that offer more than just medicine",1,1,0,0,0,0,0,0,1,1,0,0
6724,"The city and county harvest wind and solar energy to offset energy cost and or sell energy to surrounding cites like Nashville",1,1,0,0,0,0,0,0,1,1,0,0
6725,"I hope we will have better community-building events that support small, local businesses like craft fairs, festivals, and farmers markets",1,1,0,0,0,0,0,0,1,1,0,0
6726,"More investment into our parks and volunteer opportunities to introduce locals into the work we do here.",1,1,0,0,0,0,0,0,1,1,0,0
6727,"More public art, especially downtown",1,1,0,0,0,0,0,0,1,1,0,0
6728,"I would like the utility lines to be buried .",0,0,0,0,0,0,0,0,0,0,0,0
6729,"We will become one of the more financially literate and solvent communities, which will exponentially increase growth and economics",0,0,0,0,0,0,0,0,0,0,0,0
6730,"In 2050, BG citizens will support paying sanitation workers a living wage which will make trash day better for all.",31,22,0,9,9,2,0,7,22,20,0,2
6731,"In 2050, BG residents will have decided that we want less self-checkouts, robotics, etc. and that we want to deal with real humans.",33,17,6,10,10,4,2,4,23,13,4,6
6732,"Kentucky will still be a bottom 5 state.",1,1,0,0,1,1,0,0,0,0,0,0
6733,"Prioritize being a “walkable” city, especially in the downtown area!! Cars are expensive and we’re halfway committed to walkable already!",1,1,0,0,0,0,0,0,1,1,0,0
6734,"More small block parties and other neighborhood events that bring residents closer together. Invite police and firefighters!",32,21,2,9,9,4,0,5,23,17,2,4
6735,"Organized neighborhood cleanup days.",32,24,0,8,10,4,0,6,22,20,0,2
6736,"Budget additional funds for police to host meet and greet events with the public. Better relationships produce better outcomes.",31,15,3,13,10,1,1,8,21,14,2,5
6737,"A version of 50+ Citizen Academy for younger folks! Perhaps one for 18-30 and one for 30-50?",26,11,1,14,8,1,0,7,18,10,1,7
6738,"Schools to include a government class which also teaches public service prior to graduating.",31,20,3,8,9,2,3,4,22,18,0,4
6739,"Public bus service will extend throughout Warren County, not just in BG city limits.",1,1,0,0,0,0,0,0,1,1,0,0
6740,"We need to invest in clay st. And help make that community more visible, clean, and welcoming.",29,16,0,13,9,3,0,6,20,13,0,7
6741,"Want BG to have a small town vibe",1,1,0,0,1,1,0,0,0,0,0,0
6742,"Better roadways and traffic systems --- PLEASE",1,1,0,0,1,1,0,0,0,0,0,0
6743,"Much better roads and more efficient traffic.",1,1,0,0,1,1,0,0,0,0,0,0
6744,"Many more indoor walking options.",1,1,0,0,1,1,0,0,0,0,0,0
6745,"Several more indoor walking options for exercising.",34,22,2,10,11,3,1,7,23,19,1,3
6746,"Use existing buildings instead of building more",1,1,0,0,1,1,0,0,0,0,0,0
6747,"To see nature & museums come together encouraging tourism & area visitors to spend time. Will want experiences for people to take part in.",1,1,0,0,0,0,0,0,1,1,0,0
6748,"- Fair development, investment, and support across all of BG - Adding BG as a stop on the train line - More opportunities for young adults.",0,0,0,0,0,0,0,0,0,0,0,0
6749,"I’d hope that there is more affordable housing without pet restrictions for those houseless with only their animals.",30,17,2,11,9,0,1,8,21,17,1,3
6750,"Expand green spaces and maintain our great parks. Develop river front.   Focus on quality of life versus quantity of people.",1,1,0,0,1,1,0,0,0,0,0,0
6751,"In 2050, young educated professionals in their late 20s won’t feel pressure to leave town in order to advance their careers/personal lives",32,25,0,7,9,3,0,6,23,22,0,1
6752,"We will have a thriving Waldorf school",1,1,0,0,0,0,0,0,1,1,0,0
6753,"We will have a digital ""yellow pages"" and separate comprehensive digital bulletin board for all community events",1,1,0,0,0,0,0,0,1,1,0,0
6754,"We will Have small, electric shuttles that run every 15 mins to and from the downtown area and parking garage from 8am -11pm",1,1,0,0,0,0,0,0,1,1,0,0
6755,"I would hope by 2050 a certain population in BG will stop constantly expecting their life funded with free stuff provided by tax money..",33,8,14,11,10,2,2,6,23,6,12,5
6756,"The immigrant population numbers has gotten completely out of hand. Maybe the few that thrive on bringing them here needs to support them.",1,1,0,0,0,0,0,0,1,1,0,0
6758,"A big polluted shit hole over ran my immigrants and criminals with the highest crime rate in the state even worse then now that's bg 2050",1,1,0,0,0,0,0,0,1,1,0,0
6759,"Needs to bulldozed down and turn the land back into farm land",27,3,13,11,8,0,2,6,19,3,11,5
6760,"Quit building shit",1,1,0,0,0,0,0,0,1,1,0,0
6761,"Already a eyesore quit building your only attracting more and more criminals and foreigners",1,1,0,0,0,0,0,0,1,1,0,0
6762,"Pollution smoggy sky's",1,1,0,0,0,0,0,0,1,1,0,0
6763,"A good place to get robbed are killed",1,1,0,0,0,0,0,0,1,1,0,0
6764,"Homeless on every street corner",1,1,0,0,0,0,0,0,1,1,0,0
6765,"Waste of farm land and wildlife natural habitats",1,1,0,0,0,0,0,0,1,1,0,0
6766,"Stop building",32,6,20,6,9,2,3,4,23,4,17,2
6767,"No more immigrants, we have WAY MORE than our share, stop lining the pockets of those bringing them here! Require them to speak English!",1,1,0,0,1,1,0,0,0,0,0,0
6768,"Require immigrants to speak English before entering our schools, take that pressure off of our teachers, and stop holding our students back.",33,7,17,9,10,3,2,5,23,4,15,4
6769,"No more refugees, we have too many now, they cause property values to drop because they don’t take care of their properties!",1,1,0,0,1,1,0,0,0,0,0,0
6770,"Agreed - getting across town without owning or driving a vehicle is out of the question. Let's get quality public transportation funded!",0,0,0,0,0,0,0,0,0,0,0,0
6771,"BG/Warren County should focus on keeping maximum # of free parking places all around town",0,0,0,0,0,0,0,0,0,0,0,0
6772,"Bowling green will preserve its surrounding farmland and direct development to downtown and gentle density",1,1,0,0,0,0,0,0,1,1,0,0
6773,"We will start to emphasize regenerative agriculture through our farming practices",1,1,0,0,0,0,0,0,1,1,0,0
6774,"Bowling green will not allow homeless encampments, but instead will rehabilitate the homeless/drug addicted back into society",32,21,1,10,9,3,0,6,23,18,1,4
6775,"Bowling green will encourage development downtown, making permitting easy so downtown becomes a walkable paradise",1,1,0,0,0,0,0,0,1,1,0,0
6776,"Downtown should have a height limit of 5 stories but encourage the building of traditional row houses and walk up apartments",32,18,6,8,9,5,2,2,23,13,4,6
6777,"Bowling green will go on a road diet to eliminate car lanes and make more room for bike lanes, sidewalks, and bus lanes",30,17,1,12,9,2,1,6,21,15,0,6
6778,"More advanced higher quality healthcare so we don’t have to go to Nashville when doctors here can’t treat us.",0,0,0,0,0,0,0,0,0,0,0,0
6779,"As BG grows with new construction, PRIORITIZE BEAUTY. Ensure our city remains green, offering natural spaces beyond parks, not just concrete",1,1,0,0,0,0,0,0,1,1,0,0
6780,"We need public transportation",1,1,0,0,0,0,0,0,1,1,0,0
6781,"Create parks like those in Louisville and Nashville that are focused around nature, not sports.",33,25,0,8,10,4,0,6,23,21,0,2
6782,"I would love to see art gallery hops come back",1,1,0,0,0,0,0,0,1,1,0,0
6783,"A Trader Joe’s and first watch",1,1,0,0,0,0,0,0,1,1,0,0
6784,"We need a fairness ordinance",1,1,0,0,0,0,0,0,1,1,0,0
6785,"Increase walk ability, shops etc near housing",1,1,0,0,0,0,0,0,1,1,0,0
6786,"A new years orchestra concert would be fun",32,15,1,16,9,0,1,8,23,15,0,8
6787,"I would like to see more touring Broadway productions here",29,16,4,9,8,3,2,3,21,13,2,6
6788,"Love it when free outdoor music offered, maybe a festival",1,1,0,0,0,0,0,0,1,1,0,0
6789,"I think BG needs more for kids/youth to do besides the mall and bowling alley. Especially during the winter or rainy days.",1,1,0,0,0,0,0,0,1,1,0,0
6790,"I want an indoor public pool for year round use.",1,1,0,0,0,0,0,0,1,1,0,0
6791,"BG needs to be a BIKE friendly city with the streets designed and marked for bike enthusiasts as there are many bike in this area !!",0,0,0,0,0,0,0,0,0,0,0,0
6792,"I would like more public transportation",1,1,0,0,0,0,0,0,1,1,0,0
6793,"I would like bowling green to be more bike friendly so it is easier to use a bike for transportation.",1,1,0,0,0,0,0,0,1,1,0,0
6794,"Would like to see a large flat green space with an amphitheater to enjoy our Concerts in the Park, have picnics and just enjoy the outdoors",32,21,0,11,11,7,0,4,21,14,0,7
6795,"More family friendly entertainment like a minor league hockey team.",30,9,7,14,10,3,2,5,20,6,5,9
6796,"Recycling needs to be a priority in BG",1,1,0,0,0,0,0,0,1,1,0,0
6797,"City & county websites that are up to date and integrated, so people can easily find events, rent spaces and register for sports online.",32,23,2,7,10,5,0,5,22,18,2,2
6798,"I hope downtown stays beautiful and keeps it's smalltown feel. I hope we have more art galleries and public art installations.",1,1,0,0,0,0,0,0,1,1,0,0
6799,"I hope we have more parks and nature centers and places to hike.",1,1,0,0,0,0,0,0,1,1,0,0
6800,"We have people moving to this region from all over the United States, immigrants are not essential to Bowling Greens growth.",1,1,0,0,0,0,0,0,1,1,0,0
6801,"More access to mental healthcare",1,1,0,0,0,0,0,0,1,1,0,0
6802,"Make investments in the downtown area to sustain local businesses. Develop an environment that draws people to the downtown area.",1,1,0,0,0,0,0,0,1,1,0,0
6803,"Better roads and infrastructure to facilitate traffic flow",1,1,0,0,0,0,0,0,1,1,0,0
6804,"Better planning to anticipate growth areas, for future infrastructure needs.",1,1,0,0,0,0,0,0,1,1,0,0
6805,"Train service from BG to Nashville, Louisville and beyond.",1,1,0,0,0,0,0,0,1,1,0,0
6806,"The Capitol Arts building will have a total restoration to revive it to its glory and be a draw for local entertainment.",1,1,0,0,1,1,0,0,0,0,0,0
6807,"More dining options (less bars) on the Square.",33,23,1,9,11,5,0,6,22,18,1,3
6808,"Encourage biking opportunities in regards to bike trails and the Greenways",1,1,0,0,0,0,0,0,1,1,0,0
6809,"WKU will renovate its dorms to be more attractive to students.",32,14,4,14,11,5,1,5,21,9,3,9
6810,"Like to see transportation facilities between Parking Structure and Downtown for Seniors who can't make that walk.",31,21,2,8,10,4,1,5,21,17,1,3
6811,"We need bike trails that do not require bikers to go on backroads. Like a bike path from downtown and down Louisville Rd toward Mammoth Cave.",31,16,3,12,9,3,0,6,22,13,3,6
6812,"Make the hospitals more giant friendly.",0,0,0,0,0,0,0,0,0,0,0,0
6813,"Local Fairness Ordinance!",1,1,0,0,0,0,0,0,1,1,0,0
6814,"BG needs more public transportation. Currently no bus, train, plane to airport, Louisville, or any where",1,1,0,0,1,1,0,0,0,0,0,0
6815,"Opportunities for more organic food, larger farmers markets, more strategically placed neighbors and apartments. Zoning now seems haphazard",0,0,0,0,0,0,0,0,0,0,0,0
6816,"An interactive children’s museum that could partner with all of the local elementary schools to provide education and entertainment",31,23,0,8,9,3,0,6,22,20,0,2
6817,"And lower class size.",1,1,0,0,0,0,0,0,1,1,0,0
6818,"As long as they are legal residents",1,1,0,0,0,0,0,0,1,1,0,0
6819,"If they are legal residents",1,1,0,0,0,0,0,0,1,1,0,0
6820,"more big grocery stores i.e. Kroger, Walmart in the Plano area ltaking lot of congestion out of the mall area and on Scottsville Rd",1,1,0,0,0,0,0,0,1,1,0,0
6821,"An Italian store",28,12,2,14,8,1,2,5,20,11,0,9
6822,"We'll have incredible Nordic spas.",28,7,6,15,8,0,1,7,20,7,5,8
6823,"There will be carpool parking lots by each interstate exit to allow for carpooling",1,1,0,0,0,0,0,0,1,1,0,0
6824,"Not to allow panhandling on roadways",1,1,0,0,0,0,0,0,1,1,0,0
6825,"No panhandling in BG",1,1,0,0,0,0,0,0,1,1,0,0
6826,"A way to decongest Scottsville Rd",1,1,0,0,0,0,0,0,1,1,0,0
6827,"BG/Warren County School Systems need to incorporate gardens and fresh food into their meal programs.  Teach our children to fee themselves.",34,24,0,10,11,4,0,7,23,20,0,3
6828,"BG needs more community gardens in the city and in our surrounding neighborhoods. Grow our own food.",1,1,0,0,1,1,0,0,0,0,0,0
6829,"We'll have big grocery stores (i.e. Kroger, Walmart) in the Plano area, which will reduce congestion on Scottsville Road.",31,16,2,13,9,4,0,5,22,12,2,8
6830,"Incorporate walking neighborhoods....small restaurants, grocers, parks, walking and running trails, etc.  Let's get everyone moving.",1,1,0,0,1,1,0,0,0,0,0,0
6831,"Churches open their doors and embrace community events.  Working together for the good of all.",31,17,2,12,10,5,0,5,21,12,2,7
6832,"Community markets and outlets for individuals to sell their goods without it being a financial burden to do so.",32,21,0,11,10,4,0,6,22,17,0,5
6833,"We will have a First Watch.",28,4,5,19,8,2,1,5,20,2,4,14
6834,"New Commercial development should require space for graceful landscaping, and reasonably scaled signage.",1,1,0,0,0,0,0,0,1,1,0,0
6835,"The Certified Clean County program will be reinstated statewide, and Warren County will continue to qualify as a Certified Clean County.",32,19,2,11,10,1,1,8,22,18,1,3
6836,"More healthcare competition. I'd like to see Vanderbilt, UK, and other big healthcare giants have a presence here.",1,1,0,0,0,0,0,0,1,1,0,0
6837,"Community resource guides that list names, locations, and services that churches and non-profits offer",31,21,0,10,9,3,0,6,22,18,0,4
6838,"More services for the homeless",1,1,0,0,0,0,0,0,1,1,0,0
6839,"More HEALTHY food options for shopping. Nice strip malls, Whole Foods, Trader Joe’s, COSTCO, Publix, super target, more upscale shopping!!",1,1,0,0,1,1,0,0,0,0,0,0
6840,"The individual business should be able to choose their policy on if vaping is permitted in their business. And I do not vape.",28,5,9,14,8,1,2,5,20,4,7,9
6841,"With so many immigrants coming to Bowling Green for resettlement or employment, I hope those bringing them here also support the services they need.",30,18,0,12,8,2,0,6,22,16,0,6
6842,"We need more fishing lakes.",30,13,5,12,9,1,1,7,21,12,4,5
6843,"We need to sustain/support the fish and waterfowl at Basil Griffin Park.",31,18,2,11,10,2,1,7,21,16,1,4
6844,"New commercial development should require space for graceful landscaping.",31,18,1,12,9,1,1,7,22,17,0,5
6845,"New commercial development should require reasonably scaled signage.",30,17,1,12,9,1,1,7,21,16,0,5
6846,"Better city planning and traffic flow. Less obesity and vape shops. Less apartments. Better restaurant options with clean food.",1,1,0,0,1,1,0,0,0,0,0,0
6847,"Better transportation to and from Nashville",0,0,0,0,0,0,0,0,0,0,0,0
6848,"True recycling and compost options for apartment dwellers",34,25,0,9,10,2,0,8,24,23,0,1
6849,"My business in the flea market is going down, we need to attract more customers",0,0,0,0,0,0,0,0,0,0,0,0
6850,"Less racist police",0,0,0,0,0,0,0,0,0,0,0,0
6851,"More biking lanes",0,0,0,0,0,0,0,0,0,0,0,0
6852,"Keep working on roads/ traffic problems. I shop on line because traffic can be insufferable.",1,1,0,0,0,0,0,0,1,1,0,0
6853,"looks like most people here want rainbows and butterflies. We need less liberals!",33,7,22,4,11,4,4,3,22,3,18,1
6854,"More indoor children's playgrounds -- with things like  trampolines -- in BG or surrounding areas",0,0,0,0,0,0,0,0,0,0,0,0
6855,"More cops on Scottsville Road to stop bad rivers",0,0,0,0,0,0,0,0,0,0,0,0
6856,"A rock climbing facility for children",28,10,4,14,8,1,0,7,20,9,4,7
6857,"GoBG routes should all be running during “special events” such as WKU games, Hot Rods, festivals.",1,1,0,0,0,0,0,0,1,1,0,0
6858,"WKU should restrict cars for Freshmen and those living in dorms. A more robust public transit system is needed. Walkability.",1,1,0,0,0,0,0,0,1,1,0,0
6859,"Recycling offered by all garbage companies at no additional cost and containers in public places to put recycleable items in.",1,1,0,0,0,0,0,0,1,1,0,0
6860,"Safer surroundings for the people here. No more panhandle in this town.  No more homeless sleeping anywhere they want.",1,1,0,0,1,1,0,0,0,0,0,0
6861,"Stop giving our tax money to refugees, and support seniors  that have worked all their lives and made BG what it is today!",1,1,0,0,1,1,0,0,0,0,0,0
6862,"We need to recognize the importance of ALL workers. There are no “menial” jobs which deserve less pay. Living wages for ALL!",33,25,2,6,10,5,0,5,23,20,2,1
6863,"We need to support the arts by learning from Louisville",30,14,3,13,9,2,1,6,21,12,2,7
6864,"We need to support our local veteran population",30,22,0,8,9,2,0,7,21,20,0,1
6865,"We should love our fellow men and not support Trump",0,0,0,0,0,0,0,0,0,0,0,0
6866,"A second parking garage built downtown. The existing parking structure is not accessible to downtown for seniors and the disabled.",31,18,3,10,10,5,1,4,21,13,2,6
6867,"I'd like an outdoor 300-500 yard shooting range",28,5,12,11,8,1,3,4,20,4,9,7
6868,"We need to fix dangerous roads like Cemetery Road -- where 11 people have died -- now, not in 10 years",31,17,2,12,10,5,0,5,21,12,2,7
6869,"Need more locally owned pet stores",30,9,4,17,9,1,0,8,21,8,4,9
6870,"We must implement a more robust ESL program for children prior to their entering public schools. Set kids up for success!",1,1,0,0,0,0,0,0,1,1,0,0
6871,"We will stop approving all subdivisions and plan responsibly",0,0,0,0,0,0,0,0,0,0,0,0
6872,"Require developers to address increased traffic congestion issues as part of the permitting process.",1,1,0,0,0,0,0,0,1,1,0,0
6873,"We will stop wasting money on feel good projects (like entertainment venue) and prioritize necessary projects like repairing roads",30,3,12,15,9,1,3,5,21,2,9,10
6874,"Bikeshare available to all, especially in underserved communities!",32,19,3,10,10,0,2,8,22,19,1,2
6875,"We will widen rural roads now -- not in 10 years",30,10,7,13,8,2,1,5,22,8,6,8
6876,"Reduce traffic congestion by getting people out of their cars! Invest in alternative transportation.",1,1,0,0,0,0,0,0,1,1,0,0
6877,"As seniors lose their driving privileges, ensure alternative transportation exists to keep them active and in their homes.",1,1,0,0,0,0,0,0,1,1,0,0
6878,"More access to affordable adult education. 1 in 5 Kentuckians is illiterate.",33,23,0,10,10,3,0,7,23,20,0,3
6879,"Convert some of BG’s schools following the model of the “American School” in Paris. International Schools!",27,4,5,18,8,0,3,5,19,4,2,13
6880,"I love the diversity, it's good for business, we need to embrace that more",0,0,0,0,0,0,0,0,0,0,0,0
6881,"Have more collaborations between WKU and the BG and WC governments to promote sustainability.",33,27,0,6,10,5,0,5,23,22,0,1
6882,"Have more collaborations between WKU and BG and WC governments to address job creation so graduates can remain here.",30,19,2,9,9,3,0,6,21,16,2,3
6883,"BG is growing too fast for the infrastructure, the planning and building needs to catch up",0,0,0,0,0,0,0,0,0,0,0,0
6884,"Building up the riverfront and making it a beautiful area that it could be!",1,1,0,0,0,0,0,0,1,1,0,0
6885,"Equalize government financial incentives between out-of-state corporations and local job creators. Too much preference to non-locals.",26,9,0,17,8,1,0,7,18,8,0,10
6886,"Solar-powered shelters and benches at all bus stops.",1,1,0,0,0,0,0,0,1,1,0,0
6887,"Please remove fake bus benches used for advertising around town and/or put these at actual bus stops.",32,22,1,9,10,5,1,4,22,17,0,5
6888,"Bigger and better malls for people in the county, especially immigrants",25,0,12,13,8,0,2,6,17,0,10,7
6889,"Rents have skyrocketed after the tornado -- we need rent control",30,11,6,13,9,1,1,7,21,10,5,6
6890,"Let’s see events/performances/classes highlighting “Traditional Kentucky”. Bluegrass, basketweaving, etc. Collaboration with Berea.",30,17,1,12,9,2,1,6,21,15,0,6
6891,"I’d like to see us finally develop a recreational park in the River St/ByPass area.",31,24,0,7,8,5,0,3,23,19,0,4
6892,"a new theme park/waterpark",1,1,0,0,0,0,0,0,1,1,0,0
6893,"Trader Joe’s or more healthy grocery stores",1,1,0,0,0,0,0,0,1,1,0,0
6894,"Preserve the wildlife",1,1,0,0,0,0,0,0,1,1,0,0
6895,"Slow down with all of the apartments and build some housing for the homeless and programs to help them. Let it be mental or monetary.",1,1,0,0,0,0,0,0,1,1,0,0
6896,"Less coffee shops",1,1,0,0,0,0,0,0,1,1,0,0
6897,"I hope BG keeps the ""home-town"" energy it's known for now, while also becoming even more open/accepting of other cultures and lifestyles.",32,23,4,5,9,1,3,5,23,22,1,0
6898,"Public transportation like city buses would be so beneficial to residents. It would also help with parking issues.",1,1,0,0,0,0,0,0,1,1,0,0
6899,"Create a QR code to be posted at all park shelters which quickly allows one to look at availability and book online.",30,19,1,10,9,2,0,7,21,17,1,3
6900,"Have each public park offer free parking for one food truck daily. Vendors register online and promote themselves and the park! Win-win!",1,1,0,0,0,0,0,0,1,1,0,0
6901,"Churches build affordable housing, free food stores, community gardens and other services for the poor as Christ commanded.",1,1,0,0,0,0,0,0,1,1,0,0
6902,"Encourage different ethnic groups within the community to have mini-festivals celebrating their culture.",31,18,5,8,9,1,4,4,22,17,1,4
6903,"Have city officials engage more creatively with the community. Try commuting by bus. Shadow people with physical disabilities for a day.",1,1,0,0,0,0,0,0,1,1,0,0
6904,"More billboards",1,1,0,0,1,1,0,0,0,0,0,0
6905,"Blueberry dounuts",1,1,0,0,0,0,0,0,1,1,0,0
6906,"less pride events",1,1,0,0,1,1,0,0,0,0,0,0
6907,"more men’s clothing stores",31,9,1,21,10,2,0,8,21,7,1,13
6908,"more money in golden farley",1,1,0,0,1,1,0,0,0,0,0,0
6909,"allow teachers to carry guns during school hours and make them do intruder training yearly",31,5,20,6,10,2,5,3,21,3,15,3
6910,"Shopping needs to support the population growth you are advocating for. The line at TJMaxx is currently halfway to the back of the store…",0,0,0,0,0,0,0,0,0,0,0,0
6911,"BG will have an Amtrack stop for easy commuting across the US.",1,1,0,0,0,0,0,0,1,1,0,0
6912,"BG’s current Railpark will be a hub of transportation, dining, and nightlife.",32,22,2,8,9,3,1,5,23,19,1,3
6913,"BG will have a downtown Ferris wheel close to the Hot Rids Stadium.",1,1,0,0,0,0,0,0,1,1,0,0
6914,"BG will have a plethora of seasonal activities for all to enjoy.",1,1,0,0,0,0,0,0,1,1,0,0
6915,"BG will have more entertainment spots (Top Golf, Dave & Busyers, Malibu Jack’s, etc) for date night and/or family entertainment.",1,1,0,0,0,0,0,0,1,1,0,0
6916,"Movie theatres will be updated to include bar type food and drinks and will have flexible seating options.",1,1,0,0,0,0,0,0,1,1,0,0
6917,"Movie theatres will play the Super Bowl, World Series, and the NCAA tournament for like minded sports enthusiasts to gather & watch.",31,16,4,11,10,3,1,6,21,13,3,5
6919,"Downtown BG will have more parking that patrons can utilize without the fear of being towed.",1,1,0,0,0,0,0,0,1,1,0,0
6920,"Crime rates and drug usage will decrease.",1,1,0,0,0,0,0,0,1,1,0,0
6921,"BG will find an answer to the ever growing homeless situation.",1,1,0,0,0,0,0,0,1,1,0,0
6922,"Bowling Green needs to try harder to serve its less privileged citizens - affordable housing, food and utility assistance, etc.",1,1,0,0,0,0,0,0,1,1,0,0
6923,"Slow to moderate planned growth with associated infrastructure (police, fire, roads and utilities) vs rapid uncontrolled growth/sprawl",1,1,0,0,1,1,0,0,0,0,0,0
6924,"We need a wider range and more intensive pediatric care.",1,1,0,0,1,1,0,0,0,0,0,0
6925,"Establish a learning center to teach immigrants and refugees the English language. This should be a requirement for funding or assistance.",33,12,8,13,11,4,2,5,22,8,6,8
6926,"Less out of towners moving in.",30,6,13,11,9,3,1,5,21,3,12,6
6927,"I am most excited about the possibilities to develop our riverfront",1,1,0,0,0,0,0,0,1,1,0,0
6928,"Keep local government out of social justice issues",32,10,15,7,9,3,2,4,23,7,13,3
6929,"Better public transportation More Retail Shoping Area Ross Dress/Less, Home Goods,  A 2nd bridge over Barren River  4 lane around B.G",0,0,0,0,0,0,0,0,0,0,0,0
6930,"Continue to focus on downtown development",1,1,0,0,0,0,0,0,1,1,0,0
6931,"We need more physicians, both primary care and specialist physicians",1,1,0,0,0,0,0,0,1,1,0,0
6932,"BG will be a major hub in the transportation & automotive market; leading to an expansion of Beech Bend into NASCAR/Formula One world racing",32,6,11,15,10,1,3,6,22,5,8,9
6933,"WKU should continue to be supported by the city and be allowed to grow which in turn enhances BG.",0,0,0,0,0,0,0,0,0,0,0,0
6934,"Families will have more, affordable options for high quality child care and early childhood education.",1,1,0,0,0,0,0,0,1,1,0,0
6935,"Continue to support SKYPAC and the arts",0,0,0,0,0,0,0,0,0,0,0,0
6936,"Provide a safe community that attracts families to move here",0,0,0,0,0,0,0,0,0,0,0,0
6937,"Be watchful of events that hurt our city’s reputation such as drag shows in public areas and/or parks",0,0,0,0,0,0,0,0,0,0,0,0
6938,"More opportunities for restaurants, shopping, entertainment, etc in the Louisville Rd area so there are options outside of Scottsville Rd",1,1,0,0,0,0,0,0,1,1,0,0
6939,"More running and walking trails for BG!",1,1,0,0,0,0,0,0,1,1,0,0
6940,"No more turning left out of restaurants and causing wrecks. Make where you can’t cross over.",1,1,0,0,0,0,0,0,1,1,0,0
6941,"We will have a second bridge over the Barren River.",30,13,2,15,8,2,0,6,22,11,2,9
6942,"People won't be able to turn left onto our main roads and cause wrecks. Make it to where people can't cross over.",29,6,6,17,8,3,0,5,21,3,6,12
6943,"Put a sidewalk on the rest of Smallhouse between Campbell lane and cavemill.",31,20,2,9,9,4,1,4,22,16,1,5
6944,"No more mosque",1,1,0,0,0,0,0,0,1,1,0,0
6945,"In 2050, we will have an amusement park with a range of safe rides and headliner entertainment.",31,10,5,16,10,2,1,7,21,8,4,9
6946,"Golden Farley will continue to be in operation, with new investments in the downtown shop.",25,7,2,16,8,0,1,7,17,7,1,9
6947,"We will have fewer pride events in Bowling Green.",30,6,17,7,9,2,3,4,21,4,14,3
6948,"We will have more blueberry donuts in Bowling Green.",27,10,3,14,8,2,0,6,19,8,3,8
6949,"Clear out panhandlers",1,1,0,0,0,0,0,0,1,1,0,0
6950,"I would like to see 4 to 8 county recycling centers than would be open year round, where recyclables and waste could be taken..",32,23,3,6,10,4,1,5,22,19,2,1
6951,"Have a project to burry all lines in main city. We should have burry lines already.",1,1,0,0,0,0,0,0,1,1,0,0
6952,"I would like to see the open parking lots covered with solar panels that would provide shade for cars and electricity for the grid",1,1,0,0,0,0,0,0,1,1,0,0
6953,"Move municipal airport.  Turn it into a high density high high rise neighborhood with parks no cars, u live above retail.  like europe",32,18,3,11,10,4,1,5,22,14,2,6
6954,"Have VTOL through out BG.",1,1,0,0,0,0,0,0,1,1,0,0
6955,"Draw a ring around Bowling Green, development and housing inside, no more development and housing outside.  Forces us up and protect rural",31,15,4,12,9,3,1,5,22,12,3,7
6956,"A whitewater center 😃",1,1,0,0,0,0,0,0,1,1,0,0
6957,"More activities for kids under 12 who don’t do sports. Art classes, cooking classes, photography classes at a reasonable cost.",1,1,0,0,1,1,0,0,0,0,0,0
6958,"WKU Innovation Campus will be renovated again & attract small businesses of all sorts.",33,18,2,13,10,5,0,5,23,13,2,8
6959,"There will be a $1 theater showing Halloween.",27,3,10,14,9,1,4,4,18,2,6,10
6960,"The theater in the old mall will be brought back to life again. That thing was amazing back in the day!",28,13,3,12,9,3,0,6,19,10,3,6
6961,"More start-up opportunities for entrepreneurs like at the old Save-A lot. It's awesome.",31,17,0,14,10,3,0,7,21,14,0,7
6962,"We'll have many conbined childcare-elder care concept facilities where both generations benefit.",33,23,0,10,10,2,0,8,23,21,0,2
6963,"Assisted living facilities will be plentiful and residents will respectfully be invited to garden, cook, bake, etc...more Montessori-like.",32,21,0,11,9,4,0,5,23,17,0,6
6964,"More downtown, historical walking tours!",1,1,0,0,0,0,0,0,1,1,0,0
6965,"Outlaw those shady loan advance businesses.",1,1,0,0,0,0,0,0,1,1,0,0
6966,"Amtrak trains will be bustling",1,1,0,0,0,0,0,0,1,1,0,0
6967,"I want an interstate exit on Hwy 242, Rich Pond Road.",28,6,7,15,8,1,1,6,20,5,6,9
6968,"More vibrant weekend events.  Develop the waterfront with shopping and restuarants.",1,1,0,0,0,0,0,0,1,1,0,0
6969,"Move McNeil elementary. It’s outgrown that space.",28,6,6,16,8,2,0,6,20,4,6,10
6970,"We'll continue to prohibited and remove tent cities.",1,1,0,0,0,0,0,0,1,1,0,0
6971,"We'll have plenty of natural playgrounds",32,24,0,8,9,3,0,6,23,21,0,2
6972,"We'll offer free CPR & First Aid classes for all interested residents.",31,22,1,8,9,2,0,7,22,20,1,1
6973,"Our schools will enforce that both students AND teachers learn/teach in cell phone-free classrooms.",32,23,2,7,9,5,0,4,23,18,2,3
6974,"We'll have more public trash cans in the Shake arag district.",1,1,0,0,0,0,0,0,1,1,0,0
6975,"Fountain square park will have string lights year round.",1,1,0,0,0,0,0,0,1,1,0,0
6976,"Safe, low-income housing attached to walkable shopping areas is a necessity.",1,1,0,0,0,0,0,0,1,1,0,0
6977,"Supported housing for individuals with disabilities is a desperate need.",1,1,0,0,0,0,0,0,1,1,0,0
6978,"We'll have a local chocolatier",32,20,1,11,10,4,0,6,22,16,1,5
6979,"Bowling Green will remain welcoming to our amazing immigrant populations, and embrace our LGBTQIA+ community members.",1,1,0,0,0,0,0,0,1,1,0,0
6980,"Bg should have more festivals",1,1,0,0,0,0,0,0,1,1,0,0
6981,"The west side of town will get a complete work over to have nicer housing",1,1,0,0,0,0,0,0,1,1,0,0
6982,"we have how many thousand residents.. and you can't (and for awhile) buy a bag of groceries.",1,1,0,0,0,0,0,0,1,1,0,0
6983,"More shelter for homeless populations. Communal makerspace downtown that connects and engages the community with the WKU Dept of Art&Design.",1,1,0,0,0,0,0,0,1,1,0,0
6984,"More childcare options.",1,1,0,0,0,0,0,0,1,1,0,0
6985,"I personally think BG could use more entertainment! I feel like options for going out for good, family friendly fun are somewhat limited!",1,1,0,0,0,0,0,0,1,1,0,0
6986,"I would love to see Greenwood mall expanded, updated and renovated with more unique shops, entertainment and food!",1,1,0,0,0,0,0,0,1,1,0,0
6987,"We moved to BG from a state with very high homeless population. Do not start offering a lot of services or in some other way attract them.",30,8,9,13,9,4,1,4,21,4,8,9
6988,"Try to get Whole Foods to open a location in BG!",0,0,0,0,0,0,0,0,0,0,0,0
6989,"Why so focused on the next 25 years and not the present? BG needs change now!!",1,1,0,0,0,0,0,0,1,1,0,0
6990,"Facilities like the YMCA",1,1,0,0,0,0,0,0,1,1,0,0
6991,"Road signs posted at every entrance into Bowling Green - ""YOU ARE WELCOME TO VISIT BUT NOT TO STAY"". We've already lost little big town BG.",32,4,26,2,10,2,6,2,22,2,20,0
6992,"Stop encouraging a city where those with fewer resources are not dependent on the government for financial benefits. WORK - life is good.",1,1,0,0,0,0,0,0,1,1,0,0
6993,"BG needs a loop built around it like Lexington or Louisville in order to get from end of town to the other quicker easing up traffic jams.",0,0,0,0,0,0,0,0,0,0,0,0
6994,"Crack down on crime. Hire more police officers in the city, WKU and state. We already have the best law enforcement around. Let's keep it.",0,0,0,0,0,0,0,0,0,0,0,0
6995,"David Ford",0,0,0,0,0,0,0,0,0,0,0,0
6996,"I would like to see more option in transportation to and from B G",0,0,0,0,0,0,0,0,0,0,0,0
6997,"Thank you for doing this survey and gathering public input!",1,1,0,0,0,0,0,0,1,1,0,0
6998,"We need over 55 communities with community centers, crafts, more places where the over 55 crowd can live and thrive in a planned development",1,1,0,0,0,0,0,0,1,1,0,0
6999,"We will all be speaking Russian",25,0,18,7,8,0,4,4,17,0,14,3
7000,"I’d like to see BG more carbon neutral - more solar panels, electric charging stations, etc.",1,1,0,0,0,0,0,0,1,1,0,0
7001,"BG will have protected bike lanes throughout the entire city and into the county.",1,1,0,0,0,0,0,0,1,1,0,0
7002,"All residents and businesses will have weekly compost and recycling pickup.",1,1,0,0,0,0,0,0,1,1,0,0
7003,"More native plants and trees (fewer Branford pears)",1,1,0,0,0,0,0,0,1,1,0,0
7004,"By 2050 Bowling Green will be well-connected to inter-city travel because bus companies will actually stop here rather than driving past!",30,20,2,8,9,2,1,6,21,18,1,2
7005,"Fewer smoke and vape stores.",1,1,0,0,0,0,0,0,1,1,0,0
7006,"In 2050 BG will have neighborhoods that promote walkability to parks, local shops, community gardens, and other activities.",1,1,0,0,0,0,0,0,1,1,0,0
7007,"BG in 2050, will be more stringent on new construction homes and communities, requiring green space amenities for these large developments.",1,1,0,0,0,0,0,0,1,1,0,0
7009,"More indoor places/activities for kids.",1,1,0,0,0,0,0,0,1,1,0,0
7010,"The mall turned into a senior citizen community. Senior citizen apartments with restaurants, fitness, and activites.",33,15,6,12,10,1,1,8,23,14,5,4
7011,"It is easy to renew a drivers license.",0,0,0,0,0,0,0,0,0,0,0,0
7012,"Better infrastructures/roads and more public schools to keep up with the growth!",1,1,0,0,0,0,0,0,1,1,0,0
7013,"Have an indoor sportsplex with a pool and pickleball courts, etc.",1,1,0,0,0,0,0,0,1,1,0,0
7014,"Improve traffic congestion along Scottsville Rd.",1,1,0,0,0,0,0,0,1,1,0,0
7015,"Rank in the top ten for ‘safest big cities’",33,20,1,12,10,2,1,7,23,18,0,5
7016,"2050 we will shift back to construction of single family home neighborhoods as the city expands into the county.",29,7,8,14,9,4,1,4,20,3,7,10
7017,"Wholesome events held in public spaces, less fear of exposing minors to obscenity exemptions.",31,12,4,15,10,3,1,6,21,9,3,9
7018,"Warren County will remain a rural paradise. Farm fields will be supported, not eradicated. Chaney's style collaboration with the city",30,23,0,7,10,7,0,3,20,16,0,4
7019,"Trees planted in concrete, like in Nashville!",30,12,5,13,10,2,1,7,20,10,4,6
7020,"More parking structures, moving parked cars vertical, and putting plants back in the ground.",1,1,0,0,1,1,0,0,0,0,0,0
7021,"We need culture. This is a culture less city with no soul.",29,7,16,6,8,2,2,4,21,5,14,2
7022,"This already happens twice a year",1,1,0,0,0,0,0,0,1,1,0,0
7023,"We will act justly and love mercy",33,23,1,9,11,5,1,5,22,18,0,4
7024,"I hope the population of the Bowling Green area has fewer people dealing with obesity issues.",31,20,0,11,10,3,0,7,21,17,0,4
7025,"Churches will be publicly valued for the humanitarian efforts with more advertising visible, asking for volunteers and sharing the gospel.",31,10,9,12,9,3,3,3,22,7,6,9
7026,"I hope that flea markets will be thriving in 2050 and will attract more customers.",28,10,3,15,8,1,0,7,20,9,3,8
7027,"We need a strong Christian government need to keep things local.",1,1,0,0,0,0,0,0,1,1,0,0
7028,"We are not a sanctuary city. We are BG.",1,1,0,0,0,0,0,0,1,1,0,0
7029,"I hope that there will be less racism among our law enforcement in the region in the future.",30,13,2,15,10,2,0,8,20,11,2,7
7030,"Please don’t put any greenways thru bad part of town. It’s bad enough even trying to ride bike on Russellville rd.",1,1,0,0,0,0,0,0,1,1,0,0
7031,"More cops on Scottsville Road to stop bad drivers.",29,11,3,15,9,3,1,5,20,8,2,10
7033,"Zoning needs to be stricter. Quite putting rental with single family homes.",33,13,10,10,9,4,2,3,24,9,8,7
7034,"WKU should restrict cars for freshmen and those living in dorms.",27,10,8,9,8,2,3,3,19,8,5,6
7035,"Shake rag shouldn’t be using any tax dollars. It’s history. Let’s move on.",28,3,18,7,8,1,3,4,20,2,15,3
7036,"I hope recycling is offered by all garbage companies at no additional cost.",30,21,3,6,9,3,2,4,21,18,1,2
7037,"We need a super nice corvette hotel, shops and casino. Clean up Louisville rd area.",1,1,0,0,0,0,0,0,1,1,0,0
7039,"We need to bring people who want BG as a 2nd home and 1st home.",1,1,0,0,0,0,0,0,1,1,0,0
7040,"Build nice stuff and keep it nice. Enforce zoning better.",1,1,0,0,0,0,0,0,1,1,0,0
7041,"We will stop having existing local residents' tax money going to support refugees.",31,6,19,6,9,2,2,5,22,4,17,1
7042,"Green space will be preserved including the need to use our native plants and not traditional landscaping.",1,1,0,0,0,0,0,0,1,1,0,0
7043,"All the utilities on Scottsville Re and the Bypass will be underground",1,1,0,0,0,0,0,0,1,1,0,0
7044,"Become a holiday festival town. Christmas, fall, spring. No Ramadan. That’s not festival.",1,1,0,0,0,0,0,0,1,1,0,0
7045,"We need Vertical Take-Off and Landing (VTOL) transportation throughout Bowling Green.",27,5,7,15,9,1,2,6,18,4,5,9
7046,"Plus some relaxing music at all time.",1,1,0,0,0,0,0,0,1,1,0,0
7047,"Father I want to be with you for eternity because your Son made it possible and I don’t want anyone to go to hell by deception Use me daily.",1,1,0,0,0,0,0,0,1,1,0,0
7048,"Re-green with more trees, more bike paths, greenways, riverwalk. Celebrate diversity. Better public transport. Support small businesses.",1,1,0,0,0,0,0,0,1,1,0,0
7049,"I would like to see more options for traveling to and from Bowling Green from those living in surrounding counties.",31,21,0,10,9,3,0,6,22,18,0,4
7050,"The Bowling Green area already has the best law enforcement around. We will keep it that way.",28,11,1,16,9,2,0,7,19,9,1,9
7051,"We'll have more public trash cans in the Shake Rag district.",29,18,1,10,9,2,0,7,20,16,1,3
7052,"We need a ymca",1,1,0,0,1,1,0,0,0,0,0,0
7053,"I hope Bowling Green will be a place where all the residents can afford their groceries.",31,22,0,9,9,3,0,6,22,19,0,3
7054,"We will have a communal makerspace downtown that connects and engages the community with the WKU Department of Art & Design.",30,19,4,7,9,3,2,4,21,16,2,3
7055,"Stop encouraging a city where those with fewer resources are dependent on the government for financial benefits. WORK! Life is good.",30,9,9,12,9,2,2,5,21,7,7,7
7056,"BG will practice smart growth. Do not mow down acres of trees for new subdivisions and then act concerned with no greenery.",1,1,0,0,0,0,0,0,1,1,0,0
7057,"BG needs a university for the working adult trying to return to class. WKU is focused on teenage students with its inflexible schedule.",32,15,1,16,9,3,0,6,23,12,1,10
7058,"We will not be so focused on the next 25 years and instead be focused on the present. BG always has problems that need change immediately!!",29,7,6,16,9,3,0,6,20,4,6,10
7059,"We will have fewer Branford pear trees, replaced by more native plants and trees.",31,27,0,4,9,7,0,2,22,20,0,2
7060,"BG will not allow builders to get away with giving homeowners a terrible product.",32,26,0,6,10,6,0,4,22,20,0,2
7061,"Future development focused on walkable, pleasant spaces to shop, live, eat, including green space & trees (not disjointed parking lots)",1,1,0,0,0,0,0,0,1,1,0,0
7062,"Do do pass the fairness ordinance",1,1,0,0,1,1,0,0,0,0,0,0
7063,"We need a strong Christian government.",31,6,21,4,9,3,4,2,22,3,17,2
7064,"We need to keep our decision-making local.",30,19,0,11,9,3,0,6,21,16,0,5
7065,"Please don’t put any greenways through the bad part of town.",27,1,16,10,8,1,2,5,19,0,14,5
7066,"It will be a safer and better experience riding your bike on Russellville Road.",29,16,2,11,9,0,1,8,20,16,1,3
7067,"Do not allow drag shows under any circumstances",31,6,21,4,10,4,3,3,21,2,18,1
7068,"We will have super nice shops in the Louisville Road area close to the National Corvette Museum.",30,16,0,14,9,2,0,7,21,14,0,7
7069,"Do not allow gay pride festivals or parades Do not allow heterosexual pride festivals or parades",30,6,15,9,10,4,1,5,20,2,14,4
7070,"BG will have a downtown Ferris wheel close to the Hot Rods Stadium.",27,8,12,7,9,2,5,2,18,6,7,5
7071,"We are becoming the largest city in ky, so should we still look small, there needs to be a town square with larger buildings like skyscraper",1,1,0,0,0,0,0,0,1,1,0,0
7072,"In 2050, traffic will be greatly improved. Scottsville road and maybe Campbell lane will be built up as overpasses.",1,1,0,0,0,0,0,0,1,1,0,0
7073,"If BG is going to be huge, we shouldn’t look like other cities, we need to keep BG clean and pretty.",1,1,0,0,0,0,0,0,1,1,0,0
7074,"We’ll have an entire area in the city for foreign immigrants to set up stores to share their cultural foods and traditions",31,11,6,14,9,0,2,7,22,11,4,7
7075,"Private schools will face major growth, so they will need the funding of private schools to keep up",1,1,0,0,0,0,0,0,1,1,0,0
7076,"We need to have an upgraded road system to keep up with all the new cars, traffic is already bad, it will only get worse if nothing changes.",1,1,0,0,0,0,0,0,1,1,0,0
7077,"We need to invest in people 10 years to 30 years because that will be their city",31,18,1,12,9,3,0,6,22,15,1,6
7078,"A city park filled with exotic trees and plants for you to walk thru",32,10,14,8,9,0,5,4,23,10,9,4
7079,"BG will not become woke or transgender",1,1,0,0,0,0,0,0,1,1,0,0
7080,"Panera needs to open both doors at their front entrance. Leaving one locked is a PROBLEM",31,3,10,18,10,2,1,7,21,1,9,11
7081,"BG should be anti woke and transgender and pro Christian",1,1,0,0,0,0,0,0,1,1,0,0
7082,"BG will embrace a four day work week to improve health, work-life balance, and community engagement",1,1,0,0,0,0,0,0,1,1,0,0
7083,"More resources and accessibility for disabled and elderly.",1,1,0,0,0,0,0,0,1,1,0,0
7084,"With the bad weather we get, having power lines buried underground would help in the long run. Also makes the city look a lot nicer!",1,1,0,0,0,0,0,0,1,1,0,0
7085,"We need more children’s activities and indoor play places that are affordable for families.",1,1,0,0,0,0,0,0,1,1,0,0
7086,"Will have worst traffic problem in state.",1,1,0,0,0,0,0,0,1,1,0,0
7087,"Scottsville rd access roads taken away. They create so much confusion and congestion",1,1,0,0,0,0,0,0,1,1,0,0
7088,"annual animal licensing to provide funding for animal shelter.",31,9,8,14,10,1,3,6,21,8,5,8
7089,"noise ordinance in county.",1,1,0,0,1,1,0,0,0,0,0,0
7090,"We need more green spaces and opportunities for outdoor exercise. Circus Square is amazing but need more throughout the city!",0,0,0,0,0,0,0,0,0,0,0,0
7091,"a great bike route around the city and out into the county",1,1,0,0,1,1,0,0,0,0,0,0
7092,"Warren County remains a separate entity from Bowling Green. The county embraces it's rural lifestyle, BG it's urban status.",32,11,8,13,10,7,1,2,22,4,7,11
7093,"An ordinance should exist that requires garbage cans to be moved off the street within 48 hours of trash pickup.",31,15,5,11,9,4,1,4,22,11,4,7
7094,"More trees in parking lots",1,1,0,0,1,1,0,0,0,0,0,0
7095,"Existing requirement for commercial new construction to plant trees should be expanded to include keeping them alive for 2 years or replace.",30,20,1,9,9,2,0,7,21,18,1,2
7096,"We really need an amphitheater! Smaller cities around us have them and we don’t. We are letting others get ahead of us!",1,1,0,0,1,1,0,0,0,0,0,0
7097,"I hope to see a community and its leaders more focused on quality of life than economic expansion.",32,20,1,11,9,5,0,4,23,15,1,7
7098,"Encourage Christian movement and festivals for bible studies and spreading the gospel",32,9,16,7,9,3,3,3,23,6,13,4
7099,"City will conduct an urban forestry canopy assessment and initiate and follow a program to significantly increase the tree canopy percentage",32,28,0,4,9,7,0,2,23,21,0,2
7100,"senior living neighborhoods 55 years and up",1,1,0,0,1,1,0,0,0,0,0,0
7101,"Bring God back to public schools",31,7,18,6,9,2,3,4,22,5,15,2
7102,"More funding for our animal shelter. More animal control officers.",1,1,0,0,1,1,0,0,0,0,0,0
7103,"For us too lower the taxes and have more job opportunities have more school",0,0,0,0,0,0,0,0,0,0,0,0
7104,"we need to have more turf soccer fields and soccer fields with lights.",0,0,0,0,0,0,0,0,0,0,0,0
7105,"more job opportunities for young people",31,23,1,7,9,4,0,5,22,19,1,2
7106,"More job opportunities for tens",1,1,0,0,0,0,0,0,1,1,0,0
7107,"International airport needed",0,0,0,0,0,0,0,0,0,0,0,0
7108,"Public bus needed",0,0,0,0,0,0,0,0,0,0,0,0
7109,"BG is been growing a lot especially for the past 3 years massively increasing due to that I hope we can do something about the road",1,1,0,0,0,0,0,0,1,1,0,0
7110,"More jobs available",0,0,0,0,0,0,0,0,0,0,0,0
7111,"Need city bus to help people who don’t have transportation",0,0,0,0,0,0,0,0,0,0,0,0
7112,"I need International airport And bus",0,0,0,0,0,0,0,0,0,0,0,0
7113,"More safety and help for immigrants",32,17,7,8,9,1,4,4,23,16,3,4
7114,"Bowling Green should host an international conference once a month focusing on mentoring youths from marginalized communities.",29,11,4,14,8,1,2,5,21,10,2,9
7115,"I see more saved people in bg",32,9,11,12,9,3,3,3,23,6,8,9
7116,"We need airport!!!",1,1,0,0,0,0,0,0,1,1,0,0
7117,"Preventing sink holes",1,1,0,0,0,0,0,0,1,1,0,0
7118,"I want to see more security in traffic and school",1,1,0,0,0,0,0,0,1,1,0,0
7119,"We need more transportation for the international community, both in Bowling Green and connecting to other major cities",27,12,4,11,8,0,3,5,19,12,1,6
7120,"More greenery, more trees, more shade, more biking and walking trails, less concrete landscapes.",1,1,0,0,0,0,0,0,1,1,0,0
7121,"We should have public transportation bus more like bigger city.",0,0,0,0,0,0,0,0,0,0,0,0
7122,"More safe people",1,1,0,0,0,0,0,0,1,1,0,0
7123,"Bowling Green should have a cultural town or night market where people can share and celebrate their international foods, clothings etc..",31,21,2,8,9,1,2,6,22,20,0,2
7124,"So many people who don’t have vehicles it’s very hard for them to get ride. We should have good public transportation within the city.",0,0,0,0,0,0,0,0,0,0,0,0
7125,"Bowling Green needs more job opportunities for non English speaking people. We are capable of the work but most jobs require English.",31,14,8,9,9,0,4,5,22,14,4,4
7126,"Bowling Green needs good public transportation",0,0,0,0,0,0,0,0,0,0,0,0
7127,"Prioritize making these changes through crowdfunding and not heavier taxation.",32,11,8,13,10,6,0,4,22,5,8,9
7128,"In 2050 I want to see an airport in bowling green.",0,0,0,0,0,0,0,0,0,0,0,0
7129,"I would like to see more fun gatherings with international communities rather than just once a year.",32,22,2,8,9,1,2,6,23,21,0,2
7130,"We want to attract people who move here and consider Bowling Green their home.",31,17,3,11,9,2,2,5,22,15,1,6
7131,"We want to attract people to have their second home in Bowling Green.",28,4,8,16,9,2,2,5,19,2,6,11
7132,"I’d love to see Bowling Green become a greener, more vibrant city and more life-full!",0,0,0,0,0,0,0,0,0,0,0,0
7133,"We will have more bike lanes and bike trails.",1,1,0,0,0,0,0,0,1,1,0,0
7134,"I would love to see our city have an arts district for music, theater, dance, and visual arts.",0,0,0,0,0,0,0,0,0,0,0,0
7135,"We need sidewalks along Indian Hills Dr.",30,14,4,12,9,1,0,8,21,13,4,4
7136,"Bowling Green needs more public infrastructure such as roads with better traffic flow management",1,1,0,0,0,0,0,0,1,1,0,0
7137,"Need to diversify new business brought to the area outside of gas stations, liquor stores, and dollar generals. General entertainment needed",1,1,0,0,0,0,0,0,1,1,0,0
7138,"Intentionally set aside nature public spaces for walking, pets, kids, and general outdoor activities. Denver metro method is a good example",31,24,1,6,9,4,0,5,22,20,1,1
7139,"Bigger hub for classical music and opportunities in BG for budding musicians/artists",31,17,1,13,9,1,1,7,22,16,0,6
7140,"Train service to bigger city hubs, especially to airports in Louisville and Nashville",1,1,0,0,0,0,0,0,1,1,0,0
7141,"Due diligence toward prioritizing our elected managers align their interests for the good of the entire city, not just their personal wants.",31,20,1,10,9,4,0,5,22,16,1,5
7142,"More private school options and a Montessori elementary school",1,1,0,0,0,0,0,0,1,1,0,0
7143,"BG needs more outside activities. Sports complex, top golf, go carts, pins mechanical for adults, outdoor auditorium for music.",1,1,0,0,0,0,0,0,1,1,0,0
7144,"Stop waltzing in immigrants and refugees who will never adapt to our culture. Then sensationalizing them for bringing their culture to us.",1,1,0,0,0,0,0,0,1,1,0,0
7145,"Homeless, pan handling need to be handled.",0,0,0,0,0,0,0,0,0,0,0,0
7146,"Show interest in enforcing the laws we already have such as leash laws, fireworks laws, nuisance laws, noise limits and trespassing laws.",32,25,1,6,9,6,0,3,23,19,1,3
7148,"Less fast food, more farm to table restaurants, more support for our farmer’s markets",1,1,0,0,0,0,0,0,1,1,0,0
7149,"Higher pay for WKU professors, so we can continue to attract talent and build our university town",1,1,0,0,0,0,0,0,1,1,0,0
7150,"By 2030, autonomous robotaxis will be transporting people here in Bowling Green. Lots of people will stop driving and will sell their cars.",30,6,15,9,10,1,4,5,20,5,11,4
7151,"Dolly Parton’s song that is locked away until 2045..will be featured in  a look back at BG2045.",31,4,5,22,10,2,2,6,21,2,3,16
7152,"Virtually everyone will have a humanoid robot to respond to their needs. These robots will do the majority of the work that we do now.",32,3,18,11,10,2,3,5,22,1,15,6
7153,"We need more bike friendly roads. We need more healthy restaurants rather than fast food restaurants. We need better STEAM, Magnet schools.",0,0,0,0,0,0,0,0,0,0,0,0
7154,"No more mosques in bowling green.",1,1,0,0,0,0,0,0,1,1,0,0
7155,"Go metro",1,1,0,0,0,0,0,0,1,1,0,0
7156,"Mayor should have hurried power lines. Maybe he will rethink that and make our city look better.",1,1,0,0,0,0,0,0,1,1,0,0
7157,"The houses near Wku need to be restored and look eirfant.",1,1,0,0,0,0,0,0,1,1,0,0
7158,"Work with st. Jude to build a campus up here.  Genetics!!",30,8,4,18,9,2,0,7,21,6,4,11
7159,"Let’s make our city more elegant!  Just like green hills in Nashville to.",31,13,2,16,9,3,0,6,22,10,2,10
7160,"Pass the Fairness Ordinance or a sanctuary ordinance for LGBTQ+ Kentuckians to safely work, live, and play in BG.",1,1,0,0,0,0,0,0,1,1,0,0
7161,"Our private schools will face major growth, so we will need to find new methods to fund them to keep up with that growth.",30,6,14,10,9,1,4,4,21,5,10,6
7162,"The arts are a vital part of a community, and is absolutely essential for our children to have a part of",30,24,1,5,8,3,1,4,22,21,0,1
7163,"It may cause our property tax to go up, but the benefit of having lower response times could be the difference between life and death",1,1,0,0,0,0,0,0,1,1,0,0
7164,"BG will not be known as a place supportive of transgenderism.",28,8,14,6,9,3,2,4,19,5,12,2
7165,"animal ordinance in the county that is specific and enforceable",30,20,2,8,10,5,0,5,20,15,2,3
7166,"Developers and residents who chose to build out in the country are financially responsible for maintaining their commuter roads.",30,9,6,15,9,0,3,6,21,9,3,9
7167,"We'll have more animal control officers.",29,18,2,9,9,2,1,6,20,16,1,3
7168,"Based on the posts here, I hope that by 2050 Christians read their Bibles.",29,15,6,8,9,3,3,3,20,12,3,5
7169,"We will lower local taxes.",30,9,10,11,9,4,1,4,21,5,9,7
7170,"I want BG to be a place where citizens are safe, we are paid a living wage and we care for the most vulnerable people generously.",1,1,0,0,0,0,0,0,1,1,0,0
7171,"We will have soccer fields with lights.",30,16,4,10,9,2,1,6,21,14,3,4
7172,"We will have a senior citizen center located on the bus route.",31,20,2,9,9,2,0,7,22,18,2,2
7173,"WE NEED PUT PUT",1,1,0,0,0,0,0,0,1,1,0,0
7174,"We need to make dog parks in kentucky",1,1,0,0,1,1,0,0,0,0,0,0
7175,"We will not sensationalize immigrants for bringing their culture to us.",30,4,10,16,9,1,2,6,21,3,8,10
7176,"Some of the historic houses near WKU need to be restored to look elegant once again.",30,22,0,8,9,5,0,4,21,17,0,4
7177,"Fewer panhandlers !  People begging for money at Exit 22 & every intersection in BG sends wrong message. Zero panhandling in the future.",1,1,0,0,0,0,0,0,1,1,0,0
7178,"More events / concerts / music on Historic Fountain Square in lieu of Circus Square !",31,12,8,11,9,2,2,5,22,10,6,6
7179,"Block off Fountain Square on weekends from 7 to midnight & allow bands to play on street in front of bars in the Entertainment District",31,18,2,11,9,5,1,3,22,13,1,8
7180,"Better traffic signals / signage on Fountain Square to counter the removal of inside turning lane. (Big Mistake)  Turn Left on Red signs,etc",30,6,5,19,9,2,0,7,21,4,5,12
7181,"We need more organizations that work with individuals on the autism spectrum including education and sports",30,20,1,9,9,3,0,6,21,17,1,3
7182,"Make lower Main Street one way from College St to Center Street in the direction of Center. Main & College St intersection not good now.",31,4,7,20,9,0,1,8,22,4,6,12
7183,"I have perfect location for Parking Structure downtown. Land can be purchased for under a million. I am a Realtor - contact me.",1,1,0,0,0,0,0,0,1,1,0,0
7184,"We will have more than one commercial kitchen for small businesses.",30,16,2,12,10,1,1,8,20,15,1,4
7185,"A sanctuary city for migrants.",0,0,0,0,0,0,0,0,0,0,0,0
7186,"San Francisco Trolley Car from Cherry Hall to Fountain Square. Transport WKU Students via Trolley Car to downtown & back.",30,14,5,11,9,2,1,6,21,12,4,5
7187,"We will have more artistic classes for adults. Door hangers, canvas, cooking class, pottery, photography. Could also be adapted for children",31,18,2,11,10,1,1,8,21,17,1,3
7188,"Utilize local high school marching bands,have more parades downtown that will culminate on Fountain Square, possibly with Fall pep rallies",31,14,5,12,9,1,4,4,22,13,1,8
7189,"Study By-Pass / Broadway intersection.  Currently a nightmare.",30,18,2,10,9,3,0,6,21,15,2,4
7190,"Remove Bicycle Lanes downtown & on By-Pass. There are 0 bicycles using these lanes & they’re confusing. Cycle at your own risk as always.",30,8,19,3,9,4,3,2,21,4,16,1
7191,"We need a central location for a senior center, so seniors can age in place and be actively interacting.",0,0,0,0,0,0,0,0,0,0,0,0
7192,"Move Airport & develop land with skyscrapers.",30,9,8,13,9,2,1,6,21,7,7,7
7193,"We need excellent transportation to get seniors and disabled folks  out and about.",0,0,0,0,0,0,0,0,0,0,0,0
7194,"Growing cities need a full service YMCA",0,0,0,0,0,0,0,0,0,0,0,0
7195,"We do not need a fairness ordinance.",1,1,0,0,1,1,0,0,0,0,0,0
7196,"All new multi floor buildings will have elevators that allow EMS stretchers to be able to fit in them",30,17,0,13,10,2,0,8,20,15,0,5
7197,"Move the BG/WC Airport to the Trans Park",1,1,0,0,1,1,0,0,0,0,0,0
7198,"BG/WC leaders will be aggressive in building the infrastructure, utilities, law enforcement, fire, EMS to accommodate the growth",1,1,0,0,1,1,0,0,0,0,0,0
7199,"More practical bike paths and walkways. It would be wonderful to be able to ride from downtown to 3 springs, the mall, Wku",1,1,0,0,0,0,0,0,1,1,0,0
7200,"We may not be able to afford it but a trolly system on actual rails to get around. Esp when it snows!",31,12,4,15,9,0,2,7,22,12,2,8
7201,"The public library must become self supporting and not be relying upon taxes",30,4,21,5,10,3,3,4,20,1,18,1
7202,"We need a sign ordinance for new businesses.  Similar to Cary, NC",31,14,3,14,10,2,2,6,21,12,1,8
7203,"Remove access road along Scottsville Rd. corridor.",1,1,0,0,1,1,0,0,0,0,0,0
7204,"Non-alcoholic centric entertainment during the day and night. Main Event, Dave & Busters, comedy clubs, etc.",1,1,0,0,0,0,0,0,1,1,0,0
7205,"BG will have an indoor waterpark that is open year round.",1,1,0,0,0,0,0,0,1,1,0,0
7206,"More assistance for special needs children in public schools.",1,1,0,0,1,1,0,0,0,0,0,0
7207,"24 hour childcare",30,14,3,13,9,1,1,7,21,13,2,6
7208,"Bowling Green to have more inclusive spaces for the LGBT+ community.",1,1,0,0,0,0,0,0,1,1,0,0
7209,"PED bridge over Scottsville Rd",1,1,0,0,0,0,0,0,1,1,0,0
7210,"More drag shows!",31,11,8,12,9,3,2,4,22,8,6,8
7211,"A walkable shopping district. Maybe some apartments and diverse nightlife options all within walking distances.",1,1,0,0,0,0,0,0,1,1,0,0
7212,"Making BG less car-centric and more walking options.",1,1,0,0,0,0,0,0,1,1,0,0
7213,"Take some notes from Nashvilles book and let’s brand ourselves as a tourist destination for all age groups (not rich people w/ corvettes)",31,14,2,15,9,2,1,6,22,12,1,9
7214,"Skypac needs to be busier too nice a place to have such few shows",1,1,0,0,0,0,0,0,1,1,0,0
7215,"I believe that multiple,   public tornado shelters should be made available asap for the city of BG.",30,20,1,9,9,0,1,8,21,20,0,1
7216,"BG streets & roadways need modification to current design..too many round a bouts; only one lane of traffic on Bypass & down town streets.",0,0,0,0,0,0,0,0,0,0,0,0
7217,"I and many of my friends would love it if the mall stayed open later like it used to! More jobs and then those of us that work late can go!",30,8,4,18,9,2,0,7,21,6,4,11
7218,"Would love to see a Golden Corral locate in BG. Would be great for large families who have  different food preferences.",0,0,0,0,0,0,0,0,0,0,0,0
7219,"More queer inclusive!!!!",1,1,0,0,0,0,0,0,1,1,0,0
7220,"BG will have a fully functional bus service system",0,0,0,0,0,0,0,0,0,0,0,0
7221,"Residents of BG deserve well maintained city streets. It is difficult to drive in BG & not hit 3 or 4 potholes every time folks  leave home.",0,0,0,0,0,0,0,0,0,0,0,0
7222,"The people of BG deserve local hospitals willing to invest in modern facilities, tools, & medical professionals.",1,1,0,0,0,0,0,0,1,1,0,0
7223,"No homeless, no jobless in Bowling Green.",0,0,0,0,0,0,0,0,0,0,0,0
7224,"Move the mosques out of town. We are a Christ city center.",1,1,0,0,0,0,0,0,1,1,0,0
7226,"Need to tear down and clean up the old houses in downtown. Make the area more efficient, safe and attractive.",31,7,10,14,9,2,1,6,22,5,9,8
7227,"More residential areas with gates!",31,6,15,10,9,1,2,6,22,5,13,4
7228,"Replace cheap looking stop signs with black decorative poles.",31,12,6,13,9,4,0,5,22,8,6,8
7229,"Glow in the dark paint for lines, and markings. Let’s be the leader in the state for that. See if it helps with wrecks.",1,1,0,0,0,0,0,0,1,1,0,0
7230,"WKU should focus on building up or adequately developing and redeveloping their current buildings without sprawling further into BG",30,21,0,9,9,5,0,4,21,16,0,5
7231,"Have street signs hanging next to stop lights not on corners.",30,11,1,18,9,1,0,8,21,10,1,10
7232,"Replace dangling stop lights with nice decorative poles. It cleans up the eye site for the city.",31,13,2,16,9,4,0,5,22,9,2,11
7233,"Our crime increased with migrants. There needs to be education or we  don’t take any more.",1,1,0,0,0,0,0,0,1,1,0,0
7234,"Encourage more homeschooling and private schools.",1,1,0,0,0,0,0,0,1,1,0,0
7235,"The LGBTQIA+ community should be extended protections similarly to other minority groups instead of being ignored/dismissed by local govt.",1,1,0,0,0,0,0,0,1,1,0,0
7236,"Clean up section 8 on Gordon ave and Delafiekd.,",1,1,0,0,0,0,0,0,1,1,0,0
7237,"Veterans blvd needs to be patrolled more. To many speeders",1,1,0,0,0,0,0,0,1,1,0,0
7238,"No more apartments.",31,4,13,14,9,1,2,6,22,3,11,8
7239,"Celebrate bowling greens true foundations.",1,1,0,0,0,0,0,0,1,1,0,0
7240,"Relocate  homeless panhandlers that don’t want to better themselves.",1,1,0,0,0,0,0,0,1,1,0,0
7241,"No more trailer parks.",31,15,5,11,9,4,1,4,22,11,4,7
7242,"There should be a representative board outside of political office that represent various communities as liaisons to give suggestions",30,15,0,15,9,1,0,8,21,14,0,7
7243,"Remove trailer park neighborhoods out of city.",30,12,6,12,9,3,1,5,21,9,5,7
7244,"No Muslim festivals.",30,3,20,7,9,2,3,4,21,1,17,3
7245,"Christmas festivals.",1,1,0,0,0,0,0,0,1,1,0,0
7246,"Close Weldon Pete park. It’s just an unsafe area.",1,1,0,0,0,0,0,0,1,1,0,0
7247,"Griffin park needs updating.",1,1,0,0,0,0,0,0,1,1,0,0
7248,"Newer up to date koa not on three springs rd. Maybe near camping world.",1,1,0,0,0,0,0,0,1,1,0,0
7249,"Stop light in front of foundation Christian academy. It’s a great school.",30,3,8,19,9,1,3,5,21,2,5,14
7250,"Build a newer planetarium for BG.",31,16,2,13,9,4,0,5,22,12,2,8
7251,"Tear down the cheap hotels out scottsville rd and replace with more modern facilities. We want our town to look great.",30,10,3,17,9,2,0,7,21,8,3,10
7252,"More giant USA flags at every exit.",30,4,16,10,9,1,2,6,21,3,14,4
7253,"Have BG flags for sale at many locations.",31,11,7,13,9,0,4,5,22,11,3,8
7254,"Old folks drivers school to see if they can still drive.",30,13,3,14,9,2,1,6,21,11,2,8
7255,"More quality retirement facilities.",1,1,0,0,0,0,0,0,1,1,0,0
7256,"Get dmv figured out. It’s always busy and no good seating.",1,1,0,0,0,0,0,0,1,1,0,0
7257,"Police on horses downtown.",30,8,12,10,9,0,4,5,21,8,8,5
7258,"More trolleys",1,1,0,0,0,0,0,0,1,1,0,0
7259,"BG will develop more industries on the opposite side of the railroad tracks",31,19,0,12,9,3,0,6,22,16,0,6
7260,"Walking and biking infrastructure along our main roads to decrease our dependency on cars",1,1,0,0,0,0,0,0,1,1,0,0
7261,"I hope BG will be more intentional with planning to combat urban sprawl and car dependency",1,1,0,0,0,0,0,0,1,1,0,0
7262,"Scottsville rd is the corridor of our city. We should invest to make it more accessible, aesthetically pleasing and better air quality",1,1,0,0,0,0,0,0,1,1,0,0
7263,"More AFFORDABLE housing",1,1,0,0,0,0,0,0,1,1,0,0
7264,"Refugees and immigrants find belonging, safety and freedom always.",30,21,1,8,9,3,1,5,21,18,0,3
7265,"I really hope the county and city will have combined into a Metro Government.   This should be more efficient and cost saving.",1,1,0,0,1,1,0,0,0,0,0,0
7266,"Hoping we will have train service and flights to and from Bowling Green.",1,1,0,0,1,1,0,0,0,0,0,0
7267,"Government and investors will use vacant buildings and mall for various activities - pickle ball courts, ice rink, family activities, etc.",30,18,0,12,10,3,0,7,20,15,0,5
7268,"Bg will put the bypass back like it was",1,1,0,0,0,0,0,0,1,1,0,0
7269,"If we are going to try to attract musical artists, it would look more like Red Rock than Bridgestone.",31,13,2,16,10,3,1,6,21,10,1,10
7270,"Develop a nightlife that would attract people of all ages to want to come to and stay in BG instead of traveling else where",1,1,0,0,0,0,0,0,1,1,0,0
7271,"That we have attracted higher paying jobs and that we still have green space and not just be a city of apartments.",0,0,0,0,0,0,0,0,0,0,0,0
7272,"Bowling Green will have magnet schools to provide advanced education for students who show proficiency in STEAM subjects.",1,1,0,0,0,0,0,0,1,1,0,0
7273,"There needs to be a serious effort to teach English the International community. Just bringing people here to exploit them is wrong!",1,1,0,0,0,0,0,0,1,1,0,0
7274,"Bring back electric cable cars!",1,1,0,0,0,0,0,0,1,1,0,0
7275,"The City & WKU will give back what they wrongfully took from the once thriving Jonesville Community.",30,9,4,17,9,1,1,7,21,8,3,10
7276,"In 2050, BG will not be clearly divided by the railroad tracks. We will have more integrated communities.",1,1,0,0,0,0,0,0,1,1,0,0
7277,"Bowling Green will resolve the outrageous cost of rent to income ratio. Either lower rent or higher pay.",1,1,0,0,0,0,0,0,1,1,0,0
7279,"I hope it has turned more into a Nash. We got all this farm land and yet the best thing kids can do is go to cookout.",0,0,0,0,0,0,0,0,0,0,0,0
7280,"Ponds, New mall, Skyzone, Dave and Buster, Topgolf, Sports team. I mean just get this farm land out of here. There’s so much $ to be made",0,0,0,0,0,0,0,0,0,0,0,0
7281,"BG will have larger better funded nursing homes with better paid staff ensuring better care of elderly.",1,1,0,0,0,0,0,0,1,1,0,0
7282,"BG will have a museum dedicated to the African American contributions to the city - Jonesville, ""Chitlin' Circuit, Civil War, and more.",30,19,1,10,9,2,1,6,21,17,0,4
7283,"BG will focus on beautification and including small attractions to low-income neighborhoods instead gentrifying or destroying them.",30,23,0,7,9,3,0,6,21,20,0,1
7284,"Need a Costco",0,0,0,0,0,0,0,0,0,0,0,0
7285,"A conveniently located senior citizens center… Perhaps near the mall area",29,19,1,9,9,3,0,6,20,16,1,3
7286,"What even is this?!! No!! 🙄",1,1,0,0,1,1,0,0,0,0,0,0
7287,"Bowling Green will be a recognized leader in public education with all high school graduates going to either WKU or SKY depending",30,9,5,16,9,1,1,7,21,8,4,9
7288,"BG introduces national standards for private and homeschooling with rigorous oversight.",30,11,7,12,9,1,3,5,21,10,4,7
7289,"WKU puts its money in academic, not sports. Cherry Hall is renovated to improve issues but not gutted and destroyed by fads in architecture",30,22,2,6,9,6,1,2,21,16,1,4
7290,"I think our refugees/ immigrants have added to the culture of BG.  Over time they have mostly contributed in a positive way to the economy.",1,1,0,0,0,0,0,0,1,1,0,0
7291,"BG could be a leader in transitioning into a more walkable city. More public transportation and less cars.",1,1,0,0,0,0,0,0,1,1,0,0
7292,"BG could be less stinky and invest in a better sewage system that doesn't pollute the air in the more lower income side of town.",1,1,0,0,0,0,0,0,1,1,0,0
7293,"BG could be a destination with plenty of green spaces & third places for citizens to spend time at. Bring back third places!",1,1,0,0,0,0,0,0,1,1,0,0
7294,"As long as American flags represent all residents.  I've seen this symbol becoming a political statement rather than a patriotic one.",1,1,0,0,0,0,0,0,1,1,0,0
7295,"BG could be a city that invests more into it's lower income side of town (like Glen Lily or Delafield). That side of town feels neglected.",1,1,0,0,0,0,0,0,1,1,0,0
7296,"We already have too many refugees. Concentrate on US residents.",1,1,0,0,1,1,0,0,0,0,0,0
7297,"There might be more festivals & special events of merit, but we do have a good # now.",1,1,0,0,0,0,0,0,1,1,0,0
7298,"BG could be an example of how DEI is beneficial to keep workers protected and allow everyone an equal opportunity in the workforce.",30,16,6,8,9,2,2,5,21,14,4,3
7299,"Agree but only the ones in TRUE NEED!",1,1,0,0,1,1,0,0,0,0,0,0
7300,"BG could be the place to be! More third places for adults to gather that are not just bars or restaurants or shopping.",1,1,0,0,0,0,0,0,1,1,0,0
7301,"BG could be a place with an all-year-round indoor ice skating rink.",1,1,0,0,0,0,0,0,1,1,0,0
7302,"BG could be the hot spot for doctors! More investments into our Healthcare would be extremely beneficial to the community.",1,1,0,0,0,0,0,0,1,1,0,0
7303,"BG could be an area with more affordable housing.",1,1,0,0,0,0,0,0,1,1,0,0
7304,"BG could be know as the city of community and hone in on fostering more events that bring residents together.",30,20,0,10,9,2,0,7,21,18,0,3
7305,"BG could be a train town. Bring the trains home.",1,1,0,0,0,0,0,0,1,1,0,0
7306,"BG could be a hub for arts and more cultural festivities.",1,1,0,0,0,0,0,0,1,1,0,0
7307,"BG could be a great place for you and me. Better accessibility for those differently abled should be a priority.",1,1,0,0,0,0,0,0,1,1,0,0
7308,"BG could be a top edu. city. Invest more into educational programs, pay teachers more, provide more benefits to low income students.",1,1,0,0,0,0,0,0,1,1,0,0
7309,"BG could be a safe place for LGBT+ community and other vulnerable populations.",1,1,0,0,0,0,0,0,1,1,0,0
7310,"Flight from Bowling Green to Atlanta every Tuesday",1,1,0,0,0,0,0,0,1,1,0,0
7311,"Flights from Bowling Green to Atlanta",1,1,0,0,0,0,0,0,1,1,0,0
7312,"Plane rides from Bowling Green to Atlanta",1,1,0,0,0,0,0,0,1,1,0,0
7313,"Commercial flights to Atlanta",1,1,0,0,0,0,0,0,1,1,0,0
7314,"Flights to Atlanta",1,1,0,0,0,0,0,0,1,1,0,0
7315,"Daily flights to Atlanta",1,1,0,0,0,0,0,0,1,1,0,0
7316,"BG could be a city that doesn't push out the lower income class when working on town beautification projects.",30,19,1,10,9,2,0,7,21,17,1,3
7317,"Daily commercial flight options to Atlanta",1,1,0,0,0,0,0,0,1,1,0,0
7318,"Flights to/from Atlanta",1,1,0,0,0,0,0,0,1,1,0,0
7319,"Daily flights to/from ATL",1,1,0,0,0,0,0,0,1,1,0,0
7320,"Commuter daily flights between Bowling Green and Atlanta",1,1,0,0,0,0,0,0,1,1,0,0
7321,"Commuter flights between Bowling Green and Atlanta",1,1,0,0,0,0,0,0,1,1,0,0
7322,"Daily commuter flights between Bowling Green and Atlanta",1,1,0,0,0,0,0,0,1,1,0,0
7323,"Air travel between BG and ATL",1,1,0,0,0,0,0,0,1,1,0,0
7324,"BG will be less bowling, more green, and support more projects focused on sustainability.",1,1,0,0,0,0,0,0,1,1,0,0
7325,"Yes and a rooftop bar!",1,1,0,0,1,1,0,0,0,0,0,0
7326,"Make all panhandling illegal!  Fine them heavily if they do, or require them to buy a pricy permit and require they report and pay taxes.",31,9,9,13,10,4,1,5,21,5,8,8
7328,"Eliminate all homeless encampments and make it illegal for them to live homeless in tents or vehicles.",1,1,0,0,1,1,0,0,0,0,0,0
7329,"There are a lot of dog thefts in Warren county. Theft ring? Find out whyband fix it.",1,1,0,0,1,1,0,0,0,0,0,0
7330,"Increase penalties for all types of crimes. Repeat offenders of any type of major or minor crime  gets serious jail and prison time.",30,7,8,15,10,2,1,7,20,5,7,8
7331,"Increase the budgets for all fire departments",1,1,0,0,1,1,0,0,0,0,0,0
7332,"Increase the budgets for city police and county sheriff's office. Support our officers!",1,1,0,0,1,1,0,0,0,0,0,0
7333,"Lower taxes for senior citizens. Make everyone pay their fair share! Tax panhandling!",1,1,0,0,1,1,0,0,0,0,0,0
7334,"BG 2050 will soar in its popularity and community focused inclusion with family centers that allow all ages and offer family events.",0,0,0,0,0,0,0,0,0,0,0,0
7335,"In 2050 our code enforcement division will be proactive in ALL parts of the city no longer ignoring blight in certain neighborhoods.",30,16,1,13,9,3,0,6,21,13,1,7
7336,"Bowling Green should work to offer more affordable housing options so families can afford to buy their own houses instead of paying rent.",1,1,0,0,0,0,0,0,1,1,0,0
7337,"Would like to see a full service 4-5 star hotel to attract visitors traveling on I-65 to visit our amazing city and increase job growth.",30,15,0,15,9,2,0,7,21,13,0,8
7338,"Merit based teachers pay",30,11,5,14,10,3,2,5,20,8,3,9
7339,"Make county school board accountable to somebody, anybody before they raise our taxes.",29,7,7,15,9,3,0,6,20,4,7,9
7340,"No more strip malls that have the exact same stores and restaurants as every other city.",1,1,0,0,0,0,0,0,1,1,0,0
7341,"To improve property values and housing desirability, apply the same city code enforcement for residential areas outside the city limits.",30,10,6,14,9,1,2,6,21,9,4,8
7342,"Get rid of library tax for people in the county. Stand on their own.",1,1,0,0,0,0,0,0,1,1,0,0
7343,"Bowling Green will be organized to be more pedestrian friendly.",1,1,0,0,0,0,0,0,1,1,0,0
7344,"In 2050, Bowling Green will have a railway connected to Louisville and to Nashville.",1,1,0,0,0,0,0,0,1,1,0,0
7345,"In 2050, Bowling Green will be known for its technology industry that provides long-term jobs/careers and dependable tax base.",1,1,0,0,0,0,0,0,1,1,0,0
7346,"Develop a noise ordinance for the county",1,1,0,0,1,1,0,0,0,0,0,0
7347,"The county will develop an ordinance that prohibits discharging a firearm within areas that has housing within a certain proximity",30,20,2,8,10,5,0,5,20,15,2,3
7348,"We need a unified vision for future development, not just the mentality of “more taxes, sure why not”. Make bg feel like it has community.",30,16,0,14,9,3,0,6,21,13,0,8
7349,"At the very minimum, we need to pass the Fairness doctrine or something similar. Preferably something even more protective.",1,1,0,0,0,0,0,0,1,1,0,0
7350,"More parks and places for people to gather. Bring back third places!",1,1,0,0,0,0,0,0,1,1,0,0
7351,"We need a children's hospital.",1,1,0,0,0,0,0,0,1,1,0,0
7352,"More things for young adults to do outside of bars. We're a college town!",1,1,0,0,0,0,0,0,1,1,0,0
7353,"We need better movie theaters. I'd love an independent one that shows non-blockbuster films like the Belcourt in Nashville!",1,1,0,0,0,0,0,0,1,1,0,0
7354,"Make the city more pedestrian friendly. It would be a ten minute walk for me to get downtown if there were safe walking paths!",1,1,0,0,0,0,0,0,1,1,0,0
7355,"Move the power lines underground, increase greenery and beautify our city.",1,1,0,0,0,0,0,0,1,1,0,0
7356,"Farmers markets year round!",1,1,0,0,0,0,0,0,1,1,0,0
7357,"Fix public school lunch system! Look at Boston as an example- they made a healthy system within the funding budget.",30,13,0,17,9,2,0,7,21,11,0,10
7358,"I would love to see Childrens Science Museum  Like a Sci-Quest.  A team effort between medical partners,WKU, & community.",30,23,0,7,9,4,0,5,21,19,0,2
7359,"We need a full sized indoor ice rink complex, preferably with 2 rinks and other activities (Centennial Sportsplex/Nashville).",1,1,0,0,0,0,0,0,1,1,0,0
7360,"Fairness Act at a minimum",1,1,0,0,0,0,0,0,1,1,0,0
7361,"Need safe places for teens and young people to gather",1,1,0,0,0,0,0,0,1,1,0,0
7362,"Our theaters tend to show the same movies. They haven’t been updated (i.e., bathrooms.) We need a theater with indie films, recliners, & bar",1,1,0,0,0,0,0,0,1,1,0,0
7363,"Elementary/middle/high schools will prioritize mental and physical health and learning to have healthy relationships.",29,21,2,6,9,2,1,6,20,19,1,0
7364,"A hardware store in the Plano/Alvaton area.",30,12,0,18,9,1,0,8,21,11,0,10
7365,"The turn lane in 31W is great, but we also need an additional lane.",1,1,0,0,0,0,0,0,1,1,0,0
7366,"I'd like to see a community that welcomes all and values everything that makes it unique.",0,0,0,0,0,0,0,0,0,0,0,0
7367,"The greenway from downtown BG to Mammoth Cave will be thriving, with small shops accessible intermittently.",1,1,0,0,0,0,0,0,1,1,0,0
7368,"City/county govt restructured so that the boards in charge of approving building and development are elected by the people, not appointed.",30,11,4,15,10,3,0,7,20,8,4,8
7369,"BG will still have clean tap water that is safe and tastes good.",1,1,0,0,0,0,0,0,1,1,0,0
7370,"Residents of the county allowed to vote in city commissioner races, since decisions by city commissioners affect the entire county.",1,1,0,0,1,1,0,0,0,0,0,0
7371,"Test",1,1,0,0,0,0,0,0,1,1,0,0
7372,"VisitBG lists varied activities which is great. Can we add trivia nights, activities at bars/restaurants, art and events young people need.",30,20,0,10,9,3,0,6,21,17,0,4
7373,"BG of 2050 will have independent ambulance services (not just one that’s monopolized) that can better service our growing community.",1,1,0,0,1,1,0,0,0,0,0,0
7374,"Need list of multicultural restaurants including those across the tracks.",30,18,1,11,9,2,1,6,21,16,0,5
7375,"I would like to see BG 2050 with more cutting edge advanced research medical care in our community.",30,22,0,8,10,3,0,7,20,19,0,1
7376,"Need centralized location where food trucks will be on a routine basis and/or routinely updated website listing their locations.",1,1,0,0,0,0,0,0,1,1,0,0
7377,"I would like to see BG 2050 with metal detectors in all public schools and resource officers in all public schools.",1,1,0,0,1,1,0,0,0,0,0,0
7378,"More wooded hiking trails.",29,22,0,7,9,3,0,6,20,19,0,1
7379,"I would like to see BG 2050 with a community wide free/minimal cost household waste recycling program.",1,1,0,0,1,1,0,0,0,0,0,0
7380,"I would like to see BG 2050 have an expansion of our airport to service the community public not just the business executives of BG.",1,1,0,0,1,1,0,0,0,0,0,0
7381,"I prefer light rail service from BG to Nashville.",1,1,0,0,0,0,0,0,1,1,0,0
7382,"Stop building apartments and cookie cutter houses everywhere!!",1,1,0,0,0,0,0,0,1,1,0,0
7383,"We desperately need to build many more community pools.",1,1,0,0,0,0,0,0,1,1,0,0
7384,"Stop ruining farmland by building apartments, banks, etc. BG has lost the majority of our beautiful land already",1,1,0,0,0,0,0,0,1,1,0,0
7385,"I hope by 205 we will have lot of community pools available to citizens. There is no good place for lap swimming in BG.",1,1,0,0,0,0,0,0,1,1,0,0
7386,"A place where arts and crafts can be taught and enjoyed.",0,0,0,0,0,0,0,0,0,0,0,0
7387,"Improve downtown parking",0,0,0,0,0,0,0,0,0,0,0,0
7388,"No marathons or races on main streets or through neighborhoods",30,5,18,7,10,4,3,3,20,1,15,4
7389,"No paid parking lots",1,1,0,0,1,1,0,0,0,0,0,0
7390,"Affordable housing!!",1,1,0,0,0,0,0,0,1,1,0,0
7391,"I would like to see the downtown Square thrive with more places to shop and things to do - for both kids and adults.",1,1,0,0,1,1,0,0,0,0,0,0
7392,"Focused development on city center/downtown; increased foot/bike traffic. This is the only way to attract businesses like Trader Joe’s.",1,1,0,0,1,1,0,0,0,0,0,0
7393,"Healthy and consistent dining options at a local price point. The current options are few and often not at sustainable prices for many.",30,19,0,11,10,3,0,7,20,16,0,4
7394,"It would be awesome to see more retail stores, both local and franchised!",1,1,0,0,0,0,0,0,1,1,0,0
7395,"More weekend activities. Something fun and different to do on the weekend.",1,1,0,0,0,0,0,0,1,1,0,0
7396,"Let's Go Metro",0,0,0,0,0,0,0,0,0,0,0,0
7397,"Revitalize 31-W Bypass",1,1,0,0,0,0,0,0,1,1,0,0
7398,"Bowling Green will have the best Parks and Recreation Department in the state.",30,24,0,6,9,4,0,5,21,20,0,1
7399,"We will have more LEED certified homes and businesses!",30,21,0,9,9,3,0,6,21,18,0,3
7400,"We will add another indoor recreation facility like Buchanan and Ephram White that has an indoor pool, tennis courts, childcare and more!",30,21,0,9,9,4,0,5,21,17,0,4
7401,"In 2050 there will be more parking around the square!!",1,1,0,0,0,0,0,0,1,1,0,0
7402,"We will have an increased number of storm shelters",1,1,0,0,0,0,0,0,1,1,0,0
7403,"Our parks will be safer!!",1,1,0,0,0,0,0,0,1,1,0,0
7404,"I wish we would slow the growth.  We are loosing what is charming and beautiful about this city and area.",0,0,0,0,0,0,0,0,0,0,0,0
7405,"road improvements and mass transit",0,0,0,0,0,0,0,0,0,0,0,0
7406,"We will have a trader joes!!!",1,1,0,0,0,0,0,0,1,1,0,0
7407,"The mall should be expanded",29,2,13,14,9,1,1,7,20,1,12,7
7408,"Would like to be able to walk on the tracks at the local schools.  This would provide a safe location for citizens to improve their health.",30,19,5,6,10,5,2,3,20,14,3,3
7409,"BG should make The Square a little more authentic and make it feel more like classic Bowling Green.",30,16,0,14,9,4,0,5,21,12,0,9
7410,"The thought of the population doubling makes me hope they improve the roads, traffic is already complicated.",0,0,0,0,0,0,0,0,0,0,0,0
7411,"BGHS needs a hockey team",29,5,11,13,9,1,4,4,20,4,7,9
7412,"i want kai cenat",1,1,0,0,1,1,0,0,0,0,0,0
7413,"Lebron kisses everyone on the mouth and we live in harmony",1,1,0,0,0,0,0,0,1,1,0,0
7414,"I need food......, please....... plassem I am so hungry...",1,1,0,0,1,1,0,0,0,0,0,0
7415,"get me out of BG",1,1,0,0,0,0,0,0,1,1,0,0
7416,"BG should rework/expand their roads including Scottsville road and its side roads. They should also invest into more public transit.",0,0,0,0,0,0,0,0,0,0,0,0
7417,"instead of trader joe's BG will have a Fresh Market by 2050.",1,1,0,0,1,1,0,0,0,0,0,0
7418,"Better drainage in areas, so our places don't get flooded",1,1,0,0,0,0,0,0,1,1,0,0
7419,"BG will have more attractive people",30,6,7,17,9,1,1,7,21,5,6,10
7420,"Better haircuts for people",30,6,7,17,9,1,1,7,21,5,6,10
7421,"I would like to see all local parks be renovated and updated. All county parks have outdated and run-down equipment.",30,17,4,9,9,3,1,5,21,14,3,4
7422,"BG will reintroduce and keep recycling programs.",1,1,0,0,0,0,0,0,1,1,0,0
7423,"Absolutely Disagree.  Paducah has tried this idea for years and has been a HUGE failure.   It has been a huge drain on Paducah.",1,1,0,0,0,0,0,0,1,1,0,0
7424,"we do need nutritional education, even if the idea isn't popular. otherwise, in 2050 a common disability will be diabetes-related amputation",30,20,1,9,9,2,1,6,21,18,0,3
7425,"Nashville and Denver have both done studies on how paving natural land too quickly contributed to flooding. Let's learn from this.",30,23,0,7,9,3,0,6,21,20,0,1
7426,"Refugees who can't read and write in their *own* languages should be paired with farming jobs that they can do w/o reading and writing",30,6,3,21,9,1,0,8,21,5,3,13
7427,"I'd like to see a public-private REIT that works as an evergreen fund where a % of returns subsidize the restaurants, small biz, etc we want",1,1,0,0,0,0,0,0,1,1,0,0
7428,"By 2050, Real estate investors will *also* invest in the creative businesses that will drive up their property values AND uplevel the town",30,15,2,13,9,3,1,5,21,12,1,8
7429,"I would like to see a school for crafts like Arrowmount in Gatlinburg Tenn with nationally known craftsman as instructors.",30,19,3,8,9,2,1,6,21,17,2,2
7430,"We'll have planned developments w/ food, shopping, and *multiple types of and pricepoints of housing* like Westhaven, TN (outside Franklin)",30,18,0,12,9,3,0,6,21,15,0,6
7431,"I think we need a school for crafts",1,1,0,0,0,0,0,0,1,1,0,0
7432,"Bowling Green will see more corruption in the form of TIF districts and other various tax payer funded enrichment of citizens in the ""club""",1,1,0,0,1,1,0,0,0,0,0,0
7433,"BG should start growing upwards instead of outwards, to preserve it's rural surroundings, which are an important part of our identify.",30,22,1,7,9,4,0,5,21,18,1,2
7434,"More restaurants with patio seating",1,1,0,0,1,1,0,0,0,0,0,0
7435,"I believe we should have more bike lanes and sidewalks to make the city more walkable and cyclable. This will increase overall health of BG.",1,1,0,0,0,0,0,0,1,1,0,0
7436,"Sam and Colby come and do video",30,1,9,20,9,0,1,8,21,1,8,12
7437,"A craft school where a variety of crafts can be taught for all ages.",1,1,0,0,1,1,0,0,0,0,0,0
7438,"Infrastructure before development paid through impact fees on developers who are profiting from growth.",30,19,0,11,10,3,0,7,20,16,0,4
7439,"Help those who want to  work and contribute in or community, without coddling those looking for a handout only..ie pro panhandlers",1,1,0,0,1,1,0,0,0,0,0,0
7440,"Improved legal environment so more Doctors come to town",30,12,0,18,10,4,0,6,20,8,0,12
7442,"More retirement villages with bungalows for elderly folks who are still very independent but would like community.",30,23,0,7,10,5,0,5,20,18,0,2
7443,"We should be careful that BG doesn’t depend on large manufacturing jobs that we end up anything like Detroit.",29,16,1,12,9,1,0,8,20,15,1,4
7445,"I hate that this town is losing its friendly, warm small town vibe. Too much traffic, building, apartments going up",0,0,0,0,0,0,0,0,0,0,0,0
7446,"I think we need to invest in infrastructure to go along with our growth.  Traffic, and side roads need to be studied to hold traffic.",1,1,0,0,0,0,0,0,1,1,0,0
7447,"Public, indoor aquatic center.",1,1,0,0,0,0,0,0,1,1,0,0
7448,"Montessori Elementary School",1,1,0,0,1,1,0,0,0,0,0,0
7449,"The city should continue to fund local golf courses.",30,12,10,8,10,5,1,4,20,7,9,4
7450,"A large modern community and convention center like Owensboro",30,14,0,16,10,3,0,7,20,11,0,9
7451,"Preserve established neighborhoods by listening to the residents when developers want to build new structures.",30,18,1,11,9,5,0,4,21,13,1,7
7452,"BG 2050 should have more single family homes available for families, not developers or wealthy businessmen that buy them up for rentals.",1,1,0,0,1,1,0,0,0,0,0,0
7453,"Make the zoning board members more representative of the members of the community.",1,1,0,0,0,0,0,0,1,1,0,0
7454,"Do not allow the City of BG to become so big they enforce city ordinances in rural areas.",29,8,4,17,9,2,0,7,20,6,4,10
7455,"BG needs an indoor hockey rink- for roller and/or ice hockey",1,1,0,0,0,0,0,0,1,1,0,0
7456,"BG will expand, but let’s keep room for our farming communities too- don’t turn every spare acreage into apartments or stores!",1,1,0,0,0,0,0,0,1,1,0,0
7457,"More traffic barriers to prevent people from turning and holding up the flow of traffic. Cemetery Rd is a good example.",29,15,0,14,9,2,0,7,20,13,0,7
7458,"Promoting, supporting small business/entrepreneur “grow/develop/accountability” groups where 10-12 folks can learn, grow, share together.",30,19,1,10,10,3,0,7,20,16,1,3
7459,"I hope battery plant re-open again. I will come back to work over there.",0,0,0,0,0,0,0,0,0,0,0,0
7460,"We need more entertainment options for families.",1,1,0,0,1,1,0,0,0,0,0,0
7461,"The future BG will have more transparent information about why impactful decisions are made to help the public understand what is involved.",30,22,0,8,9,3,0,6,21,19,0,2
7462,"Our communities of faith/churches will be even more involved in solving our homeless populations’ shelter, food, clothing, & health needs.",30,19,3,8,10,4,2,4,20,15,1,4
7463,"Incentives & partnerships fostered for local business and industry to train/hire more interns, students to keep them here and not move away",30,20,1,9,10,4,0,6,20,16,1,3
7465,"Bowling Green needs to have a Senior center for it’s residents, one that is easy to get to.",1,1,0,0,0,0,0,0,1,1,0,0
7466,"The 31W Bypass needs to return to 4 lanes to facilitate the flow of traffic.",1,1,0,0,0,0,0,0,1,1,0,0
7467,"More parking spaces need to be provided around the square which can done by revamping the striped areas at each end and in the middle of it.",30,8,7,15,9,3,0,6,21,5,7,9
7468,"Law that every drive thru automatically puts ketchup in your bag.",30,2,18,10,9,0,3,6,21,2,15,4
7469,"More Outdoor gathering & play places for kids and their parents! Maybe more putt putt places with other things to do there for younger kids",0,0,0,0,0,0,0,0,0,0,0,0
7470,"Scottsville Road needs expansion to ease congestion. Adding bike lanes and public transit would be great.",1,1,0,0,0,0,0,0,1,1,0,0
7471,"BG 2050 will have an adventure playground and more nature spaces for kids and families.",1,1,0,0,0,0,0,0,1,1,0,0
7472,"More entertainment places. We don't really have anything besides the movie theaters",1,1,0,0,0,0,0,0,1,1,0,0
7473,"More events like the Mud Run in order to raise money and promote health for BG",30,19,0,11,9,2,0,7,21,17,0,4
7474,"Film festivals in BG would be great and a good opportunity for film majors at WKU",30,21,1,8,9,2,1,6,21,19,0,2
7475,"Making BG a solar city would greatly improve function, especially if storms keep happening like they are",30,13,5,12,9,1,1,7,21,12,4,5
7476,"Make housing cheaper to build",30,10,4,16,9,3,0,6,21,7,4,10
7477,"Bury utilities",1,1,0,0,0,0,0,0,1,1,0,0
7478,"Mix residential housing with businesses.",1,1,0,0,0,0,0,0,1,1,0,0
7479,"Less ""new"" housing and more building and refurbishing the older houses to keep BG's history",1,1,0,0,0,0,0,0,1,1,0,0
7480,"Expand water supply throughout the area to support development.",30,17,3,10,9,3,0,6,21,14,3,4
7481,"Basic level sign language should be offered at schools",30,18,1,11,9,2,1,6,21,16,0,5
7482,"Make it easier to be compensated for private solar panels feeding back into the grid.",30,24,0,6,9,4,0,5,21,20,0,1
7483,"Ensure health care cost transparency.",30,21,0,9,9,2,0,7,21,19,0,2
7484,"Support local clubs and organizations that promote civic and social engagement and capital.",29,21,0,8,8,3,0,5,21,18,0,3
7485,"BG should add some more spooky and adult level Halloween activities after a certain time to allow for older teens/adult to have fun as well",30,14,5,11,9,0,4,5,21,14,1,6
7486,"More activities for teens and families",0,0,0,0,0,0,0,0,0,0,0,0
7487,"More thrift shops that allow for low income families to shop affordably",30,13,3,14,9,1,1,7,21,12,2,7
7488,"""Women"" only areas in public transit. Crimes on women are getting too normalized",30,3,6,21,9,0,1,8,21,3,5,13
7489,"a local version of the abuse/suicide hotlines to allow for our people to be taken care of in a timely manner",30,17,0,13,9,1,0,8,21,16,0,5
7490,"More shops for at-home remedies for those with allergies or problems with insurances",30,12,1,17,9,1,0,8,21,11,1,9
7491,"Use local farmers for food in local businesses so everything is healthier and safer",30,23,0,7,9,4,0,5,21,19,0,2
7492,"More festivals and fairs to bring the community together. Would love to see some local food trucks there",1,1,0,0,0,0,0,0,1,1,0,0
7493,"Indoor sporting facilities such as softball fields, baseball fields and more indoor swimming pools",1,1,0,0,0,0,0,0,1,1,0,0
7494,"Pedestrian friendly infrastructure",1,1,0,0,0,0,0,0,1,1,0,0
7495,"I want BG to upgrade while also keeping a small-town culture. I love seeing churches everywhere. I love seeing families having fun",1,1,0,0,0,0,0,0,1,1,0,0
7496,"It would be great to see a homeless/animal shelter so they have homes together and friends. Would cut down on shelter overcrowding for both",30,12,3,15,9,1,0,8,21,11,3,7
7497,"Trader Joe's, Homegoods, and World Market will be right here in BG!",1,1,0,0,0,0,0,0,1,1,0,0
7498,"A destination place for youth sports. I would like to see more indoor facilities. Imagine more college recruiters recruiting our athletes",30,12,6,12,9,2,1,6,21,10,5,6
7499,"I would like to see pink tax abolished in BG",30,11,3,16,9,1,0,8,21,10,3,8
7500,"Incentives for local businesses.",1,1,0,0,0,0,0,0,1,1,0,0
7501,"Additional FREE parking is necessary for a vibrant downtown.",1,1,0,0,0,0,0,0,1,1,0,0
7502,"Instead of building a new building every time, it would be nice to recycle out-of-business businesses. Spirit Halloween style",1,1,0,0,0,0,0,0,1,1,0,0
7503,"Less problems in the job market. If you say you're hiring, don't leave those who applied in the dust!",30,15,0,15,9,2,0,7,21,13,0,8
7504,"Glow-In-The-Dark road lines to help truck drivers and others traveling at night to see",1,1,0,0,0,0,0,0,1,1,0,0
7505,"More regulation on litter/trash on the roads and parking lots. we only have one planet",30,19,0,11,9,3,0,6,21,16,0,5
7506,"More kids activities: Museum, animal/nature center. Look to Lex Kids Museum & Frankforts Salato & sculpture park for right sized inspo.",1,1,0,0,0,0,0,0,1,1,0,0
7507,"I would love for BG to have a more European feel to it by embracing the locals and nature. We need less concrete and more green",1,1,0,0,0,0,0,0,1,1,0,0
7508,"Mixed use development to enhance community access & interactions, and to promote and allow safe active transportation. Build community hubs!",1,1,0,0,0,0,0,0,1,1,0,0
7509,"Less car washes, lots, and banks. We have too many and we need to focus on more community-friendly ideologies",1,1,0,0,0,0,0,0,1,1,0,0
7510,"Make more events that fund into Bowling Green (Bingo, fun runs, festivals, fairs etc.) to help accomplish the ideas written here by others.",30,17,0,13,9,1,0,8,21,16,0,5
7511,"More plants. We have so much wasted green space by our interstates that can be filled with flowers and other greenery to make BG look better",1,1,0,0,0,0,0,0,1,1,0,0
7512,"Less red tape for new businesses, i.e. landscaping over-design, overlay district, and water quality over-design!",30,6,8,16,10,3,0,7,20,3,8,9
7513,"A ""Kentucky through the years"" tasting to showcase our food throughout the years",30,18,2,10,9,1,2,6,21,17,0,4
7515,"We could really use a fabric store in BG so we wouldn’t have to travel out of the city to find one",30,14,2,14,9,2,1,6,21,12,1,8
7516,"We need a true bathroom remodel company to start from scratch so we don’t have to go to Nashville",30,8,3,19,9,1,1,7,21,7,2,12
7517,"Better traffic on Scottsville road",0,0,0,0,0,0,0,0,0,0,0,0
7518,"Themed ball once/twice a year. It will allow small businesses to showcase what they have and allow for better nightlife and great costumes",30,14,2,14,9,1,1,7,21,13,1,7
7519,"We need a governing party to “umbrella” all of the needs of the homeless",30,12,3,15,9,1,0,8,21,11,3,7
7520,"WCPL should offer some classes to teach our immigrants, or those lacking education, English",30,17,1,12,9,4,0,5,21,13,1,7
7521,"BG would celebrate women in our history like Patsy Sloan and not celebrate Pauline Tabor who exploited women through human trafficking.",30,12,3,15,10,4,1,5,20,8,2,10
7522,"The barter system needs to be brought back in local markets",30,9,8,13,9,1,4,4,21,8,4,9
7523,"By 2050 BG will have corrected the traffic pattern on the 31-W By-Pass, restoring it to 4 or 5 lanes.",1,1,0,0,1,1,0,0,0,0,0,0
7524,"I want BG to be a place where all cultures are represented and treasured.",1,1,0,0,0,0,0,0,1,1,0,0
7525,"Tree planting events to raise money",30,17,1,12,9,2,0,7,21,15,1,5
7526,"Only 20% of Warren Co. residents attend church.  It is my prayer that by 2050 many more in BG will seek the Lord.",1,1,0,0,1,1,0,0,0,0,0,0
7527,"If a business doesn't benefit BG, it should be re-used as something else",30,8,0,22,9,2,0,7,21,6,0,15
7528,"Recycling should be widely dispersed and the money gained from that should go back into BG instead of into pockets",30,19,2,9,9,2,1,6,21,17,1,3
7529,"BG would continue to say no to a Fairness Ordinance, yet continue to offer all citizens equal opportunity.",1,1,0,0,1,1,0,0,0,0,0,0
7530,"Better restroom facilities at our local parks. Portable restrooms are not a replacement for permanent, maintained restrooms.",30,26,0,4,9,5,0,4,21,21,0,0
7531,"Support for Accessory Dwelling Units (""Granny Flats"") in backyards of existing housing.",1,1,0,0,0,0,0,0,1,1,0,0
7532,"Work on traffic now. Don't count on autonomous vehicles by 2050.",1,1,0,0,1,1,0,0,0,0,0,0
7533,"WKU should plow more $ into academics and less on money-losing athletics.  Drop football back to FCS; improve the university's standing.",30,22,3,5,10,7,1,2,20,15,2,3
7534,"City planning that makes it easier to get around, and encourages new, unique businesses to exist outside of Campbell Ln/Scottsville Rd.",1,1,0,0,0,0,0,0,1,1,0,0
7535,"More investment in the arts & theater, so we can retain the incredible talent developed here, as opposed to them leaving for larger cities.",30,17,2,11,9,1,1,7,21,16,1,4
7536,"Right now immigrants need verified. They move multi families into a single residence home and don’t know how to acclimate.",1,1,0,0,0,0,0,0,1,1,0,0
7537,"BG needs a Fairness Ordinance.      We need a Trader Joe’s sooner than later.  Downtown needs more parking",0,0,0,0,0,0,0,0,0,0,0,0
7538,"Christmas be bigger than ever!",30,12,4,14,9,3,0,6,21,9,4,8
7539,"Have the whole town put up an American flag on 4th of jukie.",1,1,0,0,0,0,0,0,1,1,0,0
7540,"Need sidewalks on rest of Smallhouse",1,1,0,0,0,0,0,0,1,1,0,0
7541,"Mayor needs to get on board with burying utilities.",1,1,0,0,0,0,0,0,1,1,0,0
7542,"Require weekly tv updates from the mayor about what is going.",30,5,9,16,9,1,1,7,21,4,8,9
7543,"I want to see BG lead the state in innovative ideas that enable Kentucky to flourish in the future.",30,19,0,11,9,2,0,7,21,17,0,4
7544,"Stop light at 3 springs and Smallhouse",1,1,0,0,0,0,0,0,1,1,0,0
7545,"English speaking town",30,7,13,10,9,3,2,4,21,4,11,6
7546,"Clean up crappy houses and neighborhoods.",1,1,0,0,0,0,0,0,1,1,0,0
7547,"Have WKU festival downtown",30,11,6,13,9,3,2,4,21,8,4,9
7548,"Build bigger diddle arena",30,5,14,11,9,2,3,4,21,3,11,7
7549,"Get the homeless off streets and around church’s and corners.",30,9,5,16,9,1,1,7,21,8,4,9
7550,"No more rentals! Make the town what we want it to be.",1,1,0,0,0,0,0,0,1,1,0,0
7551,"Have a Robert Moore day! He founded Bowking green!",30,4,4,22,9,0,2,7,21,4,2,15
7552,"Have statues of important people. John carpenter, Robert Moore,",30,7,8,15,9,0,3,6,21,7,5,9
7553,"Bg does not need any more refugees. We have to take care of our own, I’m sorry.",1,1,0,0,0,0,0,0,1,1,0,0
7554,"No more rehab houses bought in neighborhoods that are single residence. You end up with 3-5 families in one house. That’s not zoning.",30,8,5,17,9,1,0,8,21,7,5,9
7555,"Bigger jail",1,1,0,0,0,0,0,0,1,1,0,0
7556,"On more refugees till they learn to assimilate. Turning nice houses into 3rd world messes up everything we work so hard for.",1,1,0,0,0,0,0,0,1,1,0,0
7557,"8-10 cars in rehires driveways because our tax dollars has given them funds.  Not cool.",1,1,0,0,0,0,0,0,1,1,0,0
7558,"Deport all ILLEGAL IMMIGRANTS",0,0,0,0,0,0,0,0,0,0,0,0
7559,"Stop letting repeat criminals out of jail with a slap on the wrist",0,0,0,0,0,0,0,0,0,0,0,0
7560,"Make sure all licensed drivers have had drivers training",29,17,0,12,9,2,0,7,20,15,0,5
7561,"Every wreck that occurs, check all cellphones to see if they were texting or messaging or talking on their phones at the time of the wreck.",29,10,3,16,9,1,0,8,20,9,3,8
7562,"Municipal ambulance service.",1,1,0,0,0,0,0,0,1,1,0,0
7563,"New modern Movie theatre. With dine in option",1,1,0,0,1,1,0,0,0,0,0,0
7564,"Home goods store and tj maxx combined where big lots is",30,3,11,16,10,2,1,7,20,1,10,9
7565,"Two lane road through Plano all the way to 240 and put an exit to interstate there.",30,8,6,16,10,2,0,8,20,6,6,8
7566,"More year round entertainment like top golf that’s actually nice. Not just a putt putt that will be trash in 5 years.",1,1,0,0,1,1,0,0,0,0,0,0
7567,"I think we already do...ive never seen someone not get protected because of their ""gender identity""...",1,1,0,0,0,0,0,0,1,1,0,0
7568,"This is 100% agree on..we need to keep the homeless off these pathways for safety of the community...",1,1,0,0,0,0,0,0,1,1,0,0
7569,"I think condos aren't the right way to go...BG median income just can't do that..we need to focus on affordable housing for middle income...",1,1,0,0,0,0,0,0,1,1,0,0
7570,"This comment purely racist and not a reflection of how people feel about immigrants community. Though, some study could help...",1,1,0,0,0,0,0,0,1,1,0,0
7571,"I dig it but it'd need have a police patrol prince as well as fire safety features...cool thought tho...",1,1,0,0,0,0,0,0,1,1,0,0
7572,"Can't stop progress but you can definitely try to maintain the small town vibe..hard to when you're the 3rd largest city in ky...",1,1,0,0,0,0,0,0,1,1,0,0
7573,"It really is already...though, we could do more as far as connecting incoming immigrants with existing communities..",1,1,0,0,0,0,0,0,1,1,0,0
7574,"Expand services and opportunities for disabled",1,1,0,0,0,0,0,0,1,1,0,0
7575,"Again, hateful stuff that doesn't reflect the entirety of BG...They don't harm you and you don't have to be in down town when they are..deal",1,1,0,0,0,0,0,0,1,1,0,0
7576,"SF can't even keep human feces off the streets....but yea, it'd be cool...",1,1,0,0,0,0,0,0,1,1,0,0
7577,"Expand services and opportunities for autistic individuals and families",1,1,0,0,0,0,0,0,1,1,0,0
7578,"More walking trails",1,1,0,0,0,0,0,0,1,1,0,0
7579,"I agree with this 10000%...as a musician this would be an incredible jump for our down town!!",1,1,0,0,0,0,0,0,1,1,0,0
7580,"Increase tree canopy",1,1,0,0,0,0,0,0,1,1,0,0
7581,"Provide help and funding for volunteer fire departments",1,1,0,0,0,0,0,0,1,1,0,0
7582,"I like this...we do need that support but we need to be willing to pay those teachers and to put the money into those programs!",1,1,0,0,0,0,0,0,1,1,0,0
7583,"Keep the small town vibe",1,1,0,0,0,0,0,0,1,1,0,0
7584,"Hard to do when your and hour out and reeeeaally close to becoming a suburb...",1,1,0,0,0,0,0,0,1,1,0,0
7585,"Improve traffic flow",1,1,0,0,0,0,0,0,1,1,0,0
7586,"If the world ran on hopes and dream...life ain't fair but we sure can try right??",1,1,0,0,0,0,0,0,1,1,0,0
7587,"Now this is neat!!! I like this!",1,1,0,0,0,0,0,0,1,1,0,0
7588,"More children’s activities",1,1,0,0,0,0,0,0,1,1,0,0
7589,"Nationalism never got anyone anywhere...but hey..more power to ya...",1,1,0,0,0,0,0,0,1,1,0,0
7590,"This is bad ass!!! Why America hasn't embraced high-speed rail is beyond me...if China can build theirs in just a 10 year span..then we can",1,1,0,0,0,0,0,0,1,1,0,0
7591,"BG will have more things to do than just restaurants. We especially need more family friendly activities.",1,1,0,0,0,0,0,0,1,1,0,0
7592,"Give the parking structure doors on the ballpark side !!!",30,9,2,19,9,3,0,6,21,6,2,13
7593,"In 2050 I hope BG has a bigger hospital building and more facilities with more space for labor and deliver.",1,1,0,0,0,0,0,0,1,1,0,0
7594,"We need more indoor & outdoor spaces specifically for families with small children (0-10yrs) There are more than enough for adults already.",30,11,3,16,10,2,0,8,20,9,3,8
7595,"more attractive housing options for young professionals.Apts/condos that are walkable to restaurants and entertainment and parks.",1,1,0,0,0,0,0,0,1,1,0,0
7596,"A better night life scene for young adults. I’m talking more breweries and cocktail bars within walking distance of each other",1,1,0,0,0,0,0,0,1,1,0,0
7597,"More upscale housing and luxury apts downtown to attract young people to bowling green",30,16,4,10,9,3,2,4,21,13,2,6
7598,"A music venue that can bring in top talent",1,1,0,0,0,0,0,0,1,1,0,0
7599,"A walkable community that connects WKU, downtown, shake rag, and a livable Riverwalk.",1,1,0,0,0,0,0,0,1,1,0,0
7600,"New law enforcement vehicle schemes. More modernized colors.",30,4,6,20,9,3,0,6,21,1,6,14
7601,"Focus building cohesive neighborhoods with sidewalks & locally owned shops. This builds much needed sense of COMMUNITY not just more houses.",1,1,0,0,1,1,0,0,0,0,0,0
7602,"We will have a YMCA",1,1,0,0,0,0,0,0,1,1,0,0
7603,"Can’t get to all the ones that are going now!!!!",1,1,0,0,0,0,0,0,1,1,0,0
7604,"Our roads are awful!!!   Accessibility needs to come before approval of building of houses, apartments etc",1,1,0,0,0,0,0,0,1,1,0,0
7605,"A Green trail would be great…don’t think it needs to connect all parks",1,1,0,0,0,0,0,0,1,1,0,0
7606,"Clean up Section 8 housing on Gordon Avenue and Delafield.",29,11,2,16,9,3,0,6,20,8,2,10
7607,"Veterans Boulevard needs to be patrolled more frequently. There are too many speeders!",29,7,4,18,9,0,1,8,20,7,3,10
7608,"Have more than one public 18 hole golf course.",1,1,0,0,0,0,0,0,1,1,0,0
7609,"More services, opportunities, & community spaces for families with special needs children, & not just more ABA therapy.",1,1,0,0,1,1,0,0,0,0,0,0
7610,"More clinicians/support providers who work with special needs children, (beyond ABA). Especially those who can diagnose.",30,18,1,11,10,2,0,8,20,16,1,3
7611,"We will fix the lanes on Nashville Rd. Around the Campbell Ln intersection.",30,9,4,17,9,2,0,7,21,7,4,10
7612,"Bowling Green will have low barrier, appropriately funded 24/7 homeless shelters.",1,1,0,0,0,0,0,0,1,1,0,0
7613,"Close Weldon Peete Park. It’s just an unsafe area.",29,2,14,13,9,0,3,6,20,2,11,7
7614,"We won’t waste money on projects like this.  Hire an actual strategic planning firm.",29,2,19,8,9,1,4,4,20,1,15,4
7615,"Bowling Green will have a community garden.",1,1,0,0,0,0,0,0,1,1,0,0
7616,"Basil Griffin Park will be updated.",29,18,0,11,9,1,0,8,20,17,0,3
7617,"We will have a newer, up-to-date KOA Campground in another location--perhaps near Camping World.",29,6,3,20,9,1,1,7,20,5,2,13
7619,"More high quality affordable child care facilities with the ability to hire/retain high quality staff by offering competitive wages.",30,19,0,11,10,2,0,8,20,17,0,3
7620,"No",1,1,0,0,0,0,0,0,1,1,0,0
7621,"YES!’",1,1,0,0,0,0,0,0,1,1,0,0
7622,"We’re all immigrants",1,1,0,0,0,0,0,0,1,1,0,0
7623,"Yes!",1,1,0,0,0,0,0,0,1,1,0,0
7624,"Yes’",1,1,0,0,0,0,0,0,1,1,0,0
7625,"More businesses/retail/restaurants that bring people together. No more carwashes/storage facilities/mattress stores/big-chain drive thrus.",1,1,0,0,1,1,0,0,0,0,0,0
7626,"We'll have a neighborhood and community services program at the city deeply focused on community service.",29,18,0,11,9,2,0,7,20,16,0,4
7627,"Activities to build community: city-wide visual scavenger hunt via socials; all places have a hidden Big Red inside, we collect pics of them",30,16,2,12,10,5,1,4,20,11,1,8
7628,"Bowling Green will have a Fresh Market by 2050.",29,12,2,15,9,3,0,6,20,9,2,9
7629,"BG will have better paid nursing home staff, ensuring better care of elderly.",29,21,1,7,9,4,0,5,20,17,1,2
7630,"I hope we have turned more into a Nashville. We have all this farm land today, and yet the best thing kids can do is go to Cookout.",29,6,9,14,9,1,2,6,20,5,7,8
7631,"Bowling Green will have more ponds.",29,10,4,15,9,2,1,6,20,8,3,9
7632,"Getting ready for the in migration from the coasts.  1 million people by 2075.",29,5,7,17,9,0,2,7,20,5,5,10
7633,"I hope to see BG with a thriving passenger train system. It'd be great to be able to take a day trip to Nashville or Louisville by train.",1,1,0,0,1,1,0,0,0,0,0,0
7634,"No more garbage truck franchise that forces city residents to use only one provider; should have a choice in who they use",1,1,0,0,1,1,0,0,0,0,0,0
7635,"Kentucky medical examiner office needs to open an office in BG. No more taking our dead to Louisville for autopsies.",30,20,0,10,10,6,0,4,20,14,0,6
7636,"Police need to tell KACO and KLCIS to STFU and do away with no pursuit policies. Start chasing criminals again.",1,1,0,0,1,1,0,0,0,0,0,0
7637,"City police chief needs to become an elected position.",30,6,11,13,10,4,0,6,20,2,11,7
7638,"I hope BG is able to preserve her beautiful personality. She is a very welcoming city with a small town vibe.",1,1,0,0,1,1,0,0,0,0,0,0
7639,"Do more for our veterans especially the ones who are homeless and mental health issues",30,23,1,6,9,2,1,6,21,21,0,0
7640,"There needs to be an interstate exit from I 165 at or near Elrod Road due to excessive growth in that area.",1,1,0,0,1,1,0,0,0,0,0,0
7641,"Jail needs to expand. Running out of room.",1,1,0,0,1,1,0,0,0,0,0,0
7642,"Make Warren government fire dept the only county fire dept and stop funding the private company fire depts. should be 1 fire dept. not 10",30,7,4,19,10,3,0,7,20,4,4,12
7643,"A local fiber, yarn, fabric, and crafts shop would be amazing! Somewhere that offers classes and workshops for crafters in the region.",30,20,2,8,9,2,1,6,21,18,1,2
7644,"E Bike debit/credit card rental stations like in Washington DC",30,18,5,7,10,2,2,6,20,16,3,1
7645,"Build new parking structure at old downtown post office property",30,10,4,16,10,3,1,6,20,7,3,10
7646,"Bowling Green Fire and Warren County Fire need to start their own ambulance services",30,9,1,20,10,4,0,6,20,5,1,14
7647,"Code enforcement STFU about tall grass",1,1,0,0,1,1,0,0,0,0,0,0
7648,"No need those",1,1,0,0,0,0,0,0,1,1,0,0
7649,"In the future, the American flag will represent all residents--a patriotic symbol rather than a political statement.",29,13,2,14,9,1,1,7,20,12,1,7
7650,"Bowling Green will maintain the great number and variety of festivals and special events we currently have.",29,16,0,13,9,2,0,7,20,14,0,6
7651,"The Bowling Green area will provide more benefits to low income students.",29,15,1,13,9,1,0,8,20,14,1,5
7652,"Orderly Development  of the pro & no growth constituents with professional yet rural character and refined amenities that are BG.",29,10,1,18,9,2,0,7,20,8,1,11
7653,"Utility companies will replace all the trees they’ve taken down, and trimming will be done under the supervision of an arborist.",29,21,1,7,9,3,1,5,20,18,0,2
7654,"Make it illegal to live in tents or vehicles.",29,7,11,11,9,2,2,5,20,5,9,6
7655,"Orderly Development  of the pro & no growth constituents with professional yet  rural character and refined amenities that are BG.",0,0,0,0,0,0,0,0,0,0,0,0
7656,"We will investigate all the dog thefts in the region and fix it.",29,9,2,18,9,0,1,8,20,9,1,10
7657,"Lower taxes for senior citizens.",29,9,5,15,9,2,1,6,20,7,4,9
7658,"Development  of the pro & no growth constituents using professional yet  rural character and refined amenities that are BG.",0,0,0,0,0,0,0,0,0,0,0,0
7659,"An area designated for a tiny house community similar to a trailer park but for tiny homes. It would need to have on site tornado shelter.",30,21,4,5,10,6,2,2,20,15,2,3
7660,"We will create a children's museum inspired by Lexington's Children's Museum.",29,21,0,8,9,5,0,4,20,16,0,4
7661,"Development of the pro & no growth constituents using professional yet  rural character and refined amenities that are BG.",0,0,0,0,0,0,0,0,0,0,0,0
7662,"We will create spaces inspired by Frankfort's Salato Wildlife Education Center and the Josephine Scuplture Park.",29,13,1,15,9,1,1,7,20,12,0,8
7663,"Development for the pro & no growth constituents requiring professional yet  rural character and improving refined amenities that are BG.",0,0,0,0,0,0,0,0,0,0,0,0
7664,"Engage in negotiations to achieve an urban county government pathway for BGWC KY.",29,12,4,13,9,2,2,5,20,10,2,8
7665,"BG will embrace Kentucky’s film focus, our WKU School of Media alum talent, & our Nashville proximity to build a growing film/TV industry.",29,12,3,14,9,2,1,6,20,10,2,8
7666,"The Kentucky Museum already does this! It’s great.",1,1,0,0,0,0,0,0,1,1,0,0
7667,"A catwalk for pedestrians over Scottsville Road.",1,1,0,0,0,0,0,0,1,1,0,0
7668,"A beautiful downtown riverwalk with restaurants and shops.",1,1,0,0,1,1,0,0,0,0,0,0
7669,"Bowling Green will have more church growth",1,1,0,0,0,0,0,0,1,1,0,0
7670,"Higher paying jobs that better align with current housing costs.",1,1,0,0,0,0,0,0,1,1,0,0
7671,"Noise ordinance to stop the loud cars, loud stereos in cars, loud mufflers revving. AND ENFORCE IT!!!",1,1,0,0,1,1,0,0,0,0,0,0
7672,"More naps at work.",30,10,7,13,10,3,1,6,20,7,6,7
7673,"A science museum/center!",1,1,0,0,0,0,0,0,1,1,0,0
7674,"BG could really benefit from more kid-friendly events like a science museum!",1,1,0,0,1,1,0,0,0,0,0,0
7675,"BG could be a place that protects their drivers by banning LED headlights. They are a blinding hazard.",30,10,3,17,9,2,2,5,21,8,1,12
7676,"a",1,1,0,0,1,1,0,0,0,0,0,0
7677,"A place where you can actually have an organic garden, raise your children & not have to worry about BigAg chemical contamination?",30,19,0,11,10,5,0,5,20,14,0,6
7678,"Mini golf!!",1,1,0,0,1,1,0,0,0,0,0,0
7679,"More updated and fun recreation such as more parks, movie theaters, bowling alleys, and shopping",1,1,0,0,0,0,0,0,1,1,0,0
7680,"Less chain restaurants and more independent businesses",1,1,0,0,0,0,0,0,1,1,0,0
7681,"Better shopping / more than one target.",1,1,0,0,0,0,0,0,1,1,0,0
7682,"BG will have supported/staffed communities/homes for people with disabilities to live semi-independent.  Also need transportation.",29,20,1,8,9,3,0,6,20,17,1,2
7683,"Ensure a SAFER community for families and children",1,1,0,0,1,1,0,0,0,0,0,0
7684,"More options for full-time summer day  camps for kids.",1,1,0,0,1,1,0,0,0,0,0,0
7685,"Find a way to attract more doctors so we don’t have to travel to cities with better options",1,1,0,0,1,1,0,0,0,0,0,0
7686,"Get crime and drugs off the streets to create a safer, more vibrant community",1,1,0,0,1,1,0,0,0,0,0,0
7687,"Need more upscale/midscale housing options and community hubs to attract young professionals to the area",30,17,1,12,10,3,1,6,20,14,0,6
7688,"Downtown office building with a food hall and shopping on the lower levels and upscale apartment options",30,22,0,8,10,4,0,6,20,18,0,2
7689,"Better healthcare and specialized doctors",1,1,0,0,1,1,0,0,0,0,0,0
7690,"Remove the panhandlers, criminals, drugs, and homeless camps",1,1,0,0,1,1,0,0,0,0,0,0
7691,"Riverfront development for shopping, dining, and entertainment like Owensboro and Cincinnati",1,1,0,0,1,1,0,0,0,0,0,0
7692,"Have a successful campaign against panhandling so we can discourage riff raff from taking up residence in our city.",1,1,0,0,1,1,0,0,0,0,0,0
7693,"Developed Riverfront",1,1,0,0,1,1,0,0,0,0,0,0
7694,"Stop building cheap, generic housing and focus on quality, beauty, and sustainability.",1,1,0,0,1,1,0,0,0,0,0,0
7695,"We need more safe outdoor active parks to get our kids outdoors instead of on computers and on their phones",1,1,0,0,1,1,0,0,0,0,0,0
7696,"Let’s build a restaurant shopping hub in our downtown area or out Lovers Lane",1,1,0,0,1,1,0,0,0,0,0,0
7697,"Affordable childcare, daycare, summer, and evening care so parents can seize professional opportunities and maintain job stability",30,20,0,10,10,2,0,8,20,18,0,2
7698,"BG will have a major grocery store on the North side of BG.",1,1,0,0,0,0,0,0,1,1,0,0
7699,"A better roadway system through town.",1,1,0,0,0,0,0,0,1,1,0,0
7700,"Our area will have local investors with a fund for films/TV series set in our region and filmed in our region.",29,13,3,13,9,3,1,5,20,10,2,8
7701,"We will combine SKy Arts Film Festival, SOKY BookFest, art festival, etc., into a celebration of film, books, art, music, food from here.",29,15,2,12,9,1,1,7,20,14,1,5
7702,"Bowling Green will embrace being the home of horror master John Carpenter with embracing significant Halloween seasonal tourism.",29,13,5,11,9,1,4,4,20,12,1,7
7703,"BG will become a town known for immersive experiences that utilize tech and storytelling and draw tourists, brand partnerships, etc.",29,16,1,12,9,2,0,7,20,14,1,5
7704,"BG will share stories of people from the region doing extraordinary things to encourage young people to imagine big & to attract folks back.",29,19,1,9,9,2,1,6,20,17,0,3
7705,"The Bowling Green area will have a routinely updated website listing the daily locations of food trucks.",29,17,3,9,9,2,1,6,20,15,2,3
7706,"A public-private real estate investment trust (REIT): an evergreen fund where a % of returns subsidize restaurants, small biz, etc we want.",29,13,1,15,9,3,0,6,20,10,1,9
7707,"SKY Music Exhibit for South Central KY/Western KY Coalfields music will be a permanent museum w/tourism trails & regional music venue promotion.",27,11,2,14,8,0,1,7,19,11,1,7
7708,"I hope we see an expansion of Greenview Hospital.",29,9,1,19,9,1,0,8,20,8,1,11
7709,"I hope the EV battery manufacturing projects for the region are seen to completion and create many well paying jobs.",28,17,3,8,8,3,0,5,20,14,3,3
7710,"BG 2050 will have more nature spaces that are for kids and families.",28,20,0,8,9,2,0,7,19,18,0,1
7711,"We will have an adventure playground.",28,15,0,13,8,3,0,5,20,12,0,8
7712,"Combine the city and county governments into a single more cost effective and efficient entity.",1,1,0,0,1,1,0,0,0,0,0,0
7713,"We will have a World Market right here in Bowling Green!",27,10,4,13,8,1,1,6,19,9,3,7
7714,"We will have the whole town put up an American flag on 4th of July.",28,3,14,11,8,1,2,5,20,2,12,6
7715,"In 2050, we need more space for labor and delivery units in the region.",28,14,1,13,8,1,0,7,20,13,1,6
7716,"I hope Bowling Green won't see more corruption in the form of TIF districts and other various tax payer funded enrichment of citizens in the ""club.""",28,6,4,18,9,2,0,7,19,4,4,11
7717,"We will have more than one Target.",29,3,11,15,9,1,1,7,20,2,10,8
7718,"Police must tell KY Association of Counties/KY League of Cities Insurance to quit blocking no-pursuit policies. Start chasing criminals again.",29,5,4,20,9,1,0,8,20,4,4,12
7719,"Code enforcement will quit fining people over tall grass.",29,8,10,11,9,2,1,6,20,6,9,5
7720,"Cave Mill Road expanded to 4 lanes and turning lane into school, church or business. Cave Mill is a congested, highly used secondary road.",30,13,7,10,10,3,1,6,20,10,6,4
7721,"Invest in Downtown for quality of life and residential living",1,1,0,0,1,1,0,0,0,0,0,0
7722,"We need tornado shelters scattered throughout town. A few spaced on main roads and some secondary roads. At schools should be mandatory.",29,19,2,8,10,1,2,7,19,18,0,1
7723,"BG needs A golf range/ Top golf",1,1,0,0,1,1,0,0,0,0,0,0
7725,"I want to see safe environment in school.",28,21,0,7,9,4,0,5,19,17,0,2
7732,"Prayer and spiritual groups are much needed in schools.",27,5,13,9,8,1,2,5,19,4,11,4
7737,"Growth in tourism by using and improving what we already have like Corvette Museum, parks and attractions.",29,18,1,10,9,3,0,6,20,15,1,4
7738,"More Support on small business by providing space to do events once or twice a week.",28,14,1,13,9,2,0,7,19,12,1,6
7739,"Will like to see more public events for Christian youth.",28,9,10,9,9,3,2,4,19,6,8,5
7740,"We will have Amazon bring some jobs here to the Bowling Green area.",20,4,4,12,7,0,2,5,13,4,2,7
7741,"We will have a park for children like Tulsa's Gathering Place.",21,8,0,13,7,0,0,7,14,8,0,6
7742,"We will have a Christian university in the region.",20,4,8,8,6,1,2,3,14,3,6,5
7743,"I hope bus tickets are available in an easy way.",16,7,0,9,7,0,0,7,9,7,0,2
7744,"I request that we have access to motorcycle transport if possible.",15,0,3,12,6,0,1,5,9,0,2,7
7745,"There should be more police presence because there are many shootings, which make us feel unsafe.",15,3,3,9,6,0,1,5,9,3,2,4
7747,"Sports should be widely available so that all communities can participate.",16,9,0,7,7,2,0,5,9,7,0,2
7748,"I would like it to be easier to start small businesses.",17,9,0,8,7,1,0,6,10,8,0,2
7749,"We would like to have access to loans in a simplified way.",15,5,1,9,6,0,1,5,9,5,0,4
7750,"I would like to see an easier way to access education.",16,6,1,9,7,1,1,5,9,5,0,4
7752,"I would like to see people get jobs without requiring experience, especially for those working for the first time in America.",16,8,1,7,7,1,1,5,9,7,0,2
